"รหัสสินค้า","ชื่อสินค้า"
"AS075749","สเปรย์น้ำยาฆ่าเชื้อโรคสำหรับอุปกรณ์ทางการแพทย์ 1000 ml /ขวด"
"AS075748","ขวดแก้วกลมสีใส พร้อมฝานึ่ง 2 ออนซ์ /ขวด"
"AS075747","หลอดเซนติฟิวก์ 5 ml 200 ชิ้น /แพ็ค"
"AS075746","ที่ตากเครื่องแก้ว ขนาด 40 x 55 ซม. /อัน"
"AS075745","ชุดอุปกรณ์ทำความสะอาดสารชีวภาพเบื้องต้น /ชุด"
"AS075744","ชุดตรวจ HPV self-test /ชุด"
"AS075743","Elastic Bandage 2 นิ้ว/ม้วน"
"AS075742","ถุงชา 10x13 เซนติเมตร มีเชือกรูด 100 ใบ /แพ็ค"
"AS075741","Spectra Por 4, dialysis membrane trial kit MWCO12-14kDa 5 m /กล่อง"
"AS075740","กระดาษทิชชูแผ่นใหญ่ 300 แผ่น /แพ็ค"
"AS075739","ถังดับเพลิงชนิดน้ำยาเหลวระเหย ปอนด์ 15 /ถัง"
"AS075738","กระบอกยาว (3x9.5"") สำหรับใส่พลาสเจอร์ปิเปต 9 นิ้ว /อัน"
"AS075737","จุกตะเกียง แอลกฮอล์ /ชิ้น"
"AS075736","ไส้ตะเกียง /ชิ้น"
"AS075735","Loop (เข็มเขี่ยปลายมน) ยาว /ชิ้น"
"AS075734","Loop (เข็มเขี่ยปลายมน) สั้น /ชิ้น"
"AS075733","สายให้อาหารทางจมูก เบอร์14 /กล่อง"
"AS075732","ผ้ารองถาดอุปกรณ์ เย็บ 1 ซม สีขาว 12*12 นิ้ว /ผืน"
"AS075731","ตะกร้าทรงสี่เหลี่ยมทรงสูง 50 ลิตร /ใบ"
"AS075730","ถุงถ่ายอุจจราะติดหน้าท้อง 60 มม /กล่อง"
"AS075729","ถุงถ่ายอุจจราะติดหน้าท้อง 50 มม /กล่อง"
"AS075728","เครื่องซีลแบบมือกด 16 นิ้ว /อัน"
"AS075727","สายต่อถุงให้อาหารแบบมีกระเปาะ 100ชิ้น/แพ็ค"
"AS075726","Neotape เทปพันแผล ผ้าล็อค สีน้ำตาล ใหญ่พิเศษ กว้างนิ้ว*5หลา 12 ม้วน /กล่อง"
"AS075725","ขวดแก้ว ยาฉีด พร้อมจุกและฝา 10mI /ชุด"
"AS075724","ขวดแก้ว ยาฉีด พร้อมจุกและฝา 20 mI /ชุด"
"AS075723","เตารีดไฟฟ้า /อัน"
"AS075722","หน้ากากผ้าแบบผุก สีขาว /ชิ้น"
"AS075721","หมวกคลุมผมห้องผ่าตัด แบบผูกหลังสีฟ้า /ใบ"
"AS075720","เสื้กาวน์แพทย์ แบบผูกหลัง size L พร้อมหมวก สีขาว /ชุด"
"AS075719","เสื้อกาวน์แบบผูกหลังสีฟ้า size L /ชุด"
"AS075718","สายเอคเทนชั่น 12 นิ้ว /กล่อง"
"AS075717","ไหมเย็บแบบตัดเข็ม19*3-0-75 cm /กล่อง"
"AS075716","ผ้าปูเตียง 90*200 สีขาว /ผืน"
"AS075715","ผ้าขวางตียง 95*150 สีขาว /ผืน"
"AS075714","ตะแกงใส่หลอดทดลองชนิด สแตนแลส 16 mm /อัน"
"AS075713","ไหมเย็บแบบตัดเข็ม16*4-0-75cm. /กล่อง"
"AS075712","ชุดแผ่นนำไฟ /อัน"
"AS075711","GAUZE DRAIN สเตอร์ไรด์ 1*20 cm /ถุง"
"AS075710","Patient interrupt Switch /ชุด"
"AS075709","สายสัญญาณวิดีโอและสัญญาณควบคุม เครื่อง Endoscopy /เส้น"
"AS075708","Battery repack เครื่อง Monitor รุ่น PVM-2701 /ชุด"
"AS075707","Battery เครื่อง Defibrllator Phillips รุ่น Efficia DFM100 /ชุด"
"AS075706","plastic sheath IMV 50 ชิ้น /ห่อ"
"AS075705","Glycerol 99.5% AR.grade 500 ml. /ขวด"
"AS075704","Vitamin AD3E injection solution 100 ml. /ขวด"
"AS075703","Catosal 10% (ไวตามินรวม) 100 cc /ขวด"
"AS075702","Versol Injection Ivermectin 1% (ยาถ่ายพยาธิ) 100 ml. /ขวด"
"AS075701","Estrumate (PGF2α) 20 ml. /ขวด"
"AS075700","ถุงมือยางไนไตร ไซส์ XS 100 ชิ้น /กล่อง"
"AS075699","แบตเตอรี่เครื่องกระตุกหัวใจไฟฟ้า Detibrilator (AED) /ชุด"
"AS075698","FG Diamond bur (D8) /ชิ้น"
"AS075697","High speed round diamond bur 012 /ชิ้น"
"AS075696","High speed round diamond bur 010 /ชิ้น"
"AS075695","FG safe tip taper diamond bur #012 /ชิ้น"
"AS075694","Diamond bur FG pointed football #016 คาดน้ำเงิน /ชิ้น"
"AS075693","FG Diamond bur (D2) /ชิ้น"
"AS075692","Diamond bur FG pointed football คาดเหลือง /ชิ้น"
"AS075691","หัวกรอ Tungsten carbide cutters cross cut coarse (MAXICUT X-CUT COARSE 1251) /ชิ้น"
"AS075690","ถุงพลาสติกถุงร้อน ขนาด 7*10 นิ้ว /แพ็ค"
"AS075689","เสื้อกราวน์แขนยาวแขนจั๊ม สีขาว ไซต์ XL /ตัว"
"AS075688","เสื้อกราวน์แขนยาวแขนจั๊ม สีขาว ไซต์ M /ตัว"
"AS075687","ออโตเคป ขนาด1/2"" แบบกระดาษ /ม้วน"
"AS075582","ตะกร้าพลาสติก 33.5x45x10cm /ชิ้น"
"AS075686","ถุงกระสอบเคลือบกระดาษคราฟท์ ขนาด53*73 ซ.ม. /แพ็ค"
"AS075685","กระสอบขาวบรรจุ น้ำหนัก10 กก. ขนาด 16*25 นิ้ว /ใบ"
"AS075684","กาวดักหนู /กล่อง"
"AS075683","ถุงขยะติดเชื้อสีแดงมีสัญลักษณ์ 28*36 นิ้ว /แพ็ค"
"AS075682","ข้อต่อลม เกลียวนอก 1/2"" x เสียบสาย 6 มม. /อัน"
"AS075681","หลอดไฟ ขนาด 100 วัตต์ /หลอด"
"AS075680","ข้อต่อลม เกลียวนอก 1/4"" x เสียบสาย 6 มม. /อัน"
"AS075679","ถาดรองสารเคมีป้องกันการหกล้น (Laboratory tray) ขนาด 60x40x11 เซนติเมตร /อัน"
"AS075678","กรวยกรองพลาสติก (Plastic funnel) ขนาดเส้นผ่านศูนย์กลาง 160 มิลลิเมตร /อัน"
"AS075677","หลอดทดลองฝาเกลียว ขนาด 25x150 mm /อัน"
"AS075676","ฝาเกลียวสำหรับขวด GL45 BLUE /อัน"
"AS075675","แหวนรองกรวย สำหรับ Suction flask เบอร์ 2 /อัน"
"AS075674","แหวนรองกรวย สำหรับ Suction flask เบอร์ 1 /อัน"
"AS075673","ยาไวตาเด็กซ์ บี 12 ขนาด 100 ml /ขวด"
"AS075672","ยาเด็กแซมเวท ขนาด 100 ml /ขวด"
"AS075671","ยาออคต้ามิกซ์ ขนาด 100 กรัม /ซอง"
"AS075670","ยาบำรุง ขนาด 100 ml /ขวด"
"AS075669","ยาถ่ายพยาธิ บี-เม็คติน พลัส ขนาด 100 ml /ขวด"
"AS075668","ยาถ่ายพยาธิ เลมิโซน ขนาด 100 ml /ขวด"
"AS075667","วิตามินแบบผง ขนาด 1 กก. /ถุง"
"AS075666","ยาแก้อักเสบ เพนโดสเตป ขนาด 100 ml /ขวด"
"AS075665","วิตามินบีรวม ขนาด 100 ml /ขวด"
"AS075664","ยาแก้อักเสบ ขนาด 100 ml /ขวด"
"AS075663","ยาบรรเทาปวด ลดไข้ ขนาด 100 ml /ขวด"
"AS075662","Anti-e (Human MoAB) 5 ml/ขวด"
"AS075661","ฟิล์มห่อกระเช้า 60 x 500 ซม. /อัน"
"AS075660","กล่องใส่สบู่ 6.5x6.5x3 cm 20 ใบ /แพค"
"AS075659","ผ้าขาวดิบ 11 ปอนด์ 1 ม้วน /ถุง"
"AS075658","ขวดแก้วยาหม่อง 6 เหลี่ยม 20 cc /ขวด"
"AS075657","Filter Holder,Top only,PSF FITS 45 mm neck /ชิ้น"
"AS075656","กระดาษกรอง Menbrane Disc PES,0.2 µm,Sterile 47 mm 200 ชิ้น /กล่อง"
"AS075655","ใบตัดแต่งแบบปูน (ชนิดหยาบ) ขนาด 12 นิ้ว /แผ่น"
"AS075654","ขี้ผึ้งชนิดแท่งสีงาช้าง 6 แท่ง /กล่อง"
"AS075653","Gypsum plaster, type III, dental stone 15 กก. /กล่อง"
"AS075652","Bite registration regular set 2 ชิ้น /กล่อง"
"AS075651","Sickel 204SD /ชิ้น"
"AS075650","Sickel SH 6/76 /ชิ้น"
"AS075649","Universal curette SC 13/14 /ชิ้น"
"AS075648","อะคริลิค Unifast Trad Ivory 100 กรัม 1 ขวด /กล่อง"
"AS075647","แผ่นเช็ดทำความสะอาดพื้นผิว 200 แผ่น /กระปุก"
"AS075646","Methyl alcohol 95% v/v 18 ลิตร /แกลลอน"
"AS075645","File K-Files ความยาว 25 mm ขนาด #15 6 ชิ้น /กล่อง"
"AS075644","Separating Media 1000 ml /ขวด"
"AS075643","BUR FG Taper safe tip diamond (หัวกรอกากเพชร กรอเร็ว) ความยาวของก้าน 19 mm  /ชิ้น"
"AS075642","Stainless steel matrix band 0.04mmx7mm 1 เมตร 1 ม้วน /กล่อง"
"AS075641","คีมจับเข็มเย็บแผล (Needle Holder) 13 cm /อัน"
"AS075640","NiTi hand file 25 mm. #45-80 6 ชิ้น /กล่อง"
"AS075639","กรรไกรตัดไหม ปลายโค้ง 11 cm /อัน"
"AS075638","พลาสเตอร์ใสปิดแผลกันน้ำ ขนาด 6x7 ซม. /กล่อง"
"AS075637","กระดาษกรองเบอร์ 5 90 mm /กล่อง"
"AS075636","ถุงพลาสติกร้อนใส 9x14 นิ้ว /แพ๊ค"
"AS075635","โกร่งบดยาพร้อมสาก (Pestle & Mortar Porcelain) 210 mm /อัน"
"AS075634","โกร่งบดยาพร้อมสาก (Pestle & Mortar Porcelain) 160 mm /อัน"
"AS075633","กระบอกตวงแก้ว (Cylinder) 100 มิลลิลิตร /อัน"
"AS075632","ฟันพลาสติกซี่ 65 /ซี่"
"AS075631","ฟันพลาสติกซี่ 64 /ซี่"
"AS075630","ถุงหอม 10*12 cm /ถุง"
"AS075629","ปลั๊กอุดหูลดเสียงชนิดซิลิโคนแบบมีสายพร้อมกล่อง 70 /ชิ้น /กล่อง"
"AS075628","แกนเป่าปอดกระดาษ 29*60 mm 1000 /ชิ้น /แพ็ค"
"AS075590","ขวดหยดพลาสติก 5 ml สีใส 50 ชิ้น /ถุง"
"AS075627","ฟันพลาสติกซี่ 24 /ซี่"
"AS075626","ฟันพลาสติกซี่ 21 /ซี่"
"AS075625","ฟันพลาสติกซี่ 22 /ซี่"
"AS075624","ฟันพลาสติกซี่ 13 /ซี่"
"AS075623","ฟันพลาสติกซี่ 12 /ซี่"
"AS075622","แอลกอฮอล์ 60 ml./ขวด"
"AS075621","Power Supply 220v /24VDC-10A /เครื่อง"
"AS075620","ฐานฟิวส์ AC /อัน"
"AS075619","Miniature Circuit Breaker (MCB) Double Clip /อัน"
"AS075618","เครื่องวัดอุณหภูมิ STC-1000 AC 110-220 /เครื่อง"
"AS075617","สายโพรบ NTC PROBE /เส้น"
"AS075616","ตู้คอนโทรลกันน้ำ ขนาด440x610x230mm /ใบ"
"AS075615","ฝาปิดเทอร์มินอล TBR-20 /แพ็ค"
"AS075614","เทอร์มินอล TBR-20 /แพ็ค"
"AS075613","หางปลาแฉกหุ้ม สีน้ำเงิน /ถุง"
"AS075612","หางปลาแฉกหุ้ม สีแดง /ถุง"
"AS075611","สายไฟ VSF ขนาด 1 x 1 SQ.MM. /ม้วน"
"AS075610","รีเลย์ คอยส์ 220V /ชุด"
"AS075609","MAGNETIC CONTACTORS /อัน"
"AS075608","ชุดทดสอบคลอรีน 250 การทดสอบ /ขวด"
"AS075607","ขาตั้งกรวยอิมฮอฟฟ์ /อัน"
"AS075606","ถุงมือยางอเนกกประสงค์ สีส้ม /คู่"
"AS075605","เฝือก คละไซซ์ สีขาว 4 ชิ้น /ชุด"
"AS075604","กระดาษเช็ดมือ หนา 2 ชั้น 4 ห่อ /แพ็ค"
"AS075603","Elastic Bandage 6 นิ้ว  /ชิ้น"
"AS075602","Elastic Bandage 4 นิ้ว  /ชิ้น"
"AS075601","Elastic Bandage 2 นิ้ว 12 ชิ้น /แพ็ค"
"AS075600","เมล็ดผักกาดแปะหู 2 มิลลิเมตร 600 เม็ด /กล่อง"
"AS075599","ฟองน้ำ ตาข่ายซิลเวอร์ 12 x 9.5 cm. 12 ชิ้น /แพ็ค"
"AS075598","แปรงล้างหลอดทดลอง ขนาดใหญ่ 50 x 120 mm. /อัน"
"AS075597","แปรงล้างหลอดทดลอง ขนาดกลาง 30 x 100 mm. /อัน"
"AS075596","ถุงกรองชา 5 x 6 cm. สีขาว 100 ซอง /แพ็ค"
"AS075595","ไม้กดเท้า 6 นิ้ว /อัน"
"AS075594","ขวดหัวปั๊มพลาสติก 100 ml สีใส /ขวด"
"AS075593","เหยือกสแตนเลส 500 ml /อัน"
"AS075592","ผ้าก๊อชแบบม้วน 3 นิ้ว 12 ม้วน /แพ็ค"
"AS075591","โหลแก้วมีฝาปิด 100 ml สีใส /กระปุก"
"AS075589","ขวดยาหม่องแก้ว 20 g /ขวด"
"AS075588","ตลับครีมยา 30 g /ชิ้น"
"AS075587","ตลับครีมยา 20 g /ชิ้น"
"AS075586","ขวดพลาสติกใสทรงแบน(ใส่น้ำยาบ้วนปาก) 90 ml  (160 ชิ้น/pack)"
"AS075585","Petroleum Ether 4 ลิตร ขวด"
"AS075584","เทอโมมิเตอร์ ที่วัดอุณหภูมิอาหารและของเหลว /ชิ้น"
"AS075583","ชุดจำแนกเชื้อจุลินทรีย์ /ชุด"
"AS075581","pipette แก้วย 1 ml /ชิ้น"
"AS075580","Cuvette พลาสติก 1 มล 100 ชิ้น /กล่อง"
"AS075579","กรวยกรอง Freeze dry /ชิ้น"
"AS075578","Clorox 2 ลิตร /ขวด"
"AS075577","Carmine 5 g /Bot"
"AS075576","Aspartame Food grade 100 g /ขวด"
"AS075575","Sucralose Food grade 100 g /แพ็ค"
"AS075574","เทปแต่งแผล ชนิดเยื่อกระดาษ 1 นิ้ว x 5 หลา /ชิ้น"
"AS075573","ยานวดแบบร้อน 100 กรัม /กล่อง"
"AS075572","ยารักษาแผลติดเชื้อ ไฟไหม้ น้ำร้อนลวก ซิลเวอร์ ซัลฟาไดอาซีนครีม 25 กรัม /หลอด"
"AS075571","ยาล้างตา(ออฟซ่าร์) 500 มล. /ขวด"
"AS075570","น้ำเกลือล้างแผล 0.9% 500 มล. /ขวด"
"AS075569","พลาสเตอร์ยา ชนิดผ้า 100 ชิ้น /กล่อง"
"AS075568","วาสลีนปิโตรเลี่ยมเจล 1 กก./ถุง"
"AS075567","สเปรย์ฆ่าเชื้อโรคในอากาศ (Air control) 250 ml /ขวด"
"AS075461","สเปรย์ฆ่าเชื้อโรคในอากาศ (Air control) 100 ml /ขวด"
"AS075565","Cellulose Thimbles ขนาด 33 mm x 118 mm 25 ชิ้น /แพ็ค"
"AS075564","ไซริงค์กรองสาร (Syringe filter) รูพรุน 0.45 ไมโครเมตร ขนาดเส้นผ่านศูนย์กลาง 28 มิลลิเมตร 50 ชิ้น /กล่อง"
"AS075563","Diamonium Phosphate Yeast Nutrient 1 kg /แพ็ค"
"AS075562","เพลท 96 หลุม (96 Well Cell Culture Plate sterile) ก้นแบน แบบมีฝาปิด 100 ชิ้น /กล่อง"
"AS075561","น้ำมันยูคาลิปตัส ขนาด 100 กรัม 100 กรัม /ขวด"
"AS075560","PBS (Phosphate Buffered Saline tablets,pH 7.2) (100 mL/tablet) 50 เม็ด /ขวด"
"AS075559","น้ำยาเคลือบเล็บ ขนาด 10 มิลลิลิตร 12 /ขวด /กล่อง"
"AS075558","ผ้าก๊อช ขนาด 36×100 หลา /ม้วน"
"AS075557","แผ่นกรองอากาศ (hepa air filter) ขนาด 1x5 เมตร /แพ็ค"
"AS075556","กระป๋องอลูมิเนียม (Moisture can) ขนาด 2 ออนซ์ /อัน"
"AS075555","ขวดน้ำกลั่น (Wash bottle) ขนาด 250 มิลลิลิตร /อัน"
"AS075554","ขวดพลาสติกปากกว้างเก็บตัวอย่าง ขนาด 500 มิลลิลิตร /ขวด"
"AS075553","กล่องทิ้งเข็ม ขนาด 5x13 นิ้ว /กล่อง"
"AS075552","ปิเปตปั๊ม (Pipette pump) ขนาด 10 มิลลิลิตร /อัน"
"AS075551","ตัวกรองแบคทีเรีย สำหรับเครื่องเป่าปอด (Disposable filters with mouthpieces) /แพ็ค"
"AS075550","ชุดฐานตั้งเหล็กวิทยาศาสตร์ เสา 60 เซนติเมตร (Stand and Base) /อัน"
"AS075549","ไซริงค์กรองสาร (Syringe filter) รูพรุน 0.45 ไมโครเมตร ขนาดเส้นผ่านศูนย์กลาง 25 มิลลิเมตร 50 /ชิ้น /กล่อง"
"AS075548","แท่งดูดแม่เหล็กกวนสาร (magnetic retriever) ขนาด 30 เซนติเมตร /อัน"
"AS075547","แท่งแม่เหล็กกวนสาร (magnetic stirring bar) ขนาด 10x6 มิลลิเมตร /อัน"
"AS075546","ปากคีบสแตนเลสปลายมนตรง (Thumb Dressing Forceps) ขนาด 5 นิ้ว /อัน"
"AS075545","ถาดใส่สารละลาย (Reagent reservoir V-shape) ขนาด 50 มิลลิลิตร 5 /ชิ้น /กล่อง"
"AS075544","ที่วางหลอดพีซีอาร์ พร้อมฝาปิด (PCR tube Rack) ขนาด 0.2 มิลลิลิตร /อัน"
"AS075543","หลอดหยดพลาสติก (Pasteur pipette plastic) ขนาด 3 มิลลิลิตร 250 /ชิ้น /กล่อง"
"AS075542","หลอดไมโครเซนตริฟิวก์ (Microcentrifuge tube) ขนาด 1.5 มิลลิลิตร 1000 /ชิ้น /แพ็ค"
"AS075541","กระบอกตวงพลาสติก (Plastic cylinder) ขนาด 2000 มิลลิลิตร /อัน"
"AS075540","หลอดทดลองฝาเกลียว ขนาด 16x150 มิลลิเมตร /อัน"
"AS075539","หลอดทดลองฝาเกลียว ขนาด 13x100 มิลลิเมตร /อัน"
"AS075538","ขวดแก้วสีชาพร้อมหลอดหยด ขนาด 60 มิลลิลิตร /ขวด"
"AS075537","กระจกปิด ฮีมาไซโตมิเตอร์ (cover glass for Haemacytometer) ขนาด 20x26 มิลลิเมตร 10 /ชิ้น /กล่อง"
"AS075536","กระจกสไลด์ 1 หลุม 50 /แผ่น /กล่อง"
"AS075535","Potassium dihydrogen phosphate ขนาด 1 กิโลกรัม /ขวด"
"AS075534","Magnesium metal ribbon 99.5% ขนาด 25 กรัม /ถุง"
"AS075533","Permount (mounting medium) ขนาด 100 มิลลิลิตร /ขวด"
"AS075532","Nessler′s reagent ขนาด 100 มิลลิลิตร /ขวด"
"AS075531","Buffered Peptone Water 500 กรัม /ขวด"
"AS075530","Stock Culture Agar 500 กรัม /ขวด"
"AS075529","Decarboxylase medium base 500 กรัม /ขวด"
"AS075528","Glucose Yeast Extract Agar 500 กรัม /ขวด"
"AS075527","Cooked meat medium 500 กรัม /ขวด"
"AS075526","ที่วางสไลด์สแตนเลสสำหรับย้อมสีแบคทีเรีย 100 ชิ้น /กล่อง"
"AS075525","ข้อต่อพลาสติกสำหรับล็อคเครื่องแก้ว (Clamp for std. Joint) ข้อต่อ joint 29/32 1 ชิ้น /อัน"
"AS075524","Cellulose Thimbles ขนาด 33 mm x 118 mm 25 ชิ้น /ขวด"
"AS075523","Flat 8 -strip caps 0.1 มิลลิลิตร 125 ชิ้น /แพ็ค"
"AS075522","แผ่นกรองเมมเบรน (filter 0.2 um high flow PTFE membranes) 25 ชิ้น /แพ็ค"
"AS075521","ไซริงค์กรองสาร (Syringe filter) รูพรุน 0.45 ไมโครเมตร ขนาดเส้นผ่านศูนย์กลาง 28 มิลลิเมตร 50 ชิ้น /แพ็ค"
"AS075520","0.5 M sodium phosphate solution pH 8.0 Liquids 250 mL /ขวด"
"AS075519","GOAT anti-rabbit IGG (H+L) cross-adorbed 2ND antibody Alexa Fluor 488 Liquids 1 mL /หลอด"
"AS075518","GOAT anti-rabbit IGG (H+L) secondary antibody HRP Liquids 2 mL /หลอด"
"AS075517","Choloesterol A.R. solids 100 g /ขวด"
"AS075516","Imidazole A.R. solids 5 g /ขวด"
"AS075515","N-N-N-N-Tetramethyl p phenylenediamine dihydrochloride A.R. solids 25 g /ขวด"
"AS075514","ชุดสำหรับการสกัด DNA จากเชื้อแบคทีเรีย Liquids 100 ตัวอย่าง /ชุด"
"AS075513","100 bp DNA marker Liquids 50 lanes /หลอด"
"AS075512","Mouse IL-6 ELISA Liquids 5*96T ตัวอย่าง /ชุด"
"AS075511","DAPI Reagent (1 µg/mL) Liquids 10 mL /ขวด"
"AS075510","Annexin V, FITC Apoptosis Detection Kit Liquids 100 ตัวอย่าง /ชุด"
"AS075509","แผ่นดิสฆ่าเชื้อ (Sterile disks) solids 6 mL 100 ชิ้น /แพ็ค"
"AS075508","Bentonite Clay Powder Food grade solids 100 g /ขวด"
"AS075507","Diamonium Phosphate Yeast Nutrient solids 1 kg /ขวด"
"AS075506","N-(1-Naphthyl)ethylenediamine dihydrochloride A.R. solids 5 g /ขวด"
"AS075505","Eosin solution Liquids 500 mL /ขวด"
"AS075504","Hematoxylin solution Liquids 1 L /ขวด"
"AS075503","10X TBE Molecular Liquids 1 L /ขวด"
"AS075502","Formaldehyde 37% A.R. Liquids 5 L /ขวด"
"AS075501","tannic acid A.R. solids 50 g /ขวด"
"AS075500","4-Nitrophenol A.R. solids 5 g /ขวด"
"AS075499","4-Nitrophenyl butyrate A.R. solids 1 g /ขวด"
"AS075498","Lipase from porcine pancreas A.R. solids 100 g /ขวด"
"AS075497","4-Nitroaniline A.R. solids 100 g /ขวด"
"AS075496","Gly-Pro p-nitroanilide hydrochloride A.R. solids 25 mg /ขวด"
"AS075495","Dipeptidyl Peptidase IV human Liquids 10 µg /ขวด"
"AS075494","3,3′-Diaminobenzidine Tetrahydrochloride Hydrate A.R. solids 1 g /ขวด"
"AS075493","หม้อนอน /อัน"
"AS075492","กรรไกรตัดเนื้อผังพืดหนาแบบโค้ง ขนาด 20 เซนติเมตร /อัน"
"AS075491","กรรไกรตัดฝึเย็บ ขนาด 14 เซนติเมตร /อัน"
"AS075490","Curette ขูดแผล /อัน"
"AS075489","ชุดสายสวนหลอดเลือดดำ (CVC Set) /ชุด"
"AS075488","Peep /อัน"
"AS075487","Elastic bandage 3 นิ้ว 12 ชิ้น /แพ็ค"
"AS075486","SAM splint 36 นิ้ว /อัน"
"AS075485","SAM splint 18 นิ้ว /อัน"
"AS075484","Transpore ขนาด 1 นิ้ว 12 ม้วน /กล่อง"
"AS075483","Spinal needle เบอร์ 18 10 ชิ้น /แพ็ค"
"AS075482","กล่องทิ้งเข็ม ขนาด 4.25 ลิตร /กล่อง"
"AS075481","เข็ม Cutting พร้อม nylon เบอร์ 5 12 ชิ้น /กล่อง"
"AS075480","เข็ม Cutting พร้อม nylon เบอร์ 4 12 ชิ้น /กล่อง"
"AS075479","T-piece /อัน"
"AS075478","Intubating Stylet (Guide Wire) Size L /อัน"
"AS075477","Intubating Stylet (Guide Wire) Size M /อัน"
"AS075476","Intubating Stylet (Guide Wire) Size S /อัน"
"AS075475","สาย Suction No.5 50 ชิ้น /กล่อง"
"AS075474","Feeding tube 10F 100 ชิ้น /กล่อง"
"AS075473","Feeding tube 8F 100 ชิ้น /กล่อง"
"AS075472","Nasopharyngeal airway (NPA) I.D. 7.5 /อัน"
"AS075471","Nasopharyngeal airway (NPA) I.D. 6.5 /อัน"
"AS075470","Laryngeal Mask Airway (LMA) Size 2 /อัน"
"AS075469","Laryngeal Mask Airway (LMA) Size 1 /อัน"
"AS075468","กระดาษทิชชู่ 24 ม้วน /แพ็ค"
"AS075467","กระดาษเช็ดมือ 300 แผ่น /แพ็ค"
"AS075466","สายยางซิลิโคน ชนิดใส 6x9 mm ยาว 15 m /ม้วน"
"AS075465","จุกยางตัน เบอร์ 4 สีแดงส้ม /ชิ้น"
"AS075464","แผ่นทดสอบระดับน้ำตาลในเลือด (Blood Glucose Test Strips) /กล่อง"
"AS075463","แผ่นทดสอบปริมาณกรดแลคติก (Lactate test strips) /หลอด"
"AS075462","ผ้าพันแขนวัดความดัน"
"AS075460","สเปรย์น้ำยาฆ่าเชื้อโรคสำหรับอุปกรณ์ทางการแพทย์ 500 ml /ขวด"
"AS075459","น้ำยาฆ่าเชื้อโรคสำหรับอุปกรณ์ทางการแพทย์ 5 L /ขวด"
"AS075458","แอลกอฮอล์ 70 % 450 ml /ขวด"
"AS075457","ขวดหยดพลาสติกสีขาวทึบ 30 ml /ชิ้น"
"AS075456","จานเพาะเชื้อพลาสติก (Petri dish) 15x90 mm"
"AS075455","Vannas Straight Capsulotomy Scissors /ชิ้น"
"AS075454","ฝาจุกพลาสติกปิดขวดวัดปริมาตร ขนาด Joint 12/21 /ชิ้น"
"AS075453","แผ่น Zn กว้าง 10-12 ซม. ยาว 10-12 ซม. /แผ่น"
"AS075452","แผ่น Pb กว้าง 10-12 ซม. ยาว 20-22 ซม. /แผ่น"
"AS075451","แผ่น Cu กว้าง 10-12 ซม. ยาว 30-32 ซม. /แผ่น"
"AS075450","แปรงล้างขวดวัดปริมาตร (Volumetric Flask Brush) 8 ซม. สำหรับขวด 2000 ml /อัน"
"AS075449","แปรงล้างขวดวัดปริมาตร (Volumetric Flask Brush) 7 ซม. สำหรับขวด 1000 ml /อัน"
"AS075448","แปรงล้างขวดวัดปริมาตร (Volumetric Flask Brush) 5 ซม. สำหรับขวด 500 ml /อัน"
"AS075447","แปรงล้างขวดวัดปริมาตร (Volumetric Flask Brush) 5 ซม. สำหรับขวด 250 ml /อัน"
"AS075446","แปรงล้างขวดวัดปริมาตร (Volumetric Flask Brush) 4 ซม.สำหรับขวด 100 ml /อัน"
"AS075445","ตะแกรงลวดแอสแบตตอส (Wire Gauze with Asbestos) /อัน"
"AS075444","เครื่องวัดค่าความนำไฟฟ้าแบบปากกา (Conductivity Pen) /เครื่อง"
"AS075443","ขวดปริมาตร (Volumetric flask, Class A, with stopper, Clear glass) 300 ml /ชิ้น"
"AS075442","Vial Rack สำหรับใส่ไวแอลขนาด 4 ml /ชิ้น"
"AS075441","Rotary Evaporator Bump Trap 29/32 Female to 14/23 Male Joint /อัน"
"AS075440","Glass microfiber filter GF/C 47 mm 2.5 L /กล่อง"
"AS075439","เกจ์ออกซิเจน /ชุด"
"AS075438","สาย Cable USB /เส้น"
"AS075437","วาล์วหายใจขาเข้าและขาออก สำหรับเครื่องช่วยหายใน ยี่ห้อ Drager รุ่น Evita v300/v500 /ชุด"
"AS075436","Lid & Pan (ฝาและถาดรอง) dia.8"" /ชิ้น"
"AS075435","Lid (ฝา) dia.8"" /ชิ้น"
"AS075434","Receiver (ถาดรองมาตรฐาน) dia.8"" /ชิ้น"
"AS075433","ตะแกรงร่อนขนาด 100 mesh dia 8"" , 150 microns /ชิ้น"
"AS075432","ตะแกรงร่อนขนาด 80 mesh dia 8"" , 180 microns /ชิ้น"
"AS075431","ตะแกรงร่อนขนาด 35-40 mesh dia 8"" , 425 microns /ชิ้น"
"AS075430","ITero Element Disposable Scanner Sleeves /กล่อง"
"AS075429","ชุดอะไหล่เครื่องทดสอบแรงดึง /ชุด"
"AS075428","Currette 2RL /ชิ้น"
"AS075427","Currette 4RL /ชิ้น"
"AS075426","Currette 13-14 /ชิ้น"
"AS075425","Scalars 2S-3S /ชิ้น"
"AS075424","Scalers H6-7 /ชิ้น"
"AS075423","eye pad ขนาด M /ห่อ"
"AS075422","ขวดให้ความชื้นโดยฟองอากาศ/ชุด"
"AS075421","Corrugated สายงวงช้าง/ชุด"
"AS075420","ผ้ายางปิดแผล แบบรูพรุน 1นิ้ว*5หลา (12ม้วน/กล่อง)"
"AS075419","เข็มเย็บแผลแบบกลม 3/8 circle 36mm. (12ชิ้น/โหล)"
"AS075418","ถุงอุจาระหน้าท้อง แบบชิ้นเดียว/ชิ้น"
"AS075417","หัวทิปสำหรับผสมวัสดุพิมพ์ปาก Blue Mixing Tips /แพ็ค"
"AS075416","Tray adhesive /กล่อง"
"AS075415","3 Way Syringe Tip /ชิ้น"
"AS075414","ที่คีบสำลี (Cotton plier) /ชิ้น"
"AS075413","กล่องเครื่องมือแพทย์ มีฝา ขนาด 8x5 นิ้ว /กล่อง"
"AS075412","กล่องเครื่องมือแพทย์ มีฝา ขนาด 12x8x2.5 นิ้ว /กล่อง"
"AS075411","กล่องเครื่องมือแพทย์ มีฝา ขนาด 12x8x2 นิ้ว /กล่อง"
"AS075410","Jar forcep ขนาด 2x7.5 นิ้ว /ชิ้น"
"AS075409","Jar forcep ขนาด 2x4.5 นิ้ว /ชิ้น"
"AS075408","กระปุกสำลี ขนาด 2.5 x 4 นิ้ว /กระปุก"
"AS075407","กระปุกสำลี ขนาด 2.5 x 3 นิ้ว /กระปุก"
"AS075406","ถาดใส่เครื่องมือแพทย์สแตนเลส ขนาด 9 นิ้ว /ชุด"
"AS075405","ผ้าเขียว เจาะรู 2 ชั้น ขนาด 48x65 ซม. /แพ็ค"
"AS075404","ผ้าเขียว เจาะรู 2 ชั้น ขนาด 35x45 ซม. /แพ็ค"
"AS075403","กล่องพลาสติก แบบมีล้อ มีฝาปิด คละสี 30 ลิตร /ใบ"
"AS075402","แก้วน้ำพลาสติก 6 ออนซ์ /แพ็ค"
"AS075401","ผ้าก๊อซพับไม่สเตอร์ไรด์ ขนาด 2x2 นิ้ว /แพ็ค"
"AS075400","ผ้าก๊อซพับไม่สเตอร์ไรด์ ขนาด 3x3 นิ้ว /แพ็ค"
"AS075399","แอลกอฮอล์ 95% (องค์การสุรา) ขนาด 20 ลิตร /ถัง"
"AS075398","แผลติดหุ่น / ชุด"
"AS075397","เชือกสำหรับมัดลูกประคบ /ม้วน"
"AS075396","ผ้าห่อลูกประคบ 1 หลา/ผืน"
"AS075395","หม้อนึ่งลูกประคบสมุนไพร /หม้อ"
"AS075394","ถังขยะเล็ก /ใบ"
"AS075393","Transfering pipette ขนาด 3 มิลลิลิตร"
"AS075392","หลอดเซนตริฟิวก์ ขนาด 50 มิลลิลิตร 50 ชิ้น /แพ็ค"
"AS075391","สไลด์ถาวรย้อมสีเชื้อโปรโตซัว เอนตามีบา ฮิสโตไลติคา ระยะซิสต์และโทรโฟซอยด์ /แผ่น"
"AS075390","น้ำ DI 18 ลิตร  /ถัง"
"AS075389","Malonate broth 100 กรัม  /ขวด"
"AS075386","SYBR Green qPCR Master Mix (Low ROX) 100 ตัวอย่าง  /หลอด"
"AS075387","Prime Juice Preloading Fluorescent Stain 1 มิลลิลิตร /หลอด"
"AS075388","Motility nitrate medium 500 กรัม  /ขวด"
"AS075385","ฉลากยา 6 ลิตร 250 ดวง /ชุด"
"AS075384","VICRYL 4-0 ไหมละลาย ติดเข็ม 3/8 ยาว เข็ม 19 mm ไหม 75 cm /กล่อง"
"AS075383","น้ำยาเช็ดทำความสะอาดพื้นผิว 5 ลิตร/แกลลอน"
"AS075382","แผ่นขัด Soft - lex finishing strip - Fine/Superfine 120 ชิ้น /กล่อง"
"AS075381","แผ่นขัด Soft - lex finishing strip - Coarse/Medium 150 ชิ้น /กล่อง"
"AS075380","เดือยฟันสำเร็จรูป (Dt light post refill ) เบอร์ 2 10 ตัว /กล่อง"
"AS075379","เดือยฟันสำเร็จรูป (Dt light post refill ) เบอร์ 1 10 ตัว /กล่อง"
"AS075378","วัสดุบันทึกการสบฟันชนิดแข็ง (O-Bite) /กล่อง"
"AS075377","Unifast Trad Liquid /ชุด"
"AS075376","Unifast Trad Power Pink /ชุด"
"AS075375","BUR HP Round green stone 12 ชิ้น /กล่อง"
"AS075374","สารลดการเสียวฟัน /กล่อง"
"AS075373","K-file 31 mm. # 10 6 ชิ้น /กล่อง"
"AS075372","Stainless steel matrix band 0.04mm*4mm 1 เมตร /กล่อง"
"AS075371","Stainless steel matrix band 0.03mm*7mm 1 เมตร /กล่อง"
"AS075370","Lip retractor /แพ็ค"
"AS075369","Stainless steel matrix band 0.04mm*5mm 1 เมตร /กล่อง"
"AS075368","Phosphoric acid 37% /แพ็ค"
"AS075367","จานพลาสติกสำหรับชั่งสาร แบบก้นแบน ขนาด 30 มิลลิลิตร /แพ็ค"
"AS075366","Panavia V5 Tooth Primer (4ml) /ขวด"
"AS075365","ทิปสำหรับงานรักษาคลองรากฟัน (IRRISAFE ขนาด 25 MM) /แพ็ค"
"AS075364","ทิปสำหรับงานรักษาคลองรากฟัน (IRRISAFE ขนาด 21 MM) /แพ็ค"
"AS075363","ทิป perio ของเครื่องขูดหินปูน P5 H3 /ชิ้น"
"AS075362","ทิป perio ของเครื่องขูดหินปูน P5 H4R /ชิ้น"
"AS075361","ทิป perio ของเครื่องขูดหินปูน P5 H4L /ชิ้น"
"AS075360","ชุดเดือยฟันสำเร็จรูป ขนาดเบอร์ 1 /กล่อง"
"AS075359","ชุดเดือยฟันสำเร็จรูป ขนาดเบอร์ 0.5 /กล่อง"
"AS075358","กระปุกก๊อส /กระปุก"
"AS075357","Jar forcep /ชุด"
"AS075356","ถ้วยน้ำจิ้ม 3 ช่อง ทรงกลม สแตนเลส /อัน"
"AS075355","syringe Irrigate (แก้ว) 20 mm /อัน"
"AS075354","เจลโฟมห้ามเลือด (SPONGOSTAN) /กล่อง"
"AS075353","Ge-aenial universal flowable composite สี A3.5 /หลอด"
"AS075352","Ge-aenial universal flowable composite สี A3 /หลอด"
"AS075351","Ge-aenial universal flowable composite สี A2 /หลอด"
"AS075350","Ge-aenial universal flowable composite สี A1 /หลอด"
"AS075349","วัสดุรองพื้นโพรงฟันชนิดแข็งตัวด้วยแสง (Biner LC Light Curing Cavity Liner) /กล่อง"
"AS075348","ซีเมนต์สำหรับยึดครอบฟันชั่วคราว (Temporary Cement) /กล่อง"
"AS075347","วัสดุบันทึกการสบฟัน (President Jet Blue Bite) /กล่อง"
"AS075346","Multicore flow /กล่อง"
"AS075345","น้ำยาฆ่าเชื้อในครองรากฟัน (Vitapex) /กล่อง"
"AS075344","เครื่องมืออัดและตัดวัสดุอุดคลองรากฟัน Glick no.1 /ชิ้น"
"AS075343","เครื่องมือสำหรับอัดวัสดุอุดฟัน ชนิด 2 ปลาย (Plugger RCP9/11) /ชิ้น"
"AS075342","เครื่องมือสำหรับอัดวัสดุอุดฟัน ชนิด 2 ปลาย (Plugger RCP5/7) /ชิ้น"
"AS075341","Endodontic spreader D11TS /ชิ้น"
"AS075340","Endodontic spreader D11T /ชิ้น"
"AS075339","เครื่องมือสำหรับตักเนื้อฟัน (Endo spoon) /ชิ้น"
"AS075338","เครื่องมือตรวจภายในช่องปากสำาหรับงานรักษารากฟัน (Endo explorer) /ชิ้น"
"AS075337","หัวกรอแต่งอะคริลิก สีแดง ปลายมน /ชิ้น"
"AS075336","หัวกรอแต่งอะคริลิก สีเทา ปลายมน /ชิ้น"
"AS075335","หัวกรอแต่งอะคริลิก สีดำ ปลายมน /ชิ้น"
"AS075334","วัสดุช่วยสมานแผลหลังผ่าตัด (Coe Pak) /กล่อง"
"AS075333","Prophy paste /กระปุก"
"AS075332","Fuji 9 Power 15g Post Extra A3 /ชุด"
"AS075331","DENTAL NEEDLE (27Gx21mm) /กล่อง"
"AS075330","DENTAL NEEDLE (27Gx30mm) /กล่อง"
"AS075329","Tincture iodine 1.5% /ขวด"
"AS075328","Arti -Fol (Occlusions - Folie) /ม้วน"
"AS075327","Glide Finders ยาว 25 ขนาด 15 /ชิ้น"
"AS075326","Glide Finders ยาว 25 ขนาด 10 /ชิ้น"
"AS075325","Glide Finders ยาว 25 ขนาด 8 /ชิ้น"
"AS075324","Glide Finders ยาว 21 ขนาด 15 /ชิ้น"
"AS075323","Glide Finders ยาว 21 ขนาด 10 /ชิ้น"
"AS075322","Glide Finders ยาว 21 ขนาด 8 /ชิ้น"
"AS075321","CARBIDE ROUND BUR HP 016 /ชิ้น"
"AS075320","High speed Cylinder diamond bur 016 /แผง"
"AS075319","High speed Cylinder diamond bur 012 /แผง"
"AS075318","High speed Cylinder diamond bur 010 /แผง"
"AS075317","High speed round diamond bur 016 /แผง"
"AS075316","High speed round diamond bur 012 /แผง"
"AS075315","High speed round diamond bur 010 /แผง"
"AS075314","Compound 125 gm /กล่อง"
"AS075313","เชือกกั้นฟัน Wedjet Yellow /กล่อง"
"AS075312","ปูน Velmix kromotypo3 /ถัง"
"AS075311","Rubber Base Adhisive /กล่อง"
"AS075310","k-file no. 10 ยาว 25 mm /แผง"
"AS075309","Rotary File Waveone เบอร์ PRIMARY MED SMALL /แผง"
"AS075308","k-file no. 8 ยาว 25 mm /แผง"
"AS075307","Refill Rotary File Waveone เบอร์ LARGE 21 mm /แผง"
"AS075306","C FILE Ready Steel 21 มม No. 15 /แผง"
"AS075305","C FILE Ready Steel 21 มม No. 10 /แผง"
"AS075304","Maincone ขนาด 40 taper4% (หรือบนกล่องเขียน0.04) /กล่อง"
"AS075303","Maincone ขนาด 35 taper4% (หรือบนกล่องเขียน0.04) /กล่อง"
"AS075302","Maincone ขนาด 30 taper 4% (หรือบนกล่องเขียน 0.04) /กล่อง"
"AS075301","สารปรับสภาพคลองรากฟัน (Glyde - Root canal conditioner) /กล่อง"
"AS075300","Bulk Fill Restorative A4 /กล่อง"
"AS075299","Pop on size 1/2 inch 4 สี /ชุด"
"AS075298","Bulk Fill Restorative A2 /กล่อง"
"AS075297","สารเคลือบหลุมร่องฟันชนิดแข็งตัวด้วยแสงสีฟ้า Sealant แบบหลอด"
"AS075296","ตะแกรงร่อนขนาด 60 mesh dia 8"" 250 microns /ชิ้น"
"AS075295","Thick blotting filter paper ขนาด 7.5×10 เซนติเมตร /กล่อง"
"AS075294","Mini Protean System Glass Plates /กล่อง"
"AS075293","แผ่นอิเล็กโทรด (ECG Electrode Pad) /แพ็ค"
"AS075292","แผ่นรองซับแบบมีเจล ขนาด 45x70 เซนติเมตร /แพ็ค"
"AS075291","แถบตรวจระดับน้ำตาลในเลือด รุ่น Accu-Chek Active /กล่อง"
"AS075290","แถบตรวจระดับน้ำตาลในเลือด รุ่น Accu-Chek Instant /กล่อง"
"AS075289","เข็มเจาะเลือดปลายนิ้ว รุ่น Accu-Chek Safe-T-Pro Uno /กล่อง"
"AS075288","เข็มเจาะเลือดปลายนิ้ว รุ่น Accu-Chek FastClix /กล่อง"
"AS075287","ไซริงค์กรองสาร (Syringe filter) รูพรุน 0.2 ไมโครเมตร ขนาดเส้นผ่านศูนย์กลาง 25 มิลลิเมตร /กล่อง"
"AS075286","กล่องทิ้งเข็ม ทรงสี่เหลี่ยม ขนาด 3.8 ลิตร /อัน"
"AS075285","กระดาษกรอง เบอร์ 1 (Filter paper) ขนาดเส้นผ่านศูนย์กลาง 240 มิลลิเมตร /กล่อง"
"AS075284","สไลด์นับเซลล์ (haemacytometer) /ชุด"
"AS075283","แท่งแม่เหล็กกวนสาร (magnetic stirring bar) ขนาด 30x6 มิลลิเมตร /อัน"
"AS075282","แท่งแม่เหล็กกวนสาร (magnetic stirring bar) ขนาด 25x6 มิลลิเมตร /อัน"
"AS075281","แท่งแม่เหล็กกวนสาร (magnetic stirring bar) ขนาด 15x6 มิลลิเมตร /ตัว"
"AS075280","เสื้อกาวน์แขนยาว สีเขียว ขนาดไซส์ XXL /ตัว"
"AS075279","เสื้อกาวน์แขนยาว สีเขียว ขนาดไซส์ XL /ตัว"
"AS075278","เสื้อกาวน์แขนยาว สีเขียว ขนาดไซส์ M /ตัว"
"AS075277","เสื้อกาวน์แขนยาว สีเขียว ขนาดไซส์ S /ตัว"
"AS075276","เสื้อกาวน์แขนยาว สีเขียว ขนาดไซส์ SS /ตัว"
"AS075275","ปากคีบสแตนเลส ปลายแหลมตรง (Semken forceps) ยาว 5.5 นิ้ว /อัน"
"AS075274","ปากคีบสแตนเลส ปลายแหลมโค้ง (Splinter forceps) ยาว 5.5 นิ้ว /อัน"
"AS075273","ปากคีบสแตนเลส มีเขี้ยว (Thumb dressing forceps) ยาว 5.5 นิ้ว /อัน"
"AS075272","ช้อนตักสารสแตนเลส (Stainless spatula) เบอร์ 13 /อัน"
"AS075271","ช้อนตักสารสแตนเลส (Stainless spatula) เบอร์ 12 /อัน"
"AS075270","ช้อนตักสารสแตนเลส (Stainless spatula) เบอร์ 7 /อัน"
"AS075269","ช้อนตักสารสแตนเลส (Stainless spatula) เบอร์ 5 /อัน"
"AS075268","ช้อนตักสารสแตนเลส (Stainless spatula) เบอร์ 3 /อัน"
"AS075267","ช้อนตักสารสแตนเลส (Stainless spatula) เบอร์ 1 /อัน"
"AS075266","ช้อนตักสารสแตนเลส (Stainless spatula) เบอร์ 0 /อัน"
"AS075265","ค้อนตรวจรีเฟล็กซ์ ขนาด 18 เซนติเมตร /อัน"
"AS075264","ไปเปตทิป (Pipette tip) ขนาด 5 มิลลิลิตร /กล่อง"
"AS075263","ไมโครปิเปตทิป (Micropipette tip) ขนาด 300 ไมโครลิตร /แพ็ค"
"AS075262","กล่องพลาสติกเก็บสไลด์ ขนาด 100 ช่อง /กล่อง"
"AS075261","ฝาปิดหลอดทดลอง (Test tube cap) ขนาด 16 มิลลิเมตร /แพ็ค"
"AS075260","ฝาปิดหลอดทดลอง (Test tube cap) ขนาด 25 มิลลิเมตร /แพ็ค"
"AS075259","8-Strip qPCR Tube with flat clear cap ขนาด 0.2 ไมโครลิตร /กล่อง"
"AS075258","หลอดพี ซี อาร์ (PCR tube) ขนาด 0.2 มิลลิลิตร /แพ็ค"
"AS075257","หลอดเซนติฟิวก์ แบบทึบแสง (Amber conical centrifuge tube) ขนาด 50 มิลลิลิตร /แพ็ค"
"AS075256","หลอดเซนติฟิวก์ แบบทึบแสง (Amber conical centrifuge tube) ขนาด 15 มิลลิลิตร /แพ็ค"
"AS075255","หลอดเซนตริฟิวก์ (Centrifuge tube) ขนาด 50 มิลลิลิตร /กล่อง"
"AS075254","หลอดเซนตริฟิวก์ (Centrifuge tube) ขนาด 15 มิลลิลิตร /กล่อง"
"AS075253","หลอดเซนตริฟิวก์ (Centrifuge tube) ขนาด 5 มิลลิลิตร /แพ็ค"
"AS075252","หลอดไมโครเซนตริฟิวจ์ (Microcentrifuge tube) ขนาด 1.5 มิลลิลิตร /แพ็ค"
"AS075251","หลอดไมโครเซนตริฟิวจ์ (Microcentrifuge tube) ขนาด 2 มิลลิลิตร /แพ็ค"
"AS075250","บีกเกอร์พลาสติก (Plastic beaker) ขนาด 2000 มิลลิลิตร /อัน"
"AS075249","บีกเกอร์พลาสติก (Plastic beaker) ขนาด 1000 มิลลิลิตร /อัน"
"AS075248","บีกเกอร์พลาสติก (Plastic beaker) ขนาด 500 มิลลิลิตร /อัน"
"AS075247","หลอดทดลอง (test tube) ขนาด 16x150 มิลลิเมตร /อัน"
"AS075246","กระจกปิดสไลด์ (Cover glass) ขนาด 22×22 มิลลิเมตร /กล่อง"
"AS075245","กระจกสไลด์ ขอบฝน ขนาด 1x3 นิ้ว /กล่อง"
"AS075244","ขวดแก้วใส พร้อมฝาปิด ขนาด 30 มิลลิลิตร /ขวด"
"AS075243","บีกเกอร์ (Beaker) ขนาด 2000 มิลลิลิตร /อัน"
"AS075242","บีกเกอร์ (Beaker) ขนาด 25 มิลลิลิตร /อัน"
"AS075241","Silicone grease (High vacuum gresae) ขนาด 150 กรัม /หลอด"
"AS075240","Bovine Serum Albumin Fraction V ,pH 7.0 ขนาด 100 กรัม /ขวด"
"AS075239","Iron (II) sulphate heptahydrate ขนาด 500 กรัม /ขวด"
"AS075238","Glass bead ขนาด 1 กิโลกรัม /ขวด"
"AS075237","Propan-2-OL (Isopropanol) Molecular grade ขนาด 2.5 ลิตร /ขวด"
"AS075236","Deionized water (DI Water) ขนาด 4 ลิตร /ขวด"
"AS075235","Parafilm oil ขนาด 2.5 ลิตร /ขวด"
"AS075234","Tween 40 ขนาด 500 มิลลิลิตร ขวด"
"AS075233","แลคเกอร์ (Lacquer) ขนาด 5 ลิตร /แกลลอน"
"AS075232","ทินเนอร์ (Thinner) ขนาด 3 ลิตร /แกลลอน"
"AS075231","Tergezyme plus (น้ำยาล้างเครื่องมือแพทย์) ขนาด 5000 มิลลิลิตร /แกลลอน"
"AS075230","โบว์รูดกึ่งสำเร็จรูป 14x12 cm /อัน"
"AS075229","กระเช้าหวาย 12x17 cm /อัน"
"AS075228","กล่องใส่สบู่ 7.5x7.5x3 cm 20 ใบ /แพค"
"AS075227","แม่พิมพ์สบู่ สี่เหลี่ยมจตุรัส 100 g /อัน"
"AS075226","ช้อนสแตนเลส สีเงิน 12 cm 12 อัน /แพค"
"AS075225","ถ้วยสแตนเลส 9 cm /ถ้วย"
"AS075224","ผ้าก๊อซพันแผล แบบม้วน 100 หลา /ม้วน"
"AS075223","เครื่องวัดความดันบรรยากาศ (Barometer) /เครื่อง"
"AS075222","กระจกสไลด์ 1x3 นิ้ว แบบใส 50 แผ่น /กล่อง"
"AS075221","Finn chomber 8 mm 100x10 ชิ้น /กล่อง"
"AS075220","Finn chomber 8 mm 50x5 ชิ้น /กล่อง"
"AS075219","Finn chomber 8 mm 25x10 ชิ้น /กล่อง"
"AS075218","เทปกาวกั้นเขตเหลืองดำ 2"" x 33 เมตร /ม้วน"
"AS075217","เทปกาวกั้นเขตขาวแดง 2"" x 33 เมตร /ม้วน"
"AS075216","เทปกั้นเขตเหลืองดำ 3"" x 500 เมตร /ม้วน"
"AS075215","เทปกั้นเขตขาวแดง 3"" x 500 เมตร /ม้วน"
"AS075214","แก๊สกระป๋อง 3 ขวด/แพค"
"AS075213","กระดาษเช็ดอุตสาหกรรมอาหาร 250แผ่น/แพค 16 ห่อ/ลัง"
"AS075212","ถุงใส่น้ำ แบบซิปล็อค 500 ml 100 ใบ /แพค"
"AS075211","ตาชั่ง ขนาด 1 กิโลกรัม /เครื่อง"
"AS075210","แท่นวางหลอดไมโครเซนตริฟิวส์ มี 60 ช่อง ใช้ใส่หลอดขนาด 1.5 - 2.0 มิลลิลิตร และสามารถกลับด้าน สำหรับใส่หลอดขนาด 0.5 - 0.7 มิลลิลิตร /อัน"
"AS075209","หลอดไมโครเซนตริฟิวส์ ขนาด 1.5 มิลลิลิตร 500 ชิ้น /แพ็ค"
"AS075208","ไฟฉาย แบบ LED ใช้ถ่านขนาด AAA จำนวน 3 ก้อน /อัน"
"AS075207","ชุดทดสอบฟอร์มาลีน 50 การทดสอบ /กล่อง"
"AS075206","ชุดทดสอบโซเดียมไฮโดรซัลไฟล์ (สารฟอกขาว) 100 การทดสอบ /กล่อง"
"AS075205","ชุดการทดสอบกรดซาลิซิลิคในอาหาร (สารกันรา) 50 การทดสอบ /กล่อง"
"AS075204","ชุดทดสอบโคลิฟอร์มแบคทีเรีย (อ.13) 20 การทดสอบ /กล่อง"
"AS075203","ชุดทดสอบภาชนะสัมผัสอาหารและมือ (SI-2) 20 การทดสอบ /กล่อง"
"AS075202","เนื้อแก๊สลิควิดไนโตรเจน ขนาดบรรจุ 30 ลิตร /ถัง"
"AS075201","ช้อนสแตนเลส ความกว้าง 4.2 ซม ความยาว 13 ซม ความหนา 0.8 /ชิ้น"
"AS075200","จุกคอร์กไม้ สำหรับหลอดทดลองขนาด 16 มม. /ชิ้น"
"AS075199","ขวดบรรจุสารผนึกสไลด์ 100 ml /ขวด"
"AS075198","กรรไกรผ่าตัดตรง แหลม/ป้าน 13 CM. /ชิ้น"
"AS075197","Screw Cap GL45 Blue /ชิ้น"
"AS075196","Pasture pipette 150 mm 250 ชิ้น /กล่อง"
"AS075195","Boss head /ชิ้น"
"AS075194","ไซริ้งค์ ฟิวเตอร์ (syringe filters membrane, pore size 0.45 μm, diam. 25 mm, sterile) (50 ชิ้นต่อกล่อง) 1 กล่อง 50 /ชิ้น"
"AS075193","ท่อ PVC ชั้น 5 ขนาด 4 นิ้ว /เส้น"
"AS075192","เร็กกูเรเตอร์ปรับแรงลม /ชุด"
"AS075191","กระดาษทิชชู่อเนกประสงค์แบบยาว 2 ม้วน /แพ็ค"
"AS075190","Sodium hypochlorite 10% (สารละลายโซเดียมไฮโปคลอไรด์) 5 ลิตร /ขวด"
"AS075189","Lithium chloride 250 กรัม /ขวด"
"AS075188","Citric acid 500 กรัม /ขวด"
"AS075187","BUR Kenda Point Maximus สีขาว /ชิ้น"
"AS075186","BUR Kenda Point Unicus สีเนื้อ /ชิ้น"
"AS075185","BUR Kenda Point Nobilis สีม่วง /ชิ้น"
"AS075184","Stainless steel wrought wire gauge 19, ขนาด 0.040"", 1.0 mm /ม้วน"
"AS075183","Stainless steel wrought wire gauge 18, ขนาด 0.048"", 1.2 mm /ม้วน"
"AS075182","Lentulo spiral 21mm /กล่อง"
"AS075181","BUR FG Composhape fine large round #5400 /ชิ้น"
"AS075180","BUR FG Composhape fine small round #5201 /ชิ้น"
"AS075179","BUR FG Composhape fine football #5255 /ชิ้น"
"AS075178","BUR FG Composhape fine long flame #5205L /ชิ้น"
"AS075177","BUR FG Composhape fine flame #5062 /ชิ้น"
"AS075176","BUR FG Composhape fine short flame #5205 /ชิ้น"
"AS075175","BUR FG Composhape coarse large round #4400 /ชิ้น"
"AS075174","BUR FG Composhape coarse small round #4201 /ชิ้น"
"AS075173","BUR FG Composhape coarse football #4255 /ชิ้น"
"AS075172","BUR FG Composhape coarse flame #4062 /ชิ้น"
"AS075171","BUR FG Composhape coarse long flame #4205L /ชิ้น"
"AS075170","BUR FG Composhape coarse short flame #4205 /ชิ้น"
"AS075169","Finshing BUR RA /ชิ้น"
"AS075168","BUR RA Round carbide (หัวกรอคาร์ไบด์ กรอช้า) ทรงกลม #012 /ชิ้น /ชิ้น"
"AS075167","Round carbide long shank ขนาด 016 คาดเขียว /อัน"
"AS075166","Round carbide long shank ขนาด 012 คาดเขียว /อัน"
"AS075165","DIMOND BUR FG879F/016 /อัน"
"AS075164","DIMOND BUR FG850F/014 /อัน"
"AS075163","DIMOND BUR FG858F/014 /อัน"
"AS075162","POLISHERS DARKGREY 9310F /อัน"
"AS075161","ABRASIVES PINK HP671 /อัน"
"AS075160","ABRASIVES BROWN HP733 /อัน"
"AS075159","Lab Polishers DARKGREY /อัน"
"AS075158","Carbide BUR HPCX23/023 /อัน"
"AS075157","Carbide BUR HP75G/070 /อัน"
"AS075156","Carbide BUR HPCX75F/060 /อัน"
"AS075155","Stone สีชมพู รูปดอกบัว ก้านยาว (HP) /อัน"
"AS075154","ขวดบรรจุสารผนึกสไลด์ เส้นผ่านศูนย์กลาง 7 cm พร้อมฝาครอบ /ชุด"
"AS075153","หลอดหยดพลาสติก (Pasteur pipette plastic) 3 ml sterile /ชิ้น"
"AS075152","ลูกตุ้มน้ำหนักผ่าซีก 200 กรัม /อัน"
"AS075151","ฝาจุกพลาสติกปิดขวดวัดปริมาตร ขนาด Joint 19/26 /ชิ้น"
"AS075150","แผ่นกรอง (Filter membrane) ความละเอียด 0.2 ไมโครเมตร เส้นผ่านศูนย์กลาง 47 mm 100 แผ่น /กล่อง"
"AS075149","Vial Rack 2ml, 5x10 ช่อง /ชิ้น"
"AS075148","ช้อนตักสาร สเเตนเลส (SPATULA STAINLESS) ยาว 22-25 cm /อัน"
"AS075147","ช้อนตักสาร สเเตนเลส (SPATULA STAINLESS) ยาว 19-22 cm /อัน"
"AS075146","ช้อนตักสาร สเเตนเลส (SPATULA STAINLESS) ยาว 28-31 cm /อัน"
"AS075145","เข็มเจาะวัดระดับน้ำตาล แบบกด 50 ชิ้น /กล่อง"
"AS075144","ขวดหยดพลาสติก 15 ml /ขวด"
"AS075143","ขวดก้นกลม (Round bottom flask) joint 14/23, 25 ml /ใบ"
"AS075142","กรวยแก้วรูปฝักบัว (Thistle Funnel) /อัน"
"AS075141","TLC aluminium sheet 20*20 cm /กล่อง"
"AS075140","Tissue Forceps 18 cm /ชิ้น"
"AS075139","Ticket Forceps 4.5 นิ้ว /ชิ้น"
"AS075138","Test tube,Screw cap 16*125 mm /หลอด"
"AS075137","Balsam Bottles 100 ml /ขวด"
"AS075136","Vial, Crimp top neck 11 mm clear with write-on spot 100 ชิ้น /แพ็ค"
"AS075135","อะคริลิกสีขาว /ชิ้น"
"AS075134","อะคริลิกสีใส /ชิ้น"
"AS075133","หัวกรอ cabide /ชิ้น"
"AS075132","Centrix syringe สำหรับฉีด Gi /กล่อง"
"AS075131","Disposable Mixing pad 76*67mm /กล่อง"
"AS075130","จานเพาะเชื้อ เส้นผ่านศูนย์กลาง 5 ซม /ชิ้น"
"AS075129","ไม้บรรทัด 15 ซม. /ชิ้น"
"AS075128","วัสดุการปลูกถ่ายเนื้อเยื่อและกระดูก (collagen membrane soft 20 x 30 mm) /กล่อง"
"AS075127","วัสดุการปลูกถ่ายเนื้อเยื่อและกระดูก (collagen membrane soft 15 x 20 mm) /กล่อง"
"AS075126","วัสดุการปลูกถ่ายเนื้อเยื่อและกระดูก (bone power 1 cc) /กล่อง"
"AS075125","วัสดุการปลูกถ่ายเนื้อเยื่อและกระดูก (bone power 0.25 cc) /กล่อง"
"AS075124","วัสดุรากฟันเทียม อุปกรณ์ครบชุด /ชุด"
"AS075123","เชือก เบอร์ 60 สีขาว /ใจ"
"AS075122","ผ้าขาวบางดิบ 11 ปอนด์ หน้า 36 นิ้ว 40 หลา /พับ"
"AS075121","TEMPO Control kit การ์ดทดสอบคุณภาพเครื่องตรวจวิเคราะห์จุลินทรีย์ 1 ชุด /ชุด"
"AS075120","ชุดตรวจแบคทีเรียในอากาศ (Compact Dry TC) จานเลี้ยงเชื้อสำเร็จรูป 20 ตัวอย่าง /ชุด"
"AS075119","ชุดทดสอบน้ำเบื้องต้น 5 ชนิด สำหรับตรวจน้ำดื่ม 5 ชนิด /ชุด"
"AS075118","ปากคีบ tissue forcep คีมจับเนื้อเยื่อแบบมีเขี้ยว 12.5 ซม /อัน"
"AS075117","กรรไกรผ่าตัด BL/BL กรรไกรผ่าตัด ป้าน/ป้าน 16.5 ซม /อัน"
"AS075116","หลอดไฟชนิด UV Lamp ฆ่าเชื้อโรค 36 วัตต์ /หลอด"
"AS075115","auto pipette stand (ที่วางปิเปต) พลาสติก 1 อัน /อัน"
"AS075114","กระดาษชำระ สีขาว 6 ม้วน /แพ็ค"
"AS075113","กระดาษเอนกประสงค์ 6 ม้วน /แพ็ค"
"AS075112","Rack ใส่ถุงตัวอย่างน้ำ (Rack Stomacher) สแตนเลส 5 ช่อง /อัน"
"AS075111","Duran ฝาขวดมีเดีย GL45สีน้ำเงิน 54x25 มม. /อัน"
"AS075110","Sodium hypochlorite 10% 1 ลิตร /แกลอน"
"AS075109","Mannitol EggYolk Polymyxin agar(MYP agar) 500 กรัม. /ขวด"
"AS075108","ถ้วยวิเคราะห์ Fiber 30 ml. /ถ้วย"
"AS075107","Formalehyde (ฟอร์มาลีน) 20 กก. /แกลอน"
"AS075106","Iron (III) Chloride 6 Hydrate AR 500 g /ขวด"
"AS075105","ACRYLAMIDE FOR SYNTHESIS 500 g /ขวด"
"AS075104","ยารักษาอาการ dry socket (Alveogyl 10 g/กระปุก)"
"AS075103","ซองใส่ฟิล์ม no.2 /กล่อง"
"AS075102","น้ำยาแช่เครื่องมือ High level disinfectant ID212 /แกลลอน"
"AS075101","temp bone NE /กล่อง"
"AS075100","Polishing Silicone Gray /ชิ้น"
"AS075099","VICRYL 3-0 ไหมละลาย ติดเข็ม 3/0 ยาว เข็ม 19 mm ไหม 75 cm /กล่อง"
"AS075098","Taper Fissure Carbide bur ก้านยาว HP#016 /แผง"
"AS075097","วัสดุบูรณะฟันชนิดแก้วไอโอโนเมอร์ ชนิดเสริมด้วยเรซิน แข็งตัวด้วยการบ่มด้วยแสง /กล่อง"
"AS075096","FG Safe tip taper diamond bur #012 /แผง"
"AS075095","floss threader /กล่อง"
"AS075094","super floss /กล่อง"
"AS075093","eythosine (ยาย้อมสีฟัน) /ขวด"
"AS075092","rubber brush /ชิ้น"
"AS075091","FG Round carbide 012mm. / ชิ้น"
"AS075090","สารลดการเสียวฟัน GLUMA Desensitizer /กล่อง"
"AS075089","Taper Fissure Carbide bur ก้านยาว HP#014 /แผง"
"AS075088","High Power Suction ขนาด 2.5 mm /ชุด"
"AS075087","กระดาษทราย IPR 2 ด้าน /แผ่น"
"AS075086","กระดาษทราย IPR 1 ด้าน /แผ่น"
"AS075085","High Power Suction Tip /ชุด"
"AS075084","High Power Suction No.1964930 ขนาด 2.5 mm /ชุด"
"AS075083","กาวทันตกรรมสำหรับยึดติด (Grengloo)	 /หลอด"
"AS075082","ยาง elastic สำหรับเครื่องมือนอกช่องปาก ขนาด 1/2"", 8 Oz /ซอง"
"AS075081","ยาง elastic สำหรับเครื่องมือนอกช่องปาก ขนาด 1/2"", 16 Oz /ซอง"
"AS075080","ไหมเย็บแผล แบบไม่ติดเข็ม (Silk) No. 3-0 60 ซม. /กล่อง"
"AS075079","ไหมเย็บแผล แบบไม่ติดเข็ม (Silk) No. 4-0 60 ซม. /กล่อง"
"AS075078","Assure Plus 6 ml All surface bonding (Reliance) /ขวด"
"AS075077","Porcelain etching (Reliance) /ขวด"
"AS075076","Porcelain conditioner (Reliance) /ขวด"
"AS075075","Ra Flame shape หัวขัดยางเขียว /ชิ้น"
"AS075074","เครื่องวัดแรงดึงสำหรับจัดฟัน แรง 28-450 กรัม /กล่อง"
"AS075073","เครื่องวัดแรงดึงสำหรับจัดฟัน แรง 50-500 กรัม /กล่อง"
"AS075072","ที่กั้นดิสก์ (Safety Guard) /ชิ้น"
"AS075071","Dimond disc 1 ด้าน Intensive hp 270 /ชิ้น"
"AS075070","Dimond disc 2 ด้านIntensive hp 270D /ชิ้น"
"AS075069","คีมตัดลวดจัดฟัน Distal end cutting pliers /ชิ้น"
"AS075068","LuxaTemp /กล่อง"
"AS075067","แผงเลือกสีฟันปลอมถอดได้ /ชิ้น"
"AS075066","อะคริลิคเรซิ่น Unifast Trad (Unifast acrylic Pink) /กล่อง"
"AS075065","ชุดขัด Zirconia ในช่องปาก CA /กล่อง"
"AS075064","Fit Checker Advanced /กล่อง"
"AS075063","Muticore Flow /กล่อง"
"AS075062","ExciTE F DSC /กล่อง"
"AS075061","Polishing Silicone Yellow /ชิ้น"
"AS075060","Polishing Silicone Green /ชิ้น"
"AS075059","Round fissure carbide bur : Carbide C79.HP ขนาด 060 /แผง"
"AS075058","Round fissure carbide bur : Carbide C79.HP ขนาด 045 /แผง"
"AS075057","Sharpening stone flat Arkansas stone /ชิ้น"
"AS075056","Sharpening oil /ขวด"
"AS075055","Latex glue #LA-22S /กระปุก"
"AS075054","เรซิ่นใส #124  /กก."
"AS075053","Lentulo spiral 25 mm. #40 /กล่อง"
"AS075052","Gutta percha cone (main cone) No. 60 .02 120 ชิ้น /กล่อง"
"AS075051","Finger spreader B(สีแดง) 25 mm /แผง"
"AS075050","BUR RA Round carbide long shank (หัวกรอคาร์ไบด์ กรอช้า RA ก้านยาวพิเศษ) ทรงกลม #018 /แผง"
"AS075049","Nanofill composite, Filtek™ Z350 XT Enamel shade /หลอด"
"AS075048","Nanofill composite, Filtek™ Z350 XT shade A4 /หลอด"
"AS075047","Nanofill composite, Filtek™ Z350 XT shade A3.5 /หลอด"
"AS075046","Nanofill composite, Filtek™ Z350 XT shade A3 /หลอด"
"AS075045","Nanofill composite, Filtek™ Z350 XT shade A2 /หลอด"
"AS075044","Nanofill composite, Filtek™ Z350 XT Translucent /หลอด"
"AS075043","2-step total-etch, OptiBond Solo Plus Kit /กล่อง"
"AS075042","3-step total-etch, OptiBond FL Bottle Kit /กล่อง"
"AS075041","centrifuge tube 50 ml 50 ชิ้น /แพ็ค"
"AS075040","เนื้อแก๊สไนโตรเจน HP 99.99% 7 คิว /ท่อ"
"AS075039","White Stone Round เร็ว /กล่อง"
"AS075038","White Stone Flame เร็ว /กล่อง"
"AS075037","VICRYL 5-0 ไหมละลาย ติดเข็ม 3/8 ยาว เข็ม 16 mm ไหม 75 cm /กล่อง"
"AS075036","VICRYL 5-0 ไหมละลาย ติดเข็ม 1/2 ยาว เข็ม 16 mm ไหม 75 cm /กล่อง"
"AS075035","VICRYL 4-0 ไหมละลาย ติดเข็ม 3/8 ยาว เข็ม 16 mm ไหม 75 cm /กล่อง"
"AS075034","VICRYL 4-0 ไหมละลาย ติดเข็ม 1/2 ยาว เข็ม 17 mm ไหม 75 cm /กล่อง"
"AS075033","VICRYL 3-0 ไหมละลาย ติดเข็ม 3/0 ยาว เข็ม 20 mm ไหม 75 cm /กล่อง"
"AS075032","VICRYL 3-0 ไหมละลาย ติดเข็ม 1/2 ยาว เข็ม 20 mm ไหม 75 cm /กล่อง"
"AS075031","Towel clamp 11 cm /ชิ้น"
"AS075030","Taper fissure carbide bur : Carbide C79.HP ขนาด 060 /ชิ้น"
"AS075029","Taper fissure carbide bur : Carbide C79.HP ขนาด 045 /ชิ้น"
"AS075028","Seldin เบอร์ 23 ขนาด 16 ซม. /ชิ้น"
"AS075027","Root tip pick Double end /ชิ้น"
"AS075026","Root fecpes Universal /ชิ้น"
"AS075025","retractor /ชุด"
"AS075024","RA Long shank round carbide bur #018 /แผง"
"AS075023","Ra Flame shape หัวขัดยางแดง /แผง"
"AS075022","Probe. PCPUNC156 /ชิ้น"
"AS075021","Plastic test stick /กล่อง"
"AS075020","Photo retractor Cheek & Lip /ชุด"
"AS075019","Peso Drill ยาว 32 mm /แผง"
"AS075018","Peso Drill ยาว 28 mm /แผง"
"AS075017","Nupro Prophy Paste With Fluoride /กระปุก"
"AS075016","Mouth prop NO. M /ชิ้น"
"AS075015","Molt NO.9 /ชิ้น"
"AS075014","Mathieu ด้ามทองสำหรับหนีบลวด /ตัว"
"AS075013","Fluoride varnish 22600ppm /หลอด"
"AS075012","FG Tapered Round End Diamond bur #016 คาดน้ำเงิน หรือ เทียบเท่า D8 ยาว /แผง"
"AS075011","FG Tapered Round End Diamond bur #016 คาดน้ำเงิน หรือ เทียบเท่า D8 /แผง"
"AS075010","FG Tapered Round End Diamond bur #012 คาดน้ำเงิน หรือ เทียบเท่า D16 ยาว /แผง"
"AS075009","FG Tapered Point, Needle Diamond bur #012 คาดน้ำเงิน หรือ เทียบเท่า D2 /แผง"
"AS075008","FG Safe tip taper diamond bur #016 /ชิ้น"
"AS075006","FG Round carbide 008mm. / ชิ้น"
"AS075007","FG Round carbide 010mm. / ชิ้น"
"AS075005","Diamond bur FG extra fine round #018 คาดเหลือง /แผง"
"AS075004","Diamond bur FG extra fine round #016 คาดเหลือง /แผง"
"AS075003","Diamond bur FG extra fine needle #012 คาดเหลือง /แผง"
"AS075002","Biyonet สั้น เบอร์ 11R /ชิ้น"
"AS075001","Biyonet สั้น เบอร์ 11L /ชิ้น"
"AS075000","Biyonet ยาว เบอร์ 12R /ชิ้น"
"AS074999","Biyonet ยาว เบอร์ 12L /ชิ้น"
"AS074998","ไหมเย็บแผล แบบติดเข็ม (Silk) 3/8 19 mm No. 4-0 45 ซม. 12 ชิ้น/กล่อง /กล่อง"
"AS074997","ไหมเย็บแผล แบบติดเข็ม (Silk) 3/8 19 mm No. 3-0 45 ซม. 12 ชิ้น/กล่อง /กล่อง"
"AS074996","ไหมเย็บแผล แบบติดเข็ม (Silk) 1/2 20 mm No. 4-0 75 ซม. /กล่อง"
"AS074995","ไหมเย็บแผล แบบติดเข็ม (Silk) 1/2 20 mm No. 3-0 75 ซม. 24 ชิ้น/กล่อง /กล่อง"
"AS074994","ไหมเย็บแผล แบบติดเข็ม (Silk) 1/2 19 mm No. 4-0 75 ซม. 24 ชิ้น/กล่อง /กล่อง"
"AS074993","วัสดุอุดฟันชนิดกลาสไอโอโนเมอร์ Fuji II ผสมมือ แบบแข็งตัวด้วยแสง /กล่อง"
"AS074992","วัสดุสีเหมือนฟันสำหรับบูรณะได้ทั้งฟันหน้าและฟันหลัง (Nanofill composite Dentin shade) สี A3 4 กรัม /หลอด /หลอด"
"AS074991","วัสดุสีเหมือนฟันสำหรับบูรณะได้ทั้งฟันหน้าและฟันหลัง (Nanofill composite Dentin shade) สี A2 4 กรัม /หลอด /หลอด"
"AS074990","วัสดุสีเหมือนฟันสำหรับบูรณะได้ทั้งฟันหน้าและฟันหลัง (Nanofill composite Dentin shade) สี A1 4 กรัม /หลอด /หลอด"
"AS074989","วัสดุสีเหมือนฟันสำหรับบูรณะได้ทั้งฟันหน้าและฟันหลัง (Nanofill composite Body shade) สี A4 4 กรัม /หลอด /หลอด"
"AS074988","วัสดุสีเหมือนฟันสำหรับบูรณะได้ทั้งฟันหน้าและฟันหลัง (Nanofill composite Body shade) สี A3.5 4 กรัม /หลอด /หลอด"
"AS074987","วัสดุสีเหมือนฟันสำหรับบูรณะได้ทั้งฟันหน้าและฟันหลัง (Nanofill composite Body shade) สี A3 4 กรัม /หลอด /หลอด"
"AS074986","วัสดุสีเหมือนฟันสำหรับบูรณะได้ทั้งฟันหน้าและฟันหลัง (Nanofill composite Body shade) สี A2 4 กรัม /หลอด /หลอด"
"AS074985","วัสดุสีเหมือนฟันสำหรับบูรณะได้ทั้งฟันหน้าและฟันหลัง (Nanofill composite Body shade) สี A1 4 กรัม /หลอด /หลอด"
"AS074984","วัสดุสีเหมือนฟัน Nanohybrid composite Universal Restorative A3 3g./หลอด /กล่อง"
"AS074983","วัสดุสีเหมือนฟัน Nanohybrid composite Universal Restorative A2 3g./หลอด /กล่อง"
"AS074982","วัสดุบูรณะฟันชนิด แก้วไอโอโนเมอร์ ชนิดเสริมด้วยเรซิน แข็งตัวด้วยการบ่มด้วยแสง /ชุด"
"AS074981","วัสดุที่ใช้รองพื้นโพรงฟันก่อนการอุด (Dycal) /หลอด"
"AS074980","น้ำยาห้ามเลือด สำหรับใช้ในงานทันตกรรม /กล่อง"
"AS074979","ซองใส่ฟิล์ม no.1 /ซอง"
"AS074978","ซองใส่ฟิล์ม no.0 /ซอง"
"AS074977","เชือกกั้นฟัน (Wedjet) ขนาด S /ขวด /กล่อง"
"AS074976","เชือกกั้นฟัน (Wedjet) ขนาด M /ขวด /กล่อง"
"AS074975","เชือกกั้นฟัน (Wedjet) ขนาด L /ขวด /กล่อง"
"AS074974","เจลโฟมห้ามเลือด (Spongostan Dental) ชนิดละลายได้ 1x1x1cm 24 ชิ้น/กล่อง /กล่อง"
"AS074973","เครื่องมือตกแต่งวัสดุอุดฟัน Carver ชนิด 2 ปลาย	 Composite caver /ชิ้น"
"AS074972","คีมจับเข็มเย็บแผล (Needle Holder) 15 cm /ชิ้น"
"AS074971","เข็มฉีดยา (Hyprodemic needle) ขนาด 25 ความยาว 25 มิลลิเมตร /กล่อง"
"AS074970","กรรไกรตัดไหม (Scissors) 11.5 cm (Curve) /ชิ้น"
"AS074969","2% Methylene Blue /กล่อง"
"AS074968","ขวดแก้ววัดปริมาตร 500 มล. /ขวด"
"AS074967","กระบอกตวงแก้ว 2000 มิลลิลิตร /อัน"
"AS074966","เข็ม เบอร์ 8 20 เบ่ม /แพ็ค"
"AS074965","ถุงร้อนใส 12 x 18 นิ้ว 500 กรัม /แพ็ค"
"AS074964","กรรไกรตัดกิ่งไม้ 26 x 10 x 3 ซม. /ชุด"
"AS074963","กระดาษปอนด์ A3 200 แกรม 100 แผ่น /แพ็ค"
"AS074962","กระดาษการ์ดขาว A5 240 แกรม 125 แผ่น /แพ็ค"
"AS074961","กระดาษวาดแบบ 31 x 43 นิ้ว 48.8 แกรม 100 แผ่น /แพ็ค"
"AS074960","กระดาษลูกฟูก 30.5 x 45 ซม. ลอน C, 3 ชั้น 25 แผ่น /แพ็ค"
"AS074959","หมวกคลุมผมแบบผ้า /ชิ้น"
"AS074958","กระปุกพลาสติกเก็บตัวอย่างสีชา เบอร์ 2 /ชุด"
"AS074957","ตะแกรงวางหลอดทดลอง (Test tube rack) ขนาด 16x150 มิลลิเมตร 16x150 มิลลิเมตร /อัน"
"AS074956","96-well Maxisorp 60 ชิ้น /กล่อง"
"AS074955","Microentifuge tube 1000 ชิ้น /แพ็ค"
"AS074954","ขวดพลาสติกใส่สารเคมี ปากกว้าง 2000 มิลลิลิตร /ขวด"
"AS074953","ชุดถุงให้อาหารทางสายยางพร้อมสาย 500 ซีซี /ชุด"
"AS074952","ขวดปรับปริมาตร (Volumetric Flask)   2000 มิลลิลิตร /อัน"
"AS074951","น้ำมันเขียว บรรเทาอาการแมลงกัดต่อย /ขวด"
"AS074950","ยาอมผสมซิงค์ 10 เม็ด /ซอง"
"AS074949","ครีมรักษาแผลไฟไหม้น้ำร้อนลวก 15 g /หลอด"
"AS074948","ยาหม่อง ชนิดขี้ผึ้ง 8 กรัม /ตลับ"
"AS074947","ยาระบาย แก้ท้องผูก 40 เม็ด /กล่อง"
"AS074946","ครีมบรรเทาอาการปวดกล้ามเนื้อ 100 กรัม /หลอด"
"AS074945","ผ้าก๊อซปิดแผล 6x7 ซม. /กล่อง"
"AS074944","ผ้าก๊อซพับ 3x3 นิ้ว 8 ชิ้น /ซอง"
"AS074943","ผ้าพันแผล 4 นิ้ว 5 หลา /ม้วน"
"AS074848","กระดาษกรอง เบอร์ 1 (Filter paper) ขนาดเส้นผ่านศูนย์กลาง 125 มิลลิเมตร"
"AS074942","หน้ากากหุ่นจำลอง /ชุด"
"AS074941","ครอบฟันโลหะสำหรับเด็ก ชนิดใช้กับฟันหลัง E-LR-2 /กล่อง"
"AS074940","ครอบฟันโลหะสำหรับเด็ก ชนิดใช้กับฟันหลัง E-LR-3 /กล่อง"
"AS074939","ครอบฟันโลหะสำหรับเด็ก ชนิดใช้กับฟันหลัง E-LR-4 /กล่อง"
"AS074938","ครอบฟันโลหะสำหรับเด็ก ชนิดใช้กับฟันหลัง E-LR-5 /กล่อง"
"AS074937","ครอบฟันโลหะสำหรับเด็ก ชนิดใช้กับฟันหลัง E-LR-6 /กล่อง"
"AS074936","ครอบฟันโลหะสำหรับเด็ก ชนิดใช้กับฟันหลัง E-LR-7 /กล่อง"
"AS074935","ครอบฟันโลหะสำหรับเด็ก ชนิดใช้กับฟันหลัง E-LL-2 /กล่อง"
"AS074934","ครอบฟันโลหะสำหรับเด็ก ชนิดใช้กับฟันหลัง E-LL-3 /กล่อง"
"AS074933","ครอบฟันโลหะสำหรับเด็ก ชนิดใช้กับฟันหลัง E-LL-4 /กล่อง"
"AS074932","ครอบฟันโลหะสำหรับเด็ก ชนิดใช้กับฟันหลัง E-LL-5 /กล่อง"
"AS074931","ครอบฟันโลหะสำหรับเด็ก ชนิดใช้กับฟันหลัง E-LL-6 /กล่อง"
"AS074930","ครอบฟันโลหะสำหรับเด็ก ชนิดใช้กับฟันหลัง E-LL-7 /กล่อง"
"AS074929","ครอบฟันโลหะสำหรับเด็ก ชนิดใช้กับฟันหลัง D-LR-2 /กล่อง"
"AS074928","ครอบฟันโลหะสำหรับเด็ก ชนิดใช้กับฟันหลัง D-LR-3 /กล่อง"
"AS074927","ครอบฟันโลหะสำหรับเด็ก ชนิดใช้กับฟันหลัง D-LR-4 /กล่อง"
"AS074926","ครอบฟันโลหะสำหรับเด็ก ชนิดใช้กับฟันหลัง D-LR-5 /กล่อง"
"AS074925","ครอบฟันโลหะสำหรับเด็ก ชนิดใช้กับฟันหลัง D-LR-6 /กล่อง"
"AS074924","ครอบฟันโลหะสำหรับเด็ก ชนิดใช้กับฟันหลัง D-LR-7 /กล่อง"
"AS074923","ครอบฟันโลหะสำหรับเด็ก ชนิดใช้กับฟันหลัง D-LL-2 /กล่อง"
"AS074922","ครอบฟันโลหะสำหรับเด็ก ชนิดใช้กับฟันหลัง D-LL-3 /กล่อง"
"AS074921","ครอบฟันโลหะสำหรับเด็ก ชนิดใช้กับฟันหลัง D-LL-4 /กล่อง"
"AS074920","ครอบฟันโลหะสำหรับเด็ก ชนิดใช้กับฟันหลัง D-LL-5 /กล่อง"
"AS074919","ครอบฟันโลหะสำหรับเด็ก ชนิดใช้กับฟันหลัง D-LL-6 /กล่อง"
"AS074918","ครอบฟันโลหะสำหรับเด็ก ชนิดใช้กับฟันหลัง D-LL-7 /กล่อง"
"AS074917","ครอบฟันโลหะสำหรับเด็ก ชนิดใช้กับฟันหลัง D-UR-2 /กล่อง"
"AS074916","ครอบฟันโลหะสำหรับเด็ก ชนิดใช้กับฟันหลัง D-UR-3 /กล่อง"
"AS074915","ครอบฟันโลหะสำหรับเด็ก ชนิดใช้กับฟันหลัง D-UR-4 /กล่อง"
"AS074914","ครอบฟันโลหะสำหรับเด็ก ชนิดใช้กับฟันหลัง D-UR-5 /กล่อง"
"AS074913","ครอบฟันโลหะสำหรับเด็ก ชนิดใช้กับฟันหลัง D-UR-6 /กล่อง"
"AS074912","ครอบฟันโลหะสำหรับเด็ก ชนิดใช้กับฟันหลัง D-UR-7 /กล่อง"
"AS074911","ครอบฟันโลหะสำหรับเด็ก ชนิดใช้กับฟันหลัง D-UL-2 /กล่อง"
"AS074910","ครอบฟันโลหะสำหรับเด็ก ชนิดใช้กับฟันหลัง D-UL-3 /กล่อง"
"AS074909","ครอบฟันโลหะสำหรับเด็ก ชนิดใช้กับฟันหลัง D-UL-4 /กล่อง"
"AS074908","ครอบฟันโลหะสำหรับเด็ก ชนิดใช้กับฟันหลัง E-UR-2 /กล่อง"
"AS074907","ครอบฟันโลหะสำหรับเด็ก ชนิดใช้กับฟันหลัง E-UR-3 /กล่อง"
"AS074906","ครอบฟันโลหะสำหรับเด็ก ชนิดใช้กับฟันหลัง E-UR-4 /กล่อง"
"AS074905","ครอบฟันโลหะสำหรับเด็ก ชนิดใช้กับฟันหลัง E-UR-5 /กล่อง"
"AS074904","ครอบฟันโลหะสำหรับเด็ก ชนิดใช้กับฟันหลัง E-UR-6 /กล่อง"
"AS074903","ครอบฟันโลหะสำหรับเด็ก ชนิดใช้กับฟันหลัง E-UR-7 /กล่อง"
"AS074902","ครอบฟันโลหะสำหรับเด็ก ชนิดใช้กับฟันหลัง E-UL-7 /กล่อง"
"AS074901","ครอบฟันโลหะสำหรับเด็ก ชนิดใช้กับฟันหลัง E-UL-2 /กล่อง"
"AS074900","ครอบฟันโลหะสำหรับเด็ก ชนิดใช้กับฟันหลัง E-UL-3 /กล่อง"
"AS074899","Bulk fill composite, Filtek™ Bulk Fill Flowable Restorative A3 shade /หลอด"
"AS074898","Bulk fill composite, Filtek™ One Bulk Fill Restorative A3 shade /หลอด"
"AS074897","วัสดุสีเหมือนฟันสำหรับบูรณะได้ทั้งฟันหน้าและฟันหลัง (Resin composite สี A4 Dentin shade) 4 g /หลอด"
"AS074896","วัสดุสีเหมือนฟันสำหรับบูรณะได้ทั้งฟันหน้าและฟันหลัง (Resin composite สี A3.5 Dentin shade) 4 g /หลอด"
"AS074895","วัสดุสีเหมือนฟันสำหรับบูรณะได้ทั้งฟันหน้าและฟันหลัง (Nanofill composite Enamel shade) สี A4 4 กรัม /หลอด"
"AS074894","วัสดุสีเหมือนฟันสำหรับบูรณะได้ทั้งฟันหน้าและฟันหลัง (Nanofill composite Enamel shade) สี A3.5 4 กรัม /หลอด"
"AS074893","วัสดุสีเหมือนฟันสำหรับบูรณะได้ทั้งฟันหน้าและฟันหลัง (Nanohybrid composite Filtek™ Z250 XT A4 Body shad 4 กรัม /หลอด"
"AS074892","วัสดุสีเหมือนฟันสำหรับบูรณะได้ทั้งฟันหน้าและฟันหลัง (Nanohybrid composite Filtek™ Z250 XT A3.5 Body shad 4 กรัม /หลอด"
"AS074891","วัสดุสีเหมือนฟันสำหรับบูรณะได้ทั้งฟันหน้าและฟันหลัง (Nanohybrid composite Filtek™ Z250 XT A3 Body shad 4 กรัม /หลอด"
"AS074890","วัสดุสีเหมือนฟันสำหรับบูรณะได้ทั้งฟันหน้าและฟันหลัง (Nanohybrid composite Filtek™ Z250 XT A2 Body shad 4 กรัม /หลอด"
"AS074889","วัสดุสีเหมือนฟันสำหรับบูรณะได้ทั้งฟันหน้าและฟันหลัง (Nanohybrid composite Filtek™ Z250 XT A1 Body shad 4 กรัม /หลอด"
"AS074888","สายลมและสายน้ำ 3x2 /เมตร"
"AS074887","สายลมและสายน้ำ 4x2.5 /เมตร"
"AS074886","Parafilm /ม้วน"
"AS074885","ถุงมือกันความเย็น /คู่"
"AS074884","ถังขยะแบบเท้าเหยียบสีแดง ขนาด 18 ลิตร /ใบ"
"AS074883","ที่วางรองเท้าสแตนเลส /อัน"
"AS074882","ราวแขวนเสื้อกาวน์ ราวเดี่ยวสแตนเลส /ราว"
"AS074881","ชุดปฐมพยาบาล /ชุด"
"AS074880","สารฆ่าเชื้อ (Disinfectant) ขนาด 2 ลิตร /ขวด"
"AS074879","ถุงหุ้มรองเท้า ขนาด 15 x 24 นิ้ว /แพ็ค"
"AS074878","หน้ากาก N95 3M รุ่น 1870 บรรจุ 20 ชิ้น/กล่อง /กล่อง"
"AS074877","Sodium bicarbonate ขนาดบรรจุ : 350 CC. /ขวด"
"AS074876","ที่คีบ ยาว 37.5 ซม. /อัน"
"AS074875","ที่โกยและตักผง ขนาด กว้าง 25 ยาว 28 สูง 70 ซม. /อัน"
"AS074874","ถุงขยะติดเชื้อสีแดง ขนาด 36x45 นิ้ว /แพ็ค"
"AS074873","วัสดุดูดซับสารเคมี 3M /กล่อง"
"AS074872","ครอบตานิรภัย 3M /อัน"
"AS074871","ถุงมือยางไนไตร สีฟ้า ศรีตรังโกลฟ /กล่อง"
"AS074870","ชุดป้องกันสารเคมี (ใช้แล้วทิ้ง) 3M /ชุด"
"AS074869","K&K sterile water for irrigation (น้ำกลั่น) 1000 ml /ขวด"
"AS074868","ขวด Cleanoze 250 ml และเกลือล้างจมูก (NaCl 0.99 g) 5 ซอง 250 ml /กล่อง"
"AS074867","Baby spacer size M /เครื่อง"
"AS074866","หัวเข็มสำหรับใช้กับปากกาอินซูลิน BD micro-Fine 0.25mmx5mm 100 ชิ้น /กล่อง"
"AS074865","syring 1 cc + เข็มหัวส้ม (nipro) 29x1/2"" 1ml 100 ชิ้น /ชิ้น"
"AS074864","insulin syringe 0.5 ml /ชิ้น"
"AS074863","ซองซิปสีชา 9X13 1 /กก."
"AS074862","จุกล้างจมูก (กล่อง 48 ชิ้น) 48 ชิ้น /กล่อง"
"AS074861","Syringe 20 ml nipro 50'pcs ไม่ติดเข็ม 50 ชิ้น /กล่อง"
"AS074860","Syringe 50 cc nipro หัวใหญ่ ตรงกลางหลอด 30'pcs 30 ชิ้น /กล่อง"
"AS074859","ซองซิปใส 15x23 600 ใบ /กก."
"AS074858","Sodium iodide Lab 500g /ขวด"
"AS074857","Lithium chloride 500g /ขวด"
"AS074856","แหวนสำหรับขวดเก็บสารละลาย (Pouring ring) /แพ็ค"
"AS074855","กระดาษลิตมัสวัดค่า pH แบบม้วน (pH Test Litmus Paper) 1 ม้วน /กล่อง"
"AS074854","กระจกปิดสไลด์แบบกลม (Cover glass round) /กล่อง"
"AS074853","ไส้ตะเกียงแอลกอฮอล์ 18 ซม. /แพ็ค"
"AS074852","ฝาปิดหลอดทดลอง (Test tube cap) 16 มิลลิเมตร สีฟ้า /อัน"
"AS074851","ฝาปิดหลอดทดลอง (Test tube cap) 16 มิลลิเมตร สีแดง /อัน"
"AS074850","กล่องพลาสติกใส มีฝาปิด เบอร์ 645 /กล่อง"
"AS074849","ใบมีดโกน 2 คม /กล่อง"
"AS074847","ขวดแก้วสีชาพร้อมหลอดหยด 5 มิลลิตร /อัน"
"AS074846","ขวดยาหยอดตา 5 มิลลิตร /อัน"
"AS074845","ถุงคลุมรองเท้าพลาสติก (Shoe cover) /แพ็ค"
"AS074844","กระดาษกรอง (Filter paper) เบอร์ 1 ขนาดเส้นผ่านศูนย์กลาง 90 มิลลิเมตร /กล่อง"
"AS074843","ถังใส่น้ำกลั่นแบบมีก๊อก (Aspiration bottle) 25 ลิตร /ถัง"
"AS074842","สำลีก้อนชุบแอลกอฮล์ (Alcohol cotton ball) /กล่อง"
"AS074841","อลูมิเนียมไคโอเคน (Aluminium cryocane) /แพ็ค"
"AS074840","ลูกยางดูดปิเปต (Large pipette bulb) ขนาดใหญ่ /อัน"
"AS074839","ลูกยางดูดปิเปต (Medium pipette bulb) ลูกกลาง /อัน"
"AS074838","ลูกยางแดง เบอร์ 2 (Syringe ball) /อัน"
"AS074837","กระปุกสำลีสแตนเลส 3 นิ้ว /อัน"
"AS074836","แปรงล้างหลอดทดลอง เบอร์ 8 (Brush No.8) /อัน"
"AS074835","แปรงล้างหลอดทดลอง เบอร์ 6 (Brush No.6) /อัน"
"AS074834","แปรงล้างหลอดทดลอง เบอร์ 3 (Brush No.3) /อัน"
"AS074833","แปรงล้างหลอดทดลอง เบอร์ 1 (Brush No.1) /อัน"
"AS074832","อ่างใส่สารละลาย (Reagent reservior V-shape) 50 มิลลิลิตร /ชิ้น"
"AS074831","จานเพาะเลี้ยงเชื้อพลาสติก (Plastic Petri dish) 90×15 มิลลิเมตร 1 ถุง /กล่อง"
"AS074830","ไมโครปิเปตทิปพร้อมกล่อง 100-1000 ไมโครลิตร /กล่อง"
"AS074829","ไมโครปิเปตทิปพร้อมกล่อง 20-200 ไมโครลิตร กล่อง /กล่อง"
"AS074828","ปิเปตพลาสติก (Serological pipette) 2 มิลลิลิตร 1 ชิ้น /แพ็ค"
"AS074827","กระบอกฉีดยาพลาสติก (Disposable syringe) 10 มิลลิลิตร /กล่อง"
"AS074826","กระบอกฉีดยาพลาสติก (Disposable syringe) 5 มิลลิลิตร /กล่อง"
"AS074825","กระบอกฉีดยาพลาสติกไม่ติดเข็ม (Disposable syringe without needle) 1 มิลลิลิตร /กล่อง"
"AS074824","หลอดดักแก๊ส (Durhame tube) 6×50 มิลลิเมตร /กล่อง"
"AS074823","พาสเจอร์ปิเปต (Pasteur pipette) 6 นิ้ว 1 ชิ้น /กล่อง"
"AS074822","จานเพาะเชื้อแก้ว (Petri dish culture) 100×15 มิลลิเมตร /คู่"
"AS074821","ปิเปตแก้ว (Measuring Pipette) 10 มิลลิลิตร /อัน"
"AS074820","ปิเปตแก้ว (Measuring Pipette) 5 มิลลิลิตร /อัน"
"AS074819","หลอดทดลอง (test tube) 13×100 มิลลิเมตร /อัน"
"AS074818","ขวดแก้วใสฝาเกลียวดำ 30 มิลลิลิตร /อัน"
"AS074817","ขวดเก็บสารละลายปากกว้าง สีชา (Reagent bottle wide neck, amber) 1,000 มิลลิลิตร /อัน"
"AS074816","ขวดปรับปริมาตร (Volumetric Flask) 500 มิลลิลิตร /อัน"
"AS074815","ขวดปรับปริมาตร (Volumetric Flask) 10 มิลลิลิตร /อัน"
"AS074814","ขวดรูปชมพู่ (Erlenmeyer flask) 250 มิลลิลิตร /อัน"
"AS074813","ขวดรูปชมพู่ (Erlenmeyer flask) 100 มิลลิลิตร /อัน"
"AS074812","บีกเกอร์ (Beaker) 1,000 มิลลิลิตร /อัน"
"AS074811","บีกเกอร์ (Beaker) 600 มิลลิลิตร /อัน"
"AS074810","บีกเกอร์ (Beaker) 400 มิลลิลิตร /อัน"
"AS074809","กระบอกตวงแก้ว (Cylinder) 25 มิลลิลิตร /อัน"
"AS074808","L-Arabinose 25 กรัม /ขวด"
"AS074807","D-xylose 25 กรัม /ขวด"
"AS074806","Ammonium dihydrogen phosphate 500 กรัม /ขวด"
"AS074805","Dipotassium hydrogen orthophosphate 500 กรัม /ขวด"
"AS074804","Potassium dihydrogen orthophosphate 500 กรัม /ขวด"
"AS074803","Tris (Hydroxymethyl) Aminomethane 1 กิโลกรัม /ขวด"
"AS074802","Sodium bicarbonate (Culture grade) 1 กิโลกรัม /ขวด"
"AS074801","Potassium sodium tartrate tetrahydrate 500 กรัม /ขวด"
"AS074800","Sodium acetate 500 กรัม /ขวด"
"AS074799","Maltose monohydrate 100 กรัม /ขวด"
"AS074798","Glycine (Molecular grade) 1 กิโลกรัม /ขวด"
"AS074797","LB agar 500 กรัม /ขวด"
"AS074796","L-cysteine hydrochloride monohydrate 25 กรัม /ขวด"
"AS074795","D-Fructose 1 กิโลกรัม /ขวด"
"AS074794","Copper (II) sulfate pentahydrate 500 กรัม /ขวด"
"AS074793","ชุดสกัด Gel/PCR Kit 100 ตัวอย่าง /ชุด"
"AS074792","ชุดสกัด Blood DNA Kit 100 ตัวอย่าง /ชุด"
"AS074791","น้ำยาทาเล็บใส /ขวด"
"AS074790","Phenol liquid 500 มิลลิเมตร /ขวด"
"AS074789","Cryo tube ขนาด 2 มิลลิลิตร 100 ชิ้น/แพ็ค"
"AS074788","เข็มเขี่ยเชื้อปลายงอ /ชิ้น"
"AS074787","กล่องสี่เหลียมใส NO.831 /โหล"
"AS074786","2,6-DICHLOROPHENOLINDOPHENOL SODIUM SALT 10 g /ขวด"
"AS074785","GA3,Gibberellic Acid 10 g /ขวด"
"AS074784","Microscope Slide 72 ชิ้น /กล่อง"
"AS074783","ถุงมือปลอดเชื้อ ไร้แป้ง Size M 40 คู่ /กล่อง"
"AS074782","ถุงมือปลอดเชื้อ ไร้แป้ง Size S 40 คู่ /กล่อง"
"AS074781","Microcentrifuge tube 5 ml 200 ชิ้น /แพ็ค"
"AS074780","ผ้าดิบขาว 11 ปอนด์ /ผืน"
"AS074779","กระดาษเช็ดอุตสาหกรรม 250 แผ่น 16 ห่อ /ลัง"
"AS074778","ส้อมเสียง /อัน"
"AS074777","ขวดแก้วสีใส ปากกว้าง /ใบ"
"AS074776","Microhaematocrit tube RED tip 100 อัน /หลอด"
"AS074775","Staining jar /ชุด"
"AS074774","Slide ขอบฝ้า 100 อัน /กล่อง"
"AS074773","Vacutainer EDTA K2 100 อัน /แพ็ค"
"AS074772","หมอนหนังเทียม /ชิ้น"
"AS074771","สายรัดทูนิเก้ แบบหัวเลื่อนล็อก /ชิ้น"
"AS074770","สำลีก้อน /แพ็ค"
"AS074769","Disposs. Needle (เข็มฉีดยา) เบอร์ 21 100 ชิ้น /กล่อง"
"AS072266","5% เดกซ์โทรสในนอร์มัลซาไลน์ (5% Dextrose in NSS: 5% D/NSS) Liquid 100 ml /ขวด"
"AS074768","BUR HP Cotton cloth for lab mandrel /ชิ้น"
"AS074767","BUR RA Round diamond #016 /ชิ้น"
"AS074766","BUR RA Round diamond #010 /ชิ้น"
"AS074765","BUR FG Round diamond #016 /ชิ้น"
"AS074764","BUR RA Round carbide #008 /ชิ้น"
"AS074763","Plain film Size 2, 1 film per envelope 150 แผ่น /กล่อง"
"AS074762","Ivory wax (white wax) 6 แท่ง /กล่อง"
"AS074761","Gypsum plaster, type III, orthodontic stone 15 กิโลกรัม /กล่อง"
"AS074760","Silicone light body automix, Silagum light 2 หลอด 1 กล่อง /ชุด"
"AS074759","Silicone adhesive for tray, Silagum /ชุด"
"AS074758","GlasIonomer base cement, GI cement /ชุด"
"AS074757","Sharpening oil 1.05 OZ /ขวด"
"AS074756","Plastic test stick- (PTS) - Confezione 6 แท่ง /แพ็ค"
"AS074755","BUR HP Large medium silicone,#brown 6 ตัว /กล่อง"
"AS074754","BUR HP Large fine silicone,#lightgrey 6 ตัว /กล่อง"
"AS074753","BUR HP Large coarse silicone,#grey 6 ตัว /กล่อง"
"AS074752","ถังออกซิเจน 1.5 Q /ถัง"
"AS074751","Light curing individual tray resin 50 ชิ้น /กล่อง"
"AS074750","Hedstrom File ยาว 25mm #35 6 ชิ้น /กล่อง"
"AS074749","File K-file 25 mm #08 6 ชิ้น /กล่อง"
"AS074748","File K-flex file 25 mm. # 15-40 6 ชิ้น /กล่อง"
"AS074747","Stainless Steel Primary Molar Crowns, Pre-crimped ขนาด E-LR-3 /กล่อง"
"AS074746","เกรียงโป้ว ขนาด 4 นิ้ว /ชิ้น"
"AS074745","Examination gloves with latex powder size XS 100 ชิ้น /กล่อง"
"AS074744","Examination gloves with latex powder size S 100 ชิ้น /กล่อง"
"AS074743","Examination gloves with latex powder size M 100 ชิ้น /กล่อง"
"AS074742","Examination gloves with latex powder size L 100 ชิ้น /กล่อง"
"AS074741","Hypodermic needle 23g, 0.6x40mm 100 ชิ้น /กล่อง"
"AS074740","Hypodermic needle 25g, 0.6x40mm 100 ชิ้น /กล่อง"
"AS074739","Hypodermic needle 25g, 0.5x25mm 100 ชิ้น /กล่อง"
"AS074738","Hypodermic needle 25g, 0.5x40mm 100 ชิ้น /กล่อง"
"AS074737","WHITE 661 FG /แผง"
"AS074736","WHITE 601 FG /แผง"
"AS074735","DIMOND BUR FG801F/016 /แผง"
"AS074734","DIMOND BUR FG801G/016 /แผง"
"AS074733","DIMOND BUR FG833/023 /แผง"
"AS074732","DIMOND BUR FG833F/023 /แผง"
"AS074731","DIMOND BUR FG850F/016 /แผง"
"AS074730","DIMOND BUR FG850G/014 /แผง"
"AS074729","DIMOND BUR FG879G/014 /แผง"
"AS074728","DIMOND BUR FG858F/016 /แผง"
"AS074727","DIMOND BUR FG850G/016 /แผง"
"AS074726","หัวกรออะคลิลิก carbide เบอร์ใหญ่ ก้านยาว (HP) /ชิ้น"
"AS074725","หัวกรอ Fissure (HP) /ชิ้น"
"AS074724","หัวกรออะคลิลิก round (HP) /ชิ้น"
"AS074723","หัวกรออะคลิลิก carbide เบอร์เล็ก ก้านยาว (HP) /ชิ้น"
"AS074722","BUR RA Composhape fine large round #5400 /แผง"
"AS074721","Acrylic teeth lower posterior NAPERCE, #M30L, A3 8 ซี่ /แผง"
"AS074720","Acrylic teeth upper posterior NAPERCE, #M30U, A3 8 ซี่ /แผง"
"AS074719","Acrylic teeth lower anterior NEW ACE, #L2, A3 6 ซี่ /แผง"
"AS074718","Acrylic teeth upper anterior NEW ACE, #T1, A3 6 ซี่ /แผง"
"AS074717","BUR FG Composhape fine large round /ชิ้น"
"AS074716","BUR FG Composhape coarse large round /ชิ้น"
"AS074715","BUR FG Composhape coarse small round /ชิ้น"
"AS074714","BUR FG Composhape coarse flame /ชิ้น"
"AS074713","BUR FG Composhape coarse long flame /ชิ้น"
"AS074712","BUR FG Composhape coarse short flame /ชิ้น"
"AS074711","Mini Trans-Blot Filter Paper (2.4 มิลลิเมตร) /กล่อง"
"AS074710","6-Tube Magnetic Separation Rack /แพ็ค"
"AS074709","หลอดเก็บเชื้อ Microbank Bacterial and Fungal 80 ชิ้น /กล่อง"
"AS074708","ลูปเขี่ยเชื้อพลาสติก (Loop Plastic) 20 ชิ้น /แพ็ค"
"AS074707","pulled conical glas insrt 250 ไมโครลิตร /กล่อง"
"AS074706","ไซริงค์กรองสาร (Syringe filter) รูพรุน 0.2 ไมโครเมตร ขนาดเส้นผ่านศูนย์กลาง 13 มิลลิเมตร 100 ชิ้น /แพ็ค"
"AS074705","แท่งแก้วเกลี่ยเชื้อรูปตัวแอลแบบพลาสติก (L-Shape Spreader) 100 ชิ้น /แพ็ค"
"AS074704","หลอดพี ซี อาร์ (PCR tube) ขนาด 0.6 มิลลิลิตร 1000 ชิ้น /แพ็ค"
"AS074703","ไมโครปิเปตทิป สีขาวใส (Micropipette tip) ขนาด 1000 ไมโครลิตร 500 ชิ้น /แพ็ค"
"AS074702","Cell culture chamber slide (chamber 4 ช่อง) 12 ชิ้น /กล่อง"
"AS074701","แผ่นพีอีโฟมขาว หนา 2 นิ้ว 100*100ซม. /แผ่น"
"AS074700","กรรไกรตัดสายสะดือ 12 Cm. อัน"
"AS074699","ตู้ลิ้นชักพลาสติก 4 ชั้น 13*16.5*26.5 ซม. /ใบ"
"AS074698","ตู้ลิ้นชักพลาสติก 4 ชั้น 18*26*35 ซม. /ใบ"
"AS074697","กะละมังพลาสติก ทรงเหลี่ยม /ใบ"
"AS074696","ตะกร้าทรงสี่เหลี่ยมผืนผ้า /ใบ"
"AS074695","ตะกร้าผ้าพลาสติกทรงสี่เหลี่ยม 35 ลิตร /ใบ"
"AS074694","จุกล้างจมูก 24 ชิ้น /กล่อง"
"AS074693","tourniquet No.200 /ม้วน"
"AS074692","ผ้าพันเคล็ด 12 อัน 6 นิ้ว /แพ็ค"
"AS074691","ที่เก็บเสมหะ No.14 /อัน"
"AS074690","close suction เบอร์ 14 /อัน"
"AS074689","unisson สำหรับผู้ใหญ่ 10 ชิ้น /กล่อง"
"AS074688","EDTA K3 Tube หลอดเก็บตัวอย่างเลือด 3 ml. /แพ็ค"
"AS074687","Lithium Heparin Vacuumหลอดบรรจุ สิ่งส่งตรวจ size13x75mm. 3 ml. /แพ็ค"
"AS074686","Clot Activator Vacuum หลอดบรรจุ สิ่งส่งตรวจ size13x75mm. 4 ml. /แพ็ค"
"AS074685","NAF Vacuum หลอดบรรจุ สิ่งส่งตรวจ size13x75mm. 3 ml. /แพ็ค"
"AS074684","โกร่งบดยาเซรามิก 9 เซนติเมตร /ชุด"
"AS074683","หมวกคลุมผม ฟรีไซส์ 100 ชิ้น /แพ็ค"
"AS074682","ขวดแก้วกลมใส 25 มิลลิลิตร พร้อมฝาสีเงิน /ขวด"
"AS074681","ขวดแก้วกลมใส 12 มิลลิลิตร พร้อมฝาสีเงิน /ขวด"
"AS074680","อิมพิงเจอร์ (IMPINGERS) 25 มิลลิลิตร 1 อัน /ชิ้น"
"AS074679","กระดาษเลเบล 40 x 30 มิลลิเมตร /แพ็ค"
"AS074678","กระดาษเลเบล 16 x 21 มิลลิเมตร /แพ็ค"
"AS074677","บีกเกอร์ทรงสูง 1000 มิลลิลิตร /อัน"
"AS074676","เม็ดผักกาดแปะหู 2 มิลลิเมตร 10 แผง /กล่อง"
"AS074675","บีกเกอร์แก้ว 1000 มิลลิลิตร /ชิ้น"
"AS074674","บีกเกอร์แก้ว 500 มิลลิลิตร /ชิ้น"
"AS074673","โกร่งบดยา 9 เซนติเมตร /ชิ้น"
"AS074672","ตะกร้าพลาสติก ทรงเหลี่ยม 43x61x19.5 cm /อัน"
"AS074671","ตะกร้าพลาสติก 48x35x15 cm /อัน"
"AS074670","ตะกร้าพลาสติก 32.5x42x11 cm /อัน"
"AS074669","ตะกร้าพลาสติก 38x56x19 cm /อัน"
"AS074668","Bottle Dropper สีใส 30 ml /ชิ้น"
"AS074667","Bottle Dropper สีชา 30 ml /ชิ้น"
"AS074666","Reagent Bottle,PP,Narroe Mouth 60 ml /ชิ้น"
"AS074665","Filter paper No.91 61x61 cm. 500 ชิ้น /กล่อง"
"AS074664","Funnel Short Stem 100 mm /ชิ้น"
"AS074663","Funnel Conical 120 mm /ชิ้น"
"AS074662","Tong Beaker 15 นิ้ว /ชิ้น"
"AS074661","Syringe Filter Nylon 25mm,0.45um 100 ชิ้น /กล่อง"
"AS074660","ขวดอโรม่า สีชา (Glass bottle) 5 ml /ชิ้น"
"AS074659","""ขวดหยดสีชา (ขวดดรอปเปอร์) 5ml."
"AS074658","""ขวดเทสเตอร์น้ำหอม 1 ml"
"AS074657","ขวดแก้วใสหัวสเปย์พร้อมฝาครอบ 5 cc /ชิ้น"
"AS074656","""ขวดแก้วสีชา ฝาเกลียวพร้อมจุกใน 5ซีซี."
"AS074655","กระปุกพลาสติกสีขาว HDPE 2000 g /ชิ้น"
"AS074654","กระปุกปิ่นโต กลมเพรชใส 120 g /ชิ้น"
"AS074653","กระปุกแก้วทรงกลมขุ่นพร้อมฝาขาว 50 g /ชิ้น"
"AS074652","ใบมีดผ่าตัดสแตนเลส สำหรับด้ามมีดผ่าตัดเบอร์ 3 เบอร์ 10 /กล่อง"
"AS074651","คีมจับเส้นเลือด crile heamostatic forcep 14 เซนติเมตร /ด้าม"
"AS074650","คีมจับเนื้อเยื่อ Allis tissue forcep 15 เซนติเมตร /ด้าม"
"AS074649","รองเท้าแตะแบบคลุมปลายเท้า สีขาว เบอร์ 42 เบอร์ 42 /คู่"
"AS074648","รองเท้าแตะแบบคลุมปลายเท้า สีขาว เบอร์ 41 เบอร์ 41 /คู่"
"AS074647","รองเท้าแตะแบบคลุมปลายเท้า สีขาว เบอร์ 40 เบอร์ 40 /คู่"
"AS074646","รองเท้าแตะแบบคลุมปลายเท้า สีขาว เบอร์ 39 เบอร์ 39 /คู่"
"AS074645","รองเท้าแตะแบบคลุมปลายเท้า สีขาว เบอร์ 38 เบอร์ 38 /คู่"
"AS074644","บีกเกอร์แก้ว มีหูจับ 300 ml /อัน"
"AS074643","สายรัดข้อเท้า /อัน"
"AS074642","แผ่นให้ความร้อนด้วยไฟฟ้า เทอร์โมแพด (Thermo Pad) ขนาด 40x60 ซม. /แผ่น"
"AS074641","แผ่นให้ความร้อนด้วยไฟฟ้า เทอร์โมแพด (Thermo Pad) ขนาด 30x45 ซม. /แผ่น"
"AS074640","แผ่นฟิล์มใสปิดแผลกันน้ำ (Water proof dressing) ขนาด 5 ซม. x 10 เมตร /ม้วน"
"AS074639","แผ่นฟิล์มใสปิดแผลกันน้ำ (Water proof dressing) ขนาด 10x12 ซม. /กล่อง"
"AS074638","แผ่นฟิล์มใสปิดแผลกันน้ำ (Water proof dressing) ขนาด 6x7 ซม. /กล่อง"
"AS074637","ผ้าพันแผล แบบยืดหยุ่นมีกาวในตัว กว้าง 10 ซม. /ม้วน"
"AS074636","ผ้าพันแผล แบบยืดหยุ่นมีกาวในตัว กว้าง 5 ซม. /ม้วน"
"AS074635","ผ้าพันแผล แบบยืดหยุ่นมีกาวในตัว กว้าง 2.5 ซม. /ม้วน"
"AS074634","เทปพยุงกล้ามเนื้อ กว้าง 5 เซนติเมตร ยาว 31.5 เมตร /ม้วน"
"AS074633","กระเป๋าปฐมพยาบาลฉุกเฉิน /ใบ"
"AS074632","ตัวดูด-จ่ายสารละลาย (Manual Pipette Controller) ขนาด 0.1-100 ml /อัน"
"AS074631","บีกเกอร์สเตนเลส มีหูจับ (Stainless Beaker) 300 cc /อัน"
"AS074630","Syringe Filter Nylon 45 µm, 13 mm 100 ชิ้น /กล่อง"
"AS074629","ขวดพลาสติก PP ใส่สารเคมี ปากกว้าง ขาวขุ่น ฝาเกลียว 30 ml /ขวด"
"AS074628","ขวดแก้วเก็บตัวอย่าง (Specimen Jar) 75x210 mm /ขวด"
"AS074627","ขวดแก้วเก็บตัวอย่าง (Specimen Jar) 60x180 mm /ขวด"
"AS074626","ขวด vial สีใส 30 ml /ขวด"
"AS074625","ตลับใส่ชิ้นเนื้อ (Embedding Cassette) without lid /แพ็ค"
"AS074624","โมลสแตนเลส (Stainless Steel Base Molds) 24x37x5 mm /ชิ้น"
"AS074623","โมลสแตนเลส (Stainless Steel Base Molds) 24x30x5 mm /ชิ้น"
"AS074622","โมลสแตนเลส (Stainless Steel Base Molds) 24x24x5 mm /ชิ้น"
"AS074621","โมลสแตนเลส (Stainless Steel Base Molds) 15x15x5 mm /ชิ้น"
"AS074620","โมลสแตนเลส (Stainless Steel Base Molds) 7x7x5 mm /ชิ้น"
"AS074619","ใบมีดไมโครโตม (Microtome disposable blade) 50 ชิ้น /กล่อง"
"AS074618","ขวด BOD /ขวด"
"AS074617","กรรไกรผ่าตัดตรง แหลม/แหลม 10-11.5 cm /อัน"
"AS074616","ขวดพลาสติก PE สีชา ปากแคบ ฝาเกลียว 125 ml /ชิ้น"
"AS074615","Forceps (Splinter Forceps) 5 นิ้ว (12.5-13 cm) /ชิ้น"
"AS074614","สายยางซิลิโคน ชนิดใส 12x18 mm ยาว 15 m /กล่อง"
"AS074613","สายยางซิลิโคน ชนิดใส 10x15 mm ยาว 15 m /กล่อง"
"AS074612","ขวดก้นกลม (Round bottom flask) joint 24/29 150 ml /ใบ"
"AS074611","Alcohol 95% 14.5 kg /แกลลอน"
"AS074610","แท่นวางหลอดพลาสติก แบบ 2 ด้าน 60 หลุม สามารถใส่ได้กับหลอด ขนาด 0.5 มล. ,1.5 มล. ,2 มล. /อัน"
"AS074609","ถาดผ่าตัดบรรจุพาราฟิน 22×32×5 ซม. /ใบ"
"AS074608","ชุดการเรียนรู้ Arduino /ชุด"
"AS074607","ปากคีบสแตนเลส 4.5 นิ้ว ปลายมน /อัน"
"AS074606","กรวยแยกสาร 100 มล. /อัน"
"AS074605","ชุดกลั่นแบบธรรมดา /ชุด"
"AS074604","ชุดกลั่นลำดับส่วน /ชุด"
"AS074603","ขวดวัดปริมาตร 25 ซีซี /ขวด"
"AS074602","หลอดแก้วหยดสาร 15 ซม. 250 หลอด /กล่อง"
"AS074601","หลอดทดลอง 12×100 มม. /หลอด"
"AS074600","ตะกร้าพลาสติกสี่เหลี่ยม ขนาด 13*17*5 นิ้ว /ใบ"
"AS074599","Coulumn with Stopcock Teflon ID 22mm*30cm /Pcs."
"AS074598","Pipette Filler 3-way ลูกยาง 3 ทาง /ชิ้น"
"AS074597","เข็มฉีดยา Disposs.needle #23gx1"" 100 pcs/box /กล่อง"
"AS074596","กระบอกฉีดน้ำกลั่น 1 ลิตร /ลิตร"
"AS074595","กระดาษอเนกประสงค์ ยาวมาตรฐาน /ม้วน"
"AS074594","กระดาษกรอง เบอร์ 4 dia 90 mm 100/pk /กล่อง"
"AS074593","Petri dishes 15x90 mm. 500 คู่ /กล่อง"
"AS074592","ไมโครปิเปตทิป สีขาวใส (Micropipette tip) ขนาด 1000 ไมโครลิตร 1000 ชิ้น /แพ็ค"
"AS074591","ไมโครปิเปตทิป สีขาวใส (Micropipette tip) ขนาด 200 ไมโครลิตร 1000 ชิ้น /แพ็ค"
"AS074590","ไมโครปิเปตทิป สีขาวใส (Micropipette tip) ขนาด 10 ไมโครลิตร 1000 ชิ้น /แพ็ค"
"AS074589","ไซริงค์กรองสาร (Sysring filter Nylon) รูพรุน 0.45 ไมโครเมตรขนาดเส้นผ่านศูนย์กลาง 33 มิลลิเมตร 50 ชิ้น /กล่อง"
"AS074588","Syringe Filter สำหรับ เครื่อง Fermenter /อัน"
"AS074587","แกนกระดาษสำหรับทดสอบสมรรถภาพปอด (Mouthpiece) 100 ชิ้น /กล่อง"
"AS074586","ไฟฉายตรวจตา /อัน"
"AS074585","แผ่นตรวจคลื่นไฟฟ้าหัวใจ (Electrode pad) 100 แผ่น /แพ็ค"
"AS074584","ส้อมเสียง (Turning Fork) ขนาด 20 เซนติเมตร /อัน"
"AS074583","Laboratory sealing film /ม้วน"
"AS074582","Filter paper No.1 100 แผ่น /กล่อง"
"AS074581","Blue tip 1000 ชิ้น /แพค"
"AS074580","Yellow tip 1000 ชิ้น /แพค"
"AS074579","Centrifuge tube 15 มล. 50 คู่ /กล่อง"
"AS074578","ถุงมือยาง ไร้แป้ง เบอร์ M 50 คู่ /กล่อง"
"AS074577","ถุงมือยาง ไร้แป้ง เบอร์ S 50 คู่ /กล่อง"
"AS074576","Slide tray /ชิ้น"
"AS074575","Cassette 500 ชิ้น /กล่อง"
"AS074574","Cover glass 22*40 มม. 100 ชิ้น /แพค"
"AS074573","Slide staining set /ชุด"
"AS074572","Speculum 120*25 มม. /อัน"
"AS074571","Bayonet forceps 14 ซม. /อัน"
"AS074570","Nasal speculum ผู้ใหญ่ /อัน"
"AS074569","Nasal speculum เด็กโต /อัน"
"AS074568","Nasal speculum เด็กเล็ก /อัน"
"AS074567","เซ็ต kit ICD /ชุด"
"AS074566","สายสวนสะดือ เบอร์ 8.0 /เส้น"
"AS074565","สายสวนสะดือ เบอร์ 5.0 /เส้น"
"AS074564","สายสวนสะดือ เบอร์ 3.5 /เส้น"
"AS074563","Adson forceps 12 ซม. /อัน"
"AS074562","Pelvic binder (สายรัดกระดูกเชิงกราน) /ชิ้น"
"AS074561","กระบอกฟอร์เซพ (ยาว) /ใบ"
"AS074560","ถ้วยไอโอดีน 6 ออนซ์ /ใบ"
"AS074559","ถ้วยไอโอดีน 2 ออนซ์ /ใบ"
"AS074558","ถาดสแตนเลส มีฝาปิด 8 นิ้ว /ใบ"
"AS074557","กรรไกรตัดชิ้นเนื้อ 14.5 ซม. /อัน"
"AS074556","กรรไกรตัดไหมชนิดตรง 11 ซม. /อัน"
"AS074555","กรรไกรจับเข็ม 16 ซม. /อัน"
"AS074554","ขันสแตนเลส 12 ซม. /ใบ"
"AS074553","ถาดสี่เหลี่ยมสแตนเลสตื้น 11 นิ้ว /ใบ"
"AS074552","ไม้เคาะเข่า /อัน"
"AS074551","อับสำลี 4*3 นิ้ว /ใบ"
"AS074550","ปากคีบไม่มีเขี้ยว (non-tooth forceps) 30 ซม. /อัน"
"AS074549","ปากคีบมีเขี้ยว (tooth forceps) 13 ซม. /อัน"
"AS074548","ปากคีบไม่มีเขี้ยว (non-tooth forceps) 14.5 ซม. /อัน"
"AS074547","กระบอกตวงพลาสติก (cylinder) 25 มิลลิลิตร /อัน"
"AS074546","กระบอกฉีดยาพลาสติก (Disposable syringe) 50 มิลลิลิตร /อัน"
"AS074545","กระบอกฉีดยาพลาสติก (Disposable syringe) 20 มิลลิลิตร /อัน"
"AS074544","ขวดวัดปริมาตร (Volumetric Flask) 1000 มิลลิลิตร /ขวด"
"AS074543","ขวดฉีดน้ำกลั่น (Wash bottle) 500 มิลลิลิตร /ขวด"
"AS074542","หลอดหยดแบบพลาสติก (Dropper) 5 ml /อัน"
"AS074541","ถุงมือยางไนไตร ไซส์ L 100 ชิ้น /กล่อง"
"AS074540","ถุงมือยางไนไตร ไซส์ M 100 ชิ้น /กล่อง"
"AS074539","ถุงมือยางไนไตร ไซส์ S 100 ชิ้น /กล่อง"
"AS074538","เนื้อก๊าซไนตรัสออกไซด์ (N20) ขนาดบรรจุ 20 กิโลกรัม /ท่อ"
"AS074537","ถุงให้อาหารผู้ป่วย 500 ml 100 ชิ้น /แพ็ค"
"AS074536","RODAC จานเพาะเชื้อ ปลอดเชื้อ 65 mm 500 ชิ้น /กล่อง"
"AS074535","อุปกรณ์บรรจุแคปซูล ขนาด 100 หลุม /ชิ้น"
"AS074534","Isolation Gown(ชุดเสื้อคลุมสำหรับบุคลกรทางการแพทย์และเจ้าหน้าที่) Size M /ชุด"
"AS074533","ด้ามกระจกส่องฟัน /อัน"
"AS074532","ชุดตรวจฟัน /ชุด"
"AS074531","Erythrosine 6% 5 ml /ขวด"
"AS074530","กล่องพลาสติกใส่ยา ขนาด 20 * 28 * 18 mm. /กล่อง"
"AS074529","ถาดนับเม็ดยา ขนาด 215*150*35 mm. /ถาด"
"AS074528","Lancets เข็มสำหรับตรวจน้ำตาล Next health (TLM) 100'pcs  100 ชิ้น /กล่อง"
"AS074527","strip สำหรับตรวจน้ำตาล Next health (TLM) 50'pcs 50 ชิ้น /ชิ้น"
"AS074526","เครื่องตรวจน้ำตาล Next health (TLM)  /เครื่อง"
"AS070027","*ยกเลิกไปใช้ AS071901* Microcentrifuge tube 1.5 ml 1000 ชิ้น/แพ็ค"
"AS070026","*ยกเลิกไปใช้ AS071898* Microcentrifuge tube (serile) 1.5 ml 500 ชิ้น/แพ็ค"
"AS070025","*ยกเลิกไปใช้ AS071441* Microcentrifuge tube 2 ml 500 ชิ้น/แพ็ค"
"AS070467","*ยกเลิกไปใช้ AS071929* ถุงมือ มีแป้ง Size M 100 ชิ้น /กล่อง"
"AS070459","*ยกเลิกไปใช้ AS071921* วัสดุอุดฟัน Flowable composite  สี A2 2 หลอด /แพ็ค"
"AS070458","*ยกเลิกไปใช้ AS071920* วัสดุอุดฟัน Flowable composite  สี A1 2 หลอด /แพ็ค"
"AS074525","Mouth mirror Head /อัน"
"AS074524","โมเดลสอนแปรงฟัน /ชุด"
"AS074523","Tray Fluoride L แบบโฟม 100 ชิ้น /แพ็ค"
"AS074522","White Sealant System Kit /ชุด"
"AS074521","สารเคมีวัดค่าคลอรีน /กล่อง"
"AS074520","กรวยอิมฮอฟฟ์ ขนาด 1,000 ml /อัน"
"AS074519","ชุดตรวจวัดปริมาณค่าคลอรีนคงเหลือในน้ำ /ชุด"
"AS074518","น้ำยาฆ่าเชื้อโรค ขนาด 500 มล. /ขวด"
"AS074517","กระเป๋าปฐมพยาบาลสนาม 7.5*12*7.5 นิ้ว /ใบ"
"AS071298","*ยกเลิกเนื่องจากชื่อซ้ำ*บีกเกอร์ (Beaker) 3000 ml /อัน"
"AS070878","*ยกเลิกเพื่อระบุจำนวน* จานเพาะเชื้อ (Petri dish) 20x100 มม."
"AS074516","คิวเวตต์พลาสติก (Cuvette plastic) ขนาด 3 มิลลิลิตร /กล่อง"
"AS074481","คิวเวตต์พลาสติก (Cuvette plastic) ขนาด 1.5 มิลลิลิตร /กล่อง"
"AS074515","ไม้พันสำลี (Contton swab) หัวไซส์ m /กล่อง"
"AS074514","ไม้พันสำลี (Contton swab) หัวไซส์ S /กล่อง"
"AS074513","ไม้กดลิ้นแบบปราศเชื้อ (Sterile wooden tongue depressor) ขนาด 6 นิ้ว /กล่อง"
"AS074512","แผ่นดิสฆ่าเชื้อ (Sterile disks) /แพ็ค"
"AS074511","เทปตรวจสอบการนึ่งฆ่าเชื้อ (Autoclave tape) ขนาด 18 มิลลิเมตร /ม้วน"
"AS074510","วัสดุดูดซับสารเคมี (Chemical absorbent pads) /กล่อง"
"AS074509","ลูกยางแดง (Syring ball) เบอร์ 4 /อัน"
"AS074508","ลูกยางบีบเครื่องวัดความดันพร้อมวาวล์ (Bulb with valve assembly) /อัน"
"AS074507","ปากคีบสแตนเสล ไม่มีเขี้ยว (Thump forceps) ยาว 12 นิ้ว /อัน"
"AS074506","ปากคีบสแตนเลส ไม่มีเขี้ยว (Thumb forceps) ยาว 5.5 นิ้ว /อัน"
"AS074505","ปากคีบสแตนเลส ปลายโค้ง (Forceps curved) ยาว 5.5 นิ้ว /อัน"
"AS074504","ไซริงค์กรองสาร (Syringe filter) รูพรุน 0.45 ไมโครเมตร ขนาดเส้นผ่านศูนย์กลาง 13 มิลลิเมตร /กล่อง"
"AS074503","ไซริงค์กรองสาร (Syringe filter) รูพรุน 0.2 ไมโครเมตร ขนาดเส้นผ่านศูนย์กลาง 13 มิลลิเมตร /กล่อง"
"AS074502","ถาดใส่สไลด์ ขนาด 20 ช่อง (20-well Slide tray) /อัน"
"AS074501","ถาดรองสารเคมี (Chemical drip tray) /อัน"
"AS074500","ถุงเก็บแพลงก์ตอน (Plankton net) /อัน"
"AS074499","ถุงมือไนไตร (Nitrile Gloves) ไซส์ XL /กล่อง"
"AS074498","ตะแกรงวางหลอดทดลอง (Test tube rack) ขนาด25x150 มิลลิเมตร /อัน"
"AS074497","ฐานวางขวดก้นกลม (Stand round bottom flask) ขนาดเส้นผ่านศูนย์กลาง 120 มิลลิเมตร /อัน"
"AS074496","กระบอกปิเปตสแตนเลส (Pipette can) ยาวขนาด 46 เซนติเมตร /อัน"
"AS074495","กระดาษเช็ดเลนส์ (Lens cleaning tissue) /แพ็ค"
"AS074494","กระดาษชั่งสาร (Weighing Paper) ขนาด 10x10 เซนติเมตร /กล่อง"
"AS074493","กระดาษกรอง เบอร์ 1 (Filter paper No.1) ขนาดเส้นผ่านศูนย์กลาง 185 มิลลิเมตร /กล่อง"
"AS074492","กระดาษกรอง เบอร์ 1 (Filter paper No.1) ขนาดเส้นผ่านศูนย์กลาง 125 มิลลิเมตร /กล่อง"
"AS074491","หลอดไมโครเซนตริฟิวส์ (Microcentrifuge tube) ขนาด 2 มิลลิลิตร /ถุง"
"AS074490","ฝาปิดหลอดทดลอง (Test tube cap) ขนาด25x150 มิลลิลิตร /ชิ้น"
"AS074489","ฝาปิดหลอดทดลอง (Test tube cap) ขนาด 16x150 มิลลิลิตร สีน้ำเงิน /ชิ้น"
"AS074488","ฝาปิดหลอดทดลอง (Test tube cap) ขนาด 16x150 มิลลิลิตร สีเขียว /ชิ้น"
"AS074487","ที่วางหลอดไมโครเซนตริฟิวก์ (Microcentrifuge tube rack) ขนาด 1.5-2 มิลลิลิตร จำนวน 96 ช่อง /อัน"
"AS074486","ที่วางหลอดไมโครเซนตริฟิวก์ (Microcentrifuge tube rack) ขนาด 1.5-2 มิลลิลิตร จำนวน 80 ช่อง /อัน"
"AS074485","ที่วางหลอดเซนตริฟิวก์ (Centrifuge tube rack) ขนาด 50 มิลลิลิตร /อัน"
"AS074484","ที่วางหลอดเซนตริฟิวก์ 4 ทาง (4-way centrifuge tube rack) /กล่อง"
"AS074483","ช้อนตักสารพลาสติก 3 ขนาด (Dispensing spoons) /กล่อง"
"AS074482","จานเพาะเลี้ยงเซลล์ (Cell culture dish) ขนาด 60x15 มิลลิเมตร /คู่"
"AS074480","ขวดเก็บสารพลาสติกปากกว้าง (Wide mouth reagent bottle, HDPE) ขนาด 2000 มิลลิลิตร /ขวด"
"AS074479","ขวดเก็บสารพลาสติกปากกว้าง (Wide mouth reagent bottle, HDPE) ขนาด 125 มิลลิลิตร /ขวด"
"AS074478","ขวดยาหยอดตา ขนาด 5 มิลลิลิตร /แพ็ค"
"AS074477","ขวดฉีดน้ำกลั่น (Wash bottle) ขนาด 250 มิลลิลิตร /ขวด"
"AS074476","กล่องใส่ไมโครปิเปตทิป (Micropipette tip box) ขนาด 200 ไมโครลิตร /กล่อง"
"AS074475","กล่องเก็บหลอดไครโอทิวป์ จำนวน 100 ช่อง (100-well Cryo storage boxes) /อัน"
"AS074474","กระปุกพลาสติกเก็บตัวอย่างสีชา พร้อมฝาปิด /อัน"
"AS074473","กระปุกพลาสติกเก็บตัวอย่างปัสสาวะ พร้อมฝาปิดสีเหลือง /อัน"
"AS074472","กระบอกฉีดยาพลาสติก (Disposable syringe) ขนาด 50 มิลลิลิตร /กล่อง"
"AS074471","กระบอกฉีดยาพลาสติก (Disposable syringe) ขนาด 20 มิลลิลิตร /กล่อง"
"AS074470","กระบอกตวงพลาสติก (Plastic cylinder) ขนาด 500 มิลลิลิตร อัน"
"AS074469","ขวดเก็บสารละลายปากกว้าง สีชา (Reagent bottle wide neck, amber) ขนาด 2000 มิลลิลิตร /ขวด"
"AS074468","ขวดเก็บสารละลายปากกว้าง สีชา (Reagent bottle wide neck, amber) ขนาด 250 มิลลิลิตร /ขวด"
"AS074467","ขวดเก็บสารละลายปากกว้าง สีใส (Reagent bottle wide neck, clear) ขนาด 2000 มิลลิลิตร /ขวด"
"AS074466","ขวดเก็บสารละลายปากกว้าง สีใส (Reagent bottle wide neck, clear) ขนาด 250 มิลลิลิตร /ขวด"
"AS074465","ขวดหยดสารสีชา (Dropping bottle, amber) ขนาด 60 มิลลิลิตร /ขวด"
"AS074464","ขวดหยดสารสีชา (Dropping bottle, amber) ขนาด 30 มิลลิลิตร /ขวด"
"AS074463","ขวดปรับปริมาตร (Volumetric flask) ขนาด 250 มิลลิลิตร /อัน"
"AS074462","ขวดปรับปริมาตร (Volumetric flask) ขนาด 200 มิลลิลิตร /อัน"
"AS074461","ขวดปรับปริมาตร (Volumetric flask) ขนาด 25 มิลลิลิตร /อัน"
"AS074460","ขวดชั่งสาร (Weighing bottle) ขนาด 10 มิลลิลิตร /อัน"
"AS074459","ขวดก้นกลม (Round bottom flask) ขนาด 250 มิลลิลิตร /อัน"
"AS074458","ขวดก้นกลม (Round bottom flask) ขนาด 50 มิลลิลิตร /อัน"
"AS074457","กระบอกตวงแก้ว (Cylinder) ขนาด 50 มิลลิลิตร /อัน"
"AS074456","กระจกสไลด์ริมฝ้า (Frosted-end Slides) ขนาด 1x3 นิ้ว /กล่อง"
"AS074455","กระจกปิดสไลด์ (Cover glass) ขนาด 22x22 มิลลิเมตร /อัน"
"AS074454","กรวยกรองแก้ว (Glass funnel) ขนาดเส้นผ่านศูนย์กลาง 150 มิลลิเมตร /อัน"
"AS074453","Silica Gel 3-5 mm Orang color /kg"
"AS074452","SCREW CAP GL45 BLUE 10 ชิ้น /แพ็ค"
"AS074451","Pouring Ring GL45 BLUE 10 ชิ้น /แพ็ค"
"AS074450","Asan Easy Test Syphilis (ชุดตรวจหาเชื้อซิฟิลิส)  /กล่อง"
"AS074449","E-TEST Tetracycline ขนาด 256 MG/ML 1 ชิ้น /แพ็ค"
"AS074448","Plasmid Extraction Mini Kit (ชุดสกัดพลาสมิด) 100 TEST /กล่อง"
"AS074447","POLYANETHOLESULPHONIC ACID SODIUM SALT ขนาด 5 กรัม /ขวด"
"AS074446","BEAKER STAINLESS ขนาด 500 มิลลิลิตร /อัน"
"AS074445","PRECISION PLUS ALL BLUE STD /EA"
"AS074444","ชุดPPE NO.M/ชุด"
"AS074443","กระป๋องพลาสติกทึบแสงแบบมีฝาปิด ขนาด 500 ML/กระป๋อง"
"AS074442","วัสดุดูดซับสารเคมี ชนิดแผ่น 9X14 นิ้ว/กล่อง"
"AS074441","GRAM STAIN SET (4X450ML)/Set"
"AS074440","กระป๋องพลาสติกแบบมีฝาปิด /กระป๋อง"
"AS074439","คีมคีบยาว/อัน"
"AS074438","ที่ตักผงพร้อมแปรง/ชุด"
"AS074437","หน้ากากอนามัยคาร์บอน/Box"
"AS074436","WizPure Taq DNA Polymerase (with dNTP), 500U/pkg"
"AS074435"," dNTP set, 100 mM water solution, 4x250 ul of each/pkg"
"AS074434","Human CRP (C-Reactive Protein) ELISA Kit, 96T/ki"
"AS074433","WizPure PCR 2X Master Blue dye, 1 ml/vial"
"AS074432","ตะกร้าพลาสติกสี่เหลี่ยม ขนาด 26 * 18 * 10 ซม / 1 ชิ้น"
"AS074431","เข็มเจ็ดดาวหัวเดี่ยว ขนาด 15 * 2.5 ซม. / ชิ้น"
"AS074430","ถุงยางอนามัย ขนาด 50 mm 12 ชิ้น / กล่อง"
"AS074429","ถุงยางอนามัย ขนาด 49 mm 12 ชิ้น / กล่อง"
"AS074428","เสื้อกาวน์แขนยาวสีฟ้าอ่อน ไซส์  L / ตัว"
"AS074427","เสื้อกาวน์แขนยาวสีฟ้าอ่อน ไซส์ M / ตัว"
"AS074426","เสื้อกาวน์แขนยาว ไซส์ XL / ตัว"
"AS074425","ชุดอุปกรณ์ทำความสะอาดเบื้องต้น (Spill kit) ประกอบด้วย (แผ่นดูดซับ แว่นตา ถุงมือ หน้ากากกันสารเคมี) / 1 ชุด"
"AS074424","ยาหม่อง แบบครีม ขนาด 8 กรัม / ตลับ"
"AS074423","ยาบรรเทาแมลงสัตว์กัดต่อย แบบครีม ขนาด 8 g / ตลับ"
"AS074422","ยา Antacil 10 เม็ด / แผง"
"AS074421","CDimenhydrinate 50 mg 10 เม็ด / แผง"
"AS074420","Chlorpheniramine meleate 4 g 100 เม็ด / แผง"
"AS074419","ผงคาร์บอน 260mg 10 เม็ด / แผง"
"AS074418","ยาธาตุน้ำแดง 180 ml / ขวด"
"AS074417","ขวดยาหม่อง 20 มิลลิลิตร /ขวด"
"AS074416","ผ้ายางปูโต๊ะสีขาวมุก กว้าง 1.37 นิ้ว ยาว 0.50 นิ้ว /ผืน"
"AS074415","ขวดสเปรย์ 30 ml /ขวด"
"AS074414","ก๊อกน้ำล้างตาฉุกเฉิน /ชิ้น"
"AS074413","แคปซูลขิง 500 มิลลิกรัม / กระปุก"
"AS074412","ตะกร้าพลาสติก ขนาด 16 x 16 x 6.5 ซม. / แพค / 12 อัน"
"AS074411","คีมคีบเอนกประสงค์ ด้ามจับหุ้มพลาสติก ขนาด 23 ซม. / 1 ชิ้น"
"AS074410","น้ำมันหอมระเหยตะไคร้หอม 400 CC / ขวด"
"AS074409","บัวบกบดผง 1000 กรัม / ถุง"
"AS074408","ฝิ่นต้น 500 กรัม / ถุง"
"AS074407","ทองพันชั่ง 500 กรัม / ถุง"
"AS074406","ข่า 500 กรัม / ถุง"
"AS074405","ใบสันพร้าหอม 500 กรัม / ถุง"
"AS074404","ใบพิมเสน 500 กรัม / ถุง"
"AS074403","ดอกคำไทย 500 กรัม / ถุง"
"AS074402","โกฐกักรา 500 กรัม / ถุง"
"AS074401","ดอกลำดวน 500 กรัม / ถุง"
"AS074400","ดอกกระดังงา 500 กรัม / ถุง"
"AS074399","ลูกจันทร์ 1000 กรัม / ถุง"
"AS074398","ผิวส้มจีน 1000 กรัม / ถุง"
"AS074397","เจลว่านหางจระเข้ 100% 500 กรัม / ถุง"
"AS074396","วาสลีน 1 กิโลกรัม / ถุง"
"AS074395","น้ำมันเขียว 250 กรัม / ขวด"
"AS074394","น้ำมันระกำ 1000 กรัม / ขวด"
"AS074393","น้ำมันอบเชย 250 กรัม / ขวด"
"AS074392","หญ้าหนวดแมว 500 กรัม / ถุง"
"AS074391","ใบชุมเห็ดเทศ 500 กรัม / ถุง"
"AS074390","ชะเอมไทย 500 กรัม / 1 ถุง"
"AS074247","คีมคีบอเนกประสงค์ ด้ามจับหุ้มพลาสติก 12 นิ้ว /ชิ้น"
"AS074389","ถุงมือกันความร้อน (หนังซับสำลี) 100 'c /คู่"
"AS074388","Rack for tube 5x10 ช่อง dia.16 mm /Pcs"
"AS074387","กระบอกฉีดน้ำ Foggy /Pcs"
"AS074386","กระดาษเพาะเมล็ด กว้าง 10""x ยาว 100 ม /ม้วน"
"AS074385","กระดาษทิชชูแผ่นใหญ่ 2 ม้วน/แพ็ค"
"AS074384","Funnel dia. 10 cm /Pcs"
"AS074383","Stainless Steel Blade No.11 100/box"
"AS074382","Stainless Steel Blade No.10 100/box"
"AS074381","Latex rubber tubing No.203 50 ฟุต/ box"
"AS073624","ชุดกรองอาหารเลี้ยงเซลล์แบบใช้แล้วทิ้ง 0.22 ไมครอน 12 อัน /กล่อง"
"AS074380","แผ่นดูดซับออกซิเจน Anaerogen ขนาด 2.5 ลิตร /ชิ้น"
"AS074379","ใบมีดโกน Gillette Super thin (6 ใบ/กล่อง(6กล่อง/แพ็ค) /กล่อง"
"AS074378","เทปฟิล์มพันกิ่ง ขนาด 200 เมตร /ม้วน"
"AS074377","ถังพลาสติกคละสี พร้อมฝา ขนาด 100 ลิตร /ถัง"
"AS074376","ไม้พายไม้ ขนาด 30 ซม /อัน"
"AS074375","แท่งแก้วคนสาร ขนาด 8 นิ้ว สีขาว /แท่ง"
"AS074374","ถุงมือผสมเทียม ความยาว 85 ซม (บรรจุ 50 ชิ้น) /กล่อง"
"AS074373","พลาสติกครอบชีท ขนาด 18 นิ้ว (บรรจุ100ชิ้น) /กล่อง"
"AS074372","พลาสติกชีท ผสมเทียม ยาว 43 ซม (บรรจุ100ชิ้น) /กล่อง"
"AS074371","Dropper plastic 3 ml (500 ชิ้น) /ถุง"
"AS074370","Centrifuge Tube 50 ml (25pc/pack) Autoclavable /ถุง"
"AS074369","Centrifuge Tube 15 ml (25pc/pack) Autoclavable /ถุง"
"AS074368","ไม้แปปสเมียร์ (Pap Smears Wooden) 100 ชิ้น /กล่อง"
"AS074367","ดินน้ำมันทางการแพทย์ /อัน"
"AS074366","เข็มปีกผีเสื้อ (Scalpvein) ขนาด 20x3/4 นิ้ว 50 ชิ้น /กล่อง"
"AS074365","กล่องสำลี ขนาด 4 x 3 นิ้ว 50 ชิ้น /กล่อง"
"AS074364","ผงล้างเครื่องนึ่ง Autoclave Chamber & Piping Cleaner มีขนาด 30±2 กรัม /ถุง"
"AS074363","คีมถ่างช่องคลอด (Dispose Vaginal Speculum) เบอร์ L 10 อัน /ถุง"
"AS074362","คีมถ่างช่องคลอด (Dispose Vaginal Speculum) เบอร์ M 10 อัน /ถุง"
"AS074361","เบตาดีน สครับ (Betadine Surgical Scrub) 500 ml. /ขวด"
"AS074360","แถบตรวจน้ำตาลและโปรตีนในปัสสาวะ 100 แผ่น /ขวด"
"AS074359","ชุดตรวจการตั้งครรภ์ 1 ชิ้น /กล่อง"
"AS074358","ขวดปั้ม 500 cc. /ขวด"
"AS074357","แผ่นอ่านค่าอัดแน่นเม็ดเลือดแดง (Hematocrit Reader) ขนาดประมาณ 12 x 18ซม /แผ่น"
"AS074356","ผ้าสี่เหลี่ยมเจาะกลาง 40 x 40 ซม. (เจาะกลาง 10 x 10 ซม.) /ผืน"
"AS074355","ปากคีบส่งต่อ (Transfer forceps) 30 ซม. /อัน"
"AS074354","เข็มเจาะเลือดตรวจน้ำตาล (Blood Lancets) 25 ชิ้น /กล่อง"
"AS074353","ตัวกรองปิเปตกัน (Hydrophobic filter set for pressette) 0.45 ไมครอน /อัน"
"AS074352","ปิเปตแก้ว (Measuring Pipette) 0.5 มิลลิลิตร /อัน"
"AS074351","สไลด์นับเซลล์ (haemacytometer) /ชิ้น"
"AS074350","ไม้พันสำลี (Contton swab) หัวไซส์ S 100 อัน /แพ็ค"
"AS074349","ไม้กดลิ้นแบบปราศเชื้อ (Sterile wooden tongue depressor) 6 นิ้ว 100 ชิ้น /กล่อง"
"AS074348","แผ่นดิสฆ่าเชื้อ (Sterile disks) 50 ชิ้น /แพ็ค"
"AS074347","แปรงล้างหลอดทดลอง (Test tube brush) ขนาดเส้นผ่านศูนย์กลาง 10 มิลลิเมตร /อัน"
"AS074346","แปรงล้างบิวเรต (Burette brush) ขนาดเส้นผ่านศูนย์กลาง 1.5 เซนติเมตร /อัน"
"AS074345","แปรงปัดผงลดไฟฟ้าสถิต 1 /อัน"
"AS074344","แท่งดูดแม่เหล็กกวนสาร (Magnetic bar retriever) 26 เซนติเมตร /อัน"
"AS074343","วัสดุดูดซับสารเคมี (Chemical absorbent pads) 25 แผ่น /กล่อง"
"AS074342","พลาสติกปูโต๊ะ (สีขาว) /ม้วน"
"AS074341","ถุงมือไนไตร ไซส์ XL (Nitrile Gloves) 50 คู่ /กล่อง"
"AS074340","ถุงมือป้องกันความร้อนอย่างหนา /คู่"
"AS074339","ตะแกรงวางหลอดทดลอง (Test tube rack) 16x150 มิลลิลิตร /อัน"
"AS074338","กระดาษกรอง เบอร์ 1 (Filter paper No.1) ขนาดเส้นผ่านศูนย์กลาง 185 มิลลิเมตร 100 แผ่น /กล่อง"
"AS074337","กระดาษกรอง เบอร์ 1 (Filter paper No.1) ขนาดเส้นผ่านศูนย์กลาง 125 มิลลิเมตร 100 แผ่น /กล่อง"
"AS074336","ไมโครปิเปตทิป (Micropipette tip) 1000 ไมโครลิตร 1000 ชิ้น /ถุง"
"AS074335","ไมโครปิเปตทิป (Micropipette tip) 200 ไมโครลิตร 1000 ชิ้น /ถุง"
"AS074334","ไมโครปิเปตทิป (Micropipette tip) 10 ไมโครลิตร 1000 ชิ้น /ถุง"
"AS074333","หลอดไมโครเซนตริฟิวส์ (Microcentrifuge tube) 5 มิลลิลิตร 250 ชิ้น /ถุง"
"AS074332","หลอดไมโครเซนตริฟิวส์ (Microcentrifuge tube) 1.5 มิลลิลิตร 500 ชิ้น /ถุง"
"AS074331","ฝาปิดหลอดทดลอง (Test tube cap) สีแดง 16x150 มิลลิลิตร /ชิ้น"
"AS074330","ฝาปิดหลอดทดลอง (Test tube cap) สีแดง 13x100 มิลลิลิตร /ชิ้น"
"AS074329","ที่วางหลอดเซนตริฟิวก์ (Centrifuge tube rack) 15 มิลลิลิตร /อัน"
"AS074328","จานเพาะเลี้ยงเซลล์ (Cell culture dish) 60x15 มิลลิลิตร 500 คู่ /กล่อง"
"AS074327","ขวดเก็บสารพลาสติกปากกว้าง (Wide mouth reagent bottle, HDPE) 1000 มิลลิลิตร /ขวด"
"AS074326","ขวดเก็บสารพลาสติกปากกว้าง (Wide mouth reagent bottle, HDPE) 500 มิลลิลิตร /ขวด"
"AS074325","ขวดเก็บสารพลาสติกปากกว้าง (Wide mouth reagent bottle, HDPE) 250 มิลลิลิตร /ขวด"
"AS074324","กล่องใส่ไมโครปิเปตทิป (Micropipette tip box) 1000 ไมโครลิตร /กล่อง"
"AS074323","กระบอกฉีดยาพลาสติก (Disposable syringe) 3 มิลลิลิตร 100 ชิ้น /กล่อง"
"AS074322","โถแก้วย้อมสไลด์แบบแนวนอน พร้อมแร็คแก้ว (Staining tray with staining rack) /ชุด"
"AS074321","โถแก้วย้อมสไลด์แบบแนวนอน (Staining jar) /ชุด"
"AS074320","โถแก้วย้อมสไลด์แบบแนวตั้ง (Coplin jar) /ชุด"
"AS074319","แท่งแก้วรูปตัววี (V-shape rod glass) /อัน"
"AS074318","หลอดทดลอง (Test tube) 20x150 มิลลิลิตร /อัน"
"AS074317","หลอดทดลอง (Test tube) 16x150 มิลลิลิตร /อัน"
"AS074316","หลอดทดลอง (Test tube) 13x100 มิลลิลิตร /อัน"
"AS074315","พลาสเจอร์ปิเปตแก้ว (Disposable glass pasture pipettes) 6 นิ้ว 200 อัน /กล่อง"
"AS074314","บีกเกอร์ (Beaker) 300 มิลลิลิตร /อัน"
"AS074313","บีกเกอร์ (Beaker) 250 มิลลิลิตร /อัน"
"AS074312","บีกเกอร์ (Beaker) 150 มิลลิลิตร /อัน"
"AS074311","บีกเกอร์ (Beaker) 100 มิลลิลิตร /อัน"
"AS074310","บีกเกอร์ (Beaker) 50 มิลลิลิตร /อัน"
"AS074309","จานเพาะเชื้อแก้ว (Petri dish culture) 15x100 มิลลิลิตร /คู่"
"AS074308","""ขวดเก็บสารละลายปากกว้าง สีชา (Reagent bottle wide neck, amber)"
"AS074307","""ขวดเก็บสารละลายปากกว้าง สีชา (Reagent bottle wide neck, amber)"
"AS074306","""ขวดเก็บสารละลายปากกว้าง สีใส (Reagent bottle wide neck, clear)"
"AS074305","ขวดเก็บสารละลายปากกว้าง สีใส (Reagent bottle wide neck, clear) 500 มิลลิลิตร /ขวด"
"AS074304","""ขวดเก็บสารละลายปากกว้าง สีใส (Reagent bottle wide neck, clear)"
"AS074303","""ขวดเก็บสารละลายปากแคบ สีใส (Reagent bottle narrow neck, clear)"
"AS074302","ขวดชั่งสาร (Weighing bottle) 15 มิลลิลิตร /อัน"
"AS074301","ขวดก้นกลม (Round bottom flask) 500 มิลลิลิตร /อัน"
"AS074300","ขวดก้นกลม (Round bottom flask) 100 มิลลิลิตร /อัน"
"AS074299","การ์ดตรวจเชื้อ TEMPO AEROBIC COUNT (AC) 48T /กล่อง"
"AS074298","ทิชชูอเนกประสงค์แบบแผ่น 90 แผ่น 3 ห่อ /แพ็ค"
"AS074297","โฟมล้างมือ ชนิดถุงเติม 200 มล. 3 ถุง /แพ็ค"
"AS074296","ผ้าขนหนู สีเทา 15 x 31 นิ้ว /ผืน"
"AS074295","สเปรย์กำจัดแมลงสาบ 600 มล. /กระป๋อง"
"AS074294","ถาดซับน้ำยาฆ่าเชื้อ 50x80 ซม. /ถาด"
"AS074293","เครื่องวัดความหนาไขมันใต้ผิวหนังแบบดิจิติล (Digital body fat caliper) /ชิ้น"
"AS074292","สไลด์นับเซลล์ (Cell Counting chamber) (haemacytometer) /ชิ้น"
"AS074291","กล่องเก็บเซลล์ (Cell freezing container) /ชิ้น"
"AS074290","Scratcher for 6 well plate 20 ชิ้น /แพ็ค"
"AS074289","หลอดเก็บสารแช่แข็ง (Cryogenic vial) ขนาด 1.8 มิลลิลิตร 50 ชิ้น /แพ็ค"
"AS074288","เพลท 96 หลุม (96 well plate non treat) แบบก้นแบน ไม่มีฝาปิด 50 ชิ้น /กล่อง"
"AS074287","ข้อต่อเพิ่มขนาดคอ (Expansion Adapter) ขนาด 29/32 /ชิ้น"
"AS074286","โหลแก้วทรงสี่เหลี่ยม ฝาพลาสติก 4.5 ลิตร /12 ใบ /แพค"
"AS074285","TLC Sprayer with amber glass bottle /อัน"
"AS074284","TLC developing tanks 27*26.5*7 cm /อัน"
"AS074283","กระปุกพลาสติกสีขาว+ฝาสีขาวคาดเงิน 50 g /pack"
"AS074282","กระปุกพลาสติกสีขาว+ฝาสีขาวคาดเงิน 30 g /pack"
"AS074281","กระปุกพลาสติกสีขาว+ฝาสีขาวคาดเงิน 15 g /pack"
"AS074280","cylinder 5 ml 5 ml /pcs"
"AS074279","ตะเกียงแอลกอฮอล์ 200 ml /pcs"
"AS074278","กระปุกพลาสติกสีขาว ขนาดบรรจุ 2000 กรัม 100 ชิ้น /Pack"
"AS074277","ขวดยาหม่อง ฝาอลูมิเนียม 15 g 532 ชิ้น /Pack"
"AS074276","ขวดเทสเตอร์น้ำหอม 1 ml 100 ชิ้น /Pack"
"AS074275","ขวดแก้วใสหัวสเปย์พร้อมฝาครอบ 2 ml 100 ชิ้น /Pack"
"AS074274","Cuvette Fluorescence PS ใส 4 ด้าน 100 ชิ้น /Pack"
"AS074273","กระดาษหน้าขาวหลังเทา A3, 500 แกรม 100 ชิ้น /Pack"
"AS074272","ไส้เทียนแบบมีฐาน 100 ชิ้น /Pack"
"AS074271","ไส้เทียนแบบธรรมชาติ 10 เมตร /Pack"
"AS074270","ไส้เทียนแบบฝ้ายฟอกขาว 10 เมตร /Pack"
"AS074269","ฐานล็อคไส้เทียน 10 ชิ้น /Pack"
"AS074268","แผ่นทองคำเปลว 100 ชิ้น /Pack"
"AS074267","กระปุกแก้วกลมสีชาพร้อมฝาดำ 50 g 100 ชิ้น /Pack"
"AS074266","กระปุกแก้วทรงกลมขุ่นพร้อมฝาขาว 50 g 100 ชิ้น /Pack"
"AS074265","เหยือกเซรามิก 20 ml 100 ชิ้น /Pack"
"AS074264","กระปุกปิ่นโต กลมเพรชใส 120 g 100 ชิ้น /Pack"
"AS074263","ขวดปั้มมูสใส 60 ml 100 ชิ้น /Pack"
"AS074262","ถุงใส่น้ำ แบบซิปล็อค 250 ml 100 ใบ /แพ็ค"
"AS074260","หมวกคลุมผมอนามัย สีเขียว 50 ชิ้น/แพ็ค"
"AS074261","แคปซูลขิง 500 มก.  50 แคปซูล /ขวด"
"AS074259","ขวดสีใส พร้อมหัวปั๊มสีขาว 250 ml /ขวด"
"AS074258","ขวดลูกกลิ้งยาหม่องน้ำ ฝาสีทอง 5 cc. /ขวด"
"AS074257","ปากกาไฟฉายสำหรับตรวจร่างกาย /อัน"
"AS074256","กล่องอะคริลิค สีใส 27 ช่อง 16.7 x 32.5 x 2.5 เซนติเมตร /กล่อง"
"AS074255","ที่กรองสแตนเลส สำหรับกรองกากสมุนไพร 20 เซนติเมตร /อัน"
"AS074254","สติ๊กเกอร์ยา 500 แผ่น /แพ็ค"
"AS074253","กระดาษเช็ดทำความสะอาดอุตสาหกรรมอาหาร 100 แผ่น 10 ห่อ /ลัง"
"AS074252","แผงไม้เก็บตัวอย่างพืช 37x52x3 เซนติเมตร /อัน"
"AS074251","กะละมังแช่เท้าแบบพับเก็บได้ 43.5x14 เซนติเมตร /อัน"
"AS074250","ถุงจีบขยายข้าง สีใส ขนาด 7 X 11 นิ้ว 500 กรัม /แพ็ค"
"AS074249","ป้ายสติ๊กเกอร์อเนกประสงค์ A10 20 x 50 มิลลิเมตร 15 แผ่น /แพ็ค"
"AS074248","ตะกร้าพลาสติก สี่เหลี่ยม 16 x 16 x 6.5 เซนติเมตร 12 อัน /แพ็ค"
"AS074246","ผ้าตาข่ายมาสก์หน้า cotton 30×30 เซนติเมตร 100 ชิ้น /แพ็ค"
"AS074245","ผ้าฉาก cotton 3×4 เมตร สีขาว /ผืน"
"AS074244","ผ้าฉาก cotton 2×3 เมตร สีขาว /ผืน"
"AS074243","กระดาษฉากพื้นหลัง 55×85 เซนติเมตร /แผ่น"
"AS074242","หลอดทำควัน (Smoke tube) 10 ชิ้น /กล่อง"
"AS074241","แกนเป่าปอดพลาสติก 20 ชิ้น /แพ็ค"
"AS074240","หมวกคลุมผม (Green disposable cap)/ชิ้น"
"AS074239","สายดูดเสมหะ แบบระบบปิด (Closed suction system) เบอร์ 14/ชิ้น"
"AS074238","สายดูดเสมหะ ชนิดไม่มี Control solid เบอร์ 14/เส้น"
"AS074237","ผ้ายืดพันเคล็ด 6 นิ้ว/ชิ้น"
"AS074236","ผ้ายืดพันเคล็ด 4 นิ้ว/ชิ้น"
"AS074235","ผ้ายืดพันเคล็ด 3 นิ้ว/ชิ้น"
"AS074234","ผ้ายืดพันเคล็ด 2 นิ้ว/ชิ้น"
"AS074233","ผ้าเทปพยุงข้อต่อ Cohesive bandage กว้าง 3 นิ้ว/ม้วน"
"AS074232","ผ้าเทปพยุงข้อต่อ Cohesive bandage กว้าง 2 นิ้ว/ม้วน"
"AS074231","เทปพยุงกล้ามเนื้อ 5 ซม.*5 ม./ม้วน"
"AS074230","เทปผ้าล็อค 2 นิ้ว/กระบอก"
"AS074229","เทปผ้าล็อค 1 นิ้ว/กระบอก"
"AS074228","เทปผ้าล็อค 0.5 นิ้ว/กระบอก"
"AS074227","ถุงมือผ่าตัด สเตอร์ไรด์ ไม่มีขอบสี NO.7.5 นิ้ว/กล่อง"
"AS074226","ถุงมือผ่าตัด สเตอร์ไรด์ ไม่มีขอบสี NO.6.5 นิ้ว/กล่อง"
"AS074225","ชุดกาวน์ผ่าตัดพร้อมหมวกสีเขียว แบบผ้า/ชุด"
"AS074224","ชุด PPE 3M/ชุด"
"AS074223","Underwrap Foam Tape 2.2 นิ้ว*20 ม./ชิ้น"
"AS074222","Ultrasound Gel 5 L/กระปุก"
"AS074221","Transpore 4""*10 หลา/ชิ้น"
"AS074220","IV set 20 dorp (ชุดให้น้ำเกลือผู้ใหญ่)/ชุด"
"AS070046","ถุงมือผ่าตัด สเตอร์ไรด์ ไม่มีขอบ No.7.5 นิ้ว"
"AS070045","ถุงมือผ่าตัด สเตอร์ไรด์ ไม่มีขอบ No.6.5 นิ้ว"
"AS074218","สายดูดเสมหะ ชนิดไม่มี Control เบอร์ 14/เส้น"
"AS074219","หมวกคลุมผม (Green disposable cap) solid /ชิ้น"
"AS074217","ผ้าเทปพยุงข้อต่อ Cohesive bandage solid 3 นิ้ว /ม้วน"
"AS074216","ผ้าเทปพยุงข้อต่อ Cohesive bandage solid 2 นิ้ว /ม้วน"
"AS074215","เทปผ้าล็อค solid 0.5 นิ้ว /กระบอก"
"AS074214","ชุด PPE 3M solid /ชุด"
"AS074213","แว่นตาเลนส์ใสป้องกันรอยปรับขาได้ 17 10,3M /ชิ้น"
"AS074212","Buchner funnel 47 mm. /ชิ้น"
"AS074211","แปรงล้างเครื่องแก้ว ใหญ่ 6.4 cm /อัน"
"AS074210","Separating funnel PTFE stopcock 1 L. /ชิ้น"
"AS074209","เครื่องวัดอุณหภูมิและความชื้น แบบดิจิตอล /อัน"
"AS074208","ช้อนตัก อลูมิเนียม L /อัน"
"AS074207","ช้อนตัก อลูมิเนียม M /อัน"
"AS074206","ช้อนตัก อลูมิเนียม S /อัน"
"AS074205","เทอร์โมมิเตอร์ (Thermometer) 0-50 องศา /อัน"
"AS074204","Transwell polycarbonate membrane 48 ชิ้น /กล่อง"
"AS074203","pH-indicator strips 100 ชิ้น /กล่อง"
"AS074202","Measuring pipette /ชิ้น"
"AS074173","กรรไกรตัดไหม ปลายตรง 14.5 Cm /อัน"
"AS074163","ชุดการแบ่งเซลล์สืบพันธุ์ (Basic Meiosis Slide Set ) /ชุด"
"AS074162","ชุดการแบ่งเซลล์แบบไมโทซีสของปลาและรากหอม (Fish and Onion Mitosis Slide and Study Guide Set) /ชุด"
"AS074027","สมุดภาพแสดงลักษณะทางจุลกายวิภาคศาสตร์ของสัตว์เลี้ยงลูกด้วยนม ( A Photographic Atlas of Histology) /ชุด"
"AS074201","Electrode gel 250 กรัม /หลอด"
"AS074200","ผงกำมะถัน 1 กิโลกรัม /ถุง"
"AS074199","เจลดินคริสตัน ดินวิทยาศาสตร์ สีเหลือง 50 กรัม /ถุง"
"AS074198","น้ำยาอุทัยทิพย์ 240 ml. /ขวด"
"AS074197","ผงกลูโคสไซรัปผง 1 กิโลกรัม /ถุง"
"AS074196","Alcohol Spray 100 ml. /ขวด"
"AS074195","Alcohol 75% ใช้สำหรับพ่น 1000 ml. /แกลอน"
"AS074194","D5-12S 1000 ml. /ขวด"
"AS074193","D5""W 250 ml. /ขวด"
"AS074192","ใบเลื่อย ampule ยา /อัน"
"AS074191","Stuart transport สีฟ้า /กล่อง"
"AS074190","Stuart transport สีขาว /กล่อง"
"AS074189","Stuart transport สีแดง /กล่อง"
"AS074188","เสื้อกันฝนใช้แล้วทิ้ง /ผืน"
"AS074187","Blood set ชุดให้เลือด /กล่อง"
"AS074186","เทปแต่งแผล ชนิดเยื่อกระดาษ 0.5 นิ้ว*10หลา /กล่อง"
"AS074185","สายยางให้อาหาร (NG Tube) เบอร์ 14 /ถุง"
"AS074184","ชุดอุปกรณ์ผู้ป่วยเจาะคอ /ชุด"
"AS074183","ไฟฉายทางการแพทย์ /อัน"
"AS074182","เฝือกสแลป /อัน"
"AS074181","ผ้าพันเคล็ด 2 นิ้ว /แพ็ค"
"AS074180","แผ่นฝึกเย็บแผล 10.5*15.5*2 Cm /ชิ้น"
"AS074179","หมอนกันขา สี่เหลี่ยมคางหมู /ใบ"
"AS074178","เสื้อกราว สีเขียว XXL /ผืน"
"AS074177","เสื้อกราว สีขาว XXL /ผืน"
"AS074176","ของเล่นเขย่ามือกรุ๊งกริ๊งทำจากซิลิโคนนิ่ม /อัน"
"AS074175","ตุ๊กตาพลาสติกเด็กผู้หญิง ทรงสูง 16 Cm /ตัว"
"AS074174","คีมจับเส้นเลือด ปลายตรง 16 Cm /อัน"
"AS074172","ที่เปิดฝาขวดอลูมิเนียม /อัน"
"AS074171","คีมปิดฝาขวดยาฉีดอลูมิเนียม /อัน"
"AS074170","เครื่องวัดออกซิเจนปลายนิ้ว /ชุด"
"AS074169","เครื่องวัดความดันโลหิตแบบดิจิตอล /ชุด"
"AS074168","ถุงซิปใส 1 กิโลกรัม /แพ็ค"
"AS074167","เมล็ดผักกาดแปะหู 10×15 เซนติเมตร 600 ชิ้น /กล่อง"
"AS074166","ฟองน้ำหุ้มตาข่าย 24 ชิ้น /แพ็ค"
"AS074165","กระดาษเช็ดมือแบบแผ่น 24×23 เซนติเมตร /ห่อ"
"AS074164","ชุดตรวจสอบคุณภาพน้ำ 7 in 1 /ชุด"
"AS074161","อสุจิของมนุษย์ (Human sperm, smear, CF) /แผ่น"
"AS074160","องคชาตของมนุษย์ (Human Penis, c.s., 7 µm,H&E) /แผ่น"
"AS074159","ท่อทางเดินปัสสาวะเพศชายส่วนที่ผ่านต่อมลูกหมาก (Human Male Urethra, prostalic urethra, c.s., 7 µm,H&E) /แผ่น"
"AS074158","ต่อมลูกหมากของมนุษย์ (Human Prostate Gland, Old, 7 µm,H&E) /แผ่น"
"AS074157","ต่อมลูกหมากของมนุษย์ช่วงวัยรุ่น (Human Prostate Gland, Young, 7 µm,H&E) /แผ่น"
"AS074156","สเปอร์มาติกคอร์ด (Spermatic Cord, 8 - 10 µm,H&E) /แผ่น"
"AS074155","ท่อนำอสุจิของมนุษย์ (Human Ductus Deferens, c.s., 7 µm,H&E) /แผ่น"
"AS074154","หลอดเก็บอสุจิของมนุษย์ (Human epididymis, 7 µm,H&E) /แผ่น"
"AS074153","หลอดเก็บอสุจิของสัตว์เลี้ยงลูกด้วยนม (Mammal epididymis, 7 µm,H&E) /แผ่น"
"AS074152","อัณฑะของมนุษย์ (Human testis, 7 µm,H&E) /แผ่น"
"AS074151","อัณฑะของสัตว์เลี้ยงลูกด้วยนม (Mammal testis, 7 µm,H&E) /แผ่น"
"AS074150","รกของมนุษย์ (Human Placenta, 7 µm,H&E) /แผ่น"
"AS074149","ช่องคลอดของมนุษย์ (Human Vagina, 7 µm,H&E) /แผ่น"
"AS074148","มดลูกของมนุษย์ (Human uterus, 7 µm,H&E) /แผ่น"
"AS074147","มดลูกของสัตว์เลี้ยงลูกด้วยนมระยะตั้งครรภ์ (Mammal Pregnant Uterus, 8 - 10 µm,H&E) /แผ่น"
"AS074146","ปีกมดลูกของมนุษย์ (Human Fallopian Tibe, c.s., 7 µm,H&E) /แผ่น"
"AS074145","รังไข่สัตว์เลี้ยงลูกด้วยนมแสดงคอร์ปัสลูเทียม (Mammal Corpus Luteum, 7 µm,H&E) /แผ่น"
"AS074144","รังไข่สัตว์เลี้ยงลูกด้วยนมแสดงการเจริญของไข่ระยะกราเฟียนแบบตัดบาง (Mammal Graafian follicles, thin sec.,H&E) /แผ่น"
"AS074143","รังไข่สัตว์เลี้ยงลูกด้วยนมแสดงการเจริญของไข่ระยะกราเฟียน (Mammal Graafian follicles, 7 µm,H&E) /แผ่น"
"AS074142","รังไข่ของมนุษย์ (Human ovary, 7 µm,H&E) /แผ่น"
"AS074141","รังไข่ของสัตว์เลี้ยงลูกด้วยนมแบบตัดหนา 7 ไมโครเมตร (Mammal ovay, 7 µm,H&E) /แผ่น"
"AS074140","รังไข่ของสัตว์เลี้ยงลูกด้วยนม (Mammal ovay, thin sec., H&E) /แผ่น"
"AS074139","ท่อปัสสาวะของมนุษย์เพศชาย (Human Male Urethra, prostalic urethra, c.s., 7 µm,H&E) /แผ่น"
"AS074138","ท่อปัสสาวะของสัตว์เลี้ยงลูกด้วยนมเพศเมีย (Female Mammal Urethra, c.s., 7 µm,H&E) /แผ่น"
"AS074137","กระเพาะปัสสาวะของสัตว์เลี้ยงลูกด้วยนม (Mammal Bladder, 7 µm,H&E) /แผ่น"
"AS074136","ไตของมนุษย์ (Human Kidney, sec., 7 µm,H&E) /แผ่น"
"AS074135","ไตของสัตว์เลี้ยงลูกด้วยนมแสดงโกลเมอรูลัส (Mammal Kidney, blood vessels injected to show glomeruli, c.s.,7 µm,H&E) /แผ่น"
"AS074134","ไตของสัตว์เลี้ยงลูกด้วยนม (Mammal Kidney, medulla and cortex, sag. sec., 7 µm,H&E) /แผ่น"
"AS074133","ไตของสัตว์เลี้ยงลูกด้วยนมแบบตัดขวาง (Mammal Kidney, medulla and cortex, c.s., 7 µm,H&E) /แผ่น"
"AS074132","ตับอ่อนของมนุษย์ตัดแบบบาง (Human Pancreas, thin sec.,H&E) /แผ่น"
"AS074131","ตับอ่อนของมนุษย์ (Human Pancreas, 7 µm,H&E) /แผ่น"
"AS074130","ตับอ่อนของสัตว์เลี้ยงลูกด้วยนม (Mammal Pancreas, 7 µm,H&E) /แผ่น"
"AS074129","ถุงน้ำดีของมนุษย์ (Human Gallbladder Body, 7 µm,H&E) /แผ่น"
"AS074128","ตับมนุษย์ (Human Liver, 7 µm,H&E) /แผ่น"
"AS074127","ตับหมู (Mammal Liver, pig, 7 µm,H&E) /แผ่น"
"AS074126","ลำไส้ใหญ่ของมนุษย์ตัดตามยาว (Human Colon, l.s., 7 µm,H&E) /แผ่น"
"AS074125","ลำไส้ใหญ่ของมนุษย์ตัดตามขวาง (Human Colon, c.s., 7 µm,H&E) /แผ่น"
"AS074124","ลำไส้ใหญ่ของสัตว์เลี้ยงลูกด้วยนม (Mammal Colon, c.s., 7 µm,H&E) /แผ่น"
"AS074123","ไส้ติ่งของมนุษย์ (Human Appendix, c.s., 7 µm,H&E) /แผ่น"
"AS074122","ลำไส้เล็กของสัตว์เลี้ยงลูกด้วยนมเปรียบเทียบส่วนต่างๆ (Mammal Intestine Composite) /แผ่น"
"AS074121","ลำไส้เล็กส่วนไอเลี่ยมของสัตว์เลี้ยงลูกด้วยนม (Mammal Ileum, with Peyer's patchers, 7 µm,H&E) /แผ่น"
"AS074120","ลำไส้เล็กส่วนเจจูนัมของสัตว์เลี้ยงลูกด้วยนม (Mammal Jejunum, 7 µm,H&E) /แผ่น"
"AS074119","ลำไส้เล็กส่วนดูโอดีนัมของสัตว์เลี้ยงลูกด้วยนม (Mammal Duodenum, with Brunner's gland, 7 µm,H&E) /แผ่น"
"AS074118","กระเพาะอาหารส่วนไพลอรัสของสัตว์เลี้ยงลูกด้วยนม (Mammal Pyloric Stomach, 7 µm,H&E) /แผ่น"
"AS074117","กระเพาะอาหารส่วนฟันดัสของมนุษย์ (Human Fundic Stomach, 7 µm,H&E) /แผ่น"
"AS074116","กระเพาะอาหารส่วนฟันดัสของสัตว์เลี้ยงลูกด้วยนม (Mammal Fundic Stomach, 7 µm,H&E) /แผ่น"
"AS074115","กระเพาะอาหารส่วนคาร์เดียของสัตว์เลี้ยงลูกด้วยนม (Mammal Cardiac Stomach, 7 µm,H&E) /แผ่น"
"AS074114","กระเพาะอาหารของสัตว์เลี้ยงลูกด้วยนม (Mammal Stomach Composite, cardiac, fundic, pyloric, 7 µm,H&E) /แผ่น"
"AS074113","หลอดอาหารของสัตว์เลี้ยงลูกด้วยนม (Mammal Esophagus, c.s.,7 µm,H&E) /แผ่น"
"AS074112","ต่อมน้ำลายของสัตว์เลี้ยงลูกด้วยนม (Mammal Salivary Glands) /แผ่น"
"AS074111","ลิ้นของมนุษย์แสดงตุ่มนูน (Human Tongue, fififrom papillae, 7 µm,H&E) /แผ่น"
"AS074110","ลิ้นของสัตว์เลี้ยงลูกด้วยนมแสดงตุ่มนูนและต่อมรับรส (Mammal Tongue, foliate papillae with taste buds, 7 µm,H&E) /แผ่น"
"AS074109","ต่อมไทมัสของมนุษย์ (Human Thymus, 7 µm,H&E) /แผ่น"
"AS074108","ม้ามของมนุษย์ (Human Spleen, 7 µm,H&E) /แผ่น"
"AS074107","ต่อมทอลซิลของมนุษย์ (Human Palatine Tonsil, 7 µm,H&E) /แผ่น"
"AS074106","ต่อมน้ำเหลืองของสัตว์เลี้ยงลูกด้วยนม (Mammal Lymph Node, 7 µm,H&E) /แผ่น"
"AS074105","หลอดน้ำเหลืองของสัตว์เลี้ยงลูกด้วยนม( Mammal Lymphatic Vessel) /แผ่น"
"AS074104","ปอดของมนุษย์ (Human Lung, 7 µm,H&E) /แผ่น"
"AS074103","ปอดของสัตว์เลี้ยงลูกด้วยนม (Mammal Lung, 8 µm,H&E) /แผ่น"
"AS074102","กล่องเสียงของสัตว์เลี้ยงลูกด้วยนม (Mammal Larynx,7 µm,H&E) /แผ่น"
"AS074101","หลอดลมคอของสัตว์เลี้ยงลูกด้วยนม (Mammal Trachea, c.s., 7 µm,H&E) /แผ่น"
"AS074100","เยื่อบุผิวสำหรับรับกลิ่น (Mammal Olfactory Epithelium, 7 µm,H&E) /แผ่น"
"AS074099","เส้นเลือดแดง เส้นเลือดดำ และเส้นประสาทของสัตว์เลี้ยงลูกด้วยนม (Mammal Artery, Vein, and Nerve, c.s, 7 µm,H&E) /แผ่น"
"AS074098","เส้นเลือดแดงและดำของมนุษย์ (Human Artery and Vein, c.s., 7 µm,H&E) /แผ่น"
"AS074097","เส้นเลือดแดงและดำของสัตว์เลี้ยงลูกด้วยนม (Mammal Artery and Vein, c.s., 7 µm,H&E) /แผ่น"
"AS074096","เส้นเลือดดำใหญ่เวนาคาวาของมนุษย์ (Human Vena Cava, 7 µm,H&E) /แผ่น"
"AS074095","เส้นเลือดแดงของสัตว์เลี้ยงลูกด้วยนม (Mammal Artery, 7 µm,H&E) /แผ่น"
"AS074094","เส้นเลือดแดงใหญ่เอออต้าของมนุษย์ย้อมพิเศษ (Human Aorta, c.s.,7 µm,V) /แผ่น"
"AS074093","เส้นเลือดแดงใหญ่เอออต้าของมนุษย์ (Human Aorta, c.s.,7 µm,H&E) /แผ่น"
"AS074092","เส้นเลือดแดงใหญ่เอออต้าของสัตว์เลี้ยงลูกด้วยนม (Mammal Aorta, c.s., 7 µm) /แผ่น"
"AS074091","ลูกตาสัตว์เลี้ยงลูกด้วยนม (Mammal Eye, l.s., 7 µm,H&E) /แผ่น"
"AS074090","หูชั้นในส่วนรับคลื่นเสียงของสัตว์เลี้ยงลูกด้วยนม (Mammal Cochlea, l.s., 7 µm,H&E) /แผ่น"
"AS074089","ปลายประสาทสั่งการ (Mammal Motor Nerve Endings and Plates) /แผ่น"
"AS074088","ปลายประสาทรับความรู้สึกประเภทแรงกดและสั่นสะเทือน (Mammal Vater-Pacini Corpuscle) /แผ่น"
"AS074087","เส้นประสาทและปมประสาทของสัตว์เลี้ยงลูกด้วยนม (Mammal Spinal Ganglion and Nerve) /แผ่น"
"AS074086","ไขสันหลังของมนุษย์ (Human Spinal cord, c.s., 8 µm,H&E) /แผ่น"
"AS074085","เซลล์ประสาทสั่งการ (Mammal shows motor neurons in gray matter, c.s., 8 µm) /แผ่น"
"AS074084","ไขสันหลังของสัตว์เลี้ยงลูกด้วยนม (Mammal Spinal cord, c.s., 8 µm,H&E) /แผ่น"
"AS074083","ซีรีเบลรัมของสัตว์เลี้ยงลูกด้วยนมย้อมด้วยเกลือเงิน (Mammal Cerebellum, 8 µm, Silver stain) /แผ่น"
"AS074082","ซีรีเบลรัมของสัตว์เลี้ยงลูกด้วยนม (Mammal Cerebellum, 8 µm,H&E) /แผ่น"
"AS074081","ซีรีบรัมของมนุษย์ (Human Cerebral Cortex, 7 - 8 µm,H&E) /แผ่น"
"AS074080","ซีรีบรัมของสัตว์เลี้ยงลูกด้วยนมแสดงเซลล์ประสาทชนิดพีรามิด (Mammal Cerebrum, shows pyramidal neurons) /แผ่น"
"AS074079","ซีรีบรัมของสัตว์เลี้ยงลูกด้วยนม (Mammal Cerebrum, 10 - 12 µm,H&E) /แผ่น"
"AS074078","เส้นประสาทของมนุษย์ (Human Nerve, c.s.&l.s., 7 µm,H&E) /แผ่น"
"AS074077","เส้นใยประสาทของสัตว์เลี้ยงลูกด้วยนม (Mammal Nerve Fibers) /แผ่น"
"AS074076","เซลล์ประสาทของสัตว์เลี้ยงลูกด้วยนม (Mammal Giant Multipolar Neurons) /แผ่น"
"AS074075","เส้นประสาทของสัตว์เลี้ยงลูกด้วยนมแบบตัดหนา 8 ไมโครเมตร (Mammal Peripheral Nerve, c.s.&l.s, 8 µm,H&E) /แผ่น"
"AS074074","เส้นประสาทของสัตว์เลี้ยงลูกด้วยนม (Mammal Nerve, c.s., 7 µm,H&E) /แผ่น"
"AS074073","ต่อมหมวกไตของสัตว์เลี้ยงลูกด้วยนม (Mammal Adrenal Gland, 7 µm,H&E) /แผ่น"
"AS074072","ต่อมไทรอยด์และพาราไทรอยด์ของสัตว์เลี้ยงลูกด้วยนม (Mammal Thyroid and parathyroid glands, 7 µm,H&E) /แผ่น"
"AS074071","ต่อมไทรอยด์ของมนุษย์ (Human Thyroid Gland, 7 µm,H&E) /แผ่น"
"AS074070","ต่อมใต้สมองของสัตว์เลี้ยงลูกด้วยนม (Mammal Hypophysis, pituitary gland, 7 µm,H&E) /แผ่น"
"AS074069","กล้ามเนื้อหัวใจของสัตว์เลี้ยงลูกด้วยนมแสดงบริเวณรอยต่อกล้ามเนื้อ (Mammal Intercalted Discs, 7 µm) /แผ่น"
"AS074068","กล้ามเนื้อหัวใจของมนุษย์ (Human cardiac muscle, 7 µm,H&E) /แผ่น"
"AS074067","กล้ามเนื้อหัวใจของสัตว์เลี้ยงลูกด้วยนม (Mammal cardiac muscle, 7 µm,H&E) /แผ่น"
"AS074066","ลำไส้ของมนุษย์ (Human intestine, l.s., 7 µm,H&E) /แผ่น"
"AS074065","มดลูกของมนุษย์ (Human uterus, 7 µm,H&E) /แผ่น"
"AS074064","ลำไส้ของสัตว์เลี้ยงลูกด้วยนมแบบตัดตามยาวและตามขวาง (Mammal intestine, c.s.&l.s., 7 µm,H&E) /แผ่น"
"AS074063","ลำไส้ของสัตว์เลี้ยงลูกด้วยนม (Mammal intestine, c.s., 7 µm,H&E) /แผ่น"
"AS074062","เส้นประสาท (Amphibian, teased isolated fibers,H&E) /แผ่น"
"AS074061","กล้ามเนื้อของมนุษย์ (Human adult, l.s., 7 µm,H&E) /แผ่น"
"AS074060","ลิ้นของสัตว์เลี้ยงลูกด้วยนม (Mammal tongue, 7 µm,H&E) /แผ่น"
"AS074059","ชนิดของกล้ามเนื้อในสัตว์เลี้ยงลูกด้วยนม (Mammal Muscle Types, all 3 muslcle, 7 µm,H&E) /แผ่น"
"AS074058","ต่อมน้ำนมระยะพักของมนุษย์ (Human Resting Mammary Gland, 7 µm,H&E) /แผ่น"
"AS074057","ต่อมน้ำนมระยะการให้นมบุตรของมนุษย์ (Human Lactating Mammary Gland, 7 µm,H&E) /แผ่น"
"AS074056","ผิวหนังบริเวณฝ่าเท้าของมนุษย์ (Human Plantar Skin, 7 µm,H&E) /แผ่น"
"AS074055","ผิวหนังมนุษย์แบบมีและไม่มีการสร้างเม็ดสี (Human Pigmented and Nonpigmented Skin Composite, 7 µm,H&E) /แผ่น"
"AS074054","ผิวหนังมนุษย์แบบมีการสร้างเม็ดสีจำนวนมาก (Human Heavily Pigmented Skin, 7 µm,H&E) /แผ่น"
"AS074053","ผิวหนังมนุษย์แบบไม่มีการสร้างเม็ดสี (Human Nonpigmented Skin, 7 µm,H&E) /แผ่น"
"AS074052","หนังศีรษะมนุษย์ (Human Scalp show hair folicles and shafts, 7 µm,H&E) /แผ่น"
"AS074051","ผิวหนังมนุษย์แสดงต่อเหงื่อ (Human Skin with Sweat Glands, 7 µm,H&E) /แผ่น"
"AS074050","ผิวหนังสัตว์เลี้ยงลูกด้วยนมแสดงรูขุมขน (Mammal Skin shows hair folicles, 8 µm,H&E) /แผ่น"
"AS074049","ผิวหนังกบ (Frog Skin show poison glands, 7 µm,H&E) /แผ่น"
"AS074048","ไขกระดูกของสัตว์เลี้ยงลูกด้วยนม (Mammal Bone Marrow, 7 µm,H&E) /แผ่น"
"AS074047","เม็ดเลือดมนุษย์แสดงเม็ดเลือดแดงและเม็ดเลือดขาว (Human smear, H&E) /แผ่น"
"AS074046","กระดูกมนุษย์แสดงลักษณะทั่วไป (Human Spongy Bone show general strutures, 7 µm,H&E) /แผ่น"
"AS074045","การเจริญของกระดูกของสัตว์เลี้ยงลูกด้วยนม (Mammal developing membrane, 7 µm,H&E) /แผ่น"
"AS074044","กระดูกสัตว์เลี้ยงลูกด้วยนมตัดตามขวางไม่ย้อมสี (Mammal ground, c.s.) /แผ่น"
"AS074043","กระดูกสัตว์เลี้ยงลูกด้วยนมตัดตามยาว (Mammal compact bone, l.s., 10 µm,H&E) /แผ่น"
"AS074042","กระดูกสัตว์เลี้ยงลูกด้วยนมตัดตามขวาง (Mammal compact bone, c.s., 10 µm,H&E) /แผ่น"
"AS074041","กระดูกอ่อนชนิดไฟบรัสของสัตว์เลี้ยงลูกด้วยนม (Mammal Fibrocartilage, 10 µm,H&E) /แผ่น"
"AS074040","กระดูกอ่อนชนิดอิลาสติกของสัตว์เลี้ยงลูกด้วยนม (Mammal Elastic, epiglotlis or ear,7 µm, V) /แผ่น"
"AS074039","กระดูกอ่อนชนิดไฮยาลินของสัตว์เลี้ยงลูกด้วยนม (Mammal Hyaline, trachea, 7 µm,H&E) /แผ่น"
"AS074038","เนื้อเยื่อสายสะดือ (Mammal Mucous Tissue Show epithelium and connective tissue, umbilical cord, c.s.,H&E) /แผ่น"
"AS074037","เนื้อเยื่อมีเซนไคม์ของสัตว์เลี้ยงลูกด้วยนม (Mammal Mesenchyme Featal pig, 7 µm,H&E) /แผ่น"
"AS074036","เอ็นยึดกระดูกบริเวณช่วงคอของสัตว์เลี้ยงลูกด้วยนม (Mammal nuchal ligament, c.s.&l.s., 7 µm,H&E) /แผ่น"
"AS074035","รอยต่อกล้ามเนื้อและเอ็นกล้ามเนื้อของสัตว์เลี้ยงลูกด้วยนม (Mammal Muscle-Tendon Junction, l.s., 10 µm,H&E) /แผ่น"
"AS074034","เอ็นกล้ามเนื้อของสัตว์เลี้ยงลูกด้วยนมแบบตัดตามขวางและตัดตามยาว (Mammal Tendon, c.s.&l.s., 7 µm,H&E) /แผ่น"
"AS074033","เอ็นกล้ามเนื้อของสัตว์เลี้ยงลูกด้วยนมแบบตัดตามยาว (Mammal Tendon, l.s., 7 µm,H&E) /แผ่น"
"AS074032","ผิวหนังของมนุษย์แสดงเส้นใยอิลาสติก (Human Skin, show elastic fiber, 7µm) /แผ่น"
"AS074031","เนื้อเยื่อไขมันของมนุษย์ (Human Adipose Tissue, 7 µm,H&E) /แผ่น"
"AS074030","เนื้อเยื่อไขมันของสัตว์เลี้ยงลูกด้วยนม (Mammal Adipose Tissue,10 µm,H&E) /แผ่น"
"AS074029","เนื้อเยื่อเกี่ยวพันแบบหลวมของสัตว์เลี้ยงลูกด้วยนม ( Mammal Areolar Tissue, mesothelium) /แผ่น"
"AS074028","เนื้อเยื่อเกี่ยวพันในต่อมน้ำเหลืองของสัตว์เลี้ยงลูกด้วยนม (Mammal Reticular Tissue,lymph node) /แผ่น"
"AS074026","เยื่อบุผิวของท่อนำไข่มนุษย์ (Human Simple Cilliated Epithelium, fallopian tube, c.s.,7 µm,H&E) /แผ่น"
"AS074025","เยื่อบุผิวแบบมีซิเลียของกบ (Frog Amphibian Cilliated Epithelium, 7 µm,H&E) /แผ่น"
"AS074024","เยื่อบุผิวท่อไตของสัตว์เลี้ยงลูกด้วยนม (Mammal Trasitional Epithelium Ureter, 7 µm,H&E) /แผ่น"
"AS074023","เซลล์เยื่อบุผิวรูปร่างทรงกระบอกเสมือนเรียงตัวหลายชั้นของสัตว์เลี้ยงลูกด้วยนม (Mammal Pseudostratified Cillated Columnar Epithelium Trachea, 7 µm,H&E) /แผ่น"
"AS074022","เซลล์เยื่อบุผิวรูปร่างทรงกระบอกเรียงตัวหลายชั้นจากต่อมน้ำลายของมนุษย์ (Human Stratified Columnar Epithelium Salivary gland, 7 µm,H&E) /แผ่น"
"AS074021","ช่องคลอดของมนุษย์ (Human vagina, 7 µm,H&E) /แผ่น"
"AS074020","เซลล์เยื่อบุช่องปากของมนุษย์ (Human cheek, smear,CV) /แผ่น"
"AS074019","หลอดอาหารของสัตว์เลี้ยงลูกด้วยนม (Mammal Esophagus, 7 µm,H&E) /แผ่น"
"AS074018","ถุงน้ำดีหรือลำไส้เล็กของมนุษย์ (Human gallbladder or intestine, 7 µm,H&E) /แผ่น"
"AS074017","ลำไส้เล็กของสัตว์เลี้ยงลูกด้วยนม (Mammal intestine, thin sec.,H&E) /แผ่น"
"AS074016","ลำไล้เล็กของสัตว์สะเทินน้ำสะเทินบก (Amphibian, small intesline,7 µm,M) /แผ่น"
"AS074015","เซลล์เยื่อบุผิวรูปร่างทรงลูกบาศก์เรียงตัวชั้นเดียวจากต่อมไทรอยด์ของมนุษย์ (Human Simple cuboidal epithelium, thyroid, 7 µm,H&E) /แผ่น"
"AS074014","เซลล์เยื่อบุผิวรูปร่างทรงลูกบาศก์เรียงตัวชั้นเดียวจากไตของสัตว์เลี้ยงลูกด้วยนม (Mammal Simple cuboidal epithelium, kidney, 7 µm,H&E) /แผ่น"
"AS074013","เซลล์เยื่อบุผิวรูปร่างแบนบางเรียงตัวชั้นเดียวจากไตของมนุษย์ (Human Simple squamous epithelium, kidney, 7 µm,H&E) /แผ่น"
"AS074012","เซลล์เยื่อบุผิวรูปร่างแบนบางเรียงตัวชั้นเดียวจากไตของสัตว์เลี้ยงลูกด้วยนมแบบตัดบาง (Mammal Simple squamous epithelium, kidney, thin sec.,H&E) /แผ่น"
"AS074011","เซลล์เยื่อบุช่องภายในร่างกายของสัตว์เลี้ยงลูกด้วยนม (Mammal mesothelium) /แผ่น"
"AS074010","เซลล์เยื่อบุผิวรูปร่างแบนบางเรียงตัวชั้นเดียวจากไตของสัตว์เลี้ยงลูกด้วยนม (Mammal Simple squamous epithelium kidney) /แผ่น"
"AS074009","เม็ดเลือดของมนุษย์ (Human Blood, Most popular blood siide, smear) /แผ่น"
"AS074008","การแบ่งเซลล์แบบไมโทซิสของปลา (Fish Mitosis) /แผ่น"
"AS074007","เซลล์โปรคาริโอตและยูคาริโอต (Prokaryotic and Eukaryotic Cells) /แผ่น"
"AS074006","Beaker Low Form-Spout 2000 mL /ชิ้น"
"AS074005","Beaker Low Form-Spout 1000 mL /ชิ้น"
"AS074004","Beaker Low Form-Spout 600 mL /ชิ้น"
"AS074003","Beaker Low Form-Spout 250 mL /ชิ้น"
"AS074002","Beaker Low Form-Spout 100 mL /ชิ้น"
"AS074001","Beaker Low Form-Spout 50 mL /ชิ้น"
"AS074000","Bottle Lab W/Screw-Cap 500 mL /ชิ้น"
"AS073999","Bottle Lab W/Screw-Cap 250 mL /ชิ้น"
"AS073998","Bottle Lab W/Screw-Cap 2000 mL /ชิ้น"
"AS073997","Bottle Lab W/Screw-Cap 1000 mL /ชิ้น"
"AS073996","Bottle Lab W/Screw-Cap 50 mL /ชิ้น"
"AS073995","Laboratory bottle with screw cap 1000 mL /ชิ้น"
"AS073994","ปากคีบไม่มีเขี้ยว (Forceps Dressing) 14 เซนติเมตร /ชิ้น"
"AS073993","ชุดทดสอบครอไลด์ 250 การทดสอบ /ขวด"
"AS073992","ชุดทดสอบโคลิฟอร์มในน้ำและน้ำแข็ง 20 การทดสอบ /กล่อง"
"AS073991","ชุดทดสอบวัตถุกันเสีย (สารกันบูด) 20 การทดสอบ /กล่อง"
"AS073990","ชุดทดสอบกรดแร่อิสระ (น้ำส้มสายชูปลอม) 100 การทดสอบ /กล่อง"
"AS073989","ชุดทดสอบสีสังเคราะหในอาหารหามใชสี 22 การทดสอบ /กล่อง"
"AS073988","ชุดทดสอบปริมาณไอโอดีนในเกลือบริโภค 80 การทดสอบ /กล่อง"
"AS073987","ชุดทดสอบซัลไฟด์ (สารฟอกสีขาว) 50 การทดสอบ /กล่อง"
"AS073986","เทปเหนียวล็อคข้อต่อ 2 นิ้ว /ม้วน"
"AS073985","หมอนผู้ป่วยหุ้มหนังเทียม 43 x 67 cm /ใบ"
"AS073984","ถุงประคบเย็นและร้อน (Ice bag) /ถุง"
"AS073983","เจลทำความสะอาดผิวหนังก่อนติดแผ่นอิเล็กโทรด (skin preb gel) 4 ออนซ์ /หลอด"
"AS073982","กรรไกรสำหรับตัดเทปพยุงกล้ามเนื้อ ขนาด 8.5 นิ้ว /อัน"
"AS073981","เทปพยุงกล้ามเนื้อ กว้าง 2 นิ้ว ยาว 4 เมตร สีฟ้า /ม้วน"
"AS073980","เทปพยุงกล้ามเนื้อ กว้าง 2 นิ้ว ยาว 4 เมตร สีแดง /ม้วน"
"AS073979","เทปพยุงกล้ามเนื้อ กว้าง 2 นิ้ว ยาว 5 เมตร สีฟ้า /ม้วน"
"AS073978","เทปพยุงกล้ามเนื้อ กว้าง 2 นิ้ว ยาว 5 เมตร สีแดง /ม้วน"
"AS073977","เทปพยุงกล้ามเนื้อ กว้าง 2 นิ้ว ยาว 5 เมตร สีดำ /ม้วน"
"AS073976","Spatula stainless steel (ช้อนข้าง/พายข้าง) 21 cm /ชิ้น"
"AS073975","Spatula stainless steel (ช้อนข้าง/พายข้าง) 24 cm /ชิ้น"
"AS073974","ทิชชู่เปียก 56 แผ่น 300x200 mm /อัน"
"AS073973","ยาน้ำแก้ไออาปาเช่ 60 ml /ขวด"
"AS073972","ยาแก้แพ้ 10 เม็ด/แผง 2 mg /แผง"
"AS073971","ยาหอม ตรา 5 เจดีย์ 9g /ซอง"
"AS073970","ครีมทาบรรเทาอาการปวดกล้ามเนื้อ ชนิดร้อน 30 g /อัน"
"AS073969","ครีมทาบรรเทาอาการปวดกล้ามเนื้อ ชนิดเย็น 30 g /อัน"
"AS073968","น้ำยาล้างตา 110 ml /ขวด"
"AS073967","ยากรดไหลย้อน 10 ml /อัน"
"AS073966","ยาเบตาดีน 30 ml /อัน"
"AS073965","ผ้าพันแผล 3 นิ้ว 5 หลา /ม้วน"
"AS073964","ยาหม่อง 4 g /อัน"
"AS073963","ยาดม 1.7 ml /อัน"
"AS073957","ผ้าพันแผล 15 cm x 10 m. Hypoallergenic เทปกาว /ม้วน"
"AS073956","ผ้าพันแผล 10 cm x 10 m. Hypoallergenic เทปกาว /ม้วน"
"AS071300","หลอดดักก๊าซ (Durham tube) 6x50 mm /ชิ้น"
"AS070375","Microscope slides 25.4*76.2 mm 72 ชิ้น /กล่อง"
"AS072452","stage micrometer สำหรับกล้องจุลทรรศน์ 0.01mm /ชิ้น"
"AS073961","Pure Lead Sheet Metal Plate Pb 99% ขนาด 100*100 mm / แผ่น"
"AS073960","Pure Copper Sheet Metal Plate Cu 99% ขนาด 100*100 mm / แผ่น"
"AS073962","Pure Zinc Sheet Metal Plate Zn 99% ขนาด 100*100 mm / แผ่น"
"AS073959","Micropipette stand,Round ที่วางไมโครปิเปต แบบหมุน / อัน"
"AS073958","ผ้าพันแผล แบบยืดหยุ่นมีกาวในตัว /ม้วน"
"AS073955","กรรไกรตัดผ้าพันแผล /อัน"
"AS073954","Electrode Blue sensor 50 ชิ้น /แพ็ค"
"AS073953","หลอดหยดแก้ว พร้อมฝาเกลียว 10 ml /ชิ้น"
"AS073952","จุกยางดำ เบอร์ 14 เจาะ 1 รู /อัน"
"AS073951","ลูกยางซิลิโคน 1 ml /ชิ้น"
"AS073950","โถแก้วย้อมสไลด์ฝาแก้ว (Coplin Square Staining Jar) 16 Slides /ชุด"
"AS073949","เม็ดกันเดือด (Glass bead) 3 mm 500 g /ขวด"
"AS073948","Micropipette stand (ที่วางไมโครปิเปต) Linear (แบบแนวยาว) /อัน"
"AS073947","Magnesium ribbon (Mg) 25 g /ม้วน"
"AS073946","กระปุกครีม 10 ml. สีขาวด้าน /ชิ้น"
"AS073945","ขวดปั๊ม ครีม เจล ของเหลว 10 ml. สีฟ้า /ชิ้น"
"AS073944","ตลับอลูมิเนียม 4×1.5 เซนติเมตร /ชิ้น"
"AS073943","ไมโครเซนตริฟิวส์ ทิวป์ (Microcentifuge tube) ขนาด 2 มิลลิลิตร  500 ชิ้น /ถุง"
"AS073942","ไมโครเซนตริฟิวส์ ทิวป์ (Microcentifuge tube) ขนาด 1.5 มิลลิลิตร  500 ชิ้น /ถุง"
"AS073941","MULTIWELL CULTURE PLATE PS,BLACK 50 ชิ้น /กล่อง"
"AS073940","เพลท 96 หลุม(96 well cell cullture plate,F-type) แบบก้นแบน ไม่มีฝาปิด 10 แพ็ค /กล่อง"
"AS073939","เสื้อกาวน์สีขาวแขนสั้น Size XL /ตัว"
"AS073938","ถุงมือ sterile ไม่มีแป้ง size s /กล่อง"
"AS073937","ฟันพลาสติก เบอร์ 54 /ซี่"
"AS073936","ฟันพลาสติก เบอร์ 17 /ซี่"
"AS073935","ฟันพลาสติก บอร์ 15 /ซี่"
"AS073934","สายต่อ O2 /เส้น"
"AS073933","สายกีต้าร์ สำหรับตัดสบู่ 1 เส้น /ห่อ"
"AS073932","ที่ตัดแอมป์ยา /ชิ้น"
"AS073931","ถังออกซิเจน 0.5 คิว /ถัง"
"AS073930","Plaster ยึด tube ขนาด 1 นิ้ว /ม้วน"
"AS073929","Transpore 4 นิ้ว 10 หลา /กล่อง"
"AS073928","Cardiac board /ชิ้น"
"AS073927","Guide wire /ชิ้น"
"AS073926","Extension tube 18 นิ้ว 50 ชิ้น /กล่อง"
"AS073925","Three ways 50 ชิ้น /กล่อง"
"AS073924","Disposable Needle เบอร์ 21 x 1½ นิ้ว 100 ชิ้น /กล่อง"
"AS073923","Macgill forceps /ชิ้น"
"AS073922","Oral air way เด็ก ขนาด 70 มิลลิเมตร /ชิ้น"
"AS073921","Oral air way เด็ก ขนาด 60 มิลลิเมตร /ชิ้น"
"AS073920","Oral air way ผู้ใหญ่ ขนาด 100 มิลลิเมตร /ชิ้น"
"AS073919","Oral air way ผู้ใหญ่ ขนาด 90 มิลลิเมตร /ชิ้น"
"AS073918","Oral air way ผู้ใหญ่ ขนาด80 มิลลิเมตร /ชิ้น"
"AS073917","Face mask เด็ก 50 ชิ้น /กล่อง"
"AS073916","Face make ผู้ใหญ่ 50 ชิ้น /กล่อง"
"AS073915","Ambu bag เด็ก /ชุด"
"AS073914","Ambu bag ผู้ใหญ่ /ชุด"
"AS073913","Laryngoscope & blade (LED 2.5,3 blade) /ชุด"
"AS073912","ET-Tube เบอร์ 8.0 /ชิ้น"
"AS073911","ET-Tube เบอร์ 7.5 /ชิ้น"
"AS073910","ET-Tube เบอร์ 7.0 /ชิ้น"
"AS073909","ET-Tube เบอร์ 6.5 /ชิ้น"
"AS073908","ET-Tube บอร์ 6.0 /ชิ้น"
"AS073907","Dropper plastic solid 250 ชิ้น/pack 3 ml. /แพ็ค"
"AS073906","Blood colletion tube (sodium heparin) solid 6 ml. /ขวด"
"AS073905","กระดาษทิชชู่ม้วนใหญ่ solid 0.9x300 m /ม้วน"
"AS073904","กระบอกพรมน้ำ solid 250 ml /อัน"
"AS073903","Safety Blood Collection set+Luer Adapter (butterfly needle) 21 นิ้ว solid (50ชิ้น/กล่อง) /กล่อง"
"AS073902","Red cell pipette solid 0.1 ml /ชิ้น"
"AS073901","Realtime pcr tube strip and cap (1000 tube/pack) solid 0.2 ml /แพ็ค"
"AS073900","Rack พลาสติกสำหรับหลอด ศก.50 mm solid 50 ml /อัน"
"AS073899","Lancet แบบกด solid 3 mm /กล่อง"
"AS072449","Millipore ขนาด 0.22 um , Steritop-GV 500 ml. 50ชิ้น/แพ็ค"
"AS070711","Coagul Ation Vacuum Tube 3.2 % /Solid, 2.7 ml 100 Pack /Pack"
"AS073898","กระดาษสติกเกอร์ขาวมัน A4 80 แกรม 100 แผ่น /แพ็ค"
"AS073897","ถุงผ้าแก้ว 13x18 ซม. 100 ใบ /แพ็ค"
"AS073896","ถุงหิ้วสีน้ำตาล 9x15.5x21.5 ซม. 50 ใบ /แพ็ค"
"AS073895","ถุงหิ้วสีน้ำตาล 13x18x8 ซม. 50 ใบ /แพ็ค"
"AS073894","ถุงกรองชาสีขาว 7x9 ซม. 100 ใบ /แพ็ค"
"AS073893","โมลกะบะไม้ 10x28x9 ซม. /อัน"
"AS073892","กระดาษเคลือบมัน สำหรับรองโมลสบู่ 12x12 นิ้ว 1 กิโลกรัม /แพ็ค"
"AS073891","ฟิล์มใสห่อสบู่ กว้าง 12 นิ้ว, ยาว 500 เมตร /ม้วน"
"AS073890","เทอร์โมมิเตอร์ วัดอุณหภูมิ แบบแท่งแก้ว 30 ซม. /อัน"
"AS073889","เครื่องตัดสบู่แบบไม้ 14x37x30 ซม. /อัน"
"AS073888","Gensupen 2 ยี่ห้อ PTS World Medic /ด้าม"
"AS073887","Novopen 4 ยี่ห้อ Novo nordisk /ด้าม"
"AS073886","Syringe insulin ขนาด 0.5 ml. 0.5 ml. /ชิ้น"
"AS073885","หัวเข็ม อินซูลิน Novofine ขนาด 8 mm. ยี่ห้อ Novofine 30 g /กล่อง"
"AS073884","ขวดแก้ว จุกรู พร้อมฝาสีดำ 24 มิลลิลิตร /ขวด"
"AS073883","กระปุกพลาสติกใส PET พร้อมฝาเกลียว 300 มิลลิลิตร /ขวด"
"AS073882","ขวดยาดมสมุนไพร แบบพลาสติก 60 มิลลิลิตร /ขวด"
"AS073881","24 Well cell culture plate 50 อัน /กล่อง"
"AS073880","12 Well cell culture plate 50 อัน /กล่อง"
"AS073879","กระดาษกรองฝุ่น PM2.5 Membrane 46.2 mm /กล่อง"
"AS073878","Splinter Forceps 4.5 นิ้ว /ชิ้น"
"AS073877","Gram Stain Set 450 ml. /เซต"
"AS073876","Triangle 50 mm. /ชิ้น"
"AS073875","screw cap PP.Blue /ชิ้น"
"AS073874","แหวนรองกรวย 22 mm. /ชิ้น"
"AS073873","ถุงมือกันบาด /คู่"
"AS073872","ถุงมือยางไนไตร เบอร์ M /คู่"
"AS073871","ชุดป้องกันสารเคมีกำจัดศัตรูพืช เบอร์ M /ชุด"
"AS073870","ขวดอโรม่า สีชา (Glass bottle) 10 ml /ชิ้น"
"AS073869","ขวดแก้ว ฝาปั้ม 30 ml /ชิ้น"
"AS073868","กระปุกพลาสติก 1000 กรัม /ชิ้น"
"AS073867","หลอดยาสีฟันพลาสติก 20 กรัม /ชิ้น"
"AS073866","หลอดลิปบาล์มพลาสติกใส 8 ml /ชิ้น"
"AS073865","หลอดโรลออนพลาสติก (Roll on stick) 15 ml /ชิ้น"
"AS073864","หลอดพลาสติกใส 50 g /ชิ้น"
"AS073863","หลอดพลาสติกใส 30 g /ชิ้น"
"AS073862","หลอดพลาสติกขาว 50 g /ชิ้น"
"AS073861","หลอดพลาสติกขาว 30 g /ชิ้น"
"AS073860","บรรจุภัณฑ์ลิปสติก inner cup 12.1 mm /ชิ้น"
"AS073859","ถาดอลูมิเนียมรองแป้งอัดแข็ง เส้นผ่านศูนย์กลาง 37 mm /ชิ้น"
"AS073858","ตลับแป้งฝุ่น 30 g /ชิ้น"
"AS073857","ขวด PET แบนมนคอตัด 30 ml /ชิ้น"
"AS073856","ขวดลิปกลอสกลม+ฝาดำเงา 6.5 g /ชิ้น"
"AS073855","ขวดโรลออน 30 ml /ชิ้น"
"AS073854","ขวดยาน้ำสีชา 30 ml /ชิ้น"
"AS073853","ขวดมาสคาร่า 7 ml /ชิ้น"
"AS073852","ขวดพลาสติกใส(Serie E)+ฝาสเปรย์พลาสติกสีขาว 50 ml /ชิ้น"
"AS073851","ขวดพลาสติกใส+ฝากดขาว 100 ml /ชิ้น"
"AS073850","ขวดพลาสติกสีชา ฝากดดำ 100 ml /ชิ้น"
"AS073849","ขวดพลาสติก ฝาสเปรย์ 100 ml /ชิ้น"
"AS073848","ขวดพลาสติกใส+ฝาปั้มสีขาว 100 ml /ชิ้น"
"AS073847","ขวดแชมพู 60 ml /ชิ้น"
"AS073846","ขวดแก้วใสฝาพลาสติกสีขาว 12 g /ชิ้น"
"AS073845","กระปุก PVC Cream Jar ฝาเกลียวพลาสติก 50 g /ชิ้น"
"AS073844","กระปุกอลูมิเนียม 10 g /ชิ้น"
"AS073843","Monomer heat cure acrylic resin 250 ml /ขวด"
"AS073842","ฝาพลาสติกหลอดทดลองขนาด 16*150 มิลลิเมตร 200 ชิ้น /แพ็ค"
"AS073841","ตะกร้าพลาสติกเหลี่ยม 33*46*17 cm /ใบ"
"AS073840","กระดาษกรองใยแก้ว (Glass Fiber Filter) 82 mm 100 แผ่น /กล่อง"
"AS073839","ถุงมือดีสโพส Latex glove เบอร์ L 100 ชิ้น /กล่อง"
"AS073838","ถุงมือดีสโพส Latex glove เบอร์ M 100 ชิ้น /กล่อง"
"AS073837","ถุงมือดีสโพส Latex glove เบอร์ S 100 ชิ้น /กล่อง"
"AS073836","หูฟังแพทย์ ขนาดเด็กโต /ชุด"
"AS073835","เครื่องวัดความดันแบบกระเป๋า ใหญ่พิเศษ /ชุด"
"AS073834","เครื่องวัดความดันแบบกระเป๋า มาตรฐาน /ชุด"
"AS073833","ผิวหนังเทียมสําหรับฝึกเย็บแผล ขนาด 17x12 cm. /ชิ้น"
"AS073832","ซิกิลลั่มแวกซ์ (ดินน้ำมัน) ขนาด 22 x 1 นิ้ว 10 อัน /กล่อง"
"AS073831","BACTIGRAS ขนาด 10x10 cm. 10 แผ่น /กล่อง"
"AS073830","ส้อมเสียงทางการแพทย์ C-256 HZ ขนาด 265 HZ /อัน"
"AS073829","ไฟฉายส่องรูม่านตาแบบปากกา (LED) /อัน"
"AS073828","น้ำเกลือชนิด นอร์มัลซาไลน์ 0.9% ขนาด 5 ml. 100 หลอด /กล่อง"
"AS073827","สายสวนปัสสาวะแบบ 2 ทาง (Foley Catheter 2 way) เบอร์ 16 /เส้น"
"AS073826","สายสวนปัสสาวะแบบ 3 ทาง (Foley Catheter 3 way) เบอร์ 16 /เส้น"
"AS073825","ชุดตรวจน้ำตาลในเลือด 30 ชิ้น /กล่อง"
"AS073824","ชุดหมีป้องกันสารเคมี (PPE) เบอร์ L /ชุด"
"AS073823","COVID-19 Taet Casssette (2in1) 1 ชุด /กล่อง"
"AS073822","เข็มฉีดยา (Disposs needle) ขนาด 27x1 นิ้ว 100 ชิ้น /กล่อง"
"AS073821","เข็มฉีดยา (Disposs needle) ขนาด 25x1 นิ้ว 100 ชิ้น /กล่อง"
"AS073820","ไม้กดลิ้น (ชนิดฆ่าเชื้อ) 100 ชิ้น /กล่อง"
"AS073819","หลอดฮีมาโตคริต (Microhematocrit tube Red tip 100 ชิ้น /หลอด"
"AS073818","ถุงขยะสีแดง ขนาด 34x40 นิ้ว 1 กิโลกรัม /แพ็ค"
"AS073817","พลาสเตอร์ พลาสติก 100 ชิ้น /กล่อง"
"AS073816","ไหมเย็บแผล (Silk) เบอร์ 1/0 100 หลา  /ม้วน"
"AS073815","เข็มเย็บแผล (Sugical Needles Cutting) เบอร์ 32 10 ชิ้น /ซอง"
"AS073814","เข็มเย็บแผล (Sugical Needles Cutting) เบอร์ 28 10 ชิ้น /ซอง"
"AS073813","ป้ายเครื่องหมายป้องกันอัคคีภัย ถังดับเพลิง 15*15*30 cm. /ป้าย"
"AS073812","ป้ายเครื่องหมายป้องกันอัคคีภัย สัญญาณแจ้งเหตุเพลิงไหม้ 15*15*30 cm. /ป้าย"
"AS073811","ป้ายเครื่องหมายห้าม ห้ามรับประทานอาหารหรือเครื่องดื่ม 20*30 cm. /ป้าย"
"AS073810","ป้ายเครื่องหมายห้าม ห้ามจุดไฟ 20*30 cm. /ป้าย"
"AS073809","ป้ายเครื่องหมายห้าม ห้ามสูบบุหรี่ 20*30 cm. /ป้าย"
"AS073808","ป้ายเครื่องหมายป้องกันอัคคีภัย ตู้สายฉีดน้ำดับเพลิง 20*30 cm. /ป้าย"
"AS073807","ป้ายเครื่องหมายป้องกันอัคคีภัย ตู้สายฉีดน้ำดับเพลิง 20*30 cm. /ป้าย"
"AS073806","ป้ายเครื่องหมายบังคับสวมเสื้อสะท้อนแสง 20*30 cm. /ป้าย"
"AS073805","ป้ายเครื่องหมายบังคับสวมเข็มขัดกันตกจากที่สูง 20*30 cm. /ป้าย"
"AS073804","ป้ายเครื่องหมายบังคับสวมเอี๊ยม 20*30 cm. /ป้าย"
"AS073803","ป้ายเครื่องหมายบังคับสวมหน้ากากกันสารเคมี 20*30 cm. /ป้าย"
"AS073802","ป้ายเครื่องหมายบังคับสวมกระบังหน้านิรภัย 20*30 cm. /ป้าย"
"AS073801","ป้ายเครื่องหมายบังคับสวมถุงมือนิรภัย 20*30 cm. /ป้าย"
"AS073800","ป้ายเครื่องหมายบังคับสวมปลั๊กอุดหูลดเสียง 20*30 cm. /ป้าย"
"AS073799","ป้ายเครื่องหมายบังคับสวมที่ครอบหูลดเสียง 20*30 cm. /ป้าย"
"AS073798","ป้ายเครื่องหมายบังคับสวมแว่นตานิรภัย 20*30 cm. /ป้าย"
"AS073797","ป้ายเครื่องหมายบังคับสวมรองเท้านิรภัย 20*30 cm. /ป้าย"
"AS073796","ป้ายเครื่องหมายบังคับสวมหมวกนิรภัย 20*30 cm. /ป้าย"
"AS073795","ป้ายชำระล้างฉุกเฉิน 15*40 cm. /ป้าย"
"AS073794","ป้ายล้างตาฉุกเฉิน 15*40 cm. /ป้าย"
"AS073793","ป้ายบอกทางหนีไฟ แบบเรืองแสง ลูกศรทางตรง 15*40 cm. /ป้าย"
"AS073792","ป้ายบอกทางหนีไฟ แบบเรืองแสง ลูกศรทางขวา 15*40 cm. /ป้าย"
"AS073791","ป้ายบอกทางหนีไฟ แบบเรืองแสง ลูกศรทางซ้าย 15*40 cm. /ป้าย"
"AS073790","ป้ายจุดรวมพล ขนาด 45*60 cm. /ป้าย"
"AS073789","ป้ายสถิติความปลอดภัย ขนาด 90*180 cm. /ป้าย"
"AS073788","เทปกั้นเขต ชนิด เหลืองดำ /ม้วน"
"AS073787","เทปกั้นเขต ชนิด ขาวแดง /ม้วน"
"AS073786","รองเท้าป้องกันสารเคมี /คู่"
"AS073785","หน้ากากพร้อมตลับกรองป้องกันไอระเหยสารเคมี/ยาฆ่าแมลง (ไส้กรองเดี่ยว) แบบ Full face /อัน"
"AS073784","ถุงกระดาษคราฟท์ ขนาด 26.5 x 16 x 8.8 ซม. 6 ชิ้น /แพ็ค"
"AS073783","ผ้าสำหรับห่อลูกประคบ หน้ากว้าง 42-43 นิ้ว สีน้ำตาลทอง 1 เมตร /ม้วน"
"AS073782","ผ้าสำหรับห่อลูกประคบ หน้ากว้าง 42-43 นิ้ว สีเปลือกไข่ 1 เมตร /ม้วน"
"AS073781","ผ้าสำหรับห่อลูกประคบ หน้ากว้าง 42-43 นิ้ว สีม่วง 1 เมตร /ม้วน"
"AS073780","เชือกด้ายดิบ ขนาด 3 มิลลิเมตร ยาว 60 เมตร /ม้วน"
"AS073779","เนื้อแก๊สคาร์บอนไดออกไซด์ CO2 ขนาด 6 กก. /ท่อ"
"AS073778","หลอดคาปิลลารี่ สีน้ำเงิน (Microhematocrit capillary tube ; Blue Tip) ยาว 50 มิลลิเมตร 100 ชิ้น /หลอด"
"AS073777","แท่งแม่เหล็กกวนสาร (Magnetic stirrer) 20x6 มิลลิเมตร /อัน"
"AS073776","กรวยกรองแก้ว (Funnel glass) เส้นผ่านศูนย์กลาง 90 มิลลิเมตร /อัน"
"AS073775","ขวดบรรจุแชมพูและสบู่เหลว 200 cc  /ใบ"
"AS073774","ชุดทำแชมพูสระผม  /ชุด"
"AS073773","ถุงแก้ว 4x6 ซม. 1000 ใบ /แพ็ค"
"AS073772","น้ำหอมผสมสบู่ 200 กรัม  /ขวด"
"AS073771","น้ำแร่ 1.5 ลิตร  /ขวด"
"AS073770","กรวยพลาสติก เส้นผ่านศูนย์กลาง 10 ซม.  /อัน"
"AS073769","กะละมังพลาสติก เส้นผ่านศูนย์กลาง 20 ซม.  /ใบ"
"AS073768","กะละมังพลาสติก เส้นผ่านศูนย์กลาง 30 ซม.  /ใบ"
"AS073767","ชุดอุปกรณ์ตุ๋นสบู่ สำหรับทำสบู่แบบ HP  /ชุด"
"AS073766","โมลกะบะไม้ 18x25x10 ซม.  /อัน"
"AS073765","แผ่นใยขัดพร้อมฟองน้ำสครับ 4 ชิ้น /แพ็ค"
"AS073764","ถุงซีลสุญญากาศ 7 x 10 ซม 100 ใบ /แพ็ค"
"AS073763","ถุงซิปล็อค ซองซิปใส 30 x 42 ซม 1 กิโลกรัม /แพ็ค"
"AS073762","ถุงซิปล็อค ซองซิปใส ขนาด 6 x 8 ซม. 1 กิโลกรัม /แพ็ค"
"AS073761","ถุงซิปล็อค ซองซิปใส ขนาด 3.5 x 5 ซม. 1 กิโลกรัม /แพ็ค"
"AS073760","ที่ร่อนแป้ง เบอร์ 60 ขนาด 20 ซม. /อัน"
"AS073759","ที่ร่อนแป้ง เบอร์ 80 ขนาด 20 ซม.  /อัน"
"AS073758","ช้อนตัก 18.5 ซม.  /อัน"
"AS073757","ขวดโหลแก้วสุญญากาศ 1,800 มล.  /ใบ"
"AS073756","ไม้พายด้ามยาว 40 ซม.  /อัน"
"AS073755","หมวกคลุมผมสีขาว 100 ชิ้น /แพ็ค"
"AS073754","ถุงมือสำหรับประกอบอาหาร ไซซ์ L 100 ชิ้น /กล่อง"
"AS073753","ถุงมือสำหรับประกอบอาหาร ไซซ์ M 100 ชิ้น /กล่อง"
"AS073752","ถุงมือสำหรับประกอบอาหาร ไซซ์ S 100 ชิ้น /กล่อง"
"AS073751","เม็ดแม่เหล็กแปะหู 600 เม็ด /กล่อง"
"AS073750","เข็มฝังเข็ม 0.25×25 มล.แบบมีปลอก 100 เข็ม /กล่อง"
"AS073749","เข็มฝังเข็ม 0.22×40 มล.แบบมีปลอก 100 เข็ม /กล่อง"
"AS073748","ขวดยาดมสมุนไพร แบบพลาสติก 2 ออนซ์ /ขวด"
"AS073747","ขวดแก้วยาหม่อง 6 เหลี่ยม 50 กรัม /ขวด"
"AS073746","เตาดินเผา 8 นิ้ว /อัน"
"AS073745","หม้อเกลือดินเผา 4 นิ้ว /อัน"
"AS073744","ผ้าดิบขาว สำหรับพันผ้าหน้าท้อง 120*200 ซม. /ผืน"
"AS073743","หม้อหุงข้าว สำหรับอบสมุนไพร 2.2 ลิตร /เครื่อง"
"AS073742","Brucine Sulfate Hydrate solid 25 g /ขวด"
"AS073741","ถังขยะแบบเหยียบ 45 L /ใบ"
"AS073740","กระดาษกรองใยแก้ว (Glass Fiber Filter) 203X254 mm. 100 แผ่น /กล่อง"
"AS073739","ถาดพลาสติก 30*41*10 cm. /ใบ"
"AS073738","ถาดพลาสติก 38.5*52.5*13 cm. /ใบ"
"AS073737","ถาดสแตนเลส 36*27*4 cm. /ใบ"
"AS073736","PLATE STERILE 60 x 15 mm. 1000 ชิ้น /กล่อง"
"AS073735","ส้อมเสียง 4 ชิ้น พร้อมกล่องกำทอนและไม้เคาะ /อัน"
"AS073734","Vernier Caliper 6 นิ้ว /อัน"
"AS073733","อุปกรณ์วัดดิจิตอลอิเล็กทรอนิกส์ 6 นิ้ว /ชิ้น"
"AS073732","แม่เหล็กแรงสูง นีโอไดเมียม 30 × 10 × 5 mm. /ชิ้น"
"AS073731","แม่เหล็กแรงสูง นีโอไดเมียม 20 × 10 × 5 mm. /ชิ้น"
"AS073730","แม่เหล็กแรงสูง นีโอไดเมียม 20 × 5 mm. /ชิ้น"
"AS073729","แม่เหล็กแรงสูง นีโอไดเมียม 15 × 5 mm. /ชิ้น"
"AS073728","แม่เหล็กแรงสูง นีโอไดเมียม 10 × 5 mm. ชิ้น"
"AS073727","กัลวาโนมิเตอร์ /ตัว"
"AS073726","Leser Pointer Bule (เลเซอร์สีน้ำเงิน) 100 mW /ชิ้น"
"AS073725","Leser Pointer Red (เลเซอร์สีแดง) 100 mW /ชิ้น"
"AS073724","สนามผ้าแคนวาส WRO 2022 ขนาด 236.2 cmx114.3cm /สนาม"
"AS073723","กฏของเลนซ์ /ชุด"
"AS073722","กล่องความต้านทาน 8 ค่า /อัน"
"AS073721","สริงสาธิตคลื่น เส้นผ่านศูนย์กลาง 7.5 มม. × 3 ม. /อัน"
"AS073720","สริงสาธิตคลื่น เส้นผ่านศูนย์กลาง 19 มม. × 3 ม. อัน"
"AS073719","กระแสเอ็ดดี้ /ชุด"
"AS073718","ชุดทดลองการหมุนของวัตถุ /ชุด"
"AS073717","พิทบอลอิเล็กโตรสโคป /อัน"
"AS073716","ชุดทดลองความหนืด /ชุด"
"AS073715","กฏของฮุคส์แบบสาธิต /ชุด"
"AS073714","ระนาบเอียง /อัน"
"AS073713","อาหารสำหรับเพาะเลี้ยงเนื้อเยื่อสำเร็จรูป สูตร VW 50 ลิตร /ขวด"
"AS073712","Methyl Ethyl ketone 99.5% AR.grade 2.5 L /ขวด"
"AS073711","Syring dispossable ไม่ติดเข็ม 50 cc 20 pcs. /box"
"AS073710","กระดาษกรอง Filter paper No.5 12.5 cm /กล่อง"
"AS073709","ชุดกล่องปฐมพยาบาลเบื้องต้น /ชุด"
"AS073708","จานเพาะเลี้ยงเซลล์ (Cell Culture Dish) 1000 ชิ้น 1 กล่อง /กล่อง"
"AS073707","Autoclave tape 18 mm x 55 m 1 ม้วน /ม้วน"
"AS073706","หลอดหยดพลาสติก 3 ml 500 ชิ้น /กล่อง"
"AS073705","Lithium Heparin Vacaum Tube 10 ml 100 ชิ้น /แพ็ค"
"AS073704","Syringe filter 0.22 µm 50 ชิ้น /กล่อง"
"AS073703","acetate paper 100 แผ่น /เล่ม"
"AS073702","Mandrel ก้านสำหรับใส่แผ่นขัดงาน 1 ห่อ บรรจุ 10 ชิ้น /กล่อง"
"AS073701","ผ้าขัดงาน ขนาด 1 นิ้ว /ชิ้น"
"AS073700","ผ้าขัดงาน ขนาด 5 นิ้ว /ชิ้น"
"AS073699","Assorted Wax 12 แท่ง /กล่อง"
"AS073698","จานขัด (Coarse Abrasive Wheel) ขนาด 10 '' ชนิด Coarse /ชิ้น"
"AS073697","แผงฟันเทียม Lower Posterior teeth สี A3.5 ขนาด M30 /แผง"
"AS073696","แผงฟันเทียม Upper Posterior teeth สี A3.5 ขนาด M30 /แผง"
"AS073695","แผงฟันเทียม Lower Anterior teeth สี A3.5 ขนาด L2 /แผง"
"AS073694","แผงฟันเทียม Upper Anterior teeth สี A3.5 ขนาด T1 /แผง"
"AS073693","ฟันพลาสติก ซี่ 74 /ซี่"
"AS073692","ฟันพลาสติก ซี่ 75 /ซี่"
"AS073691","ฟันพลาสติก ซี่ 54 /ซี่"
"AS073690","ฟันพลาสติก ซี่ 55 /ซี่"
"AS073689","BUR FG Conical end domed คาดเหลือง ขนาด #016,8mm /ชิ้น"
"AS073688","BUR FG Conical end domed คาดน้ำเงิน ขนาด #014,10mm /ชิ้น"
"AS073687","BUR FG Conical end domed คาดน้ำเงิน ขนาด #012 ,8mm /ชิ้น"
"AS073686","BUR FG Conical end domed คาดเขียว ขนาด #016,8mm /ชิ้น"
"AS073685","หัวกรอฟันปลอม Plain Cut Fine สีแดง ขนาด 060 /ชิ้น"
"AS073684","หัวกรอคาร์ไบด์ Plain cut coarse สีเขียว ขนาด 060 /ชิ้น"
"AS073683","T band size small 4 mm. ขนาด 6 mm 12 ชิ้น /ซอง"
"AS073682","ลวดดัด เบอร์ 18 ขนาดยาว 3 เมตร 1 เส้น /กล่อง"
"AS073681","ลวดดัด เบอร์ 19 ขนาดยาว 3 เมตร 1 เส้น /กล่อง"
"AS073680","ก้ามปูวัดความหนาของขี้ผึ้ง วัดความหนาสูงสุด 100 มิลลิเมตร /อัน"
"AS073679","กระดาษเช็ดมือ 1 ชั้น ขนาด 24.0 x 23.0 cm 16 ห่อ /กล่อง"
"AS073678","ไส้ตะเกียงแอลกอฮอล์ ขนาด 7 มม. ยาว 18 ซม. 2 เส้น /ชุด"
"AS070688","ยาบรรเทาอาการปวดประจำเดือน  500 mg  10 เม็ด/แผง ยี่ห้อ พอนสแตน"
"AS073659","TESTSEALABS-Antigen-CoV2		 solid /test"
"AS073677","หน้ากากป้องกันฝุ่น 3M รุ่น 9105 50 ชิ้น /กล่อง"
"AS073676","RACK FOR DRYING PS 450x630 MM 72 PLACES 450x630 MM /ชิ้น"
"AS073675","ยาบรรเทาอาการคัน ขนาด 60 Ml.(ชนิดโลชั่น) /ขวด"
"AS073674","แอมโมเนียหอม ขนาด 450 ml. /ขวด"
"AS073673","เจลแอลกอฮอล์ ขนาด 450 ml. /ขวด"
"AS073672","โซเดียมไฮโปคลอไรด์ (คลอรีนน้ำ 10%) ด่างสำหรับระบบสระว่ายน้ำ 20 กก. /ถัง"
"AS073671","ไฮโดรคลอลิค 9% กรดสำหรับระบบสระว่ายน้ำ 20 กก. /ถัง"
"AS073670","โซเดียมคลอไรด์ 7.5% ด่างสำหรับผลิตคลอรีนไดออกไซด์ /กก."
"AS073669","ไฮโดรคลอลิค 9% กรดสำหรับผลิตคลอรีนไดออกไซด์ /กก."
"AS073668","สารเร่งตกตะกอน 25 กก. /ถัง"
"AS073667","ผ้าปิดจมูก สีดำ /ชิ้น"
"AS073666","Underwrap Foam Tape 7cm. x 27m.(สีเนื้อ) /ม้วน"
"AS073665","เทปผ้าล็อค นีโอเทปปิดแผล 0.5 นิ้วx10 หลา 2 กระบอก 24 ม้วน /กระบอก"
"AS073664","เทปผ้าล็อค นีโอเทปปิดแผล 2 นิ้วx10 หลา 1 กระบอก 6 ม้วน /กระบอก"
"AS073663","เทปผ้าล็อค นีโอเทปปิดแผล 1 นิ้วx10 หลา 1 กระบอก 12 ม้วน /กระบอก"
"AS073662","เจลแอลกอฮอล์ล้างมือ 70% ขนาด 5 ลิตร / 1 แกลลอน"
"AS073661","Alcohol Solution Standard 70% ขนาด 200 ลิตร"
"AS073660","ชุดตรวจสำหรับ COVID-19 ประเภท Anitgen Test Self -Test Kits 25 ชิ้น /กล่อง"
"AS073658","เซนตริฟิวส์ ทิวป์ (Centrifuge tube) 50 มิลลิลิตร 500 ชื้น /กล่อง"
"AS073657","ขวดพลาสติก ฝาสเปรย์ 100 ml 100 ชิ้น /แพ็ค"
"AS073656","เจลแอลกอฮอล์ 99.9% ขนาด 50 ml /หลอด"
"AS073655","Casserole , HCT M/2 Diameter 127 mm 500 ml /ชิ้น"
"AS073654","Casserole , HCT C113/125 Diameter 125 mm 500 ml /ชิ้น"
"AS073653","Casserole , HCT 17/0 Diameter 100 mm 290 ml /ชิ้น"
"AS073652","Casserole , HCT 17/000 Diameter 80 mm 140 ml /ชิ้น"
"AS073651","Casserole , HCT 17/4/0 Diameter 63 mm 80 ml /ชิ้น"
"AS073650","Double adhesive pads for elasticicy probe 500 pcs /กล่อง"
"AS073649","Helioplate HD6 100 /แผ่น"
"AS073648","Helioplate HD6 1 /แผ่น"
"AS073647","ถุงมือดีสโพส ไร้แป้ง รุ่น LOF#S 100/box,Satory 100 ชิ้น /Box"
"AS073646","ถุงมือดีสโพส ไร้แป้ง รุ่น LOF#M 100/box,Satory 100 ชิ้น /Box"
"AS073645","ถุงมือดีสโพส ไร้แป้ง รุ่น LOF#L 100/box,Satory 100 ชิ้น /Box"
"AS073644","กระดาษทิชชูม้วนเล็ก 17M 24ม้วน/pk,LIVI 17 M 24 ม้วน /Pack"
"AS073643","U-bottle,GL45,w/scw+ring-bot.tag,125ml., Duran 125 ml /ชิ้น"
"AS073642","Transfer pipet PE. 3ml.250/pk,Hycon 3 ml 250 ชิ้น /Pack"
"AS073641","Oring 3"" /ชิ้น"
"AS073640","Macro-Cuvette PMMA 2.5 ml.(100/box),Brand 2.5 ml 100 ชิ้น /Box"
"AS073639","Rack for tube 5x10 ช่อง dia 20 mm /อัน"
"AS073638","หน้ากากกรองสารเคมีแบบเต็มหน้าไส้กรองคู่ รุ่น 6800 /อัน"
"AS073637","แว่นตานิรภัย (Safety glasses) 1 /อัน"
"AS073636","ถุงมือไนไตร สีเขียว ไซส์ M (Nitrile gloves - Green) 50 คู่ /กล่อง"
"AS073635","ถุงมือไนไตร สีดำ ไซส์ L (Nitrile gloves - Black) 50 คู่ /กล่อง"
"AS073634","ถุงมือไนไตร สีดำ ไซส์ M (Nitrile gloves - Black) 50 คู่ /กล่อง"
"AS073633","ถุงมือไนไตร สีดำ ไซส์ S (Nitrile gloves - Black) 50 คู่ /กล่อง"
"AS073632","เข็มฉีดยา (Hypodermic needle) เบอร์ 27G 1 นิ้ว 100 ชิ้น /กล่อง"
"AS073631","กระบอกปิเปตสแตนเลส มาตรฐาน (Pipette can) 40 เซ็นติเมตร 1 /อัน"
"AS073630","กรวยกรองบุชเนอร์เซรามิค (Buchner Funnel Porcelain) 105 มิลลิลิตร 1 /อัน"
"AS073629","กรวยกรองบุชเนอร์เซรามิค (Buchner Funnel Porcelain) 84 มิลลิลิตร 1 /อัน"
"AS073628","หลอดทดลองพลาสติก (Test tube plastic) 13X100 มิลลิลิตร 500 ชิ้น /แพ็ค"
"AS073627","หลอดทดลองพลาสติก (Test tube plastic) 12X75 มิลลิลิตร 500 ชิ้น /แพ็ค"
"AS073626","หลอดเก็บตัวอย่างเลือด (EDTA Non Vacuum Rubber Cap Tube) 3 มิลลิลิตร 100 ชิ้น /แพ็ค"
"AS073625","ปิเปตพลาสติก ปราศจากเชื้อ (Sterile Serological Pipette) 10 มิลลิลิตร 1 /อัน"
"AS073623","ขวดเก็บสารละลายพลาสติก ปากกว้าง (Reagent bottle wide mouth) 1 ลิตร 1 /ขวด"
"AS073622","กระบอกฉีดยา (Disposable syringe) 3 มิลลิลิตร 100 ชิ้น /กล่อง"
"AS073621","หลอดดักก๊าซ (Durham tube) 6X50 มิลลิลิตร 1 /อัน"
"AS073620","จานแก้วเพาะเลี้ยงเชื้อ (Petri dish culture) 15X100 มิลลิลิตร 1 /คู่"
"AS073619","ขวดลดความดัน (Suction flask) 250 มิลลิลิตร 1 /อัน"
"AS073618","ขวดเก็บสารละลาย (Laboratory bottle) 2000 มิลลิลิตร 1 /ขวด"
"AS073617","ชุดขาตั้งสำหรับแขวนปอยผม 46 cm /ชุด"
"AS073616","ขวดแกลลอนสี่เหลี่ยมมีหู 10 ลิตร สีขาว 10 ลิตร /แกลลอน"
"AS073615","เสื้อกาวน์ดีสโพส Disposable Isolation Gown L /ตัว"
"AS073614","ถาดสี่เหลี่ยมลึก 17 นิ้ว 44*28*9.5 cm /อัน"
"AS073613","PVP Cream Jar กระปุกเยล 50 g. 100 อัน /แพ็ค"
"AS073612","สายยาง vacuum pump dia 20/10 มิลลิเมตร 2 เมตร /แพ็ค"
"AS073611","Disposable Syringe (กระบอกฉีดยาพลาสติก) หัวล็อค 20 ml. 50 อัน /กล่อง"
"AS073610","เข็มขัดพยุงหลัง /ชิ้น"
"AS073609","ผ้าอนามัยแบบห่วง 10 ชิ้น /ห่อ"
"AS073608","ไซริ้งพลาสติก insylin 1 ml พร้อมติดเข็ม 26x1/2 นิ้ว /กล่อง"
"AS073607","ไซริ้งพลาสติก insylin 1 ml พร้อมติดเข็ม 27x1/2 นิ้ว /กล่อง"
"AS073606","ตุ๊กตาเด็กขายาว ทรงสูง 75 ซ.ม. /ตัว"
"AS073605","น้ำยาอุทัยทิพย์ 60 ml. /ขวด"
"AS073604","ไม้พันสำลี ขนาด S 100 ก้าน /แพ็ค"
"AS073603","ท่อช่วยหายใจ No.6.5 10 เส้น /กล่อง"
"AS073602","เข็มฉีดยา (Hypodermic Needle) เบอร์ 25G 1 นิ้ว 100 อัน /กล่อง"
"AS073601","Vasaline gauze 3*3 นิ้ว 20 ซอง /กล่อง"
"AS073600","ถ่านไฟฉาย เบอร์ D /กล่อง"
"AS073599","ถ่านไฟฉาย เบอร์ C /กล่อง"
"AS073598","Saliva tube (หลอดดูดน้ำลาย) 500 ml. 100 ชิ้น /แพ็ค"
"AS073597","""ชุดดักไอน้ำมันปั๊มสูญญากาศ (Replacement element for OME 10/16,"
"AS073596","เซนตริฟิวส์ ทิวป์ (Centrifuge tube) 25 มิลลิลิตร 500 ชื้น /กล่อง"
"AS073595","เซนตริฟิวส์ ทิวป์ (Centrifuge tube) 15 มิลลิลิตร 500 ชื้น /กล่อง"
"AS073594","เซนตริฟิวส์ ทิวป์ (Centrifuge tube) 5 มิลลิลิตร 200 ชิ้น /ถุง"
"AS073593","Buffer Dam Mini Cell 2 ชิ้น /แพ็ค"
"AS073592","Hydrophobic Filter Set for Pressette 0.45 um 28 มิลลิลิตร 1 ชิ้น /ชิ้น"
"AS073591","Petrifilm™ Lactic Acid Bacteria Count Plate 50 แผ่น /กล่อง"
"AS073590","Petrifilm™ Salmonella Express Plate 50 แผ่น /กล่อง"
"AS073589","Petrifilm™ Enterobacteriacea Count Plate 50 แผ่น /กล่อง"
"AS073588","Annexin V-FITC kit Liquid 20 test /แพ็ค"
"AS073587","HUMAN TNF-ALPHA MINI ELISA DEVELOPMENT Liquid 1 ชุด /ชุด"
"AS073586","ELISA BUFFER KIT Liquid 1 ชุด /ชุด"
"AS073585","Biohardzard Spill Kit Liquid 1 ชุด /ชุด"
"AS073584","Novel Coronavirus (2019-nCoV) RT-PCR Detection Kit Liquid 96 test /ชุด"
"AS073583","SARS-CoV-2 (COVID-19) IgG ELISA Kit Liquid 96 test /ชุด"
"AS073582","Nisuki SARS-CoV-2 Antigen Detection Kit (Type;Saliva) Liquid 1 test /กล่อง"
"AS073581","reOpen Test COVID-19 Antigen Rapid Test (Type; Nasal Swab) Liquid 25 test /กล่อง"
"AS073580","Trolox (6-Hydroxy-2,5,7,8-tetramethylchromane-2-carboxylic acid) A.R Solid 1 กรัม /ขวด"
"AS073579","Cap Short 9 mm.Blue PTFE/Butyl Rubber Liner PTFE 100 อัน /แพ็ค"
"AS073578","Vial 2 ml Clear 9 mm.Thread w/Grad Marking Spot 100 อัน /แพ็ค"
"AS073577","Volumetric flask class a solid glass 100 ml /อัน"
"AS073576","Volumetric flask class a solid glass 25 ml /อัน"
"AS073575","ขวดใส่สารปากกว้าง HDPE 50 ml /ใบ"
"AS073574","Epoxy resin /ชุด"
"AS073573","ตะกร้าพลาสติกอเนกประสงค์ มีหูหิ้ว 30*42*28 ซม. /อัน"
"AS073572","ปากคีบสแตนเลสแบบเรียวแหลม ปลายโค้ง 20 ซม. /อัน"
"AS073571","ถุงมือยาง PVC size L คู่ /กล่อง"
"AS073570","กระดาษทิชชู่อเนกประสงค์ แบบยาว 2 ม้วน /แพ็ค"
"AS073569","ตะกร้าพลาสติก 45*35*12 ซม. /อัน"
"AS073568","ฝาพลาสติกสำหรับขวดแก้ว ขนาด 4 ออนซ์ แบบนึ่งได้ /อัน"
"AS073567","ฝาพลาสติกสำหรับขวดแก้ว ขนาด 8 ออนซ์ แบบนึ่งได้ /อัน"
"AS073566","อาหาร MS medium 50 L /ขวด"
"AS073565","Norfloxacin 10 ug /หลอด"
"AS073564","Kanamycin 30 ug /หลอด"
"AS073563","Trimethoprim sulfamethoxazole 25 ug /หลอด"
"AS073562","Oxolinic acid 2 ug /หลอด"
"AS073561","Erythromycin 15 ug /หลอด"
"AS073560","Enrofloxacin 5 ug /หลอด"
"AS073559","Proteinase K 20 mg/ml 1 ml /vial"
"AS073558","Plastic sheath 100 ชิ้น /กล่อง"
"AS073557","Sanitary sheath 100 ชิ้น /กล่อง"
"AS073556","ไส้ตะเกียงแอลกอฮอล์ 7 นิ้ว 100 ชิ้น /แพ็ค"
"AS073555","ลูกยางปิเปต ขนาดกลาง /อัน"
"AS073554","แท่งแก้วสามเหลี่ยมเขี่ยเชื้อ 14 ซม. /อัน"
"AS073553","Glass Beads 500 g /ขวด"
"AS073552","HemosIL Factor VIII deficient plasma /ชุด"
"AS073551","Lifotronic SARS-CoV-2 Antigen (GICA)Home Use solid 25 tests/box /กล่อง"
"AS073550","แอลกอฮอล์ 75% 5 ลิตร /แกลลอน"
"AS073549","ชุดตรวจสำหรับ COVID-19 ประเภท Antigen Test Self-Test Kits /ชุด"
"AS073548","ชุดตรวจหาแอนติเจนเชื้อไวรัสโคโรน่า 2019 1 ชุด /กล่อง"
"AS073547","ชุดตรวจสำหรับ COVID-19 ประเภท Antigen Test Self-Test Kits 20 ชิ้น /กล่อง"
"AS073546","กล่องทิ้งเข็มขนาด 3.8 ลิตร / กล่อง"
"AS073545","แอลกอฮอล์ 5000 ml /แกลลอน"
"AS073544","หนังยางวงใหญ่หนา solid 0.5 กก/แพ็ค /ชิ้น"
"AS073543","เครื่องเคลือบบัตรและเอกสาร solid 365 x 145 x 90 mm /เครื่อง"
"AS073542","พลาสติกเคลือบบัตร solid 220x306 mm. /แพ็ค"
"AS073541","ตะกร้าหูหิ้วพลาสติก No.2550 solid 42x55x35 ซม. /ใบ"
"AS073540","กล่องเก็บของมีล้อ ความจุ solid 63x42x30.5 ซม. /ใบ"
"AS073539","ตะกร้าพลาสติก solid ขนาด 20.5 ลิตร /ใบ"
"AS073538","รถเข็นใส่ตะกร้า solid ขนาด 30 kg. /คัน"
"AS073537","Hot pack-nack contour solid ยาว 60 ชม. /ชิ้น"
"AS073536","Hot pack - over size solid ขนาด 40 ชม.x 60 ชม. /ชิ้น"
"AS073535","Hot pack-standard solid ขนาด 25 ชม.x 30 ชม. /ชิ้น"
"AS073534","เทปแต่งแผลชนิดใส (Transpore) solid 1นิ้วx10หลา /ชิ้น"
"AS073533","ชุด PPE solid /ชิ้น"
"AS073532","ที่วัดส่วนสูง solid ขนาด 200 ซม. /อัน"
"AS073531","รอกบริหารไหล่ solid /ชุด"
"AS073530","Mucus extractor หลอดเก็บเสมหะ solid /ชุด"
"AS073529","battery pack SB-201P solid /ก้อน"
"AS073528","Littmann Classic III Stethoscope solid /ชิ้น"
"AS073527","จุกขวด ICD สแตนเลส สั้นยาว solid /ชิ้น"
"AS073526","จุกขวด ICD สแตนเลส สั้นสั้น solid /ชิ้น"
"AS073525","จุกขวด ICD สแตนเลส สั้นสั้นยาว solid /ชิ้น"
"AS073524","ขวดเก็บสารฝาเกลียว solid 1000 ml /ขวด"
"AS073523","เข็มเจาะเลือด accu chek fastclix solid 24เข็ม/กล่อง /ขวด"
"AS073522","Cuff ผ้าพันแขนวัดความ omron M solid 22-32 cm /ชิ้น"
"AS073521","ชุดพ่นยาเด็ก solid /ชุด"
"AS073520","MouthPiece (1565) solid 22 mm OD /ชิ้น"
"AS073519","Bacterial viral filter with luer port (G39016) solid 22F/15M, 22/15 /ชิ้น"
"AS073518","nasopharyngeal airway solid เบอร์ 8 /ชิ้น"
"AS073517","nasopharyngeal airway solid เบอร์ 6 /ชิ้น"
"AS073516","สายออกซิเจนงวงช้าง solid 1.8 เมตร /เส้น"
"AS073515","ผ้าเทปพยุงข้อต่อ Cohesive bandage solid กว้าง 3 นิ้ว 1 แพ็ค 12 /แพ็ค"
"AS073514","ผ้าเทปพยุงข้อต่อ Cohesive bandage solid กว้าง 2 นิ้ว 1 แพ็ค 24 /แพ็ค"
"AS073513","กรรไกรตัดผ้าก๊อต solid ขนาด 14 ซม. /ชิ้น"
"AS073512","เข็มขัดพยุงตัว solid /อัน"
"AS073511","ส้อมเสียง solid /อัน"
"AS073510","น้ำยาปรับสภาพพื้นผิวฟัน (Dentin Conditioner for GI 10% polyacrylic acid) ส่วนผง 15 กรัม, ส่วนน้ำ 8 กรัม ,น้ำยาปรับสภาพผิวฟัน 6 กรัม /กล่อง"
"AS073509","SE NiTi 1725 RCS Upper 10 ชิ้น /แพ็ค"
"AS073508","Hi-Clean Spray น้ำมันคุณภาพสูงสำหรับทำความสะอาดด้ามกรอ 550 มล. /กระป๋อง"
"AS073507","สเปรย์ฆ่าเชื้อสูตรอ่อนโยนสําหรับแม่พิมพ์ฟันยางที่ทําจากแอลจิเนต โพลีเอเธอร์และซิลิโคน Prosept Impression S /ขวด"
"AS073506","น้ำมันฉีดล้างและหล่อลื่นหัวกรอฟัน (ใช้กับเครื่องทำความสะอาด) Maintenance Oil for iCare 1 ลิตร /ขวด"
"AS073505","เครื่องมือสำหรับงานจัดฟัน Retractor ที่ถ่างปาก V /ชิ้น"
"AS073504","Distal end (keep) /ชิ้น"
"AS073503","น้ำยาล้างทำความสะอาดเครื่องมือแพทย์ (neodisher MediClean Forte) 5 ลิตร /แกลลอน"
"AS073502","แผ่นเคมี (indicator) 6 แถวใช้ทดสอบ Bowie Disc 100 ชิ้น /กล่อง"
"AS073501","สบู่เหลวผสมน้ำยา Hydewx surgical scrub 5 ลิตร /แกลลอน"
"AS073500","Orthodontics adhesive system kit (Transbond XT syringe kit) /ชุด"
"AS073499","ด้ายแยกเหงือก Retraction Cord No.0 Plain (non-impregnated) /กล่อง"
"AS073498","ด้ายแยกเหงือก Retraction Cord No.00 Plain (non-impregnated) /กล่อง"
"AS073497","ด้ายแยกเหงือก Retraction Cord No.000 Plain (non-impregnated) /กล่อง"
"AS073496","แถบสีใช้เปรียบเทียบกับสีฟัน (Shade Guide ESTELITE® SIGMA QUICK) /แผง"
"AS073495","Nanofill composite, ESTELITE® SIGMA QUICK สี A4 3.8 กรัม /หลอด"
"AS073494","Nanofill composite, ESTELITE® SIGMA QUICK สี A3.5 3.8 กรัม /หลอด"
"AS073493","Nanofill composite, ESTELITE® SIGMA QUICK สี A3 3.8 กรัม /หลอด"
"AS073492","Nanofill composite, ESTELITE® SIGMA QUICK สี A2 3.8 กรัม /หลอด"
"AS073491","Nanofill composite, ESTELITE® SIGMA QUICK สี A1 3.8 กรัม /หลอด"
"AS073490","Barbed Broach #20, 21 mm /ชิ้น"
"AS073489","วัสดุ Glass Ionomer Cement สำหรับยึด ชนิดผสมง่าย (Ketac™ Cem Easymix™ Glass Ionomer Luting Cement Introductory ) ส่วนผง (Powder) บรรจุ 60 กรัม/ส่วนน้ำ (Liquid) บรรจุ 40 มล /ชุด"
"AS073488","Sof-Lex™ Extra-Thin Discs, Super Fine, refill 3/8 นิ้ว 30 ชิ้น /ชุด"
"AS073487","Sof-Lex™ Extra-Thin Discs, Fine, refill 3/8 นิ้ว 30 ชิ้น /ชุด"
"AS073486","Sof-Lex™ Extra-Thin Discs, Medium, refill 3/8 นิ้ว 30 ชิ้น /ชุด"
"AS073485","Sof-Lex™ Extra-Thin Discs, Super Fine, refill 1/2 นิ้ว 30 ชิ้น /ชุด"
"AS073484","Sof-Lex™ Extra-Thin Discs, Fine, refill 1/2 นิ้ว 30 ชิ้น /ชุด"
"AS073483","Sof-Lex™ Extra-Thin Discs, Medium, refill 1/2 นิ้ว 30 ชิ้น /ชุด"
"AS073482","Sof-Lex™ Extra-Thin Discs, Coarse, refill 30 pcs 1/2 นิ้ว 30 ชิ้น /ชุด"
"AS073481","วัสดุสีเหมือนฟันสำหรับบูรณะได้ทั้งฟันหน้าและฟันหลัง (Resin composite Dentin shade) สี A1 4 กรัม /หลอด"
"AS073480","วัสดุสีเหมือนฟันสำหรับบูรณะได้ทั้งฟันหน้าและฟันหลัง (Nanofill composite Enamel shade) สี A3 4 กรัม /หลอด"
"AS073479","วัสดุสีเหมือนฟันสำหรับบูรณะได้ทั้งฟันหน้าและฟันหลัง (Nanofill composite Enamel shade) สี A2 4 กรัม /หลอด"
"AS073478","วัสดุสีเหมือนฟันสำหรับบูรณะได้ทั้งฟันหน้าและฟันหลัง (Nanofill composite Enamel shade) สี A1 4 กรัม /หลอด"
"AS073477","วัสดุสีเหมือนฟันสำหรับบูรณะได้ทั้งฟันหน้าและฟันหลัง (Resin composite body shade) สี A4 4 กรัม /หลอด"
"AS073476","วัสดุสีเหมือนฟันสำหรับบูรณะได้ทั้งฟันหน้าและฟันหลัง (Resin composite body shade) สี A3.5 4 กรัม /หลอด"
"AS073475","วัสดุสีเหมือนฟันสำหรับบูรณะได้ทั้งฟันหน้าและฟันหลัง (Resin composite body shade) สี A3 4 กรัม /หลอด"
"AS073474","วัสดุสีเหมือนฟันสำหรับบูรณะได้ทั้งฟันหน้าและฟันหลัง (Resin composite body shade) สี A1 4 กรัม /หลอด"
"AS073473","วัสดุสำหรับรองพื้นก่อนบูรณะฟันด้วยคอมโพสิตหรืออมัลกัม GIC base ส่วนผง GI. ปริมาณ 9 กรัม /ส่วนน้ำผสม (Liquid) บรรจุ 5.5 มล. /ชุด"
"AS073472","Resin sealant แบบหลอด /หลอด"
"AS073471","ปลายฉีดวัสดุก่อแกนฟันในคลองรากฟัน Aplexit Plus Intra oral canal tips refill 15 ชิ้น /ถุง"
"AS073470","ปลายฉีดวัสดุก่อแกนฟันขนาดเล็ก MulticoreFlow Intral oral tip refill 50 ชิ้น /ถุง"
"AS073469","ผลิตภัณฑ์เช็ดฆ่าเชื้อพื้นผิว (Surface disinfectants) 160 แผ่น /กระปุก"
"AS073468","Amalgam alloy FC 1 Spill Regular set /กระปุก"
"AS073467","X-ray holder/ Posterior,Endo-Bite /กล่อง"
"AS073466","K-file 30 mm. # 15 6 ชิ้น /กล่อง"
"AS073465","K-file 30 mm. # 10 6 ชิ้น /กล่อง"
"AS073464","Round steel long shank bur #012 (กรอช้า ) /ชิ้น"
"AS073463","Round steel long shank bur #010 (กรอช้า ) /ชิ้น"
"AS073462","Round steel long shank bur #014 (กรอช้า ) /ชิ้น"
"AS073461","FG Pear shaped carbide #010,1.8mm /ชิ้น"
"AS073460","กล่องใส่หัวกรอ (Bur Block) /อัน"
"AS073459","Diamond bur FG Tapered Point, Needle #010 /ชิ้น"
"AS073458","Diamond bur FG Tapered, Round end #016 /ชิ้น"
"AS073457","RA Cylinder flat end diamond #012,4mm /ชิ้น"
"AS073456","RA Cylinder flat end diamond #009,4mm /ชิ้น"
"AS073455","FG Cylinder flat end diamond #009,4mm /ชิ้น"
"AS073454","RA Round diamond #012 /ชิ้น"
"AS073453","FG Round diamond #014 /ชิ้น"
"AS073452","FG Round diamond #012 /ชิ้น"
"AS073451","FG Round diamond #010 /ชิ้น"
"AS073450","FG Round diamond #008 /ชิ้น"
"AS073449","RA Round carbide #023 /ชิ้น"
"AS073448","RA Round carbide #021 /ชิ้น"
"AS073447","Dental mouth gag ขนาด 11 mm /ชิ้น"
"AS073446","Dental mouth gag ขนาด 9 mm. /ชิ้น"
"AS073445","Spoon excavator no.17 /ชิ้น"
"AS073444","Stainless steel wire 26 gauge /ม้วน"
"AS073443","Stainless steel wire 24 gauge /ม้วน"
"AS073442","Erich archbar 1 เมตร /ชิ้น"
"AS073441","High Power Suction ขนาด 16 มม /ชิ้น"
"AS073440","Ivory matrix band no. 16 12 ชิ้น /ถุง"
"AS073439","Ivory matrix band no. 14 12 ชิ้น /ถุง"
"AS073438","Ivory matrix band no. 13 12 ชิ้น /ถุง"
"AS073437","Ivory matrix band no. 11 12 ชิ้น /ถุง"
"AS073436","Stainless steel matrix band 0.04mm*4mm 3 เมตร /กล่อง"
"AS073435","Gutta-percha main cone เบอร์ 60 /ชิ้น"
"AS073434","Lentulo spiral 25 mm. เบอร์ 30 /ชิ้น"
"AS073433","สารละลาย Prophylene glycol 100 มิลลิลิตร /ขวด"
"AS073432","สารละลายวัสดุอุดคลองรากฟัน (Gutta-percha Solvent) 10 มิลลิลิตร /ขวด"
"AS073431","Distal end (no keep) /ชิ้น"
"AS073430","Rubber dam forcep /ชิ้น"
"AS073429","Rubber dam punch /ชิ้น"
"AS073428","Rubber dam frame สำหรับผู้ใหญ่ /ชิ้น"
"AS073427","กรรไกรสำหรับจับผ้ากันเปื้อน (Towel clip) /ชิ้น"
"AS073426","EPITEX EXTRA FINE 10 MM Refill /กล่อง"
"AS073425","EPITEX FINE 10 M Refill /กล่อง"
"AS073424","วัสดุบูรณะฟันชนิดกลาสไอโอโนเมอร์ สําหรับบูรณะฟันหลังชนิดแคปซูล (GC Equia Forte GI for posterior restoration) สี A3 50 แคปซูล /กล่อง"
"AS073423","วัสดุอุดฟันชนิดกลาสไอโอโนเมอร์ ผสมมือ Self cure (FUJI IX Gold Label EXTRA CAPSULE) สี A3 ส่วนผง 15 กรัม, ส่วนน้ำ 8 กรัม /กล่อง"
"AS073422","วัสดุอุดฟันประเภทกลาสไอโอโนเมอร์ ชนิดแคปซูล สี Pink Fuji VII-GI for restoration, Capsule 30 แคปซูล /กล่อง"
"AS073421","วัสดุอุดฟันประเภทกลาสไอโอโนเมอร์ แบบผสมมือ สี Pink Fuji VII - GI for restoration, Hand-mixed ส่วนผง 15 กรัม, ส่วนน้ำ 10 กรัม และ DENTIN CONDITIONER 6 กรัม 1 กล่อง /กล่อง"
"AS073420","วัสดุอุดฟันชนิดเรซินคอมโพสิตแบบฉีด Injectable composite สี A4 1.7 กรัม /หลอด"
"AS073419","วัสดุอุดฟันชนิดเรซินคอมโพสิตแบบฉีด Injectable composite สี A3.5 1.7 กรัม /หลอด"
"AS073418","วัสดุอุดฟันชนิดเรซินคอมโพสิตแบบฉีด Injectable composite สี A3 1.7 กรัม /หลอด"
"AS073417","วัสดุอุดฟันชนิดเรซินคอมโพสิตแบบฉีด Injectable composite สี A2 1.7 กรัม /หลอด"
"AS073416","วัสดุอุดฟันชนิดเรซินคอมโพสิตแบบฉีด Injectable composite สี A1 1.7 กรัม /หลอด"
"AS073415","วัสดุอุดสีเหมือนเหงือก สี G-DP Dark Pink (Resin composite) 2.5 กรัม /หลอด"
"AS073414","วัสดุอุดสีเหมือนเหงือก สี G-LP Light Pink (Resin composite) 2.5 กรัม /หลอด"
"AS073413","ชุดตรวจหาแอนติเจนต่อโรคติดเชื้อไวรัสโคโรน่า 2019 5 ชุด /กล่อง"
"AS073412","บล็อครักษาคลองรากฟันทางทันตกรรม /ชิ้น"
"AS073411","Retactor Mount opener HVE รูปทรง Y /ชิ้น"
"AS073410","Multifluted-carbide burs 5 /กล่อง"
"AS073409","Mathieu forceps /ชิ้น"
"AS073408","ADHESIVE Removing Pliers /ชิ้น"
"AS073407","Retactor 	 รูปทรง V /ชิ้น"
"AS073406","Distal End Cutter ขนาด .012.-.021x.025 /ชิ้น"
"AS073405","Bracket Holder with Aligner /ตัว"
"AS073404","Bracket Holder /ตัว"
"AS073403","ที่ถ่างปากสีใส T shape ขนาด S /ชิ้น"
"AS073402","ตัวนำไหมขัดฟัน 5 ชิ้น /ซอง"
"AS073401","ด้ามยึดพร้อมเส้นใยขัดฟัน 40 ชิ้น /กล่อง"
"AS073400","Gutta percha 4% taper เบอร์ 15-140 120 อัน /กล่อง"
"AS073399","Rotary file ความยาว 11 มม. 3 ตัว /แพ็ค"
"AS073398","ฟันพลาสติก ผ่านการ Preparation ซี่ 46 /ซี่"
"AS073397","ฟันพลาสติก ผ่านการ Preparation ซี่ 14 /ซี่"
"AS073396","ฟันพลาสติก ผ่านการ Preparation ซี่ 23 /ซี่"
"AS073395","ฟันพลาสติก ผ่านการ Preparation ซี่ 11 /ซี่"
"AS073394","ฟันพลาสติก ซี่ 11 /ซี่"
"AS073393","Gypsum plaster, typeIV, die stone 15 กิโลกรัม /กล่อง"
"AS073392","Polyester resin & hardener /ชุด"
"AS073391","FG Carbide pear shaped เบอร์ 010 /ชิ้น"
"AS073390","Rubber dam frame ขนาด 5x5 /ชิ้น"
"AS073389","แบบพิมพ์สำเร็จสำหรับซี่ฟันแท้ ขนาดใหญ่ 4เท่า ซี่ 46 /ชิ้น"
"AS073388","แบบพิมพ์สำเร็จสำหรับซี่ฟันแท้ ขนาดใหญ่ 4เท่า ซี่ 14 /ชิ้น"
"AS073387","แบบพิมพ์สำเร็จสำหรับซี่ฟันแท้ ขนาดใหญ่ 4เท่า ซี่ 23 /ชิ้น"
"AS073386","แบบพิมพ์สำเร็จสำหรับซี่ฟันแท้ ขนาดใหญ่ 4เท่า ซี่ 11 /ชิ้น"
"AS073385","ผ้าห่อเครื่องมือ ขนาด 12""x12"" /ผืน"
"AS073384","ฟันพลาสติก ซี่ 43 /ซี่"
"AS073383","Flame shaped finishing Steel burs RA ความยาวก้าน 22 cm 5 ชิ้น /แผง"
"AS073382","Round Finishing Steel Burs RA ความยาวก้าน 22 cm 5 ชิ้น /แผง"
"AS073381","Diamond bur FG fine needle เบอร์ 012 คาดเหลือง /ชิ้น"
"AS073380","Diamond bur FG fine needle เบอร์ 012 คาดแดง /ชิ้น"
"AS073379","FG Cylinder flat end diamond เบอร์ 012 คาดน้ำเงิน /ชิ้น"
"AS073378","FG Cylinder flat end diamond เบอร์ 010 คาดน้ำเงิน /ชิ้น"
"AS073377","RA Round carbide เบอร์ 018 /ชิ้น"
"AS073376","RA Round carbide เบอร์ 014 /ชิ้น"
"AS073375","RA Round carbide เบอร์ 012 /ชิ้น"
"AS073374","RA Cylinder flat end diamond เบอร์ 10 คาดน้ำเงิน /ชิ้น"
"AS073373","Silver diamine fluoride complex 5 ml 1 ชิ้น /ชิ้น"
"AS073372","Sectional Matrix Refill ความหนา 0.05 mm Size Medium 50 ชิ้น /กล่อง"
"AS073371","Sectional Matrix Refill ความหนา 0.05 mm Size Small 50 ชิ้น /กล่อง"
"AS073370","กระเป๋าพยาบาลพร้อมยา 35x24x21 ซม. /ใบ"
"AS073369","K-flex file ขนาด 15 ความยาว 25 มม. 6 /ชิ้น /กล่อง"
"AS073368","FG Safe tip taper diamond เบอร์ 012 ส่วนหัวรูปทรงปลายเรียว ส่วนก้านแบบยาว /ชิ้น"
"AS073367","RA Long shank round carbide เบอร์ 012 ส่วนหัวรูปทรงกลม ส่วนก้านแบบยาว /ชิ้น"
"AS073366","Diamond bur FG extra fine round เบอร์ 023 คาดเหลือง /ชิ้น"
"AS073365","Diamond bur FG fine needle เบอร์ 010 คาดเหลือง /ชิ้น"
"AS073364","Diamond bur FG fine needle เบอร์ 010 คาดแดง /ชิ้น"
"AS073363","Diamond bur FG extra fine pointed football เบอร์ 016 คาดเหลือง /ชิ้น"
"AS073362","Diamond bur FG fine pointed football เบอร์ 016 คาดแดง /ชิ้น"
"AS073361","Diamond bur FG extra fine long flame เบอร์ 012 คาดเหลือง /ชิ้น"
"AS073360","Diamond bur FG fine long flame เบอร์ 012 คาดแดง /ชิ้น"
"AS073359","RA Round carbide เบอร์ 016 ส่วนหัวรูปทรงกลม ส่วนก้านแบบยาว /ชิ้น"
"AS073358","RA Round carbide เบอร์ 014 ส่วนหัวรูปทรงกลม ส่วนก้านแบบยาว /ชิ้น"
"AS073357","Dycal carrier ทรงกลม /ชิ้น"
"AS073356","Excavator เบอร์ 17 ปลายเครื่องมือกว้าง 1.5 มม. ปลายมน /ชิ้น"
"AS073355","Mylar Matrix Strip (Clear celluloid strip) ความหนา 0.04 mm. กว้าง 9 mm. ความยาว 15 เมตร /กล่อง"
"AS073354","Mylar Matrix Strip (Clear celluloid strip) ความหนา 0.04 mm. กว้าง 8 mm. ความยาว 15 เมตร /กล่อง"
"AS073353","Lentulo spiral ความยาว 21 mm. ขนาด 30 /กล่อง"
"AS073352","Endodontic explorer เบอร์ 31L /ชิ้น"
"AS073351","Endodontic explorer เบอร์ DG16 /ชิ้น"
"AS073350","Luxator elevator (2C) (EL2CSM) แบบโค้ง เส้นผ่าศูนย์กลาง 2 มม. /ชิ้น"
"AS073349","Luxator elevator (2S) (EL2SSM) แบบตรง เส้นผ่าศูนย์กลาง 2 มม. /ชิ้น"
"AS073348","EPITEX MEDIUM Refill ความยาว 10 เมตร /กล่อง"
"AS073347","EPITEX COARSE Refill ความยาว 10 เมตร /กล่อง"
"AS073346","Blade holder NO.3 /ชิ้น"
"AS073345","แผ่นทดสอบประสิทธิภาพเครื่องนึ่งฆ่าเชื้อด้วยระบบไอน้ำ 100 ชิ้น /กล่อง"
"AS073344","สเปรย์หล่อลื่นเครื่องมือ สีใสบรรจุในขวดสเปรย์อลูมิเนียม 400 ml /ขวด"
"AS073343","ซีเมนต์ยึดชิ้นงานครอบฟัน แบบถาวร (Panavia V5 Professional kit) /ชุด"
"AS073342","ชุดหัวกรองานเซรามิกส์วีเนียร์ (Set ceramic veneer system Chulalongkorn University) /ชุด"
"AS073341","เดือยฟันสำเร็จรูป (Glassix+Plus refill ) เบอร์ 4 10 ตัว /กล่อง"
"AS073340","เดือยฟันสำเร็จรูป (Glassix+Plus refill ) เบอร์ 3 10 ตัว /กล่อง"
"AS073339","เดือยฟันสำเร็จรูป (Glassix+Plus refill ) เบอร์ 2 10 ตัว /กล่อง"
"AS073338","เดือยฟันสำเร็จรูป (Glassix+Plus refill ) เบอร์ 1 10 ตัว /กล่อง"
"AS073337","ชุดเดือยฟันสำเร็จรูป Glassix+Plus Kit /ชุด"
"AS073336","ขี้ผึ้งแต่งฟัน สี Natural dentine (Renfert wax) 75 กรัม /ก้อน"
"AS073335","สารยึดติดทางทันตกรรม ระบบ 2-Step Self-etch /กล่อง"
"AS073334","Elastic tooth separator 1 แพ็ค /แพ็ค"
"AS073333","Assure Bonding Resin 6 cc. /ขวด"
"AS073332","Australian wire special plus 0.2 /ม้วน"
"AS073331","Australian wire special plus 0.18 /ม้วน"
"AS073330","Australian wire special plus 0.16 /ม้วน"
"AS073329","Australian wire special plus 0.14 /ม้วน"
"AS073328","Dental stone type II (Moldafix) 20 Kg /ลัง"
"AS073327","EDTA cream /หลอด"
"AS073326","Round diamond bur RA #014 /ชิ้น"
"AS073325","Round diamond bur FG #016 /ชิ้น"
"AS073324","Round diamond bur FG #014 /ชิ้น"
"AS073323","Round diamond bur FG #008 /ชิ้น"
"AS073322","Eucaryptus oil /ขวด"
"AS073321","NiTi open coil (medium) /ม้วน"
"AS073320","NiTi open coil (light) /ม้วน"
"AS073319","Imaging plate size 0 แผ่นเพลทรับภาพรังสี 4 ชิ้น /กล่อง"
"AS073318","Plain film 1 film per envelope Size 2 100 ชิ้น /กล่อง"
"AS073317","Plain film 1 film per envelope Size 1 100 ชิ้น /กล่อง"
"AS073316","Dental Mouth gag Size M /ชิ้น"
"AS073315","Calcium hydroxide iodoform mixture /ชุด"
"AS073314","Bracket for 6 /ชิ้น"
"AS073313","Self-cured acrylic monomer #red with fiber, 1000 ml /ชุด"
"AS073312","Self-cured acrylic powder #red with fiber, 1kg /ชุด"
"AS073311","Self-cured acrylic powder #white, 1kg /ชุด"
"AS073310","RA Composhape fine football /ชิ้น"
"AS073309","RA Composhape fine long flame /ชิ้น"
"AS073308","RA Composhape fine short flame /ชิ้น"
"AS073307","RA Composhape coarse football /ชิ้น"
"AS073306","RA Composhape coarse long flame /ชิ้น"
"AS073305","FG Composhape fine Needle /ชิ้น"
"AS073304","FG Composhape fine flame /ชิ้น"
"AS073303","FG Composhape coarse flame /ชิ้น"
"AS073302","RA Round end taper #016,6mm /ชิ้น"
"AS073301","RA Thin taper #012,7mm /ชิ้น"
"AS073300","Ivory matrix band no. 15 12 ชิ้น /ถุง"
"AS073299","Ivory matrix band no. 12 12 ชิ้น /ถุง"
"AS073298","Stainless steel matrix band 0.04mm*7mm 3 เมตร /กล่อง"
"AS073297","Stainless steel matrix band 0.03mm*7mm 3 เมตร /กล่อง"
"AS073296","Stainless steel matrix band 0.04mm*5mm 3 เมตร /กล่อง"
"AS073295","สารห้ามเลือด Haemostais solution /ขวด"
"AS073294","สารฟลูออไรด์เคลือบฟัน (1.23% APF gel) /ขวด"
"AS073293","น้ำยาเก็บรักษาเซลล์ผิวฟัน (Hank’s Balanced Salt Solution) 35 ml. /กล่อง"
"AS073292","Gutta percha cone (main cone) No. 55 120 ชิ้น /กล่อง"
"AS073291","Gutta percha cone (main cone) No. 50 120 ชิ้น /กล่อง"
"AS073290","Gutta percha cone (main cone) No. 45 120 ชิ้น /กล่อง"
"AS073289","Gutta percha cone (main cone) No. 40 120 ชิ้น /กล่อง"
"AS073288","Gutta percha cone (main cone) No. 35 120 ชิ้น /กล่อง"
"AS073287","Gutta percha cone (main cone) No. 30 120 ชิ้น /กล่อง"
"AS073286","Gate glidden drill 32 mm. #3 /กล่อง"
"AS073285","Gate glidden drill 32 mm. #2 /กล่อง"
"AS073284","Gate glidden drill 32 mm. #1-6 /กล่อง"
"AS073283","Gate glidden drill 28 mm. #4 /กล่อง"
"AS073282","Gates Glidden Drill (หัวเข็มเจาะ) ยาว 28 mm NO.1-6 /กล่อง"
"AS073281","Lentulo spiral 21 mm. #25 /กล่อง"
"AS073280","Lentulo spiral 21 mm. #25-40 /กล่อง"
"AS073279","Lentulo spiral 25 mm. #25 /กล่อง"
"AS073278","Lentulo spiral 25 mm. #25-40 /กล่อง"
"AS073277","ชุดตรวจฟันร้าว /กล่อง"
"AS073276","สารยึดติดสำหรับอุดคลองรากฟัน (Root canal sealer) 25 กรัม /กระปุก"
"AS073275","ยา Camphophenol 15 ml. /ขวด"
"AS073274","เข็มฉีดยา(Hyprodemic dental needle) ขนาด 25 ความยาว 25 มิลลิเมตร 100 ชิ้น /กล่อง"
"AS073273","น้ำยาล้างคลองรากฟัน 2.5% Sodium Hypochlorite 500 ml. /ขวด"
"AS073272","น้ำยาล้างคลองรากฟัน 2% Chlorhexidine 500 ml. /ขวด"
"AS073271","น้ำยาแช่เครื่องมือทางทันตกรรม 1 ลิตร /แกลลอน"
"AS073270","น้ำยาล้างท่อดูดน้ำลาย 2 ลิตร /แกลลอน"
"AS073269","ยาชา 20% Benzocaine ชนิดเจล 30 กรัม /ขวด"
"AS073268","เข็มฉีดยา (Hyprodemic needle) ขนาด 27 ความยาว 25 มิลลิเมตร 100 ชิ้น /กล่อง"
"AS073267","Mouth prop size M /ชิ้น"
"AS073266","T-band matrix กว้าง 6 mm. 12 ชิ้น /ถุง"
"AS073265","ชุดถาดเคลือบฟลูออไรด์ ประกอบด้วย ถาดเคลือบฟลูออไรด์ เบอร์ S=6 อัน,M=8อัน,L=6อัน /ชุด"
"AS073264","หัวขัดมันอะคริลิกแบบแผ่นวงกลม /อัน"
"AS073263","Diamond disc ชนิดปลายตัด 2 ด้าน /อัน"
"AS073262","ข้อต่อหัวกรอ /ชิ้น"
"AS073261","Photo Contrastor ชนิดด้านข้างและริมฝีปาก ขนาดเล็ก /อัน"
"AS073260","Photo Contrastor ชนิดด้านข้างและริมฝีปาก ขนาดใหญ่ /อัน"
"AS073259","Photo Contrastor ชนิดด้านสบฟัน ขนาดเล็ก /อัน"
"AS073258","Photo Contrastor ชนิดด้านสบฟัน ขนาดใหญ่ /อัน"
"AS073257","ขี้ผึ้งบันทึกการกัดสบ Alu wax สีเขียว 12 แผ่น /กล่อง"
"AS073256","ขี้ผึ้งเอนกประสงค์ Utility wax (68 แท่ง) 320 กรัม /กล่อง"
"AS073255","แผ่นพลาสติกกั้นฟันชนิดใส (Clear celluloid strip) ขนาด 9 mm 1 ม้วน /กล่อง"
"AS073254","แผ่นพลาสติกกั้นฟันชนิดใส (Clear celluloid strip) ขนาด 8 mm 1 ม้วน /กล่อง"
"AS073253","Matrix Band Stainless steel matrix band ขนาด 6 mm 1 ม้วน /กล่อง"
"AS073252","Matrix band Stainless steel matrix band ขนาด 4 mm 1 ม้วน /กล่อง"
"AS073251","ด้ายแยกเหงือก เบอร์ 2 /กล่อง"
"AS073250","แผ่นพลาสติกกันสารกระเด็น Refilled face shield /ชิ้น"
"AS073249","อุปกรณ์นำส่งวัสดุซ่อมคลองราก Endo gun /ชิ้น"
"AS073248","วัสดุเช็คการสบฟันแบบบางพิเศษ Shimstock foil 1 ชิ้น /กล่อง"
"AS073247","ปลายสำหรับเครื่องฉีดผสมวัสดุเรซินซีเมนต์ (Mixing Tip) 15 ชิ้น /ถุง"
"AS073246","สารยึดติดชิ้นงาน Systemp.link Refill 2x6 g transparent 2 หลอด /กล่อง"
"AS073245","แท่งพลาสติกยึดจับชิ้นงาน OptraStick Refill 48 อัน /แพ็ค"
"AS073244","สารเตรียมผิวชิ้นงาน IPS Ceramic Etching Gel Kit 5 ml. /ขวด"
"AS073243","สารทำความสะอาดพื้นผิวชิ้นงาน Ivoclean 1 ขวด /กล่อง"
"AS073242","วัสดุยึดชิ้นงาน Variolink N Professional set/ Monobond N /ชุด"
"AS073241","แถบสีใช้เปรียบเทียบกับสีฟัน A-D shade guide Ivoclar komplett 1 อัน /กล่อง"
"AS073240","แถบเทียบสีฟัน IPS Natural Die Material Shade Guide 1 อัน /กล่อง"
"AS073239","วัสดุสำหรับการทำครอบฟันชั่วคราว shade A3 Transcen temp C&B LC 3 แพ็ค /กล่อง"
"AS073238","สารสำหรับบูรณะชิ้นงานออนเลย์ (onlay) 3 หลอด /แพ็ค"
"AS073237","สารสำหรับบูรณะชิ้นงานอินเลย์ (inlay) 3 หลอด /แพ็ค"
"AS073236","ปลายฉีด (Tip) สำหรับวัสดุอุดคลองรากฟัน (Intraoral canal tip) 15 ชิ้น /ถุง"
"AS073235","Intra oral tips yellow 50 ชิ้น /ถุง"
"AS073234","ปลายฉีดวัสดุชนิดเติม MulticoreFlow Mixing tip refill 50 ชิ้น /ถุง"
"AS073233","ปืนสำหรับวัสดุก่อแกนฟัน Multicore Dispencer refill 1 อัน /อัน"
"AS073232","วัสดุสร้างแกนฟันและยึดเดือยฟัน MulticoreFlow refill 50 g (Light shade) 50 กรัม/หลอด 1 หลอด /กล่อง"
"AS073231","สารยึดติดเดือยฟัน 50 ชิ้น /กล่อง"
"AS073230","แผ่นยางดึงรั้งแก้มและริมฝีปาก OptraGate 40 ชิ้น /กล่อง"
"AS073229","หัวขัดซิลิโคน (Silicone polisher) สีชมพู /ชิ้น"
"AS073228","หัวขัดซิลิโคน (Silicone polisher) สีเขียว /ชิ้น"
"AS073227","หัวขัดซิลิโคน (Silicone polisher) สีเทา /ชิ้น"
"AS073226","ชุดหัวขัดซิลิโคน (Silicone polisher) 24 ตัว /ชุด"
"AS073225","หัวยางขัดฟัน ชนิดมีก้าน (Rubber cup with Mandrel) 1 ชิ้น /ชิ้น"
"AS073224","สเปรย์เย็นทดสอบความไวของเนื้อเยื่อในโพรงประสาทฟัน Refrigerant spray 200 ml. /กระป๋อง"
"AS073223","SE NiTi 1725 RCS Lower 10 ชิ้น 10 ชิ้น /แพ็ค"
"AS073222","Fissure Carbide bur #21 5 ชิ้น /แผง"
"AS073221","Round Carbide bur ก้านยาว HP #023 5 ชิ้น /แผง"
"AS073220","Round Carbide bur ก้านยาว HP #021 5 ชิ้น /แผง"
"AS073219","FG Composhape fine small round 5 ชิ้น /แผง"
"AS073218","FG Composhape fine football 5 ชิ้น /แผง"
"AS073217","FG Composhape fine long flame 5 ชิ้น /แผง"
"AS073216","FG Composhape fine short flame 5 ชิ้น /แผง"
"AS073215","FG Composhape coarse football 5 ชิ้น /แผง"
"AS073214","FG Composhape coarse long flame 5 ชิ้น /แผง"
"AS073213","RA Round carbide #012 5 ชิ้น /แผง"
"AS073212","RA Round carbide #010 5 ชิ้น /แผง"
"AS073211","RA Long shank round carbide bur #014 5 ชิ้น /แผง"
"AS073210","RA Long shank round carbide bur #010 5 ชิ้น /แผง"
"AS073209","NiTi hand file 25 mm. #15-40 6 ชิ้น /กล่อง"
"AS073208","NiTi hand file 21 mm. #45-80 6 ชิ้น /กล่อง"
"AS073207","NiTi hand file 21 mm. #15-40 6 ชิ้น /กล่อง"
"AS073206","C-file 25 mm. # 10 6 ชิ้น /แผง"
"AS073205","C-file 25 mm. # 08 6 ชิ้น /แผง"
"AS073204","C-file 21 mm # 10 6 ชิ้น /แผง"
"AS073203","C-file 21 mm # 08 6 ชิ้น /แผง"
"AS073202","Barbed Broach 21 mm # 15 10 ชิ้น /แผง"
"AS073201","Barbed Broach Assorted 21 mm 10 ชิ้น /แผง"
"AS073200","MTA carrier 1 ชิ้น /กล่อง"
"AS073199","วัสดุอุด MTA 4 ซอง /กล่อง"
"AS073198","Resin root canal sealer /กล่อง"
"AS073197","Nupro Prophylasis Paste /กระปุก"
"AS073196","อุปกรณ์ยึดฟิล์ม สำหรับการรักษาคลองรากฟัน (X-ray holder) 4 ชิ้น /กล่อง"
"AS073195","ซีเมนต์ยึดติดชั่วคราวชนิดผสมยูจินอล Base 50 g,Accelerator 15 g 2 หลอด /หลอด"
"AS073194","วัสดุคอมพาวด์เสริมขอบถาดพิม์ปาก Green stick compound /กล่อง"
"AS073193","น้ำยายึดติดวัสดุพิมพ์ปากกับถาดพิมพ์ปาก Polysulfide, Permlastic /ขวด"
"AS073192","วัสดุพิมพ์ปากโพลีซัลไฟด์ Polysulfide, Permlastic Base 100 g.,Catalyst 130 g /กล่อง"
"AS073191","K-flex file 25 mm. # 45-80 6 ชิ้น /กล่อง"
"AS073190","K-flex file 25 mm. # 15-40 6 ชิ้น /กล่อง"
"AS073189","K-flex file 21 mm.# 15 6 ชิ้น /กล่อง"
"AS073188","K-flex file 21 mm.# 45-80 6 ชิ้น /กล่อง"
"AS073187","K-flex file 21 mm.# 15-40 6 ชิ้น /กล่อง"
"AS073186","K-file 25 mm.#20 6 ชิ้น /กล่อง"
"AS073185","K-file 25 mm.# 15 6 ชิ้น /กล่อง"
"AS073184","K-file 25 mm.# 08 6 ชิ้น /กล่อง"
"AS073183","K-file 21 mm. # 15 6 ชิ้น /กล่อง"
"AS073182","H-file 25 mm.# 15 6 ชิ้น /กล่อง"
"AS073181","H-file 21 mm. # 45-80 6 ชิ้น /กล่อง"
"AS073180","H-file 21 mm. # 15 6 ชิ้น /กล่อง"
"AS073179","น้ำยาล้างสาย suctio 3.8 ml. 3..8 ลิตร /แกลลอน"
"AS073178","Rubber Dam Clamp (Clamp for Cl.V preparation M1W) /ชิ้น"
"AS073177","Rubber Dam Clamp (Clamp for Cl.V preparation AW) /ชิ้น"
"AS073176","Dental aerosol suction system เลือกขนาด M ซิลิโคน 10 ชิ้น+ข้อต่อ 6 อัน /ชุด"
"AS073175","วัสดุสำหรับขัดเงาเรซินคอมโพสิตหรือคอมโพเมอร์ Enhance POGO 30 ชิ้น /กล่อง"
"AS073174","วัสดุสำหรับขัดแต่งคอมโพสิตหรือคอมโพเมอร์ รูปถ้วย point 30 ชิ้น /กล่อง"
"AS073173","วัสดุสำหรับขัดแต่งคอมโพสิตหรือคอมโพเมอร์ รูปถ้วย disc 30 ชิ้น /กล่อง"
"AS073172","วัสดุสำหรับขัดแต่งคอมโพสิตหรือคอมโพเมอร์ รูปถ้วย cup 30 ชิ้น /กล่อง"
"AS073171","อุปกรณ์ประกอบการอุดฟันด้านประชิด (dark blue) Universal Ring 1 อัน , Narrow Ring 1 อัน /ชุด"
"AS073170","อุปกรณ์ประกอบการอุดฟันด้านประชิด (light blue) Universal Ring 1 อัน , Narrow Ring 1 อัน /ชุด"
"AS073169","ชุดแผ่นโลหะสำหรับการอุดฟันด้านประชิด Palodent V3 Kit /ชุด"
"AS073168","Endodontic stopper 200 ชิ้น /กล่อง"
"AS073167","Transbond Self Etching Primer 6 ml. /ขวด"
"AS073166","Transbond XT Light cure Adhesive Primer 6 ml. /ขวด"
"AS073165","Transbond plus color Change Adhesive 2 หลอด /แพ็ค"
"AS073164","Second molar band single tube #47 5 ชิ้น /แพ็ค"
"AS073163","Second molar band single tube #37 5 ชิ้น /แพ็ค"
"AS073162","Second molar band single tube #27 5 ชิ้น /แพ็ค"
"AS073161","Second molar band single tube #17 5 ชิ้น /แพ็ค"
"AS073160","First molar band with convertible double tube #46 5 ชิ้น /แพ็ค"
"AS073159","First molar band with convertible double tube #36 5 ชิ้น /แพ็ค"
"AS073158","First molar band with triple tube (HG) #26 5 ชิ้น /แพ็ค"
"AS073157","First molar band with triple tube (HG) #16 5 ชิ้น /แพ็ค"
"AS073156","ท่อจัดฟันด้านแกม Buccal tube ซี่ 47 5 ชิ้น /แพ็ค"
"AS073155","ท่อจัดฟันด้านแกม Buccal tube ซี่ 37 5 ชิ้น /แพ็ค"
"AS073154","ท่อจัดฟันด้านแกม Buccal tube ซี่ 27 5 ชิ้น /แพ็ค"
"AS073153","ท่อจัดฟันด้านแกม Buccal tube ซี่ 17 5 ชิ้น /แพ็ค"
"AS073152","ท่อจัดฟันด้านแกม แบบมีฝาเปิด Buccal tube ซี่ 46 5 ชิ้น /แพ็ค"
"AS073151","ท่อจัดฟันด้านแกม แบบมีฝาเปิด Buccal tube ซี่ 36 5 ชิ้น /แพ็ค"
"AS073150","ท่อจัดฟันด้านแกม แบบมีฝาเปิด Buccal tube ซี่ 26 5 ชิ้น /แพ็ค"
"AS073149","ท่อจัดฟันด้านแกม แบบมีฝาเปิด Buccal tube ซี่ 16 5 ชิ้น /แพ็ค"
"AS073148","แบรคแก็ตโลหะแบบรัดยาง ( Metal Bracket 022 MBT ) 20 ชิ้น /ชุด"
"AS073147","วัสดุขึ้นรูปฟันน้ำนมธรรมชาติเพื่อการบูรณะ สำหรับฟันตัด Strip crown Form-Pedo 5 ชิ้น /กล่อง"
"AS073146","Pedodontic Molar Bands kit 10 ชิ้น /ถุง"
"AS073145","แถบรัดฟันกราม (Pedodontic Molar Bands kit) /ชุด"
"AS073144","Cu NiTi 0.017x0.025 Lower large 10 เส้น /กล่อง"
"AS073143","Cu NiTi 0.017x0.025 Upper large 10 เส้น /กล่อง"
"AS073142","Cu NiTi 0.016x0.022 Lower large 10 เส้น /กล่อง"
"AS073141","Cu NiTi 0.016x0.022 Upper large 10 เส้น /กล่อง"
"AS073140","วัสดุบันทึกการสบฟัน (Imprint bite) /กล่อง"
"AS073139","Cartridge mixing tip, blue (for Protemp4) /กล่อง"
"AS073138","Cartridge dispenser 4:1/10:1 (for Protemp4) /ชุด"
"AS073137","Protemp4 tempolarization material refill shade A3 /กล่อง"
"AS073136","Protemp4 tempolarization material refill shade A2 /กล่อง"
"AS073135","Intra oral tip yellow 50 ชิ้น /ถุง"
"AS073134","Mixing tip yellow (for Light body) 50 ชิ้น /ถุง"
"AS073133","Mixing tip, green (for Heavy) 50 ชิ้น /ถุง"
"AS073132","Cartridge dispenser 1:1/2:1 /ชุด"
"AS073131","GIC base /หลอด"
"AS073130","Phosphoric acid 37% 9 CC. /ขวด"
"AS073129","Luxator elevator (Curve) 5 มม. /ชิ้น"
"AS073128","Luxator elevator (Straight) 2 มม. /ชิ้น"
"AS073127","Artery forcep 16 cm /ชิ้น"
"AS073126","Artery forcep 12 cm /ชิ้น"
"AS073125","Kids crown refill box 5pcs 5 ชิ้น /กล่อง"
"AS073124","Atraumatic needle (Mersilk) No.3 12 ชิ้น /กล่อง"
"AS073123","Atraumatic needle (Mersilk) No.4 12 ชิ้น /กล่อง"
"AS073122","Erich arch bar (WPAB) /กล่อง"
"AS073121","Freer elevator Straight and Curv 19 cm /อัน"
"AS073120","P&R repair kit /กล่อง"
"AS073119","Coe-Soft /กล่อง"
"AS073118","Coe-Comfort /กล่อง"
"AS073117","Solf-Liner /กล่อง"
"AS073116","Pressure indicator paste (PIP) + PIP removal /ชุด"
"AS073115","Ceramic primer II 3 ml. /ขวด"
"AS073114","น้ำยาปรับสภาพผิววัสดุทันตกรรม (G multi primer) 5 ml. /ขวด"
"AS073113","Zil Master finishing & polishing kit HP 4 ระดับ ความละเอียด /ชุด"
"AS073112","CAD/CAM preparation kit รูปร่างแตกต่างกัน 11 หัว /ชุด"
"AS073111","แผงฟันเทียมหลัง Rivera alpha shofu 35 แผง /ชุด"
"AS073110","แผงฟันเทียมหน้า Rivera alpha shofu 35 แผง /ชุด"
"AS073109","Mixing tip ใช้กับ Excaclear 48 อัน /กล่อง"
"AS073108","ปืนฉีด Excaclear 1 อัน /กล่อง"
"AS073107","วัสดุพิมพ์ปากซิลิโคนชนิดใส (Excaclear) 1 กล่อง /กล่อง"
"AS073106","Dura polish Dia 5 กรัม /กล่อง"
"AS073105","Dura polish 20 กรัม /กล่อง"
"AS073104","ครีมขัดมันผสมอนุภาคเพชร (Direct Dia paste) 1 กล่อง /กล่อง"
"AS073103","หัวขัดผ้าสักหลาด แบบแผ่นเรียบทรงกลม (Super snap buff disk (regular)) 25 ชิ้น /กล่อง"
"AS073102","ก้านต่อหัวขัด (Super snap mandrel CA) 6 อัน /กล่อง"
"AS073101","ชุดหัวขัดวัสดุอุดฟันแบบแผ่นเรียบทรงกลม (Super snap X Treme mini disk kit) 1 กล่อง /กล่อง"
"AS073100","ชุดขัดวัสดุอุดฟัน (Super snap X Treme standard disk kit) 1 กล่อง /กล่อง"
"AS073099","วัสดุครอบฟันชั่วคราวชนิดแท่งเรซินคอมโพสิต Light cure (Revotek LC) 1 กล่อง /กล่อง"
"AS073098","สีทาเคลือบเงาวัสดุทางทันตกรรม (Optiglaze color complete set) 1 ชุด /ชุด"
"AS073097","ปืนฉีดวัสดุ Type 50 10:1(Automix-Dispencer Type 50 10:1 (for LuxaBite)) 1 ชุด /ชุด"
"AS073096","ปลายฉีดวัสดุบันทึกการสบฟัน (25 Automix-Tips 10:1 (for Luxabite)) 25 ชิ้น /กล่อง"
"AS073095","วัสดุบันทึกการสบฟันชนิดแข็ง (LuxaBite package) 1 ชุด /ชุด"
"AS073094","ปลายผสมและฉีดวัสดุทำครอบฟันชั่วคราว 45 Automix-Tips Blue (10:1) (for LuxaTemp Star) 45 ชิ้น /กล่อง"
"AS073093","วัสดุครอบฟันชั่วคราวชนิดเรซินคอมโพสิต สี A3.5 (LuxaTemp Star (Shade A3.5)) 1 กล่อง /กล่อง"
"AS073092","วัสดุครอบฟันชั่วคราวชนิดเรซินคอมโพสิต สี A2 (LuxaTemp Star (Shade A2)) 1 กล่อง /กล่อง"
"AS073091","สารเคลือบเงาครอบฟันชั่วคราว (LuxaTemp-Glaze&Bond) LuxaTemp-Glaze&Bond 5 ml, brushes 25 ชิ้น 1 กล่อง /กล่อง"
"AS073090","ปูน Kromotypo4 (Dental stone type IV) 25 kg /ถัง"
"AS073089","ปูน Kromotypo3 (Dental stone type III) 25 kg /ถัง"
"AS073088","ปลายฉีดวัสดุพิมพ์ปาก Intraoral Tips Yellow 1:1 (50 Intraoral tips (for Silagum impression)ป 50 ชิ้น /กล่อง"
"AS073087","ปลายผสมวัสดุพิมพ์ปาก Tips Yellow 1:1 (50 Automix tips yellow 1:1 (for Silagum impression)) 50 ชิ้น /กล่อง"
"AS073086","Rubberdam clamp No.27N /ชิ้น"
"AS073085","Rubberdam clamp No.25 /ชิ้น"
"AS073084","Rubberdam clamp No.24 /ชิ้น"
"AS073083","Rubberdam clamp No.14A /ชิ้น"
"AS073082","Rubberdam clamp No.14 /ชิ้น"
"AS073081","Rubberdam clamp No.13A /ชิ้น"
"AS073080","Rubberdam clamp No.12A /ชิ้น"
"AS073079","Rubberdam clamp No.9 /ชิ้น"
"AS073078","Rubberdam clamp No.8A /ชิ้น"
"AS073077","Rubberdam clamp No.8 /ชิ้น"
"AS073076","Rubberdam clamp No.7 /ชิ้น"
"AS073075","Rubberdam clamp No.6 /ชิ้น"
"AS073074","Rubberdam clamp No.2A /ชิ้น"
"AS073073","Rubberdam clamp No.2 /ชิ้น"
"AS073072","Rubberdam clamp No.1 /ชิ้น"
"AS073071","Rubberdam clamp No.0 /ชิ้น"
"AS073070","Rubberdam clamp No.00 /ชิ้น"
"AS073069","เชือกกั้นฟัน (Wedjet) /ขวด"
"AS073068","Fuji IX GP - GI for restoration, Hand-mixed /กล่อง"
"AS073067","Fuji IX GP - GI for restoration, Capsule 30 แคปซูล /กล่อง"
"AS073066","Fuji VII - GI for restoration, Hand-mixed, White color /กล่อง"
"AS073065","Fuji VII - GI for restoration, Hand-mixed, Orange color /กล่อง"
"AS073064","วัสดุอุดฟันชนิดแก้วไอโอโนเมอร์ ชนิดแคปซูล (Fuji II LC®, RMGI for restoration, Capsule) 30 แคปซูล /กล่อง"
"AS073063","กาวยึดวัสดุบูรณะฟัน ชนิดไม่ล้างน้ำออก แบบขวดเดียว(Universal adhesive gen 8th) 5 ml. /ขวด"
"AS073062","ไตรแคลเซียมซิลิเกตซีเมนต์(Biodentine) 5 แคปซูล /กล่อง"
"AS073061","Articulating Paper แบบเคิบ 12 เล่ม /กล่อง"
"AS073060","ใบมีด No.15C 100 ชิ้น /กล่อง"
"AS073059","4% Articaine with epinephrine 1:100,000 1.7 ml 50 หลอด /กล่อง"
"AS073058","3% Mepivacaine HCl without epinephrine 1.8ml 50 หลอด /กล่อง"
"AS073057","2% Mepivacaine HCL with epinephrine 1:100,000 1.8 ml 50 หลอด /กล่อง"
"AS073056","เข็มเย็บแผล 3/8 Circle round 21 mm 12 ชิ้น /ซอง"
"AS073055","กระดาษเช็ดมือ 2 ชั้น ขนาด 24x21.5cm 250 แผ่น /ห่อ"
"AS073054","Wrap ห่ออาหารขนาด 12""x30cm x 300m หนา 10 micron 1 ม้วน /ม้วน"
"AS073053","Tincture of iodine 2.5% 450 ml. /กล่อง"
"AS073052","ซองซีลบรรจุเวชภัณฑ์ปลอดเชื้อ ชนิดขอบขยาย ขนาด 100 mm x 100 m / 100 เมตร / 1 ม้วน"
"AS073051","ว่าง"
"AS073048","ว่าง"
"AS073047","ว่าง"
"AS073050","Surgical Needles Cutting เข็มเย็บแผลแบบเหลี่ยม เบอร์ 28 / 100 ชิ้น /กล่อง"
"AS073049","Surgical Needles Cutting เข็มเย็บแผลแบบเหลี่ยม เบอร์ 32 / 100 ชิ้น /กล่อง"
"AS073046","ชุด SCRUB แบบฟรีไซส์ /ชุด"
"AS073045","ซองสเตอร์ไรด์ แบบเรียบ (FLAT) 100 mm. x 200 m./ ม้วน /ม้วน"
"AS073044","เทกาเดิร์ม แผ่นฟิล์มใสกันน้ำ 5 x 7 cm. /กล่อง"
"AS073039","ไหมเย็บแผลสีดำ เบอร์ 5/0 /ม้วน"
"AS073038","ไหมเย็บแผลสีดำ เบอร์ 4/0 /ม้วน"
"AS073037","ไหมเย็บแผลสีดำ เบอร์ 3/0 /ม้วน"
"AS073036","Laryngeal mask airway No.4 /อัน"
"AS073035","Laryngeal mask airway No.3 /อัน"
"AS073034","กระปุกเก็บปัสสาวะ ขนาด 60 มล. (50 ชิ้น/แพ็ค) 50 ชิ้น /แพ็ค"
"AS073033","Sputum tube หลอดเก็บเสมหะ (10 ชิ้น/แพ็ค) 10 ชิ้น /แพ็ค"
"AS073032","Urine meter ที่เก็บปัสสาวะแบบมีเครื่องวัด /ชิ้น"
"AS073031","Jet/bubble humidifier ขวดน้ำให้ความชื้น /ขวด"
"AS073030","Collar msak อุปกรณ์ช่วยผู้ป่วยเจาะคอ (ผู้ใหญ่) /ชุด"
"AS073029","ฝาอลูมิเนียม (1,000 ชิ้น/แพ็ค) 1000 ชิ้น แพ็ค"
"AS073028","ถาดสี่เหลียมตื้น 11"" (285 x 190 x 18 มม.) /ใบ"
"AS073027","เข็มเย็บแผลมีความคมด้านข้าง 3/8 circle 41 mm. SE-ME41 12 ชิ้น /โหล"
"AS073026","เข็มเย็บแผลแบบกลม 3/8 circle 41 mm. SE-TE41 12 ชิ้น /โหล"
"AS073025","ไหมเย็บแผล สีดำ ขนาด 2/0 /ม้วน"
"AS073024","Artery clamp คีมจับเส้นเลือดปลายโค้ง ขนาด 20 cm. /อัน"
"AS073023","Needle holder คีมจับเข็ม ขนาด 20 cm. /อัน"
"AS073022","เทกาเดิร์ม แผ่นฟิล์มใสกันน้ำ ขนาด 5 x 7 cm. /กล่อง"
"AS073021","ผ้าสี่เหลี่ยมเจาะกลาง ขนาด 30"" x 30"" ช่องกลาง ขนาด 5"" x 5"" /ผืน"
"AS073020","ใบมีดผ่าตัด No.11 /กล่อง"
"AS073019","Artery clamp คีมจับเส้นเลือดปลายโค้ง 14 cm. /ชิ้น"
"AS073018","ไหมเย็บแผลไนล่อน แบบติดเข็ม Cutting No.2-0 75 cm. 20 mm. /กล่อง"
"AS073017","ไหมเย็บแผลไนล่อน แบบติดเข็ม Cutting No.3-0 75 cm. 20 mm. /กล่อง"
"AS073016","IV set 20 dorp (ชุดให้น้ำเกลือผู้ใหญ่) /กล่อง"
"AS073015","Tracheostomy tube เบอร์ 6.5 /กล่อง"
"AS073014","เข็มเย็บแผล 1/2 circle round 28 cm (SE-TH28) 12 ชิ้น /โหล"
"AS073013","เอี๊ยมพลาสติกกันน้ำ กันเปื้อน (สีฟ้า) /ผืน"
"AS073012","ผ้ากันเปื้อน Disposeable /ห่อ"
"AS073011","ขวดนมเด็กขนาด 4 ออนซ์ /ขวด"
"AS073010","ET tube No.3.5 /กล่อง"
"AS073009","ET tube No.3 /กล่อง"
"AS073008","ชุดพ่นละอองยา (รุ่น AIR PRO 3000 PLUS) /ชุด"
"AS073007","Nebulizer Bottle ขนาด 500 cc. /ขวด"
"AS073006","Orogastric tube (OG tube) No.8 /กล่อง"
"AS073005","Orogastric tube (OG tube) No.5 /กล่อง"
"AS073004","Bandage 4 นิ้ว /ถุง"
"AS073003","Skin traction (ผู้ใหญ่) /กล่อง"
"AS073002","Disposable flow meter connector Green (หางปลา) /ถุง"
"AS073001","Tegaderm film ขนาด 6 x 7 cm. /กล่อง"
"AS073000","Needle No. 23 x 1 1/2 นิ้ว /กล่อง"
"AS072999","Needle No. 23 x 1 นิ้ว /กล่อง"
"AS072998","Needle No.20 x 1 นิ้ว /กล่อง"
"AS072997","Needle No.18 x 1 1/2 นิ้ว /กล่อง"
"AS072996","ลูกสูบยางแดงซิลิโคน เด็ก เบอร์ 1 /ลูก"
"AS072995","หน้ากากออกซิเจน พร้อมถุงลม (Oxygen mask with bag) ผู้ใหญ่ /ชุด"
"AS072994","สาย Oxygen cannula (ผู้ใหญ่) /ชุด"
"AS072993","ถาดหลุมสำหรับใส่อุปกรณ์ทำแผล /ใบ"
"AS072992","Medicut No.18G x 1 1/4"" 50 อัน /กล่อง"
"AS072991","Medicut No.20G x 1 1/4"" 50 อัน /กล่อง"
"AS072990","Medicut No.24G x 1"" 50 อัน /กล่อง"
"AS072989","Medicut No.22G x 1"" 50 อัน /กล่อง"
"AS072988","Extension tube ขนาด 42 นิ้ว 50 ชิ้น /กล่อง"
"AS072987","สายดูดเสมหะ (Suction) เบอร์ 10 50 เส้น /ถุง"
"AS072986","สายดูดเสมหะ (Suction) เบอร์ 8 50 เส้น /ถุง"
"AS072985","ปรอทวัดไข้แบบดิจิตอล /อัน"
"AS072984","Stainless steel crown ฟันแท้ /ชุด"
"AS072983","Finishing Strips Coarse / Medium 150 ชิ้น /กล่อง"
"AS072982","Extra-thin contouring and polishing Discs kit /ชุด"
"AS072981","White Sealant System Refill  /ขวด"
"AS072980","3-step total-etch, multi-Purpose Adhesive kit /ชุด"
"AS072979","Glass Ionomer Luting Cement Introductory Kit /ชุด"
"AS072978","Stainless steel crwon no. E3 ( Lower left second primary molar) 2 ชิ้น /กล่อง"
"AS072977","green silicone (กรอช้า) /ตัว"
"AS072976","brown silicone (กรอช้า) /ตัว"
"AS072975","Frame shape green stone (กรอช้า) /ตัว"
"AS072974","Frame shape white stone (กรอช้า) /ตัว"
"AS072973","frame shape finishing bur (กรอช้า) 6 ตัว /กล่อง"
"AS072972","paper mixing pad 50 แผ่น /เล่ม"
"AS072971","papoose board size xL /อัน"
"AS072970","papoose board size L /อัน"
"AS072969","papoose board size M /อัน"
"AS072968","papoose board size S /อัน"
"AS072967","Gypsum plaster, type III, dental stone 10 กก. /กล่อง"
"AS072966","Tofflemire matrix band no.102 (Broad) 12 ชิ้น /ซอง"
"AS072965","Tofflemire matrix band no.101 (Universal) 12 ชิ้น /ซอง"
"AS072964","Mylar Matrix Strip (Clear celluloid strip) 10 mm /กล่อง"
"AS072963","Lip Cheek Retractor, Lip retractor no.2424 /ชิ้น"
"AS072962","Lip Cheek Retractor, Vestibulum retractor no.2427 /ชิ้น"
"AS072961","Fog-Free Photo Mirror with LED light /ชุด"
"AS072960","Rhodium-Front Surface, Double side coat /ชุด"
"AS072959","Resin Modified Glass Ionomer for restoration, Capsule /กล่อง"
"AS072958","BUR HP Large greenie silicone 12 ชิ้น /กล่อง"
"AS072957","BUR HP Large brownie silicone 12 ชิ้น /กล่อง"
"AS072956","BUR HP Flame shape white stone 12 ชิ้น /กล่อง"
"AS072955","BUR HP Flame shape green stone 12 ชิ้น /กล่อง"
"AS072954","Glass ionomer for restoration, Hand-mixed, pink color /กล่อง"
"AS072953","Glass ionomer for restoration, Hand-mixed /กล่อง"
"AS072952","Resin-modified glass ionomer for restoration, Hand-mixed shade A3 /กล่อง"
"AS072951","Self-cured acrylic set #temporary crown,Ivory /ชุด"
"AS072950","Gypsum plaster, type III, orthodontic stone #white 25 กก. /ถัง"
"AS072949","แผงฟันเทียม lower posterior teeth สี A3 #M34 (35.3mm, 10.4mm, 0) /แผง"
"AS072948","แผงฟันเทียม lower posterior teeth สี A3 #M32 (33.2mm, 9.8mm, 0) /แผง"
"AS072947","แผงฟันเทียม lower posterior teeth สี A3 #M30 (31.1mm, 9.2mm, 0) /แผง"
"AS072946","แผงฟันเทียม lower posterior teeth สี A3 #M32 (35.4mm, 9.4mm, 20) /แผง"
"AS072945","แผงฟันเทียม lower posterior teeth สี A3 #M30 (32.0mm, 8.8mm, 20) /แผง"
"AS072944","แผงฟันเทียม lower posterior teeth สี A3 #M28 /แผง"
"AS072943","แผงฟันเทียม lower posterior teeth สี A3 #M34 (35.9mm, 9.2mm,30) /แผง"
"AS072942","แผงฟันเทียม lower posterior teeth สี A3 #M32 (33.7mm, 8.4mm, 30) /แผง"
"AS072941","แผงฟันเทียม lower posterior teeth สี A3 #M30 (31.7mm, 8.3mm, 30) /แผง"
"AS072940","แผงฟันเทียม upper posterior teeth สี A3 #M34 (34.0mm, 10.9mm, 0) /แผง"
"AS072939","แผงฟันเทียม upper posterior teeth สี A3 #M32 (32.0mm, 10.3mm, 0) /แผง"
"AS072938","แผงฟันเทียม upper posterior teeth สี A3 #M30 (30.0mm, 9.7mm, 0) /แผง"
"AS072937","แผงฟันเทียม upper posterior teeth สี A3 #M32 (33.2mm, 9.1mm, 20) /แผง"
"AS072936","แผงฟันเทียม upper posterior teeth สี A3 #M30 (30.0mm, 8.5mm, 20) /แผง"
"AS072935","แผงฟันเทียม upper posterior teeth สี A3 #M28 /แผง"
"AS072934","แผงฟันเทียม upper posterior teeth สี A3 #M34 (34.0mm, 9.5mm, 30) /แผง"
"AS072933","แผงฟันเทียม upper posterior teeth สี A3 #M32 (31.4mm, 8.4mm, 30) /แผง"
"AS072932","แผงฟันเทียม upper posterior teeth สี A3 #M30 (30.6mm, 8.3mm, 30) /แผง"
"AS072931","แผงฟันเทียม lower anterior teeth สี A3 #S4L /แผง"
"AS072930","แผงฟันเทียม lower anterior teeth สี A3 #S3L /แผง"
"AS072929","แผงฟันเทียม lower anterior teeth สี A3 #L10 /แผง"
"AS072928","แผงฟันเทียม lower anterior teeth สี A3 #L8 /แผง"
"AS072927","แผงฟันเทียม lower anterior teeth สี A3 #L7 /แผง"
"AS072926","แผงฟันเทียม lower anterior teeth สี A3 #L6 /แผง"
"AS072925","แผงฟันเทียม lower anterior teeth สี A3 #L4 /แผง"
"AS072924","แผงฟันเทียม lower anterior teeth สี A3 #L2 /แผง"
"AS072923","แผงฟันเทียม upper anterior teeth สี A3 #O5 /แผง"
"AS072922","แผงฟันเทียม upper anterior teeth สี A3 #O4 /แผง"
"AS072921","แผงฟันเทียม upper anterior teeth สี A3 #O2 /แผง"
"AS072920","แผงฟันเทียม upper anterior teeth สี A3 #S7 /แผง"
"AS072919","แผงฟันเทียม upper anterior teeth สี A3 #S5 /แผง"
"AS072918","แผงฟันเทียม upper anterior teeth สี A3 #S4 /แผง"
"AS072917","แผงฟันเทียม upper anterior teeth สี A3 #TL6 /แผง"
"AS072916","แผงฟันเทียม upper anterior teeth สี A3 #TL5 /แผง"
"AS072915","แผงฟันเทียม upper anterior teeth สี A3 #T6 /แผง"
"AS072914","แผงฟันเทียม upper anterior teeth สี A3 #T4 /แผง"
"AS072913","แผงฟันเทียม upper anterior teeth สี A3 #T2 /แผง"
"AS072912","แผงฟันเทียม upper anterior teeth สี A3 #T1 /แผง"
"AS072911","Micro tube with Cap PP 2 ml 1000 ชิ้น /แพ็ค"
"AS072910","เครื่องวัดระดับกลูโคส 1 เครื่อง /กล่อง"
"AS072909","เข็มเจาะเลือด 25 ชิ้น /กล่อง"
"AS072908","แถบตรวจน้ำตาล 25 แผ่น /กล่อง"
"AS072907","TIP 200 ul Clear 200 UL 1000 ชิ้น /แพ็ค"
"AS072906","TIP 10 ul Clear 10 UL 1000 ชิ้น /แพ็ค"
"AS072905","UNIVERSAL FIT TIP STERILE 100-1000UL 100-1000 UL 96 ชิ้น /กล่อง"
"AS072904","TIP STERILE 1-200UL 1-200 UL 96 ชิ้น /กล่อง"
"AS072903","TIP STERILE 10UL 10 UL 96 ชิ้น /กล่อง"
"AS072902","Separatory Funnel 2000 mll /ขวด"
"AS072901","Separatory Funnel 1000 mll /ขวด"
"AS072900","High impact acrylic in standard kit 20 หลอด /ชุด"
"AS072899","Bur HP carbide ทรงดอกบัวปลายมน ขนาด #060,12 mm คาดแดง /ชิ้น"
"AS072898","Bur HP carbide ทรงดอกบัว ขนาด #070,14 mm คาดดำ /ชิ้น"
"AS072897","Bur FG egg shape #016, 3mm คาดเหลือง /ชิ้น"
"AS072896","Bur FG egg shape #016, 3mm คาดน้ำเงิน /ชิ้น"
"AS072895","Bur HP Green silicone torpedo cylindrical ขนาด #050,16 mm /ชิ้น"
"AS072894","Bur HP Brown silicone torpedo cylindrical ขนาด #050,16 mm /ชิ้น"
"AS072893","Bur HP Pink stone flame standard ขนาด #060,10 mm /ชิ้น"
"AS072892","Bur HP Brown stone conical domed ขนาด #035,10 mm /ชิ้น"
"AS072891","BUR FG Round end taper #014, short shank คาดน้ำเงิน /ชิ้น"
"AS072890","BUR FG Round end taper #014,8mm คาดเหลือง /ชิ้น"
"AS072889","BUR FG Round end taper #014,8mm คาดแดง /ชิ้น"
"AS072888","BUR FG Round end taper #014,8mm คาดน้ำเงิน /ชิ้น"
"AS072887","BUR FG Round end taper #012,8mm คาดน้ำเงิน /ชิ้น"
"AS072886","BUR FG Round end taper #016,6mm (เทียบเท่า Intensiv D8) /ชิ้น"
"AS072885","BUR RA Round carbide long shank #014 /ชิ้น"
"AS072884","Nanohybrid Composite shade A3.5E /หลอด"
"AS072883","Nanohybrid Composite shade A3E /หลอด"
"AS072882","FC 2 spill amalgam regular set 600mg 500 caps/Jar 500 แคปซูล /กระปุก"
"AS072881","Esthetic composite, shade A2E 1 /ชุด"
"AS072880","3-step total-etch dental adhesive in bottle Kit 1 /ชุด"
"AS072879","File K-file 25mm #10 6 ชิ้น /กล่อง"
"AS072878","File K-file 21mm #10 6 ชิ้น /กล่อง"
"AS072877","File K-file 21mm #8 6 ชิ้น /กล่อง"
"AS072876","File K-Files 25mm #45-80 6 ชิ้น /กล่อง"
"AS072875","File K-Files 25mm #15-40 6 ชิ้น /กล่อง"
"AS072874","File K-Files 21mm #45-80 6 ชิ้น /กล่อง"
"AS072873","File K-Files 21mm #15-40 6 ชิ้น /กล่อง"
"AS072872","File H-Files 25mm #15-40 6 ชิ้น /กล่อง"
"AS072871","File H-Files 21mm #15-40 6 ชิ้น /กล่อง"
"AS072870","BUR RA Composhape kit 1 ชุด /ชุด"
"AS072869","Finger spreader ABCD 25 mm 4 ตัว /กล่อง"
"AS072868","FG Cylinder flat end diamond #012,4mm /ชิ้น"
"AS072867","RA Mendrel /ชิ้น"
"AS072866","Block-out resin /ชุด"
"AS072865","Calcium Hydroxide paste /ชุด"
"AS072864","Indicator Tape ขนาด 18 mm. /ม้วน"
"AS072863","กล่องใส่ของแลป 1 /ใบ"
"AS072862","Sectional matrix 1 /ชุด"
"AS072861","Wooden wedge Size S (Handmade) 100 อัน /กระปุก"
"AS072860","Wooden wedge Size M (Handmade) 100 อัน /กระปุก"
"AS072859","Wooden wedge Size L (Handmade) 100 อัน /กระปุก"
"AS072858","Radiopaque & Light transmitting Fiber post 1 /ชุด"
"AS072857","Stainless steel wrought wire guage 20, 0.036"", 0.914 mm, hard 1 /ม้วน"
"AS072856","Super glue, Cyanoacrylate 3 กรัม /หลอด"
"AS072855","Heat curing acrylic set #red with fiber, 1kg set 1 /กล่อง"
"AS072854","Self-cured acrylic monomer #for orthodontics, 1000ml 1,000 ml. /ขวด"
"AS072853","Self-cured acrylic powder #for orthodontics, 1kg 1 กก. /กล่อง"
"AS072852","Stainless steel wrought wire gauge 23, 0.024"", 0.610mm, spring hard 1 /ม้วน"
"AS072851","Stainless steel wrought wire gauge 22, 0.028"", 0.711mm, spring hard 1 /ม้วน"
"AS072850","Stainless steel wrought wire gauge 21 , 0.032"", 0.813mm, spring hard 1 /ม้วน"
"AS072849","Hypodemic needle 27 gauge 100 ชิ้น /กล่อง"
"AS072848","Gutta percha accessory cone XF box 100 ชิ้น /กล่อง"
"AS072847","Gutta percha accessory cone MF box 100 ชิ้น /กล่อง"
"AS072846","Gutta percha accessory cone FF box 100 ชิ้น /กล่อง"
"AS072845","Gates Glidden Drill 28mm #3 6 ชิ้น /กล่อง"
"AS072844","Gates Glidden Drill 28mm #2 6 ชิ้น /กล่อง"
"AS072843","Zinc oxide root canal sealer 25 กรัม /กระปุก"
"AS072842","Eucalyptus oil 1 ขวด /กล่อง"
"AS072838","สมุนไพรเปลือกข้ายอบแห้ง / 1 กิโลกรัม"
"AS072841","ซองชาแบบมีเชือก ขนาด 5x6 ซม. / 100 ชิ้น / แพ็ค"
"AS072840","แป้งมันสำปะหลัง / 1 กิโลกรัม"
"AS072839","น้ำผึ้ง / 1000 กรัม"
"AS072837","สมุนไพรดอกจำปีอบแห้ง / 1 กิโลกรัม"
"AS072836","สมุนไพรโกฐชฏามังสีอบแห้ง / 1 กิโลกรัม"
"AS072835","สมุนไพรโกฐกระดูกอบแห้ง / 1 กิโลกรัม"
"AS072834","สมุนไพรเทียนเยาวภาณีอบแห้ง / 1 กิโลกรัม"
"AS072833","สมุนไพรรากส้มกุ้งอบแห้ง / 1 กิโลกรัม"
"AS072832","สมุนไพรใบสวาทอบแห้ง / 1 กิโลกรัม"
"AS072831","สมุนไพรใบส้มป่อยอบแห้ง /1 กิโลกรัม"
"AS072830","สมุนไพรรากปลาไหลเผือกอบแห้ง /1 กิโลกรัม"
"AS072829","สมุนไพรเถาบระเพ็ดอบแห้ง /1 กิโลกรัม"
"AS072828","สมุนไพรมะขามป้อมอบแห้ง /1 กิโลกรัม"
"AS072794","กระดาษโครมาโตรกราฟี ขนาด 46×57 ซม. /กล่อง"
"AS072804","เครื่องชั่งสปริงพลาสติกใส ขนาด 2 กก. ต่อ 20 นิวตัน /อัน"
"AS072827","Bottle wide mouth PP 250ml /ชิ้น"
"AS072826","Bottle wide mouth PP 1L. /ชิ้น"
"AS072825","Bottle wide mouth PP 2L. /ชิ้น"
"AS072824","Magnetic bar 15x6mm /ชิ้น"
"AS072823","ถุงมือยาง ไซด์ L 100 ชิ้น /กล่อง"
"AS072822","ถุงมือยาง ไซด์ M 100 ชิ้น /กล่อง"
"AS072821","ถุงมือยาง ไซด์ S 100 ชิ้น /กล่อง"
"AS072820","ชุดป้องกันร่างกาย /ชิ้น"
"AS072819","หน้ากากป้องกันฝุ่นละอองและเชื้อโรค 20 ชิ้น /กล่อง"
"AS072818","ยากำจัดยุงในบ้านเรือน 1 ลิตร /ขวด"
"AS072817","เข็มฉีดยา 26G*0.5 นิ้ว (0.45*13 mm) /100 ชิ้น / กล่อง"
"AS072816","เจลแอลกอฮอล์ 99.99% ขนาด 5,000 ml / แกลลอน"
"AS072428","ผงซักฟอก ขนาด 2,700 กรัม / ถุง"
"AS072427","Betadine Antiseptic Solution ขนาด 30ml. /24 ขวด / กล่อง"
"AS072815","สำลีก้อน ขนาด 40 g /ห่อ"
"AS072814","พลาสเตอร์ปิดแผล ชนิดพลาสติก พลาสติกสีเนื้อ ขนาด 19mm. x 72mm. 100 ชิ้น /กล่อง"
"AS072813","พลาสเตอร์ยาบรรเทาปวด ขนาด 4x6.3 เซนติเมตร 10 ชิ้น /ซอง"
"AS072812","แม่เหล็กแรงสูง Neodymium ทรงกลมแบน 10×3 mm. /ชุด"
"AS072811","แม่เหล็กแรงสูง Neodymium ทรงสี่เหลี่ยม 20×10×3 mm. /ชุด"
"AS072810","แม่เหล็กแรงสูง Neodymium ทรงกลมแบน 15×2 mm. /ชุด"
"AS072809","ถุงทราย ขนาด 200 กรัม /ถุง"
"AS072808","ถุงทราย ขนาด 500 กรัม /ถุง"
"AS072807","อุปกรณ์ทดสอบไฟฟ้าสถิต (อิเล็คโตรสโคป) /ชุด"
"AS072806","แผ่นเกรตติ้ง ขนาด 25,400 เส้น/ตร.นิ้ว /ชุด"
"AS072805","แผ่นเกรตติ้ง ขนาด 13,400 เส้น/ตร.นิ้ว /ชุด"
"AS072803","ข้อต่อ เป็นอุปกรณ์ที่ใช้สำหรับยึดอุปกรณ์ต่างๆ ในการทดลองโดยประกอบเข้ากับขาตั้ง /อัน"
"AS072802","ขาตั้ง (สแตนพร้อมเสา) ฐานทำด้วยเหล็กหล่อรูปสี่เหลี่ยมขนาด 12x19 ซม. เสาทำด้วย เหล็กกลมตัน /อัน"
"AS072801","สเปคโตรสโคป /ชิ้น"
"AS072800","หุ่นยนต์ Makeblock mBot Neo V.2 /ตัว"
"AS072799","ชุดหุ่นประกอบ Smart Camera Add-on Pack /ชุด"
"AS072798","ลูกยางปิเปต ลูกยางเป็นรูปทรงกลม 3 ซม. ภายในกลวง/ด้านหนึ่งมีปลายยื่นออก มีรูสำหรับสวมหลอดปิเปต เส้นผ่านศูนย์กลางประมาณ 0.5 ซม. /อัน"
"AS072797","ขวดบีบน้ำกลั่น ขนาด 250 ซีซี /ขวด"
"AS072796","Stage Micrometer (แผ่นสไลด์สำหรับวัดขนาดตัวอย่างสำหรับกล้องจุลทรรศน์ /อัน"
"AS072795","ชุดอุปกรณ์สาธิตการแยกสารละลายด้วยไฟฟ้า /ชุด"
"AS072793","สีย้อม Methyline Blue /ขวด"
"AS072792","กระดาษกรอง (Filter paper) #102 ขนาด 11 ซม. /กล่อง"
"AS072791","เข็มป้อนสารสัตว์ทดลองหัวกลม Medical Grade ของแข็ง เบอร์ 18 ขนาด 1.5 นิ้ว 2 ชิ้น /ชุด"
"AS072790","เข็มป้อนสารสัตว์ทดลองหัวกลม Medical Grade ของแข็ง เบอร์16 ขนาด 4นิ้ว 2 ชิ้น /ชุด"
"AS072789","เข็มปีกเสื้อ สก๊าวเวน Medical Grade ของแข็ง เบอร์ 24 50 ชิ้น /กล่อง"
"AS072788","เข็มปีกผีเสื้อ สก๊าวเวน Medical Grade ของแข็ง เบอร์22 50 ชิ้น /กล่อง"
"AS072787","ไซริงค์พลาสติกไม่ติดเข็ม Medical Grade ของแข็ง 3 มล. 100 ชิ้น /กล่อง"
"AS072786","ไซริงค์พลาสติกไม่ติดเข็ม Medical Grade ของแข็ง 1 มล. 100 ชิ้น /กล่อง"
"AS072785","Alcohol gel  C2H5OH64-17-5 AR ของเหลว Refill 5 ลิตร /แกลลอน"
"AS072784","Union solution  C2H5OH64-17-5 AR ของเหลว 0.95 20 ลิตร /ถัง"
"AS072783","กำมะถัน 25 กก. /ถุง"
"AS072782","ปากคีบ (Forcep) ปลายมน 7 นิ้ว /ชิ้น"
"AS072781","หลอดหยดพลาสติก (Disposable transfer pipette) 1 ml / ชิ้น"
"AS072780","ซองซีลบรรจุเวชภัณฑ์ปลอดเชื้อ ขนาด 200 mm 200 m /ม้วน"
"AS072779","ซองซีลบรรจุเวชภัณฑ์ปลอดเชื้อ ขนาด 55 mm 200 m /ม้วน"
"AS072778","กระเป๋า A /ใบ"
"AS072777","แผ่นแอลกแฮอล์ 100 แผ่น /กล่อง"
"AS072776","ชุดพ่นยา ผู้ใหญ่ /ชุด"
"AS072775","เข็มฉีดยา 23*1.5 นิ้ว 100 อัน /กล่อง"
"AS072774","เข็มฉีดยา 18*1.5 นิ้ว  100 อัน /กล่อง"
"AS072773","IV Catheter 16*2นิ้ว  50 อัน /กล่อง"
"AS072772","กาแก้วล้างตา /ใบ"
"AS072771","ไหมเย็บแผล แบบไม่ติดเข็ม (silk) 0 /กล่อง"
"AS072770","ไหมเย็บแผล แบบไม่ติดเข็ม (silk) 1/0 /กล่อง"
"AS072769","ไหมเย็บแผล แบบไม่ติดเข็ม (silk) 2/0 /กล่อง"
"AS072768","ถุงขยะสีแดง 35*45นิ้ว /กก"
"AS072767","Teagderm 6*7 ซม. 100 แผ่น /กล่อง"
"AS072766","Hypafix 10cm*10m /ม้วน"
"AS072765","Anti-Human Globulin (anit-lgG/anti-C3d) (Rabbit and Human MoAb) 10 mL liquid 10 ml /ขวด"
"AS072764","Anti-P1 (Human MoAb) (lgM) 5 mL liquid 5 ml /ขวด"
"AS072763","Anti-MUT (Human MoAb) (lgM) 5 mL liquid 5 ml /ขวด"
"AS072762","Anti-C (Human MoAb) 5 mL liquid 5 ml /ขวด"
"AS072761","Anti-E (Human MoAb) 5 mL liquid 5 ml /ขวด"
"AS072760","Anti-D (lgG) (Human MoAb) 10 mL liquid 10 ml /ขวด"
"AS072759","Anti-D (lgM/lgG) (Human MoAb) 10 mL liquid 10 ml /ขวด"
"AS072426","ถาดสี่เหลี่ยมสแตนเลส ขนาด 9 นิ้ว / 1 อัน"
"AS071913","พลาสเตอร์ปิดแผลชนิดผ้า 100 ชิ้น /กล่อง (Domiphen Bromide 0.15%)"
"AS072758","ซองกันชื้น ชิ้นละ 1 กรัม /1000 ชิ้น / แพ็ค"
"AS072755","ชามรูปไต ขนาด 6 นิ้ว /อัน"
"AS072754","Condenser ไส้กระเปาะ ขนาด 30 ซม.45/40 /อัน"
"AS072756","กล่องเครื่องมือแพทย์ ขนาด 8*5*2 นิ้ว /อัน"
"AS072757","ถาดสแตนเลส 35*26 ซม. /อัน"
"AS072753","ขวดดูแรน ขนาด 250 ml สีชา /ขวด"
"AS072752","ขวดดูแรน ขนาด 250 ml สีใส /ขวด"
"AS072751","ขวดดูแรน ขนาด 500 ml สีชา /ขวด"
"AS072750","ขวดดูแรน ขนาด 500 ml สีใส /ขวด"
"AS072749","ขวดดูแรน ขนาด 1000 ml สีชา /ขวด"
"AS072748","ขวดดูแรน ขนาด 1000 ml สีใส /ขวด"
"AS072747","Counting Chamber Improved Neubauer HBG with cover glass 1 แผ่น /กล่อง"
"AS072746","Hyperfilm 50 แผ่น /กล่อง"
"AS072745","Blue tip box 1 /ชิ้น"
"AS072744","Yellow tip box 1 /ชิ้น"
"AS072743","ด้ายจุดระเบิด 500 เส้น /ชุด"
"AS072742","Extract Thimbles ขนาด 33 mm x 18 mm 25 ชิ้น /กล่อง"
"AS072741","สายยาง Vacumm pump dia 20/10 mm /เมตร"
"AS072740","Alcohol , แอลกอฮอล์ / 70% /1 ลิตร , 1000 ml"
"AS072739","หน้ากากอนามัยแบบมีวาลว์ระบายอากาศ FFP2 / 20 ชิ้น / กล่อง"
"AS072738","Gas detector, CO / 5-2000 ppm / 10 ชิ้น / กล่อง"
"AS072737","Gas detector, CO2 /100-4000ppm / 10 ชิ้น / กล่อง"
"AS072736","Gas detector, O3 /2.5-100ppm / 10 ชิ้น / กล่อง"
"AS072735","Gas detector, O2 /1.5-24% / 10 ชิ้น / กล่อง"
"AS072734","โฟมอุดหูลดเสียงชนิดมีสาย 100 ชิ้น / กล่อง"
"AS072733","กระดาษกรอง ชนิด MCE ขนาด 37 mm, 0.8 um / 100 แผ่น / กล่อง"
"AS072732","ถุงเก็บตัวอย่างอากาศ (Bag Tedlar) ขนาด 10 ลิตร / 10 ใบ / แพค"
"AS072731","ขวดก้นกลม ขนาด 500ml ขนาดข้อต่อ 29/32 mm"
"AS072730","เข็มให้น้ำเกลือ และสารละลายทางหลอดเลือดดำ (IV Catheters) ขนาด 22 * 1 นิ้ว / 50 ชิ้น /กล่อง"
"AS072729","เข็มฉีดยา (Disposs Needle) ขนาด 24g * 1.5 นิ้ว / 100 ชิ้น / กล่อง"
"AS072728","เข็มฉีดยา (Disposs Needle) ขนาด 24g * 1 นิ้ว / 100 ชิ้น / กล่อง"
"AS072727","เทปติดของสะอาด (Autoclave) ขนาด 1/2 นิ้ว * 60 yds."
"AS072726","เข็มเย็บแผล (Sutting Needles Cutting) เบอร์ 32 / 10 ชิ้น / ซอง"
"AS072725","เข็มเย็บแผล (Sutting Needles Cutting) เบอร์ 28 / 10 ชิ้น / ซอง"
"AS072724","ชุดเข็มปีกผีเสื้อ (scalp vein set) No 21G 50 ชุด /กล่อง"
"AS072723","ฝาอะลูมิเนียมสำหรับปิดขวดฉีดยา 1000 ชื้น /แพ็ค"
"AS072722","จุกยางสำหรับปิดขวดฉีดยา 1000 ชื้น /แพ็ค"
"AS072721","สำลีก้อนชุบแอลกอฮอล์ (Alcohol Cotton Ball) 12 แผง /กล่อง"
"AS072720","ช้อนตักสารสเตนเลส เบอร์ 16 /ชิ้น"
"AS072719","ตะแกรงโฟมลอยตัวสำหรับใส่หลอดทดลอง (Floating foam tube rack) 20 ช่อง /อัน"
"AS072718","หมอนรองแขนเจาะเลือด /ชุด"
"AS072717","สายรัดแขนเจาะเลือด (tourniquet) /เส้น"
"AS072716","กระดาษเช็ดเลนส์ 100×150 มิลลิเมตร 25 แผ่น /แพ็ค"
"AS072715","ฝาหลอดทดลองสีม่วง (Cap for test tube) 16X150 มิลลิเมตร /อัน"
"AS072714","ฝาครอบหลอดทดลอง สีม่วง (Cap for test tube) 13X100 มิลลิเมตร /อัน"
"AS072713","หลอดเก็บตัวอย่างเลือด (heparinized vacuum tube) 10 มิลลิลิตร 100 ชิ้น /แพ็ค"
"AS072712","หลอดไมโครเซนตริฟิวก์ ทิวป์ (Micro-Centrifuge tube) 5 มิลลิลิตร 300 ชิ้น /แพ็ค"
"AS072711","ขวดพลาสติกปากกว้าง HDPE 125 มิลลิลิตร /ขวด"
"AS072710","ขวดพลาสติกปากกว้าง HDPE 60 มิลลิลิตร /ขวด"
"AS072709","ขวดแก้วยาฉีด 100 มิลลิลิตร /ขวด"
"AS072708","ขวดแก้วยาฉีด 10 มิลลิลิตร /ขวด"
"AS072707","ขวดวัดปริมาตร (Volumetric Flask) 200 มิลลิลิตร /ขวด"
"AS072706","อ่างใส่สารละลาย (Reagent basin V shape) 60 มิลลิลิตร 5 ชิ้น /กล่อง"
"AS072705","กรวยกรองบุชเนอร์เซรามิค (Buchner Funnel Porcelain) 125 มิลลิเมตร /อัน"
"AS072704","กระบอกตวงพลาสติก (cylinder) 250 มิลลิลิตร /อัน"
"AS072703","หลอดดูดสารพลาสติก 1 ml. /อัน /แพ็ค"
"AS072702","เมทิลแอลกอฮอล์ 20 ลิตร /ถัง"
"AS072701","เอทิลแอลกอฮอล์ 18 ลิตร /ถัง"
"AS072700","อะชิโตน (Acetone PE) ขนาด 1 ลิตร /ขวด"
"AS072699","ขวดยาหม่อง 25 g /ขวด"
"AS072698","แก๊สหุงต้ม (ปิ๊กนิ๊ก)+ขาตั้ง 4 kg 1 ชุด"
"AS072697","เนื้อแก๊สออกซิเจนทางการแพทย์ บรรจุ 4 คิว /ท่อ"
"AS072696","ชามรูปไต ขนาด 8 นิ้ว"
"AS072695","อุปกรณ์กระตุ้นไฟฟ้า 14 ชิ้น / 1 ชุด"
"AS072694","เข็มฝังเข็ม ขนาด 0.16*13 mm. / 100 ชิ้น / กล่อง"
"AS072693","Thumb (Dressing) Forceps 10 นิ้ว /ชิ้น"
"AS072692","Thumb (Dressing) Forceps 7 นิ้ว /ชิ้น"
"AS072691","กรรไกรตัดเขี้ยวสุกร ตัดฟันหมู 14 ซม. /อัน"
"AS072690","ฝาหลอดทดลองพลาสติก 16 มม. /200 ชิ้น /แพ็ค"
"AS072689","ขวดเก็บสารละลายสีชา (Laboratory bottle amber) 500 ml /ใบ"
"AS072688","ขวดเก็บสารละลายสีชา (Laboratory bottle amber) 1000 ml /ใบ"
"AS072687","แปรงล้างหลอดทดลอง 3.5 ซม. /อัน"
"AS072686","แมสดีสโพส สีเขียว 3 ชั้น /50 ชิ้น /กล่อง"
"AS072685","Beaker 1 ลิตร /ชิ้น"
"AS072684","ไส้ตะเกียงแอลกอฮอล์ /12 อัน /กล่อง"
"AS072683","หลอดกลั่นไนโตรเจน (Digestion tube) 42*300 มม. /3 หลอด /กล่อง"
"AS072682","กรรไกรผ่าตัด 9 ซม. /อัน"
"AS072681","กล่อง PP มีฝาปิด 30*20*13 ซม. /ใบ"
"AS072680","แท่งแก้วคนสาร (Stirring Rod) 12 นิ้ว /ชิ้น"
"AS072679","แท่งแก้วคนสาร (Stirring Rod) 10 นิ้ว /ชิ้น"
"AS072678","ELEVETION LADDER solid /ชิ้น"
"AS072677","AGILITY TRAINER PRO solid /ชิ้น"
"AS072676","AGILITY CONES solid /ชิ้น"
"AS072675","KETTLE BELLS-6KG solid /ชิ้น"
"AS072631","ร้ัวกระโดดสปีด ขนาด 9 นิ้ว/ชิ้น"
"AS072674","แผ่นประคบร้อนไฟฟ้า ขนาด 40x60 ชม. /แผ่น"
"AS072673","แผ่นประคบร้อนไฟฟ้า 30x45 ชม. /แผ่น"
"AS072672","แผ่นประคบเย็น 23x23 ชม. /แผ่น"
"AS072671","หน้ากากอนามัย N95 รุ่น 9105 50 ชิ้น /กล่อง"
"AS072670","สำลีก้อนชุปแอลกอฮอล์ 10 ก้อน /แผน 40 แผง /กล่อง"
"AS072669","PRP BAND-MEDIUM solid ชิ้น /ชิ้น"
"AS072668","PRP BAND-LIGHT solid ชิ้น /ชิ้น"
"AS072667","BARREL Exercise Rolled-Soft solid ชิ้น /ชิ้น"
"AS072666","MED BALL-8LBS solid ลูก /ลูก"
"AS072665","MED BALL-6LBS solid ลูก /ลูก"
"AS072664","TRAINER BALL solid ลูก /ลูก"
"AS072663","FOOT MASSAGE BALL solid ชิ้น /ชิ้น"
"AS072662","MINI BANDS- RED solid 10 ชิ้น /แพ็ค"
"AS072661","MINI BANDS- YELLOW solid 10 ชิ้น /แพ็ค"
"AS072660","เจลล้างมือ 400 กรัม /ขวด"
"AS072622","ผ้าเทปพยุงข้อต่อ Elastic Adhesive Bandage (EAB) solid กว้าง 3 นิ้ว /ม้วน"
"AS072659","OUT GLASS PLT W/1mmSP,5M-P3 5 แผ่น /แพ็ค"
"AS072658","Mini Protean System Glass Plates 5 แผ่น /แพ็ค"
"AS072657","ถ้วยกรองแบบแก้ว ก้นตรง(Glass Filter crucibles Por 2) ขนาดรูกรอง 40 - 100 ไมครอน(Velp) 6 ชิ้น /กล่อง"
"AS072656","อุปกรณ์ช่วยในการกระตุ้นเนื้อเยื่อสำหรับสัตว์ทดลอง 1 ชุด 1 ชุด กล่อง"
"AS072655","หลอดเซนติฟิว (Oak Ridge Centrifuge Tube เนื้อ PPCO) 50 มิลลิลิตร 10 หลอด /กล่อง"
"AS072654","หน้ากากคาร์บอน (MASK CARBON) 50 ชิ้น 50 ชิ้น /กล่อง"
"AS072653","Filter tip (long low binding Filter Tips , Sterile) 1000 ไมโครลิตร 96 ชิ้น /กล่อง"
"AS072652","Filter tip (long low binding Filter Tips , Sterile) 200 ไมโครลิตร 96 ชิ้น /กล่อง"
"AS072651","Filter tip (long low binding Filter Tips , Sterile) 20 ไมโครลิตร 96 ชิ้น /กล่อง"
"AS072650","Filter tip (long low binding Filter Tips , Sterile) 10 ไมโครลิตร 96 ชิ้น /กล่อง"
"AS072649","กระดานไม้ฝึกการทรงตัวแบบหนึ่งทิศทาง (Uni-axial balance board) solid /ชิ้น"
"AS072648","ลูกบอลนวด ฝึกการทรงตัว แบบมีหนาม ครึ่งวงกลม (Spiky Hemisphere Massage Balancing Ball) solid /ชิ้น"
"AS072647","เบาะรองสำหรับฝึกการทรงตัวทรงกลม (Balance Pad) solid /ชิ้น"
"AS072646","เชือกฝึกทรงตัว (Slackline) solid /ชุด"
"AS072645","รั้วกระโดดข้ามปรับระดับได้ 1 เซ็ต 5 ชิ้น solid /ชุด"
"AS072644","บันไดสปีดแลดเดอร์ (Agility/speed ladder) 11 ขั้น solid 6 เมตร /ชุด"
"AS072643","WOOD PLYO BOX solid ขนาด40x60 cm /ชุด"
"AS072642","NIF-Tee respiraory apparatu-smiths 33-3500 /Non-rebreathing T-Piece solid /ชุด"
"AS072641","พัฟฟองน้ำล้างหน้ารูปไข่ใหญ่ solid /ชิ้น"
"AS072640","Threshold IMT อุปกรณ์ฝึกความแข็งแรงของกล้ามเนื้อหายใจ solid /ชิ้น"
"AS072639","ถ้วยพลาสติกแบบมีฝาปิด PP40 solid ขนาด 40 ml /แพ็ค"
"AS072638","ถุงเหลี่ยมอเนกประสงคเล็ก solid 22x22x27.5 ซม. /ชิ้น"
"AS072637","ถ่านพานาโซนิคขนาด D(สีดาํ รุ่น R20NT/2SL) solid 24 ก้อน /กล่อง"
"AS072636","ถ่านกระดุม LR41 192/1.5V LR41 Maxell Calcuator Battery solid 10 ก้อน /แพ็ค"
"AS072635","แผ่นตรวจน้ำตาล (Accu-Chek Guide/test strip) solid 50 ชิ้น /กล่อง"
"AS072634","หน้ากากออกซิเจนพร้อมถุงลม (oxygen mask with bag) solid 1 /ชิ้น"
"AS072633","สายดูดเสมหะ ชนิดไม่มี Control เบอร์ 14 solid 50 เส้น /แพ็ค"
"AS072632","สายดูดเสมหะ ชนิดไม่มี Control เบอร์ 12 solid 50 เส้น /แพ็ค"
"AS072630","แบตเตอรี่ Olympus Digital Camera Battery รุ่น LI-40B/42B (3.7V 900 mAh) solid /ก้อน"
"AS072629","ถ้วยใส Plastic Cup GPPS 7 Oz x 50 Pcs solid 50 ชิ้น /แพ็ค"
"AS072628","พาราฟินแว๊กซ์ (Paraffin wax) solid /ปอนด์"
"AS072627","เจลว่านหางจระเข้ 100% (Banana Boat Aloe Vera Gel) solid 90 ml /หลอด"
"AS072626","ยิมบอลลูกเล็ก (Wall ball) น้ำหนัก 2 กิโลกรัม solid /ลูก"
"AS072625","อุปกรณ์ป้องกันปลายเท้าตก (Foot sling) solid /ชิ้น"
"AS072624","อุปกรณ์พยุงข้อไหล่ (Bobath sling) solid /ชิ้น"
"AS072623","เครื่องวัดความดันแบบกระเป๋า รุ่น E-mega สีดำ solid /เครื่อง"
"AS072621","บันไดกันไฟ LITE FG305 6 ฟุต สีดำ-เหลือง solid /ชิ้น"
"AS072620","ผ้าตัดเสื้อกันน้ำลายเด็กสำหรับใส่ฝึกปฏิบัติงาน solid /เมตร"
"AS072619","สายออกซิเจนแคนนูล่าผู้ใหญ่ solid /ชิ้น"
"AS072618","ท่อต่อตรงและท่อต่อรูป L (L tube) สำหรับต่อเครื่อง BreatheMAX v.2 solid /ชุด"
"AS072617","อุปกรณ์ฝึกหายใจ BreatheMAX v.2 solid /ชุด"
"AS072616","หน้ากากเจาะคอ (Trachea mask) พร้อม Oxygen adaptor Gelmed solid /ชุด"
"AS072615","ท่อหลอดลมคอ (tracheostomy tube) ชนิดโลหะ เบอร์ 5 Zentech solid /ชุด"
"AS072614","ท่อหลอดลมคอ (tracheostomy tube) ชนิดพลาสติก เบอร์ 8 Maxi Care solid /ชุด"
"AS072613","ผ้าล็อค สำหรับนักกีฬา ขนาด 4 นิ้ว solid 3 ม้วน /กระบอก"
"AS072612","ผ้าล็อค สำหรับนักกีฬา ขนาด 0.5 นิ้ว solid 24 ม้วน /กระบอก"
"AS072611","ชุดกาวน์ผ่าตัดพร้อมหมวกสีเขียว แบบผ้า solid 1 ชุด /แพ็ค"
"AS072610","BTL-1300 Remote control with 2 buttons solid 1 ชิ้น /แพ็ค"
"AS072609","MicroGard IIC solid 1 ชิ้น /แพ็ค"
"AS072608","Supreno SE International Size M 100 ชิ้น /กล่อง"
"AS072607","Countess Cell Counting Chamber Slides 50 ชิ้น /แพค"
"AS072606","Face Mask Solid สีเขียวแบบคล้องหู 50 ชิ้น /กล่อง"
"AS072605","CPE Gown Solid /ชิ้น"
"AS072603","ยาเบนดอน 4% ผง 30 กรัม /ซอง"
"AS072604","ยาBerenil 7% แบบน้ำ 90 ซี.ซี /ขวด"
"AS072602","ยาซิบฟอส แบบน้ำ 100 ซี.ซี /ขวด"
"AS072601","ยาไบโอคาตาลิน แบบน้ำ 100 ซี.ซี /ขวด"
"AS072600","ยาไอเวอร์เม็ก เอฟ พลัส แบบน้ำ 100 ซี.ซี /ขวด"
"AS072599","ยาคาโตซาล 10% แบบน้ำ 100 ซี.ซี /ขวด"
"AS072598","ตะแกรงสแตนเลส 1 ช่อง /ชิ้น"
"AS072597","Philadelphia collar เฝือกคอ L /อัน"
"AS072596","Philadelphia collar เฝือกคอ M /อัน"
"AS072595","ยางรัด /ถุง"
"AS072594","แผ่นอีพีอีโฟม หนา 0.5 นิ้ว 50 x 100 cm. /แผ่น"
"AS072593","ท่อช่วยหายใจ (Endotracheal tube) ขนาด 2.5 10 เส้น /กล่อง"
"AS072592","ถุงเก็บปัสสาวะเด็ก 100 ml. 50 ใบ /กล่อง"
"AS072591","กรวยพ่นยา (Spacer) เด็ก /อัน"
"AS072590","Set พ่นยาเด็ก รูปการ์ตูน เด็ก /ชุด"
"AS072589","สายยางให้ออกซิเจนทางจมูก (Nasal Cannula) เด็ก /เส้น"
"AS072588","หน้ากากออกซิเจน พร้อมถุงลม (Oxygen mask with bag) เด็ก /ชุด"
"AS072587","สายดูดเสมหะ (Suction) เบอร์ 14 50 เส้น /กล่อง"
"AS072586","สายดูดเสมหะ (Suction) เบอร์ 12 50 เส้น /กล่อง"
"AS072585","สายดูดเสมหะ (Suction) เบอร์ 6 50 เส้น /กล่อง"
"AS072584","แป้นสำหรับติดถุงเก็บอุจจาระ 57 mm. 10 ชิ้น /กล่อง"
"AS072583","แป้นสำหรับติดถุงเก็บอุจจาระ 45 mm. 10 ชิ้น /กล่อง"
"AS072582","ถุงเก็บอุจจาระ 57 mm. 10 ชิ้น /กล่อง"
"AS072581","ถุงเก็บอุจจาระ 45 mm. 10 ชิ้น /กล่อง"
"AS072580","ถุงยางอนามัย 52 mm. 12 ชิ้น /กล่อง"
"AS072579","Set IV ให้เลือด 18G x 1 1/2 นิ้ว 50 ชุด /ถุง"
"AS072578","สายยางให้อาหาร (NG Tube) เบอร์ 18 50 เส้น /กล่อง"
"AS072577","ที่ครอบตา (Eye shied) ข้างซ้าย 25 ชิ้น /กล่อง"
"AS072576","ที่ครอบตา (Eye shied) ข้างขวา 25 ชิ้น /กล่อง"
"AS072575","ผ้าพันเคล็ด (Bandage) 3 นิ้ว 12 ชิ้น /ถุง"
"AS072574","เทปแต่งแผลชนิดเยื่อกระดาษ (Micropore) 1/2 x 10 yd. 24 ม้วน /กล่อง"
"AS072573","ผ้าก๊อซพับ 3x4 นิ้ว 100 ชิ้น /ห่อ"
"AS072572","ผ้าก๊อซพับ 3x3 นิ้ว 100 ชิ้น /ห่อ"
"AS072571","ผ้าก๊อซพับ 2x2 นิ้ว 100 ชิ้น /ห่อ"
"AS072570","ไม้สำลีก้านยาว L 100 ก้าน /ห่อ"
"AS072569","ไม้สำลีก้านยาว M 100 ก้าน /ห่อ"
"AS071760","*ยกเลิก*ผ้าก๊อซพับ 3 x 3 นิ้ว"
"AS072568","ถุงขยะแดง แบบสกรีนสัญลักษณ์ Bihazard 610mm x 810mm, 200/cs 30*40 นิ้ว solid 200 ชิ้น /แพ็ค"
"AS072567","กระจกสไลด์หลุม (Concavity culture slides) 25.4*76.2 mm 72 ชิ้น /กล่อง"
"AS071726","กระจกสไลด์ 1 หลุม (Concavity culture slides) 25.4x76.2 mm /ชิ้น"
"AS072566","ขวดหยดสีใส (Dropping bottle, Clear-glass) 10 ml /ใบ"
"AS072565","กล่องเก็บหลอดเซนติฟิว (Centrifuge tube box) 100 ช่อง /ใบ"
"AS072564","ขวดหยดพลาสติก 30 ml /ชิ้น"
"AS072563","กระบอกตวงพลาสติกพร้อมฐานหกเหลี่ยม (Measuring Cylinder plastic with spout,Hexagonal base) 25 ml /ชิ้น"
"AS072562","กระบอกตวงพลาสติกพร้อมฐานหกเหลี่ยม (Measuring Cylinder plastic with spout,Hexagonal base) 10 ml /ชิ้น"
"AS072561","Glass Viscometer size 100 /ชิ้น"
"AS072560","กล่องใส่ปิเปตต์ทิป (Pipette tip box) 100-1000 µl 100 ช่อง /กล่อง"
"AS072559","กล่องใส่ปิเปตต์ทิป (Pipette tip box) 20-200 µl 96 ช่อง /กล่อง"
"AS072558","กล่องใส่ปิเปตต์ทิป (Pipette tip box) 0.5-10 µl 96 ช่อง /กล่อง"
"AS072557","คิวเวตต์แก้ว (Glass Cuvette) 3.5 ml, light path 10 mm /ชิ้น"
"AS072556","ช้อนพลาสติก ขนาด 5 ซีซี 1 /แพ็ค"
"AS072555","ยาหอม ตรา 5 เจดีย์ ขนาด 25 กรัม 1 /ขวด"
"AS072554","ถุงขยะ ขนาด 12×20 นิ้ว สีแดง 1 /แพ็ค"
"AS072553","เจลบรรเทาอาการปวด ขนาด 40 กรัม ยี่ห้อ Reparil-Gel 1 /หลอด"
"AS072552","ยาลดกรด ตรา Belcid ขนาด 240 ml. ยาน้ำ 1 /ขวด"
"AS072551","พาราเซตามอล ขนาด 500 mg. 100 เม็ด /ขวด"
"AS072550","เข็มเจาะเลือด 50 ชิ้น /กล่อง"
"AS072549","ผ้าก๊อซพับ ขนาด 4×4 นิ้ว 8 ชิ้น /กล่อง"
"AS072548","เคาเตอร์เพน ขนาด 30 กรัม ชนิดร้อน 1 /หลอด"
"AS072547","เคาเตอร์เพน ขนาด 120 กรัม ชนิดร้อน 1 /หลอด"
"AS072546","ยาหม่อง ตราถ้วยทอง ขนาด 12 กรัม 1 /ตลับ"
"AS071437","ขวดแก้วใส ฝาเกลียวพร้อมจุกใน 10 cc"
"AS072545","ชุดให้น้ำเกลือพร้อมเข็ม-เด็ก (Microdip) 50 ชิ้น /กล่อง"
"AS072544","Graduate Pipette-B 3ml 3 ml /ชิ้น"
"AS072543","ถาดอลูมิเนียม (Aluminium tray) 28*38*2 cm /ชิ้น"
"AS072542","Disposable Syringe (กระบอกฉีดยาพลาสติก) หัวล็อค 20 ml 50 อัน /กล่อง"
"AS072541","Beaker Tong (ที่จับบีกเกอร์) 15 นิ้ว /ชิ้น"
"AS072540","หลอดโฟมพลาสติกสีใส 100 g /ชิ้น"
"AS072539","หลอดโฟมพลาสติกสีใส 50 g /ชิ้น"
"AS072538","หลอดโฟมพลาสติกสีใส 30 g /ชิ้น"
"AS072537","หลอดโฟมพลาสติกสีขาว 100 g /ชิ้น"
"AS072536","หลอดโฟมพลาสติกสีขาว 50 g /ชิ้น"
"AS072535","หลอดโฟมพลาสติกสีขาว 30 g /ชิ้น"
"AS072534","กระปุกครีมสีใส 50 กรัม /ชิ้น"
"AS072533","กระปุกครีมสีขาว 50 กรัม /ชิ้น"
"AS072532","กระบอกยาเม็ดร่อง ฝาสีขาว 1500 cc 100 ชิ้น /แพ็ค"
"AS072531","HPLC Syringes 50 ไมโครลิตร /ชิ้น"
"AS072530","แผ่นอะคริลิค 20x20 นิ้ว หนา 3 mm สีดำ 20*20*3 นิ้ว /ชิ้น"
"AS072529","แผ่นอะคริลิค 20x20 นิ้ว หนา 3 mm สีขาว 20*20*3 นิ้ว /ชิ้น"
"AS072528","ชุดสไลด์ถาวร (พืช) /ชุด"
"AS072527","12- Way Microtube Rack สำหรับหลอด 15 ml 15 ml /กล่อง"
"AS072526","12- Way Microtube Rack สำหรับหลอด 15 ml 15 ml /ชิ้น"
"AS072525","4- Way Microtube Rack สำหรับหลอด 50 ml 50 ml /กล่อง"
"AS072524","4- Way Microtube Rack สำหรับหลอด 50 ml 50 ml /ชิ้น"
"AS072523","96-Well Plate (Flat Plate) 100 ชิ้น /แพ็ค"
"AS072522","วัสดุดูดซับสารเคมี (Chemical sorbent pads) 18*20 นิ้ว 50 ชิ้น /แพ็ค"
"AS072521","80-Well Microtube Rack 5x16 ช่อง 1.5-2 ml /กล่อง"
"AS072520","80-Well Microtube Rack 5x16 ช่อง 1.5-2 ml /ชิ้น"
"AS072519","กระดาษกรองน้ำตาล 61*61 cm /กล่อง"
"AS072518","เสื้อกาวน์สีขาวแขนสั้น Size L /ตัว"
"AS072517","เสื้อกาวน์สีขาวแขนสั้น Size M /ตัว"
"AS072516","เสื้อกาวน์สีขาวแขนสั้น Size S /ตัว"
"AS072515","เสื้อกาวน์สีขาวแขนยาว Size L /ตัว"
"AS072514","เสื้อกาวน์สีขาวแขนยาว Size M /ตัว"
"AS072513","เสื้อกาวน์สีขาวแขนยาว Size S /ตัว"
"AS072512","ถาดสแตนเลส 13 นิ้ว /ชิ้น"
"AS072511","ถาดสแตนเลส 17 นิ้ว /ชิ้น"
"AS072510","ขวดพลาสติกปากกว้าง (bottle wide mouth) 125 ml /ชิ้น"
"AS072509","ขวดแก้วสีชา ฝาเกลียวพร้อมจุกใน 10 ซีซี. /ชิ้น"
"AS072508","ครกหิน 6 นิ้ว /ชุด"
"AS072507","ที่วางหลอดไมโครเซนตริฟิวก์ 8x12 ช่อง /อัน"
"AS072506","แท่งแม่เหล็กกวนสาร 25x6 mm. /ชิ้น"
"AS072505","Condenser สำหรับชุด soxhlet joint ตัวผู้ 34/35 /อัน"
"AS072504","กรดสำหรับปรับสภาพน้ำ (Hydrochloric Acid 35 %) /กก."
"AS072503","สารโพลิเมอร์ประเภท Anionic /กก."
"AS072502","สารตกตะกอน (Coagulant) /กก."
"AS072501","กระเป๋าพยาบาล ขนาด 30 x 16 x 20.5 ซม. /กล่อง"
"AS072500","β-carotene 25 g. ขวด"
"AS072499","α-Tocopherol 5 g. ถัง"
"AS072498","Urine chrom agar 500 g. ขวด"
"AS072497","TRYPSIN-EDTA 100 g. ขวด"
"AS072496","TEMED 5 ml. ขวด"
"AS072495","Standard Buffer pH7 450 ml. ขวด"
"AS072494","Standard Buffer pH4 450 ml. ขวด"
"AS072493","Standard Buffer pH10 450 ml. ขวด"
"AS072492","Sodium (meta) periodate 100 g. แพ็ค"
"AS072491","SnakeSkin Dialysis Tubing 22.,10.5 mm. แพ็ค"
"AS072490","RPMI Media (Powder) 500 g. แพ็ค"
"AS072489","Quercetin 10 mg. ขวด"
"AS072488","Piperine 10 g. ขวด"
"AS072487","Nalgene,Apes bottle top filter 0.2um 500 ml. 12/case ขวด"
"AS072486","MOPS buffer 100 g. ขวด"
"AS072485","Mitis salivarius 500 g. ขวด"
"AS072484","Mercury(II) chloride 25 g. ขวด"
"AS072483","Imidazole 100 g. ขวด"
"AS072482","Glutamax 100 mm. ขวด"
"AS072481","Formaldehyde Solution 37% 2.5 L. ขวด"
"AS072480","flagella stain 15 ml. set"
"AS072479","DMEM Media (Powder) 10 ซอง แพ็ค"
"AS072478","Chlorox 1.89 L. ขวด"
"AS072477","Bordetella selective supplement สำหรับใช้คู่กับBordet gengou agar base 2 มิลลิลิตร set"
"AS072476","Bordet gengou agar base"
"AS072475","Aluminum potassium sulphate.12H2O 100 ml. ขวด"
"AS072474","40% Acrylamide/Bid (37:1) 500 ml. ขวด"
"AS072473","2X PCR mastermix 5*1 ml. แพ็ค"
"AS072472","2,2′-Bipyridyl 10 g. ขวด"
"AS072451","Membrane filter ขนาด 0.45 um. 50ชิ้น/กล่อง"
"AS072450","Membrane filter ขนาด 0.2 um. 50ชิ้น/กล่อง"
"AS072442","ไม้พันสำลีปลอดเชื้อ สเตอไรด์ (Cotton Swab Sterile) size s 100 ชิ้น/ห่อ"
"AS072441","Copping jar ขนาด 10'S แนวตั้ง 60ชิ้น/แพ็ค"
"AS072446","Gel loading tip (Tray) ขนาด 1-200 ul. 50 ชิ้น/ถาด"
"AS072445","Gel loading tip (Bag) ขนาด 1-200 ul. 50ชิ้น/bag"
"AS072447","Holder (ต่อกับ butterfly needle) 50ชิ้น/แพ็ค"
"AS072453","Test tube ขนาด 12x75 mm. 1000ชิ้น/แพ็ค"
"AS072454","Test tube plastic ขนาด 13x100 mm. 1000 ชิ้น /แพ็ค"
"AS072440","Centrifuge tube plastic sterile (หลอดเซนติฟิว ปราศจากเชื้อ)  ขนาด 15 ml. 50ชิ้น/แพ็ค"
"AS070709","Centrifuge Tube 15 ml 500 ถุง /แพ็ค"
"AS072439","Butterfly needle (เข็มปีกผีเสื้อ) ขนาด 21Gx3/4นิ้ว 50ชิ้น/กล่อง"
"AS072444","FLASK FILTER CAP (ขวดแก้วเพาะเลี้ยงเซลล์พร้อมฝา) ขนาด 75 ml. 100 อัน/กล่อง"
"AS072443","cyobox (ใส่ centrifuge tube 1.5 ml.) ขนาด 9*9 ช่อง /ชิ้น"
"AS072448","เข็มเจาะเลือด แบบกด ขนาด 3 mm. 100 ชิ้น/กล่อง"
"AS072455","Test tube plastic ขนาด 12x75 mm. พร้อมฝา 1000 ชิ้น/แพ็ค"
"AS072456","แผ่นอิเล็กโทรด (adshensive electrode) สี่เหลี่ยม ขนาด 50x50 มม./ห่อ"
"AS072457","แผ่นอิเล็กโทรด (adshensive electrode) สี่เหลี่ยม ขนาด 40x40 มม. /ห่อ"
"AS072458","กระป๋องเก็บอุจจาระ สีทึบพร้อมช้อนตัก ขนาด 50 ml. /ชิ้น"
"AS072459","ที่วัดอุณหภูมิ อ่านค่าแบบดิจิตอล/ชิ้น"
"AS072461","ผ้าเทปพันพยุงกล้ามเนื้อ (kinesio tape) กว้าง 5 ซม. ยาว 5 ม. /ม้วน"
"AS072460","น้ำกลั่นปราศจากไอออน 4 L /ถัง"
"AS072462","ผ้าพันพยุงชนิดติดยึดตัวเอง (Elastic cohesive bandage) ขนาด 4 ซม. x 2 เมตร 5 ม้วน/กล่อง"
"AS072463","ผ้าพันพยุงชนิดติดยึดตัวเอง (Elastic cohesive bandage) ขนาด 8 ซม. x 2 เมตร 10 ม้วน/กล่อง"
"AS072465","ห่วงยางสวมแขน ขนาด 30X15 ซม. /ชิ้น"
"AS072464","ห่วงยาง สีสะท้อนแสง Swim Ring ขนาด 91 cm. (ขนาด 36 นิ้ว)/ชิ้น"
"AS072438","Bottel Top filter (Miduim filter set) /ชุด"
"AS072432","คารามาย-วี โลชั่น (Cadramine-V lotion) ขนาด 120 มิลลิกรัม /ขวด"
"AS072219","เพลท 96 หลุม (96 well plate non treat) แบบก้นแบน ไม่มีฝาปิด 60 ชิ้น /กล่อง"
"AS072437","96well plate steriled (u shape) 50 ชิ้น/แพ็ค"
"AS072436","96well plate steriled (flat shape) 50 ชิ้น/แพ็ค"
"AS072434","6 well plate 50 ชิ้น /แพ็ค"
"AS072433","24 well plate  /กล่อง"
"AS072435","96F-well Maxisorp - /แพ็ค ชิ้น /แพ็ค"
"AS072431","ชุด PPE ชุดป้องกันการติดเชื้อ แบบนำกลับมาให้ใหม่ได้ Size XL /ตัว"
"AS072430","ชุด PPE ชุดป้องกันการติดเชื้อ แบบนำกลับมาให้ใหม่ได้ Size L /ตัว"
"AS072429","ชุด PPE ชุดป้องกันการติดเชื้อ แบบนำกลับมาให้ใหม่ได้ Size M /ตัว"
"AS072425","สเปรย์บรรเทาอาการปวดกล้ามเนื้อ สูตรร้อน 150 ml /กระป๋อง"
"AS070420","*ยกเลิก*สเปรย์บรรเทาอาการปวดกล้ามเนื้อ 150 ml /กระป๋อง"
"AS072424","Petri dish Sterile แบบ2 ช่อง 90x150 mm 500 คู่ /กล่อง"
"AS072406","Alcohol Pad (แผ่นแอลกอฮอล์) 200 แผ่น /กล่อง"
"AS072332","Extension with T (T-Connector ) 10 cm 50 ชิ้น /กล่อง"
"AS072402","ปลอกขา (ทำคลอด) 45 x 100 ซม. /ผืน"
"AS072388","คีมย้ำ ไร้แม่เหล็กแบบ SWISS (Swiss Jawler Forceps Antimagnetic) 11 cm /ชิ้น"
"AS072409","เข็มฉีดยา (Hypodermic Needle) เบอร์ 20G x 1 1/2 นิ้ว 100 อัน /กล่อง"
"AS072410","เข็มฉีดยา (Hypodermic Needle) เบอร์ 21G x 1 นิ้ว 100 อัน /กล่อง"
"AS072411","เข็มฉีดยา (Hypodermic Needle) เบอร์ 21G x 1 1/2 นิ้ว 100 อัน /กล่อง"
"AS072412","เข็มฉีดยา (Hypodermic Needle) เบอร์ 24G x 1 นิ้ว 100 อัน /กล่อง"
"AS072413","เข็มฉีดยา (Hypodermic Needle) เบอร์ 25G x 1 1/2 นิ้ว 100 อัน /กล่อง"
"AS072414","เข็มชนิดพลาสติก (IV Catheter) เบอร์ 22G x 1 นิ้ว 50 อัน /กล่อง"
"AS072415","ไกด์วาย (Intubation Stylets) Size 10 /อัน"
"AS072416","ไกด์วาย (Intubation Stylets) Size 12 /อัน"
"AS072417","ไกด์วาย (Intubation Stylets) Size 14 /อัน"
"AS072418","ถุงให้อาหารเหลว 500 มล 20 ชิ้น /ถุง"
"AS072419","อุปกรณ์ตรวจวัดสายตา (pinhole Occluder test Multi pinhole) /อัน"
"AS072420","เครื่องวัดอุณหภูมิ ชนิดอินฟราเรด /อัน"
"AS072421","หน้ากากออกซิเจน (Oxygen Mask Adult) สำหรับผู้ใหญ่ อัน /อัน"
"AS072422","สายยางระบายของเสีย(Penrose Tube Drain) 1/2 นิ้ว 50 เส้น /กล่อง"
"AS072423","ท่อช่วยหายใจ (Endotracheal Tube) เบอร์ 6 10 เส้น /กล่อง"
"AS072403","ผ้าห่อเซท สีเขียว 2ชั้น 90 x 150 ซม. /ผืน"
"AS072404","ผ้าห่อเซท สีเขียว 1ชั้น 90 x 105 ซม. /ผืน"
"AS072405","เสื้อกาวน์ แขนยาว สีเขียว Size L /ตัว"
"AS072393","Alcohol gel 70% (เจลแอลกอฮอลล์) 400 มล. /ขวด"
"AS072394","ผ้ากันเปื้อนพลาสติกใช้แล้วทิ้ง 28 นิ้ว x 53 นิ้ว 28 นิ้ว x 53 นิ้ว 100 ชิ้น /ห่อ"
"AS072395","สำลีก้อน 0.35 กรัม สเตอร์ไรด์ 5 ก้อน /ซอง"
"AS072396","ผ้าห่อเซท สีฟ้า 2ชั้น 50 x 50 ซม. /ผืน"
"AS072397","ผ้าห่อเซท สีฟ้า 2ชั้น 60 x 60 ซม. /ผืน"
"AS072398","ผ้าห่อเซท สีขาว 2ชั้น 65 x 65 ซม. /ผืน"
"AS072399","ผ้าห่อเซท สีเขียว 2ชั้น 80 x 80 ซม. /ผืน"
"AS072400","ผ้าห่อเซท สีเขียว 2ชั้น 65 x 65 ซม. /ผืน"
"AS072401","ผ้าห่อเซท สีเขียว 2ชั้น 120 x 120 ซม. /ผืน"
"AS072407","เข็มฉีดยา (Hypodemic needle) เบอร์ 22G x 1 นิ้ว 100 อัน /กล่อง"
"AS072408","เข็มฉีดยา (Hypodermic Needle) เบอร์ 22G x 1 1/2 นิ้ว 100 อัน /กล่อง"
"AS072392","หน้ากากอนามัย แบบผ้าใส่แผ่นกรองได้ ขนาดมาตรฐาน /ชิ้น"
"AS072391","ใบมีดไมโครโตม (High Profile Microtome Blades) 80x14 mm หนาประมาณ 0.35 mm 50 ชิ้น /กล่อง"
"AS072390","ที่ปั๊มปิเปตต์ (Pipette pump) สีแดง 25 ml /ชิ้น"
"AS072389","ใบมีดผ่าตัดสแตนเลส (Surgical Blade) No.11 100 ชิ้น /กล่อง"
"AS072387","ปิเปตแบบขีด Measuring pipette class A 25 ml /ชิ้น"
"AS072386","ปิเปตแบบขีด Measuring pipette class A 20 ml /ชิ้น"
"AS072385","Erlenmeyer flask สองชั้น joint 14/23 แบบจุกปิดด้านล่าง 250 ml /ชุด"
"AS072384","ฐานตั้งขวดก้นกลม (Flask stand) /อัน"
"AS072383","Rubber Dam sheet 6x6 นิ้ว 36 ชิ้น/กล่อง"
"AS072382","เสื้อกาวน์แขนยาว แบบจั๊มแขน Size XXL /ตัว"
"AS072381","เสื้อกาวน์แขนยาว แบบจั๊มแขน Size XL /ตัว"
"AS072380","อะไหล่ทริปเปิ้ลไซริ้ง ET Cannula Triple Funct Handp One /อัน"
"AS072379","สไลด์นับเม็ดเลือด (Hemacytometer Cover Slips) Depth 0.100 mm. Volume 0.0025 sq.mm/ชุด"
"AS072378","Airlock glass พร้อมจุกยางสำหรับปิดปากขวด size 13 /ชิ้น"
"AS072377","ท่อยางสำหรับใช้งานอเนกประสงค์ แบบมีสปริง 25 mm ยาว 50 เมตร /ม้วน"
"AS072376","ท่อยางสำหรับใช้งานอเนกประสงค์ แบบมีสปริง 19 mm ยาว 50 เมตร /ม้วน"
"AS072375","ข้อต่อตัวหนอน (Suction Tube Connector) 11 mm /ชิ้น"
"AS072350","ถุงมือไนไตรป้องกันสารเคมี ไซน์ L หนา 18 mm ยาว 33 cm /คู่"
"AS072351","จุกยางหลอดหยด (Rubber Dropper) /ชิ้น"
"AS072352","ชุดกลั่นน้ำมันหอมระเหย Soxhlet joint 34/35"
"AS072353","ขวดก้นกลม (Round bottom flask) joint 24/29 500 ml /ใบ"
"AS072354","ขวดก้นกลม 2 คอ (Round bottom flask with 2 neck) joint 14/20 50 ml /ใบ"
"AS072355","ชุดสกัด Soxhlet extractor ด้านบนjointตัวเมีย 34/35 ด้านล่างjointตัวผู้ 24/29 150 ml /อัน"
"AS072356","Thermometer adater ชุดกลั่นอย่างง่าย joint 19/23 /อัน"
"AS072357","Three way adapter ชุดกลั่นอย่างง่าย ด้านบนjointตัวเมีย 19/23 ด้านล่างjointตัวผู้ 24/29 /อัน"
"AS072358","ข้อต้อแก้ว 3 ทาง (Three way claisen glass adapter) ด้านบนjointตัวเมีย 24/29 ด้านล่างjoint ตัวผู้ 24/29 /อัน"
"AS072359","Two way adapter ชุดกลั่นอย่างง่าย ด้านบนjointตัวเมีย 24/29 ด้านล่างjoint ตัวผู้ 24/29 /อัน"
"AS072360","จานเพาะเชื้อ (Petri dish) 20*100 mm 72 คู่ /กล่อง"
"AS072361","กล่องพลาสติกใส่สไลด์ 50 แผ่น /กล่อง"
"AS072362","กล่องพลาสติกใส่สไลด์ 12 แผ่น /กล่อง"
"AS072363","กล่องพลาสติกใส่สไลด์ 25 ช่อง /กล่อง"
"AS072364","เข็มเขี่ยเชื้อ ปลายแหลม (Needle) 6 นิ้ว /อัน"
"AS072365","เข็มเจาะเลือดตรวจน้ำตาล 200 ชิ้น /กล่อง"
"AS072366","ถาดสแตนเลส 30x20x5 cm /ใบ"
"AS072367","ใบมีด microtome (Microtome disposable blade) 50 ชิ้น /กล่อง"
"AS072368","pipette tip with box (ปิเปตทิปพร้อมกล่อง) 2-10 ?l 96 ชิ้น /กล่อง"
"AS072369","pipette tip with box (ปิเปตทิปพร้อมกล่อง) 0.5-20 ?l 96 ชิ้น /กล่อง"
"AS072370","ถุงจัดเก็บวัตถุอันตราย 75x45 cm /ถุง"
"AS072371","วัสดุดูดซับสารเคมี ชนิดแผ่น 7.5x12.5 นิ้ว 25 แผ่น /กล่อง"
"AS072372","แว่นตานิรภัยเลนส์ใส /อัน"
"AS072373","หมวกยึดแผ่นกระบังหน้า VISOR HOLDER 8x12 นิ้ว /อัน"
"AS072374","ถาดรองสารเคมีพลาสติก 15x135x135 cm /อัน"
"AS072333","ขวดวัดปริมาตร จุกปิดแก้ว (Volumetric Flask with Glass Stopper) Class A 50 ml /ชิ้น"
"AS072334","บีกเกอร์พลาสติก (Beaker plastic ) 50 ml /ชิ้น"
"AS072335","กรวยกรองพลาสติก ( Plastic Funnel ) dia.7.5cm /อัน"
"AS072336","จุกยางดำตัน (Rubber stopper) เบอร์ 10 /อัน"
"AS072337","ยางรองกรวย (Buchner) No.1 /ชิ้น"
"AS072338","วงแหวนพลาสติก (Pouring Ring) dia.45 mm /ชิ้น"
"AS072339","ฝาเกลียวสำหรับขวดแก้ว dia. 45 mm /ชิ้น"
"AS072340","เครื่องpH Meter ชนิดปากกา /เครื่อง"
"AS072341","ขวดรูปชมพู่ ชนิดคอแคบ (Erlenmeyer flask with narrow neck) 125 ml /ขวด"
"AS072342","Measuring pipette 0.5 ml /ชิ้น"
"AS072343","Vial, Crimp top neck 11 mm clear with write-on spot 100 ชิ้น /แพ็ค"
"AS072344","ขวด Vial scintillation glass 1 dram /ขวด"
"AS072345","แท่งแก้วกลวง ( Glass Tube ) dia. 6 mm 50 cm /อัน"
"AS072346","เทอร์โมมิเตอร์ แบบแอลกอฮอล์ (Thermometer Alcohol) 0-200 ?C /อัน"
"AS072347","โกร่งบดยา (Pestle & Mortar Porcelain) dia 80 mm /ชิ้น"
"AS072348","Brush test tube (แปรงล้างหลอดทดลอง) 2.5 cm /อัน"
"AS072349","Jewelers forceps (ปากคีบ ปลายแหลมตรง) No.5 /อัน"
"AS072331","Union Solution A95 % [C2H5OH]CAS No.64-17-5 Liquid 10 L /ถัง"
"AS072330","Kinetin [C10H9N5O]CAS No.525-79-1 1 g /ขวด"
"AS072329","GeneJET Gel Extraction Kit Liquid 50 ชิ้น /ชุด"
"AS072328","yeast Synthetic Drop-out Medium out Medium 20 g /ขวด"
"AS072327","กระบอกตวงพลาสติก (Cylinder PP) 1000 ml /ชิ้น"
"AS072326","กระบอกตวงพลาสติก (Cylinder PP) 500 ml /ชิ้น"
"AS072325","Activated carbon (Wood) ผงถ่านชนิดฝุ่นดำ 1 kg /pack"
"AS072324","แว่นตานิรภัย เลนส์ใส กรอบใส /อัน"
"AS072323","ถุงมือไนไตร  สีเขียว เบอร์ 9 /คู่"
"AS072322","Plastic strong Suction disposable Autoclavable 11 mm /อัน"
"AS072321","High Power Suction Tube with Silicone Tip 11 mm 2 ชิ้น /ชุด"
"AS072320","ลูปเขี่ยเชื้อพลาสติก ปราศจากเชื้อ(Sterile plastic loop) 1 μl 1000 ชิ้น /กล่อง"
"AS072319","เพลท 96 หลุม (96 Well Cell Culture Plate sterile) ก้นแบน มีฝา 50 ชิ้น /กล่อง"
"AS072318","ไมโครปิเปตทิป พร้อมกล่อง (Micropipette tip with box) 10 μl 10 กล่อง /ชุด"
"AS072317","แปรงล้างหลอดทดลอง (Brush) 1 cm./อัน"
"AS072316","ช้อนตักสารสแตนเลส (Spatula stainless) ช้อนข้าง พายข้าง No.13"
"AS072315","หน้ากากป้องกันฝุ่น N95 ชนิดไม่มีวาล์ว ใช้แล้วทิ้ง 20 ชิ้น /กล่อง"
"AS072314","ปลายTriple Syringe"
"AS072313","ชุดหัวฉีดลมและน้ำ (Triple Syringe)"
"AS072302","เสื้อกาวน์ แบบกระดุมหน้า แขนสั้น Free Size /ตัว"
"AS072309","เสื้อกาวน์กันน้ำ ชนิดซักและอบฆ่าเชื้อได้ Free size/ตัว"
"AS072312","พลาสติกหุ้มรองเท้า แบบใช้แล้วทิ้ง /คู่"
"AS072311","แว่นตาสําหรับทํางานทันตกรรม /ชิ้น"
"AS072310","หน้ากากป้องกันใบหน้า (face shield) /อัน"
"AS072308","ผ้าคลุมสายหัวกรอ ขนาด 2.5x43นิ้ว /ผืน"
"AS072307","ผ้าคลุมหน้า เจาะรูวงกลม หนา 1 ชั้น ขนาด 18x24นิ้ว /ผืน"
"AS072306","ผ้าคลุมหน้า เจาะรูวงกลม หนา 2 ชั้น ขนาด 33x52นิ้ว /ผืน"
"AS072305","ผ้าห่อเซท หนา 2 ชั้น ขนาด 21x24นิ้ว /ผืน"
"AS072304","ผ้าห่อเซท สีเขียว หนา 2 ชั้น ขนาด 34x36นิ้ว /ผืน"
"AS072303","ผ้าห่อเซท สีเขียว หนา 1 ชั้น ขนาด 35x32นิ้ว /ผืน"
"AS072301","เสื้อกาวน์ทันตกรรม แบบผูกหลัง แขนยาว Size XL /ตัว"
"AS072300","เสื้อกาวน์ทันตกรรม แบบผูกหลัง แขนยาว Size L /ตัว"
"AS072299","เสื้อกาวน์ทันตกรรม แบบผูกหลัง แขนยาว Size M /ตัว"
"AS072298","เสื้อกาวน์ทันตกรรม แบบผูกหลัง แขนยาว Size S /ตัว"
"AS072297","เสื้อกาวน์ทันตกรรม แบบกระดุมหน้า แขนยาว Size XL /ตัว"
"AS072296","เสื้อกาวน์ทันตกรรม แบบกระดุมหน้า แขนยาว Size L /ตัว"
"AS072295","เสื้อกาวน์ทันตกรรม แบบกระดุมหน้า แขนยาว Size M /ตัว"
"AS072294","เสื้อกาวน์ทันตกรรม แบบกระดุมหน้า แขนยาว Size S /ตัว"
"AS072293","ขวดแก้วสีชา พร้อมดรอปเปอร์ 10 cc /ขวด"
"AS072292","ขวดยาฉีดสีใส 100 ml /ขวด"
"AS072291","ปิเปตหลอดแก้ว (Pasteur pipettes glass) 145 mm 250 ชิ้น /แพ็ค"
"AS072290","Azeotropic column /ชิ้น"
"AS072289","แปรงล้างหลอดทดลอง (Brush) 1 cm /ชิ้น"
"AS072288","ช้อนตักสาร สเเตนเลส (Spatula stanless) NO. 13 /ชิ้น"
"AS072287","ขวดเก็บสารละลาย (Laboratory bottle) 25 ml /ขวด"
"AS072286","บีกเกอร์แก้ว (Beaker Glass) 100 ml"
"AS072285","บีกเกอร์แก้ว (Beaker Glass) 3,000 ml."
"AS072284","บีกเกอร์แก้ว (Beaker Glass) 2,000 ml."
"AS071297","*ยกเลิกไปใช้ AS072284* บีกเกอร์ (Beaker) 2000 ml /อัน"
"AS072283","แผ่นรองกระดาษกรอง 37 mm 100 แผ่น /กล่อง"
"AS072282","กระดาษกรอง ชนิด PVC (PVC Filters ) 37 mm 100 แผ่น /กล่อง"
"AS071683","กระดาษกรอง (Filter Papers) ,No.42 90 mm 100 แผ่น /กล่อง"
"AS072281","ชุดป้องกันสารเคมี Size XL /ชุด"
"AS072280","ชุดป้องกันสารเคมีและฝุนละออง Size XL /ชุด"
"AS072279","ชุดป้องกันร่างกายสำหรับงานฉีดพ่น Size XL /ชุด"
"AS072278","ถุงมือสเตนเลสกันบาด Size F /ข้าง"
"AS072277","ถุงมือเคฟล่าอลูมิไนซ์ Size F /คู่"
"AS072276","ถุงมือไนไตร Size L /คู่"
"AS072275","หน้ากากครึ่งหน้าพร้อมตลับกรองแบบไส้กรองเดี่ยว"
"AS072274","Tubes-GSTC, Lower class hydrocarbons 10 อัน /กล่อง"
"AS072273","Tubes-GSTC, Ozone 10 อัน /กล่อง"
"AS072272","Tubes-GSTC, Oxygen 5 อัน /กล่อง"
"AS072271","Tubes-GSTC, Carbon dioxide 10 อัน /กล่อง"
"AS072257","ปากคีบ แบบมีเขี้ยว (Tissue Forcep) 16 ซม. /ชิ้น"
"AS072258","ปากคีบ แบบไม่มีเขี้ยว (Tissue Forcep) 16 ซม. /ชิ้น"
"AS072270","ชุดป้องกันสารเคมี ชนิดซักได้ Siz M /ชุด"
"AS072269","5% เดกซ์โทรสใน 1/3 นอร์มัลซาไลน์ (5% Dextrose in 1/3 NSS) Liquid 1000 ml /ขวด"
"AS072268","5% เดกซ์โทรสใน 1/3 นอร์มัลซาไลน์ (5% Dextrose in 1/3 NSS) Liquid 100 ml /ขวด"
"AS072267","5% เดกซ์โทรสในนอร์มัลซาไลน์ (5% Dextrose in NSS: 5% D/NSS) Liquid 1000 ml /ขวด"
"AS072265","5% เดกซ์โทรส (5% Dextrose in water: 5%D/W) Liquid 1000 ml /ขวด"
"AS072264","5% เดกซ์โทรส (5% Dextrose in water: 5%D/W) Liquid 100 ml /ขวด"
"AS072263","กระบอกฉีดยา อินซูลิน พร้อมเข็ม (Syringe plastic Insulin with needle) 29X, 1/2 นิ้ว 1 ml 100 ชิ้น /กล่อง"
"AS072262","เข็มชนิดพลาสติก (IV Catheter) 18G x 1 1/4นิ้ว 50 ชิ้น /กล่อง"
"AS072261","ชุดให้น้ำเกลือเด็ก /ชุด"
"AS072260","น้ำเกลือ ปราศจากเชื้อ (NSS 0.9% Sodium Chloride) 1000 ml /ขวด"
"AS072259","เข็มฉีดยาพลาสติก 25Gx1 นิ้ว 100 ชิ้น /กล่อง"
"AS072256","ผ้าห่อเซท สีเขียว 36x36 นิ้ว"
"AS072255","แว่นตาป้องกันสารเคมี /อัน"
"AS072254","ชุดคนไข้ (เสื้อแขนสั้นแบบกระดุมหน้า และกางเกงขายาว แบบผูกเชือก) Freesize /ชุด"
"AS072253","ครอบแก้ว เบอร์ 2 /ชิ้น"
"AS072252","บัวหิมะ 100 กรัม /กล่อง"
"AS072247","Syring filter Nylon 13 mm 0.2 µm 100 ชิ้น /แพ็ค"
"AS072249","Syring filter 28 mm 0.45 µm 50 ชิ้น /กล่อง"
"AS072248","Syring filter 28 mm 0.2 µm 50 ชิ้น /กล่อง"
"AS072250","Embedding Cassette with lid 100 ชิ้น /แพ็ค"
"AS072251","Histology tissue mold 37x24x6 mm. 100 ชิ้น /แพ็ค"
"AS072239","ผ้าก๊อซม้วน 36 นิ้ว ? 100 หลา /ม้วน"
"AS072240","แท่งดูดแม่เหล็กกวนสาร (Magnetic Retriever) 45 cm. /อัน"
"AS072241","เสาแขวนน้ำเกลือหรือถุงให้อาหาร 2 หู ขา 4 แฉก /อัน"
"AS072242","จุกยางแดง (Red Rubber Bulb) 3 cm /อัน"
"AS072243","วัสดุดูดซับสารเคมี ชนิดแผ่น 17x19 นิ้ว 50 ชิ้น /กล่อง"
"AS072244","เสื้อกาวน์แขนยาว แบบมีจั๊มแขน Size L /ตัว"
"AS072245","เสื้อกาวน์แขนยาว แบบมีจั๊มแขน Size M /ตัว"
"AS072246","เสื้อกาวน์แขนยาว แบบมีจั๊มแขน Size S /ตัว"
"AS072220","ขวดไวออลสีชา (Vial Amber Screw) 2 ml. 100 ชิ้น /แพ็ค"
"AS072221","ฝาปิดขวดไวออล (Vial Clear Screw) 2 ml. 100 ชิ้น /แพ็ค"
"AS072222","กระป๋องเก็บปัสสาวะ แบบฝาเกลียว 30 ml. /กระป๋อง"
"AS072223","ถังใส่สารเคมีจากการทดลอง 5 L. /แกลลอน"
"AS072224","ถังใส่สารเคมีจากการทดลอง 10 L. /แกลลอน"
"AS072225","ถาดรองสารเคมีป้องกันการหกล้น (Laboratory Tray) 450x350x75 ml. /อัน"
"AS072226","ที่วางหลอดเซนตริฟิวจ์ ทิวส์ (Centrifuge tube rack) 5x16 ช่อง 15 ml. /อัน"
"AS072227","ที่วางหลอดเซนตริฟิวจ์ ทิวส์ (Centrifuge tube rack) 5x16 ช่อง 50 ml. /อัน"
"AS072228","ฝาหลอดทดลอง (Cap for test tube) 16 mm. /อัน"
"AS072229","ฝาหลอดทดลอง (Cap for test tube) 20 mm. /อัน"
"AS072230","หลอดหยดพลาสติก (Disposable transfer pipette) 1 ml. 500 ชิ้น /กล่อง"
"AS072231","ตะแกรงโฟมลอยตัวสำหรับใส่หลอดทดลอง (Floating foam tube rack) 15 ml 8 หลุม /ชิ้น"
"AS072232","ตะแกรงโฟมลอยตัวสำหรับใส่หลอดทดลอง (Floating foam tube rack ) 50 ml 4 หลุม /ชิ้น"
"AS072233","ถุงมือกันความร้อน (Heat resistant gloves) เบอร์ 10 /คู่"
"AS072234","จานพลาสติกสำหรับชั่งสาร แบบ diamond-shaped ก้นแบน (Weighting boat ) 25 ml. 100 ชิ้น /แพ็ค"
"AS072235","กระดาษเช็ดเลนส์ 11x21 cm. 280 แผ่น /กล่อง"
"AS072236","กล่องใส่สไลด์พลาสติก 25 แผ่น /กล่อง"
"AS072237","กล่องกระดาษบรรจุหลอดทดลอง (Test Tube Rack) 15 ml. 49 ช่อง /กล่อง"
"AS072238","กล่องกระดาษบรรจุหลอดทดลอง (Test Tube Rack) 50 ml. 16 ช่อง /กล่อง"
"AS072209","กรรไกรตัดกระดูก 14 cm. /อัน"
"AS072210","กรรไกรตัดกระดูก 20 cm. /อัน"
"AS072211","กรรไกรผ่าตัดปลายแหลม (Surgial scissor) 5 นิ้ว /อัน"
"AS072212","ปากคีบปลายโค้ง (Forceps curved) 4.5 นิ้ว /อัน"
"AS072213","ปากคีบปลายแหลม (Forceps Semken) 4.5 นิ้ว /อัน"
"AS072214","ตะแกรงร่อนดิน รู 1 mm /เส้นผ่านศูนย์กลาง 20 cm. / สูง 6 cm /อัน"
"AS072215","บีกเกอร์พลาสติก มีหู (Beaker plastic with handle) 5000 ml. /ใบ"
"AS072216","จานเพาะเลี้ยงเซลล์ (Cell Culture Dish) 60?15 mm. 280 ชิ้น /กล่อง"
"AS072217","ไมโครปิเปตทิป พร้อมกล่อง (Micropipette tip with box) 10 ?l /กล่อง"
"AS072218","เพลท 96 หลุม (96 well plate sterile for cell cultre) แบบก้นแบน มีฝาปิด 50 ชิ้น /กล่อง"
"AS072197","กระบอกตวง (cylinder) 2000 ml. /ใบ"
"AS072198","ขวดรูปชมพู่ (Erlenmeyer flask) 125 ml. /ใบ"
"AS072199","กรวยกรองแก้ว (Glass Funnel) เส้นผ่านศูนย์กลาง 4 cm. /ใบ"
"AS072200","กรวยกรองแก้ว (Glass Funnel) เส้นผ่านศูนย์กลาง 10 cm. /ใบ"
"AS072201","กระจกปิดสไลด์ (Cover glass) 22x40 mm 100 แผ่น /กล่อง"
"AS072202","กระจกปิดสไลด์ (Cover glass) 22x50 mm 100 แผ่น /กล่อง"
"AS072203","กระจกปิดสไลด์ (Cover glass) 22x60 mm 100 แผ่น /กล่อง"
"AS072204","โถแก้วย้อมสไลด์ (Staining glass box) แบบแนวนอนพร้อมที่ใส่สำหรับจุ่ม /อัน"
"AS072205","ปากคีบปลายแหลม (Forceps Semken) 5.5 นิ้ว /อัน"
"AS072206","ปากคีบปลายแหลม (Forceps Semken) 7 นิ้ว /อัน"
"AS072207","กระบอกใส่ปิเปต (Pipette cans) /ชิ้น"
"AS072208","กระบอกใส่พาสเจอร์ปิเปต (Plasteur pipette cans) 9.5 นิ้ว /ชิ้น"
"AS072196","ขวดมาสคาร่า 8 g /ชิ้น"
"AS072195","ขวดแก้วกลมสีใสพร้อมฝา 4 oz 200 ชุด /กล่อง"
"AS072194","กระปุกไอติมสีขาว+ฝาเกลียวสีขาว 50 g /ชิ้น"
"AS072193","กระปุกไอติมสีขาว+ฝาเกลียวสีขาว 100 g /ชิ้น"
"AS072192","กระปุกพลาสติกสีขาว+ฝาสีขาวคาดเงิน 50 g /ชิ้น"
"AS072191","กระปุกพลาสติกสีขาว+ฝาสีขาวคาดเงิน 30 g /ชิ้น"
"AS072190","กระปุกพลาสติกสีขาว+ฝาสีขาวคาดเงิน 15 g /ชิ้น"
"AS072189","กระจกสไลด์ ชนิด positive charged slide 1×3 นิ้ว 72 แผ่น /กล่อง"
"AS072188","ทัพพีคำนวณแคลอรี่"
"AS072187","เครื่องตรวจวัดระดับน้ำตาลในเลือด"
"AS072186","แผ่นทดสอบตาบอดสี (Ishihara Test) A4 24 แผ่น /ชุด"
"AS072185","เข็มเจาะเลือด 24 ชิ้น /กล่อง"
"AS072184","Adhesive PCR plate seals 100 ชิ้น /กล่อง"
"AS072183","กระดาษชั่งสาร (Weighing Paper) 10x10 cm 450 ชิ้น /กล่อง"
"AS072182","Disposs needle 21g.x1.5"" 100 ชิ้น /กล่อง"
"AS070477","*ยกเลิก*ถุงมือผ่าตัด No.7 50 คู่ /กล่อง"
"AS070326","*ยกเลิก*Acrylic 10 g 50 ชิ้น/แพ็ค"
"AS071547","*ยกเลิก*Disposable Syringe (กระบอกฉีดยาพลาสติก) 50 ml /อัน"
"AS070855","*ยกเลิก*Tissure forceps"
"AS070361","*ยกเลิก*เสื้อกาวน์สีขาว ไม่สเตอร์ไรด์ /ตัว"
"AS072181","เจลห้ามเลือด (Spongostan Dental) ชนิดละลายได้ 1x1x1cm 24 ชิ้น กล่อง/"
"AS072180","หลอดดูดน้ำลาย (Saliva ejector) ชนิดถอดหัวได้ 100 ชิ้น ถุง/"
"AS072179","Mixing well 3-Well Dispenser"
"AS072178","ครอบฟันสแตนเลส สำหรับฟันกราม (Stainless Steel Primary Molar Crown) 5 ชิ้น กล่อง/"
"AS072177","ครอบฟันสแตนเลส สำหรับฟันกราม (Stainless Steel 2nd Primary Molar Crown Lower Left (E-LL) & Lower Right (E-LR) Refill) 2 ชิ้น กล่อง/"
"AS070494","*ยกเลิก*Microfilm"
"AS072176","Disposable Syringe (กระบอกฉีดยาพลาสติก) 20 ml 50 ชิ้น /กล่อง"
"AS072175","Elements Gutta percha cartridges #Light Body 10 ชิ้น /กล่อง"
"AS072174","ผ้าห่อเซท สีเขียว 2ชั้น ขนาด 60x60 cm. /ชิ้น"
"AS072172","ถุงผ้าสำหรับใส่ถุงมือเข้า Autoclave /ชิ้น"
"AS072173","ผ้าห่อเซท สีเขียว 2ชั้น ขนาด 45x50 cm. /ชิ้น"
"AS072171","Crown and Bridge Remover (ชุดเครื่องถอดสะพานฟัน) With 3 Attachments Adjustable Tools /ชิ้น"
"AS072170","Polysulfide Impression Material Base 100 g , Catalyst 70 g /ชุด"
"AS072169","ฟันอะคริลิค (Acrylic teeth) ชนิดถอดได้ /แผง"
"AS072168","Gelatin sponge blister 20 ชิ้น /กล่อง"
"AS072167","Gelatin sponge 50 ชิ้น /กล่อง"
"AS072159","เข็มฉีดยาแบบใช้แล้วทิ้ง guage 27 , 21 mm (short) 100 ชิ้น /กล่อง"
"AS072160","เข็มฉีดยาแบบใช้แล้วทิ้ง 27Gx13/16 (0.40x30mm) (long) 100 ชิ้น /กล่อง"
"AS072161","หน้ากากอนามัยแบบผูก	 50 ชิ้น /กล่อง"
"AS072162","Insulin syringe 1ml with needle 29g, 1/2"" 100 ชิ้น /กล่อง"
"AS072163","Methyl alcohol 95% v/v, Gallon 20 Liters 20 ลิตร /แกลลอน"
"AS072164","ท่อ Penlose drain 5 มม. 50 ชิ้น /กล่อง"
"AS072165","ถุงมือผ่าตัด No.8.5 50 ชิ้น /กล่อง"
"AS072166","ถุงมือผ่าตัด No.9 50 ชิ้น /กล่อง"
"AS072133","ที่คีบสำลี (Cotton plier) 17 cm /ชิ้น"
"AS072134","Phosphor Plate no.1 100 ชิ้น /กล่อง"
"AS072135","Phosphor Plate no.2 100 ชิ้น /กล่อง"
"AS072136","Face Shield (หน้ากากกันกระเด็น) /ชิ้น"
"AS072137","Gates Glidden Drill (หัวเข็มเจาะ) ยาว 25mm NO.1-6 6 ชิ้น /กล่อง"
"AS072138","Gutta Percha Points refill (วัสดุอุดคลองรากฟัน ส่วนโคนหลัก) #30 .02 100 ชิ้น /กล่อง"
"AS072139","Gutta Percha Points refill (วัสดุอุดคลองรากฟัน ส่วนโคนหลัก) #35 .02 100 ชิ้น /กล่อง"
"AS072140","Gutta Percha Points refill (วัสดุอุดคลองรากฟัน ส่วนโคนหลัก) #40 .02 100 ชิ้น /กล่อง"
"AS072141","Gutta Percha Points refill (วัสดุอุดคลองรากฟัน ส่วนโคนหลัก) #45 .02 100 ชิ้น /กล่อง"
"AS072142","Gutta Percha Points refill (วัสดุอุดคลองรากฟัน ส่วนโคนหลัก) #50 .02 100 ชิ้น /กล่อง"
"AS072143","Gutta Percha Points refill (วัสดุอุดคลองรากฟัน ส่วนโคนหลัก) #55 .02 100 ชิ้น /กล่อง"
"AS072144","Lentulo Paste Carrier Spiral (หัวเข็มปั่นวัสดุ) ยาว 25mm #25 4 ชิ้น /กล่อง"
"AS072145","Microbrush applicator Size L 100 ชิ้น /กล่อง"
"AS072146","Microbrush applicator Size M 100 ชิ้น /กล่อง"
"AS072147","Microbrush applicator Size S 100 ชิ้น /กล่อง"
"AS072148","Peeso Reamers (เข็มเจาะวัสดุอุดคลองรากฟัน) ยาว 28 mm No. 1-6 6 ชิ้น /กล่อง"
"AS072149","Peeso Reamers (เข็มเจาะวัสดุอุดคลองรากฟัน) ยาว 32 mm No. 1-6 6 ชิ้น /กล่อง"
"AS072150","Dental X-ray Film Size 2 /ชิ้น"
"AS072151","Matrix band Stainless steel 0.04mmx5mm 3 เมตร /ม้วน"
"AS072152","Matrix band Stainless steel 0.04mmx7mm 3 เมตร 2 ม้วน /กล่อง"
"AS072153","แผ่นตรวจสอบประสิทธิภาพการทำให้ปราศจากเชื้อ Sterigage 500 ชิ้น /ถุง"
"AS072154","ผ้าเขียว เจาะรู 2 ชั้น ขนาด 35x45 cm. 6 ชิ้น /แพค"
"AS072155","ผ้าเขียว เจาะรู 2 ชั้น ขนาด 48x65 cm. 6 ชิ้น /แพค"
"AS072156","ผ้าหุ้มหัวกรอ แบบยางรัด 2.5x100 cm. 6 ชิ้น /แพค"
"AS072157","สำลีก้าน (Cotton bud) Size M 100 ก้าน /ซอง"
"AS072158","สำลีก้าน (Cotton bud) Size S 100 ก้าน /ซอง"
"AS072112","Temporary Cement #Temp-Bond NE 2 หลอด /กล่อง"
"AS072113","Temporary Cement #Temp-Bond Original 2 หลอด /กล่อง"
"AS072114","Amalgam Alloy Tytin FC 2 Spill Regular 600 mg 500 capsules /กระปุก"
"AS072115","X-ray Holders #Kwik-Bite /ชิ้น"
"AS072116","X-ray Holders #Super-Bite Anterior /ชิ้น"
"AS072117","X-ray Holders #Super-Bite Posterior /ชิ้น"
"AS072118","Post Removal Kit (หัวตัดแกนฟันและหัวรื้อแกนฟันในครองรากฟัน) 2 ชิ้น /ชุด"
"AS072119","Inlay plastic pin 50 ชิ้น /กล่อง"
"AS072120","Tooth slooth 4 แท่ง /กล่อง"
"AS072121","Teflon tape 15 เมตร /ม้วน"
"AS072122","Forceps jar 1x4"" /ชิ้น"
"AS072123","Forceps jar 2x7.5"" /ชิ้น"
"AS072124","Petri dish (จานเพาะเชื้อ) 15mmx100mm /ชิ้น"
"AS072125","Petri dish (จานเพาะเชื้อ) 15mmx60mm /ชิ้น"
"AS072126","ถาดใส่เครื่องมือแพทย์สแตนเลส มีฝาปิด 12x8x2"" /ชิ้น"
"AS072127","ถาดใส่เครื่องมือแพทย์สแตนเลส มีฝาปิด 12x8x2.5"" /ชิ้น"
"AS072128","Alcohol torch /ขวด"
"AS072129","BUR HP Tungsten carbide bur, fine cylinder round end (หัวกรอก้านยาวคาร์ไบด์ สำหรับกรออะคริลิก) /ชิ้น"
"AS072130","BUR RA Intensiv Composhape kit 1 /ชุด"
"AS072131","BUR RA Prophy brush (หัวกรอขนแปรงไนล่อน กรอช้า สำหรับขัดฟัน) /ชิ้น"
"AS072132","BUR RA Rubber Prophy point (หัวกรอยาง กรอช้าสำหรับขัดฟัน) ทรงลูกศร /ชิ้น"
"AS072094","BUR RA HiLuster Gloss PLUS Polisher Refills - Minipoint หัวกรอช้าขัดเรซินคอมโพสิต 6 ชิ้น /แพ็ค"
"AS072095","BUR RA HiLuster PLUS Dia Polisher Refills - Disc หัวกรอช้าขัดเรซินคอมโพสิต 6 ชิ้น /แพ็ค"
"AS072096","BUR RA HiLuster PLUS Dia Polisher Refills - Flame หัวกรอช้าขัดเรซินคอมโพสิต 6 ชิ้น /แพ็ค"
"AS072097","BUR RA HiLuster PLUS Dia Polisher Refills - Minipoint หัวกรอช้าขัดเรซินคอมโพสิต 6 ชิ้น /แพ็ค"
"AS072098","BUR RA Occlubrush point หัวกรอช้าขัดเรซินคอมโพสิต 6 ชิ้น /แพ็ค"
"AS072099","Barbed Broach (หัวเข็มเกี่ยวเนื้อเยื่อในคลองรากฟัน) 22 mm 6 ชิ้น /กล่อง"
"AS072100","Hedstrom File (เครื่องมือขยายคลองรากฟัน) No. 15-40 21 mm 6 ชิ้น /กล่อง"
"AS072101","Hedstrom File (เครื่องมือขยายคลองรากฟัน) No. 15-40 25 mm 6 ชิ้น /กล่อง"
"AS072102","Hedstrom File (เครื่องมือขยายคลองรากฟัน) No. 45-80 25 mm 6 ชิ้น แกลลอน"
"AS072103","File K-Files (เครื่องมือขยายคลองรากฟัน) No.15-40 30 mm 6 ชิ้น /กล่อง"
"AS072104","File K-Files (เครื่องมือขยายคลองรากฟัน) No.45-80 30 mm 6 ชิ้น /กล่อง"
"AS072105","File K-Flex files (เครื่องมือขยายคลองรากฟัน) No.15-40 30 mm 6 ชิ้น /กล่อง"
"AS072106","File K-Flex files (เครื่องมือขยายคลองรากฟัน) No.45-80 30 mm 6 ชิ้น /กล่อง"
"AS072107","File K-Flies (เครื่องมือขยายคลองรากฟัน ) No.10 25 mm 6 ชิ้น /กล่อง"
"AS072108","Vertise? Flow Flowable composite (วัสดุอุดสีเหมือนฟัน) 2 g 2 หลอด /กล่อง"
"AS072109","Impression Compound Stick #Green 115 กรัม 15 แท่ง /กล่อง"
"AS072110","Polysulfide Impression Material #Regular Body /ชุด"
"AS072111","Temporary Cement #Temp-Bond Clear 11.7 gm 2 หลอด /กล่อง"
"AS072075","BUR HP Round carbide (หัวกรอคาร์ไบด์ ก้านยาวกรอช้า) ทรงกลม #008 /ชิ้น"
"AS072076","BUR HP Round carbide (หัวกรอคาร์ไบด์ ก้านยาวกรอช้า) ทรงกลม #021 /ชิ้น"
"AS072077","BUR HP Taper fissure carbide cross cut (หัวกรอคาร์ไบด์ ก้านยาวกรอช้า) ทรงกระบอกสอบปลายเรียบ #014 /ชิ้น"
"AS072078","BUR HP Taper fissure carbide cross cut (หัวกรอคาร์ไบด์ ก้านยาวกรอช้า) ทรงกระบอกสอบปลายเรียบ #016 /ชิ้น"
"AS072079","BUR RA Cylinder flat end diamond (หัวกรอกากเพชร กรอช้า) ทรงกระบอกปลายเรียบ #009,4mm /ชิ้น"
"AS072080","BUR RA Cylinder flat end diamond (หัวกรอการเพชร กรอช้า) ทรงกระบอกปลายเรียบ #012,4mm /ชิ้น"
"AS072081","BUR RA Finishing flame shape steel (หัวกรอเหล็ก กรอช้า) ทรงFlame ใบมีดถี่ #012 /ชิ้น"
"AS072082","BUR RA Finishing round steel (หัวกรอเหล็ก กรอช้า) ทรงกลม ใบมีดถี่ #016 /ชิ้น"
"AS072083","BUR RA Flame shape brownie silicone (หัวกรอยางสีน้ำตาลขัดโลหะ กรอช้า) ทรง Flame /ชิ้น"
"AS072084","BUR RA Flame shape greenie silicone (หัวกรอยางสีเขียวขัดโลหะ กรอช้า) ทรง Flame /ชิ้น"
"AS072085","BUR RA Round carbide (หัวกรอคาร์ไบด์ กรอช้า) ทรงกลม #008 /ชิ้น"
"AS072086","BUR RA Round carbide (หัวกรอคาร์ไบด์ กรอช้า) ทรงกลม #021 /ชิ้น"
"AS072087","BUR RA Round carbide long shank (หัวกรอคาร์ไบด์ กรอช้า RA ก้านยาวพิเศษ) ทรงกลม #008 /ชิ้น"
"AS072088","BUR RA Round carbide long shank (หัวกรอคาร์ไบด์ กรอช้า RA ก้านยาวพิเศษ) ทรงกลม #012 /ชิ้น"
"AS072089","BUR RA Round carbide long shank (หัวกรอคาร์ไบด์ กรอช้า RA ก้านยาวพิเศษ) ทรงกลม #021 /ชิ้น"
"AS072090","BUR RA Round green stone (หัวกรอหินสีเขียว กรอช้า) ทรงกลม /ชิ้น"
"AS072091","BUR RA Round white stone หัวกรอหินสีขาว กรอช้าทรงกลม /ชิ้น"
"AS072092","BUR RA HiLuster Gloss PLUS Polisher Refills - Disc หัวกรอช้าขัดเรซินคอมโพสิต 6 ชิ้น /แพ็ค"
"AS072093","BUR RA HiLuster Gloss PLUS Polisher Refills - Flame หัวกรอช้าขัดเรซินคอมโพสิต 6 ชิ้น /แพ็ค"
"AS072061","Wax patterns  #Molar clasp 10 ชิ้น 10 แผ่น /กล่อง"
"AS072062","Wax patterns  #Premolar clasp 10 ชิ้น 10 แผ่น /กล่อง"
"AS072063","แผ่นลับเครื่องมือขูดหิน (Diamond Sharpening Cards) #Extra Fine Grit /อัน"
"AS072064","แผ่นลับเครื่องมือขูดหิน (Diamond Sharpening Cards) #Fine Grit /อัน"
"AS072065","ฟันพลาสติก Dentoform เด็ก /ซี่"
"AS072066","ฟันพลาสติก Dentoform ผู้ใหญ่ /ซี่"
"AS072067","BUR FG Cylinder flat end diamond (หัวกรอกากเพชร กรอเร็ว) ทรงกระบอกปลายเรียบ #009,4mm /ชิ้น"
"AS072068","BUR FG Pear shaped carbide (หัวกรอคาร์ไบด์ กรอเร็ว)ทรงกระบอกรูปลูกแพร์ #008.1.6mm /ชิ้น"
"AS072069","BUR FG Round diamond (หัวกรอกากเพชร กรอเร็ว) ทรงกลม #016 /ชิ้น"
"AS072070","BUR FG Round end taper (หัวกรอกากเพชร กรอเร็ว) ทรงสอบปลายมน #012,7mm /ชิ้น"
"AS072071","BUR FG Round end taper (หัวกรอกากเพชร กรอเร็ว) ทรงสอบปลายมน #25, 7mm /ชิ้น"
"AS072072","BUR FG Round football diamond (หัวกรอกากเพชร กรอเร็ว) ทรงลูกฟุตบอล #081 /ชิ้น"
"AS072073","BUR FG Taper safe tip diamond (หัวกรอกากเพชร กรอเร็ว) ทรงสอบปลายมนและไม่กากเพชร #012,8mm /ชิ้น"
"AS072074","BUR FG Thin taper (หัวกรอกากเพชร กรอเร็ว) ทรงสอบปลายแหลม #012,7mm /ชิ้น"
"AS072047","G-aenial anterior composite (วัสดุอุดสีเหมือนฟัน) 4.7 g /หลอด"
"AS072048","Glass Ionomer base cement (วัสดุรองพื้นก่อนอุดฟัน) /ชุด"
"AS072049","Pressure indicating paste (PIP) 2oz 64 g /กระปุก"
"AS072050","Pressure Spot Indicator /ชุด"
"AS072051","วัสดุ Acrylic resin – self cured (อะคริลิคเรซิน ชนิดบ่มตัวเอง) /ชุด"
"AS072052","วัสดุบันทึกการสบฟัน (Additional bite registration) 50 ml 2 หลอด /แกลลอน"
"AS072053","วัสดุพิมพ์ปาก Additional Silicone ชนิด Light body 50 ml 2 หลอด /แกลลอน"
"AS072054","วัสดุพิมพ์ปาก Additional Silicone ชนิด Monophase 50 ml 2 หลอด /กล่อง"
"AS072055","Inlay pattern resin DuraLay standard package () /ชุด"
"AS072056","Mineral trioxide aggregate (วัสดุรักษารากฟัน) 3 g 20 ชิ้น /กล่อง"
"AS072057","Resin block for rubber dam 1.2 ml 4 หลอด /กล่อง"
"AS072058","Root canal sealer /ชุด"
"AS072059","Resin Cement Super-bond /ชุด"
"AS072060","Wax patterns  #Bonyhard clasp 10 ชิ้น 10 แผ่น /กล่อง"
"AS071166","ปากคีบ (Thumb Dressing Forceps) 8 นิ้ว"
"AS072046","ฝาอลูมิเนียม (Vial Aluminium Cap) 12 mm"
"AS072045","ปิเปต ทิป (Pipette Tips) 200 ul 1,000 ชิ้น /แพ็ค"
"AS072044","ข้อต่อสามทางให้น้ำเกลือ (3-Ways Stopcock) 50 ชิ้น /กล่อง"
"AS072043","ผ้าก๊อซหุ้มสำลี (Top Dressing) 3x6 นิ้ว 50 ชิ้น /ห่อ"
"AS072042","สายดูดเสมหะ (Suction tube) No.18 50 เส้น /กล่อง"
"AS072041","กระบอกฉีดยาทิวเบอร์คูลินพร้อมเข็ม (Tuberculin Syringe) No.27 1/2 นิ้ว กล่อง"
"AS072040","ข้อต่อสำหรับฉีดยา (Injection Plug) 100 ชิ้น /กล่อง"
"AS072039","Dispossable Syring TB (กระบอกฉีดยาพลาสติก) 1 cc พร้อมเข็ม 26 x 1/2นิ้ว 100 ชิ้น /กล่อง"
"AS072038","Disposable Needle 27Gx1/2 นิ้ว 100 ชิ้น /กล่อง"
"AS072037","พลาสเตอร์ไมโครปอร์ แบบกระดาษ 1นิ้วx10 หลา 12 ม้วน /กล่อง"
"AS072036","เข็มเย็บแผล แบบกลม (Cutting Curve) 1/2 inch 28 mm. 12 อัน /แพ็ค"
"AS072035","ไหมเย็บแผลไนล่อน แบบติดเข็ม (Catgut Nylon) ,Cutting No. 4-0 75 cm. 20 mm. 24 อัน /กล่อง"
"AS072034","ขวดยาน้ำพลาสติก ทรงเหลี่ยม 60 cc. /ขวด"
"AS072033","คีมจับเข็มเย็บแผล (Needle Holder) 18 ซม."
"AS071774","สายดูดเสมหะ (Suction tube) No.16 50 เส้น /กล่อง"
"AS071773","กระบอกฉีดยาทิวเบอร์คูลิน (Terumo Tuberculin Syringe) 27Gx1/2นิ้ว 100 เล่ม /กล่อง"
"AS072032","Disposable Needle 18Gx1 1/2 นิ้ว 100 ชิ้น/กล่อง"
"AS071147","*ยกเลิกไปใช้ AS072032* เข็มฉีดยา 18Gx1 1/2 นิ้ว 100 ชิ้น/กล่อง"
"AS071068","*ยกเลิกไปใช้ AS071954* เข็มฉีดยา No.20 100 ชิ้น 1 กล่อง"
"AS072031","เข็มฉีดยา (Hypodemic needle) 25Gx1 100 ชิ้น /กล่อง"
"AS071766","*ยกเลิกไปใช้ AS072031* เข็มฉีดยา (Needle) 25Gx1นิ้ว 100 ชิ้น /กล่อง"
"AS071951","เข็มฉีดยา (Hypodemic needle) 24Gx1 1/2นิ้ว 100 ชิ้น /กล่อง"
"AS071765","*ยกเลิกไปใช้ AS071951* เข็มฉีดยา (Needle) 24Gx1 1/2นิ้ว 100 ชิ้น /กล่อง"
"AS071764","เข็มฉีดยา (Hypodemic needle) 18Gx1นิ้ว 100 ชิ้น /กล่อง"
"AS071741","Disposable Needle 25G 1.5 นิ้ว 100 ชิ้น /ชิ้น"
"AS072030","Lid and Receiver Stainless 8 นิ้ว"
"AS072029","ขวดแก้วใส พร้อมฝา 60 cc/ขวด"
"AS072028","ขวดแก้วใส พร้อมฝาอลูมิเนียม ทรงกลม บรรจุยาหม่อง 30 g /ขวด"
"AS072027","ขวดแก้วสีชา พร้อมฝา 60 cc"
"AS072026","ตะแกรงลวดแอสแบตตอส (Wire gauze with asbestos) 6x6 นิ้ว /ชิ้น"
"AS072025","Filter Paper NO.3 12.5 cm 100 แผ่น /กล่อง"
"AS072024","Vacutainer EDTA K2 3 ml 1000 ชิ้น /แพ็ค"
"AS072023","Microcentrifuge tube With Flat Cap,Sterile 0.5 ml 1000 ชิ้น /แพ็ค"
"AS072022","Microcentrifuge tube With Flat Cap,Sterile 0.2 ml 1000 ชิ้น /แพ็ค"
"AS072021","Wintrobe Tube 4x110mm /ชิ้น"
"AS072020","เข็มชนิดพลาสติก 22Gx1/1.5 นิ้ว 100 ชิ้น /กล่อง"
"AS072019","เข็มชนิดพลาสติก 21Gx1/1.5 นิ้ว 100 ชิ้น /กล่อง"
"AS072018","Standard Tube Holders (short) /ชิ้น"
"AS072017","Safty Blood Collection Set 21Gx3/4 นิ้ว 50 อัน /กล่อง"
"AS070473","*ยกเลิกไปใช้AS071935* หน้ากากอนามัย 50 ชิ้น /กล่อง"
"AS070471","*ยกเลิกไปใช้AS071933* ถุงมือ ไม่มีแป้ง Size M 100 ชิ้น /กล่อง"
"AS070470","*ยกเลิกไปใช้AS071932* ถุงมือ ไม่มีแป้ง Size S 100 ชิ้น /กล่อง"
"AS070469","*ยกเลิกไปใช้AS071931* ถุงมือ ไม่มีแป้ง Size XS 100 ชิ้น /กล่อง"
"AS070359","*ยกเลิกไปใช้AS071906* ถุงมือไนไตรดีสโพสหนา สีฟ้า L 100 ชิ้น/กล่อง"
"AS070358","*ยกเลิกไปใช้AS071900* ถุงมือไนไตรดีสโพสหนา สีฟ้า M 100 ชิ้น/กล่อง"
"AS070343","*ยกเลิกไปใช้AS071904* Disposable Syringe (กระบอกฉีดยาพลาสติก) 3 ml 100 อัน/กล่อง"
"AS070357","*ยกเลิกไปใช้ AS071899* ถุงมือไนไตรดีสโพสหนา สีฟ้า S 100 ชิ้น/กล่อง"
"AS072016","ถุงมือยางไนไตร ป้องกันสารเคมี เบอร์ 8 หนา 18 mil /คู่"
"AS072015","ปิเปตแบบใช้ตวง (Graduate pipette) Class A 1 ml"
"AS072014","กระบอกสแตนเลสใส่จานเพาะเชื้อ (Petri dish can) 15x100 mm"
"AS072013","วัสดุดูดซับสารเคมี ชนิดแผ่น 39x48 cm 100 แผ่น /กล่อง"
"AS072012","ชุดกำจัดสารเคมีหกปนเปื้อน (Chemical Spill Kit) /ชุด"
"AS072011","ใบมีดผ่าตัดสแตนเลส (Scalpel Blades) No.11 6 ชิ้น /แพ็ค"
"AS072010","ปากคีบไม่มีเขี้ยว (Forceps Dressing) 18 cm"
"AS072009","เสื้อกาวน์ แขนยาว (มาตรฐาน) Size XL /ตัว"
"AS072008","ถาดรองสารเคมีพลาสติก 20.0x30.5x6.5 cm /ใบ"
"AS072007","ถาดรองสารเคมีพลาสติก 33.7x50x11.5 cm /ใบ"
"AS072006","ขวดแยมก้นลายพร้อมฝาเกลียวล็อค 120 ml /ขวด"
"AS072005","สายยางซิลิโคน (Silicone Tube) 18x12 mm 5 m"
"AS072004","แอร์ล็อคและจุกยางซิลิโคน เบอร์ 9 /ชิ้น"
"AS070165","หน้ากากป้องกันสารเคมี ชนิดครึ่งหน้า ไส้กรองคู่ No.6001"
"AS071996","เข็มเขี่ยเชื้อ ปลายแหลม (Needle) 15 cm /ชิ้น"
"AS072003","FiberBag for crude fibre determination 100 ชิ้น /แพ็ค"
"AS072002","แคปซูลเปล่า สีขุ่น 500 mg 1000 แคปซูล /แพ็ค"
"AS072001","หลอดฮีมาโทคริต (Microhematocrit tube) red tip 80 lu/ml 100ชิ้น/หลอด"
"AS070306","แคปซูลเปล่า สีขาว 500 mg 1000 ชิ้น /แพ็ค"
"AS072000","Cryo tubes (PP) 2 ml 50 ชิ้น /แพ็ค"
"AS071744","ค้อนเคาะเข่า ทรงสามเหลี่ยม  (Taylor Percussion Hammer) 18 cm."
"AS071692","ขวดระเหยทรงลูกแพร (Evaporating flask Pear-shaped) joint 29/32 ,1 L /ชิ้น"
"AS071999","ตลับกรองสารเคมี ชนิดครึ่งหน้า ไส้กรองคู่ No.6006 ยี่ห้อ 3M"
"AS070164","ปากคีบ ปลายโค้ง (Forceps curved) 14 cm /ชิ้น"
"AS071998","Test tube 10x75 mm. /ชิ้น"
"AS071997","Nose Clip (คลิปหนีบจมูก) /ชิ้น"
"AS071995","กรรไกรผ่าตัดตรง (0perating Scissor) แหลม/ป้าน13 cm /ชิ้น"
"AS071403","เข็มเขี่ยเชื้อ ปลายแหลม (Needle) 28 cm."
"AS071404","เข็มเขี่ยเชื้อ ปลายมน (Loop) 28 cm."
"AS071553","กรรไกรผ่าตัดโค้ง แหลม/แหลม (Operating Scissor) 13 cm."
"AS071994","ผ้าพันแผลแบบยึดได้ (Conforming Bandage) 4 นิ้ว /ม้วน"
"AS071993","แผ่นปิดแผลอเนกประสงค์ 5 cmx10 m /ม้วน"
"AS071992","แผ่นปิดแผลอเนกประสงค์ 10 cmx10 m /ม้วน"
"AS070474","*ยกเลิกไปใช้ AS071936* ผ้าก๊อซม้วน 36 นิ้วx100 หลา 6 ท่อน /แถว"
"AS070468","*ยกเลิกไปใช้ AS071930* ถุงมือ มีแป้ง Size L 100 ชิ้น /กล่อง"
"AS070466","*ยกเลิกไปใช้ AS071928* ถุงมือ มีแป้ง Size S 100 ชิ้น /กล่อง"
"AS070465","*ยกเลิกไปใช้AS071927* ถุงมือ มีแป้ง Size XS 100 ชิ้น /กล่อง"
"AS070461","*ยกเลิกไปใช้ AS071923* วัสดุอุดฟัน Flowable composite  สี A3.5 2 หลอด /แพ็ค"
"AS070460","*ยกเลิกไปใช้ AS071922* วัสดุอุดฟัน Flowable composite  สี A3 2 หลอด /แพ็ค"
"AS070448","*ยกเลิกไปใช้ AS071919* แผ่นขัดสำหรับขัดแต่งและขัดมันฟัน ขนาด 3/8 นิ้ว ชนิด superfine (ละเอียดมาก) 30 ชิ้น /แพ็ค"
"AS070447","*ยกเลิกไปใช้ AS071918* แผ่นขัดสำหรับขัดแต่งและขัดมันฟัน ขนาด 3/8 นิ้ว fine (ละเอียด) 30 ชิ้น /แพ็ค"
"AS070446","*ยกเลิกไปใช้ AS071917* แผ่นขัดสำหรับขัดแต่งและขัดมันฟัน ขนาด 3/8 นิ้ว ชนิด medium (หยาบปานกลาง) 30 ชิ้น /แพ็ค"
"AS070445","*ยกเลิกไปใช้ AS071916* แผ่นขัดสำหรับขัดแต่งและขัดมันฟัน ขนาด 3/8 นิ้ว ชนิด coarse (หยาบมาก) 30 ชิ้น /แพ็ค"
"AS070249","เทอร์โมมิเตอร์ (Thermometer) 0-100 °C/ชิ้น"
"AS070248","Thermometer Alcohol 0-100 °C /ชิ้น"
"AS070247","เทอร์โมมิเตอร์ดิจิตอล (Digital Thermometer) -50 °C - +300°C/ชิ้น"
"AS071991","Sterile gloves for surgery size 8.5 100 ชิ้น /กล่อง"
"AS071990","Sterile autoclave paper roll 200 mm /ม้วน"
"AS071989","Plain film 1 film per envelope Size 0 100 ชิ้น /กล่อง"
"AS071988","Paper point size S 200 ชิ้น /กล่อง"
"AS071987","Paper point size M 200 ชิ้น /กล่อง"
"AS071986","Paper point size L 200 ชิ้น /กล่อง"
"AS071985","Mouth prop size L /ชิ้น"
"AS071984","Gutta percha accessory cone F box 100 ชิ้น /กล่อง"
"AS071983","D.T. LIGHT-POST ILLUSION X-RO Intro Kit /กล่อง"
"AS071982","BUR RA Tapered round end เบอร์ 016 (6 mm) /ชิ้น"
"AS071981","BUR RA Round white stone /ชิ้น"
"AS071980","BUR RA Flame shaped white stone /ชิ้น"
"AS071979","RA Bristle brush /ชิ้น"
"AS071978","หัวกรออะคริลิก ทรงสอบหัวมน (BUR HP Tungsten carbide bur) small taper round end /ชิ้น"
"AS071977","หัวกรออะคริลิก ทรงสอบหัวมน (BUR HP Tungsten carbide bur) large taper round end /ชิ้น"
"AS071976","HP Round carbide bur เบอร์ 021 /ชิ้น"
"AS071975","หัวกรอหินก้านยาว สำหรับขัดโครงฟันปลอม (BUR HP Flame shaped brown stone) /ชิ้น"
"AS071974","D.T. Light-Post Illusion X-RO Blue 10 ชิ้น /ชุด"
"AS071973","D.T. Light-Post Illusion X-RO Yellow 10 ชิ้น /ชุด"
"AS071972","Color code instrument ring-Large Grey 50 ชิ้น /กล่อง"
"AS071971","Color code instrument ring-Large คละสี 90 ชิ้น /กล่อง"
"AS071970","หัวกรอยางก้านยาว สำหรับขัดโลหะ (BUR HP silicone-Large,medium) 6 ชิ้น /กล่อง"
"AS071969","หัวกรอยางก้านยาว สำหรับขัดโลหะ (BUR HP silicone- Large) #fine 6 ชิ้น /กล่อง"
"AS071968","หัวกรอยางก้านยาว สำหรับขัดโลหะ (BUR HP silicone- Large) #coarse 6 ชิ้น /กล่อง"
"AS071967","หัวกรอยางก้านยาว สำหรับขัดโลหะ (BUR HP silicone-Large) #brown 6 ชิ้น /กล่อง"
"AS071966","หัวกรอยางก้านยาว สำหรับขัดโลหะ (BUR HP silicone-Large) #green 6 ชิ้น /กล่อง"
"AS071965","Endodontic spreader #RCSGP3 30 mm/ชิ้น"
"AS071964","Endodontic spreader #D11 23 mm /ชิ้น"
"AS070479","*ยกเลิกไปใช้ AS071941* ถุงมือผ่าตัด No.8 50 คู่ /กล่อง"
"AS070476","*ยกเลิกไปใช้ AS071938* ถุงมือผ่าตัด No.6.5 50 คู่ /กล่อง"
"AS070475","*ยกเลิกไปใช้ AS071937* ถุงมือผ่าตัด No.6  50 คู่ /กล่อง"
"AS070426","*ยกเลิกไปใช้ AS071913* พลาสเตอร์ปิดแผล ชนิดผ้า 100 ชิ้น /กล่อง"
"AS070425","*ยกเลิกไปใช้ AS071912* ผ้าก๊อซพับ 2 นิ้ว"
"AS070424","*ยกเลิกไปใช้ AS071911* ผ้าก๊อซพับ 4 นิ้ว"
"AS070393","*ยกเลิกไปใช้ AS071908* 96 well solid black 10 ชิ้น /แพ็ค"
"AS070374","*ยกเลิกไปใช้ AS071907* Microscope cover glass 22x22 mm 10 ชิ้น/กล่อง"
"AS070355","*ยกเลิกไปใช้ AS071954* Disposable Needle  20Gx1 นิ้ว 100 ชิ้น/กล่อง"
"AS070354","*ยกเลิกไปใช้ AS071953* Disposable Needle 18Gx1 นิ้ว 100 ชิ้น/กล่อง"
"AS070352","*ยกเลิกไปใช้ AS071952* Disposable Needle  20Gx1.5 นิ้ว 100 ชิ้น/กล่อง"
"AS070351","*ยกเลิกไปใช้ AS071951* Disposable Needle 18Gx1.5 นิ้ว 100 ชิ้น/กล่อง"
"AS070350","*ยกเลิกไปใช้ AS071950* Disposable Syringe (กระบอกฉีดยาพลาสติก) หัวล็อค 10 ml 100 อัน/กล่อง"
"AS070348","*ยกเลิกไปใช้ AS071949* Disposable Syringe (กระบอกฉีดยาพลาสติก) 50 ml 100 อัน/กล่อง"
"AS070346","*ยกเลิกไปใช้ AS071905* Disposable Syringe (กระบอกฉีดยาพลาสติก) 20 ml 100 อัน/กล่อง"
"AS070345","*ยกเลิกไปใช้ AS071948* Disposable Syringe (กระบอกฉีดยาพลาสติก) 10 ml 100 อัน/กล่อง"
"AS070344","*ยกเลิกไปใช้ AS071947* Disposable Syringe (กระบอกฉีดยาพลาสติก) 5 ml 100 อัน/กล่อง"
"AS070335","*ยกเลิกไปใช้ AS071903* หลอดพลาสติกใส 50 g 100 ชิ้น/แพ็ค"
"AS070014","*ยกเลิกไปใช้ AS071488* Centrifuge Tube,Paper Rack (Sterile) 15 ml 50 หลอด/แพ็ค"
"AS071907","Microscope cover glass 22x22 mm. /ชิ้น"
"AS070415","ฝาปิดหลอดทดลองพลาสติก เส้นผ่านศูนย์กลาง 20 mm  /ชิ้น"
"AS071963","สายยางซิลิโคน (Silicone Tube) 5x8 mm ยาว 15 m."
"AS071962","สายยางซิลิโคน (Silicone Tube) 4x7 mm ยาว 15 m."
"AS071961","กระบอกฉีดยาแก้ว (Glass Syringe) 5 ml /ชิ้น"
"AS071895","สายยางลาเท็กซ์ (Latex Tube) เบอร์ 202"
"AS071960","ปากคีบแบบมีเขี้ยว (Tissue Forcep) 5.5 นิ้ว /อัน"
"AS070418","*ยกเลิกไปใช้ AS071910* Saterile PES syring filter 0.45 micron 25 mm  50 ชิ้น /กล่อง"
"AS070417","*ยกเลิกไปใช้ AS071909* Bag sterilized stomacher 7x12 นิ้ว 100 ชิ้น /แพ็ค"
"AS070028","*ยกเลิกไปใช้ AS071902* Microcentrifuge tube,Clear,Graduated 1.5 ml 500 ชิ้น/แพ็ค"
"AS071959","Clindamycin 300mg 100 เม็ด/กล่อง"
"AS071958","Azithromycin 250mg 6 เม็ด/กล่อง"
"AS071957","Amoxicillin 500mg 500 เม็ด/กล่อง"
"AS071956","Sterile water for injection /LR /Liquid 10 ml50 ขวด /กล่อง"
"AS071955","Sterile water for injection /LR /Liquid 5 ml100 ขวด /กล่อง"
"AS071954","Disposable Needle  20Gx1 นิ้ว 100 ชิ้น/กล่อง"
"AS071953","Disposable Needle 18Gx1 นิ้ว 100 ชิ้น/กล่อง"
"AS071952","Disposable Needle  20Gx1.5 นิ้ว 100 ชิ้น/กล่อง"
"AS071950","Disposable Syringe (กระบอกฉีดยาพลาสติก) หัวล็อค 10 ml 100 อัน/กล่อง"
"AS071949","Disposable Syringe (กระบอกฉีดยาพลาสติก) 50 ml 100 อัน/กล่อง"
"AS071948","Disposable Syringe (กระบอกฉีดยาพลาสติก) 10 ml 100 อัน/กล่อง"
"AS071947","Disposable Syringe (กระบอกฉีดยาพลาสติก) 5 ml 100 อัน/กล่อง"
"AS071668","แท่งแม่เหล็กกวนสาร (Magnetic bar ""Plain"") 12x3 mm /ชิ้น"
"AS071946","Wedge ไม้ size L 100 ชิ้น/กล่อง"
"AS071945","Wedge ไม้ size S 100 ชิ้น/กล่อง"
"AS071944","Wedge ไม้ size M 100 ชิ้น/กล่อง"
"AS070582","*ยกเลิกไปใช้ AS071943* กระปุกอลูมเนียม รุ่น C 10 ml 50 ชิ้น /แพ็ค"
"AS071943","กระปุกอลูมเนียม รุ่น C 10 ml 50 ชิ้น /แพ็ค"
"AS071942","Syringe Filter 0.45 ไมครอน 100 ชิ้น /กล่อง"
"AS071941","ถุงมือผ่าตัด No.8 50 คู่ /กล่อง"
"AS071940","ถุงมือผ่าตัด No.7.5 50 คู่ /กล่อง"
"AS070478","*ยกเลิกไปใช้ AS071940* ถุงมือผ่าตัด No.7.5 50 คู่ /กล่อง"
"AS071939","ถุงมือผ่าตัด No.7 50 คู่ /กล่อง"
"AS071938","ถุงมือผ่าตัด No.6.5 50 คู่ /กล่อง"
"AS071937","ถุงมือผ่าตัด No.6  50 คู่ /กล่อง"
"AS071936","ผ้าก๊อซม้วน 36 นิ้วx100 หลา 6 ท่อน /แถว"
"AS071935","หน้ากากอนามัย 50 ชิ้น /กล่อง"
"AS071934","หมวกคลุมผมใยสังเคราะห์ 100 ชิ้น /ถุง"
"AS070472","*ยกเลิกไปใช้ AS071934* หมวกคลุมผมใยสังเคราะห์ 100 ชิ้น /ถุง"
"AS071933","ถุงมือ ไม่มีแป้ง Size M 100 ชิ้น /กล่อง"
"AS071932","ถุงมือ ไม่มีแป้ง Size S 100 ชิ้น /กล่อง"
"AS071931","ถุงมือ ไม่มีแป้ง Size XS 100 ชิ้น /กล่อง"
"AS071930","ถุงมือ มีแป้ง Size L 100 ชิ้น /กล่อง"
"AS071929","ถุงมือ มีแป้ง Size M 100 ชิ้น /กล่อง"
"AS071928","ถุงมือ มีแป้ง Size S 100 ชิ้น /กล่อง"
"AS071927","ถุงมือ มีแป้ง Size XS 100 ชิ้น /กล่อง"
"AS071926","Imaging plate size 2 แผ่นเพลทรับภาพรังสี 4 ชิ้น /กล่อง"
"AS070464","*ยกเลิกไปใช้ AS071926* imaging plate size 2 แผ่นเพลทรับภาพรังสี 4 ชิ้น /กล่อง"
"AS071925","Imaging plate size 1 แผ่นเพลทรับภาพรังสี 4 ชิ้น /กล่อง"
"AS070463","*ยกเลิกไปใช้ AS071925* Imaging plate size 1 แผ่นเพลทรับภาพรังสี 4 ชิ้น /กล่อง"
"AS071924","วัสดุอุดฟัน Flowable composite  สี A4 2 หลอด /แพ็ค"
"AS070462","*ยกเลิกไปใช้ AS071924* วัสดุอุดฟัน Flowable composite  สี A4 2 หลอด /แพ็ค"
"AS071923","วัสดุอุดฟัน Flowable composite  สี A3.5 2 หลอด /แพ็ค"
"AS071922","วัสดุอุดฟัน Flowable composite  สี A3 2 หลอด /แพ็ค"
"AS071921","วัสดุอุดฟัน Flowable composite  สี A2 2 หลอด /แพ็ค"
"AS071920","วัสดุอุดฟัน Flowable composite  สี A1 2 หลอด /แพ็ค"
"AS071919","แผ่นขัดสำหรับขัดแต่งและขัดมันฟัน ขนาด 3/8 นิ้ว ชนิด superfine (ละเอียดมาก) 30 ชิ้น /แพ็ค"
"AS071918","แผ่นขัดสำหรับขัดแต่งและขัดมันฟัน ขนาด 3/8 นิ้ว fine (ละเอียด) 30 ชิ้น /แพ็ค"
"AS071917","แผ่นขัดสำหรับขัดแต่งและขัดมันฟัน ขนาด 3/8 นิ้ว ชนิด medium (หยาบปานกลาง) 30 ชิ้น /แพ็ค"
"AS071916","แผ่นขัดสำหรับขัดแต่งและขัดมันฟัน ขนาด 3/8 นิ้ว ชนิด coarse (หยาบมาก) 30 ชิ้น /แพ็ค"
"AS071915","ถาดหลุมใส่ adhesive ชนิด 3 หลุมและมีฝาปิด 4 ชิ้น /แพ็ค"
"AS070443","*ยกเลิกไปใช้ AS071915* ถาดหลุมใส่ adhesive ชนิด 3 หลุมและมีฝาปิด 4 ชิ้น /แพ็ค"
"AS071914","ซองยา 8 X 12 ซม. 100 ซอง /แพ็ค"
"AS070432","*ยกเลิก ไปใช้ AS071914* ซองยา 8 X 12 ซม. 100 ซอง /แพ็ค"
"AS071912","ผ้าก๊อซพับ 2 นิ้ว 100 ชิ้น/แพ็ค"
"AS071911","ผ้าก๊อซพับ 4 นิ้ว 100 ชิ้น/แพ็ค"
"AS071910","Saterile PES syring filter 0.45 micron 25 mm 50 ชิ้น /กล่อง"
"AS071909","Bag sterilized stomacher 7x12 นิ้ว 100 ชิ้น /แพ็ค"
"AS071908","96 well solid black 10 ชิ้น /แพ็ค"
"AS071906","ถุงมือไนไตรดีสโพสหนา สีฟ้า L 100 ชิ้น/กล่อง"
"AS071905","Disposable Syringe (กระบอกฉีดยาพลาสติก) 20 ml 100 อัน/กล่อง"
"AS071904","Disposable Syringe (กระบอกฉีดยาพลาสติก) 3 ml 100 อัน/กล่อง"
"AS071903","หลอดพลาสติกใส 50 g 100 ชิ้น/แพ็ค"
"AS071902","Microcentrifuge tube,Clear,Graduated 1.5 ml 500 ชิ้น/แพ็ค"
"AS071901","Microcentrifuge tube 1.5 ml 1000 ชิ้น/แพ็ค"
"AS071441","Microcentrifuge tube 2 ml 500 ชิ้น/แพ็ค"
"AS071900","ถุงมือไนไตรดีสโพสหนา สีฟ้า M 100 ชิ้น/กล่อง"
"AS071899","ถุงมือไนไตรดีสโพสหนา สีฟ้า S 100 ชิ้น/กล่อง"
"AS071898","Microcentrifuge tube (serile) 1.5 ml 500 ชิ้น/แพ็ค"
"AS070225","Test Tube 16x125 mm /ชิ้น"
"AS071897","Anaerotest 50 strip /กล่อง"
"AS071896","กระดาษเพาะเมล็ดพันธุ์ 10inx100m /กล่อง"
"AS071894","บีกเกอร์พลาสติก มีหู (Beaker plastic with handle) 250 ml /ชิ้น"
"AS071382","บีกเกอร์พลาสติก มีหู (Beaker plastic with handle) 2 L/ชิ้น"
"AS071892","Eye of cat, anterior part with cornea, iris, ciliary body, t.s. /แผ่น"
"AS071878","thymus from human child t.s./แผ่น"
"AS071861","Testis from human adult, mature stage t.s. /แผ่น"
"AS071853","Prostate gland of monkey, t.s. /แผ่น"
"AS071893","กระดาษกรอง (Filter Papers) เบอร์ 2 ,12.5 cm100 แผ่น /กล่อง"
"AS071891","Nasal region of small mammal (Mouse or rat), t.s. showing respiratory and olfactory epithelium, bone etc. /แผ่น"
"AS071890","Umbilical cord ,human t.s. /แผ่น"
"AS071889","Kidney of cat, t.s. /แผ่น"
"AS071888","Urethra, human, t.s. /แผ่น"
"AS071887","Renol papilla, human t.s. /แผ่น"
"AS071886","Mammary gland ,human, sec. /แผ่น"
"AS071885","Kidney human, t.s. /แผ่น"
"AS071884","Placenta, human t.s. /แผ่น"
"AS071883","Uterus, human t.s. /แผ่น"
"AS071882","Lip, human foetus, t.s. /แผ่น"
"AS071881","Gall bladder, human t.s. /แผ่น"
"AS071880","Barr bodies (human sex chrommatin) in smear from female squamous epithelium /แผ่น"
"AS071879","tonsil (tonsilla palatina) /แผ่น"
"AS071877","Human blood smear /แผ่น"
"AS071876","Vermiform appendix, human t.s. /แผ่น"
"AS071875","Lymph gland of pig, t.s. showing lymhoid tissue /แผ่น"
"AS071874","Retina of cat, t.s. for finer detail of rods and cones /แผ่น"
"AS071873","Spleen of guinea pig, t.s. /แผ่น"
"AS071872","Lymph node of pig, t.s. routine stained /แผ่น"
"AS071871","Pituitary gland (hypophysis),sag. l.s. of complete organ from cow or pig showing adeno-and neurohypophysis /แผ่น"
"AS071870","Lung, human, sec routine stained /แผ่น"
"AS071869","Spinal cord, human t.s. of lumbar region /แผ่น"
"AS071868","Spinal cord, human t.s. of thoracic region /แผ่น"
"AS071867","Spinal cord, human t.s. of cervical region /แผ่น"
"AS071866","Prostata of young man, t.s. /แผ่น"
"AS071865","Seminal vesicle (GI. vesiculosa), human t.s. /แผ่น"
"AS071864","Spermatic cord (Ductus deferens), human t.s. /แผ่น"
"AS071863","Sperm smear, human /แผ่น"
"AS071862","Epididymis, human t.s. /แผ่น"
"AS071860","Testis from human child, t.s. /แผ่น"
"AS071859","Spinal cord of cat, t.s. stained for Nissl bodies /แผ่น"
"AS071858","Human blood smear, stained for red and white corpuscles /แผ่น"
"AS071857","Motor nerve cells, smear from spinal cord of cow showing w.m. of motor nerve cells and their processes /แผ่น"
"AS071856","Tooth, human, complete l.s. /แผ่น"
"AS071855","Tooth, human, t.s. of crown /แผ่น"
"AS071854","Spongy (cancellous) bone, human t.s. /แผ่น"
"AS071852","Cerebral cortex, t.s. stained by Golgi's silver method to show the pyramidal cells /แผ่น"
"AS071851","Motor nerve cells, smear preparation from spinal cord of ox shows nerve cells and their appendages /แผ่น"
"AS071850","Cancellous (spong) bone, t.s. /แผ่น"
"AS071849","Compact bone, human t.s. /แผ่น"
"AS071848","Ovary of cat, t.s. for general study, shows primary, secondary and Graafian follicles /แผ่น"
"AS071847","Leydig's cells in testis of mouse, t.s. /แผ่น"
"AS071846","Liver of pig, t.s. showing well developed connective tissue /แผ่น"
"AS071845","Mitotic stage in sec. of whitefish blastula showing spindles /แผ่น"
"AS071844","Parathyriod gland,human t.s. /แผ่น"
"AS071843","Retina,human t.s. /แผ่น"
"AS071842","Adrenal (suprarenal)gland ,human t.s. /แผ่น"
"AS071841","Pancreas,human t.s. /แผ่น"
"AS071840","Thyroid gland,human t.s. /แผ่น"
"AS071839","Olfactory region of dog or rabbit, t.s. /แผ่น"
"AS071838","Eye of cat ,posterior part with retina t.s. /แผ่น"
"AS071837","Ovary with corpus luteum t.s. /แผ่น"
"AS071836","Ovary of rabbit, t.s. developing follicles /แผ่น"
"AS071835","Ovary of cat ,with follicles and corpus luteum t.s. /แผ่น"
"AS071834","Nail development of embryo ,sagittal l.s. /แผ่น"
"AS071833","Scalp,verticol l.s. shows is l.s. of hair follicles ,human /แผ่น"
"AS071832","Finger tip form fetus with nail development l.s. /แผ่น"
"AS071831","Scalp,human, l.s. of hair follicles /แผ่น"
"AS071830","เข็มชนิดพลาสติก (IV Catheter) 22Gx1/2 นิ้ว 50 ชิ้น /กล่อง"
"AS071829","เข็มชนิดพลาสติก (IV Catheter) 20Gx1/2 นิ้ว 50 ชิ้น /กล่อง"
"AS071828","เข็มชนิดพลาสติก (IV Catheter) 18Gx1/2 นิ้ว 50 ชิ้น /กล่อง"
"AS071827","ถุงปัสสาวะ (Urine bag) แบบเทล่าง 2000 มล. /ถุง"
"AS071826","สายสวนปัสสาวะ แบบสวนคาสายปัสสาวะ (Foley catheter) ชนิด 3 หาง เบอร์ 24 /ห่อ"
"AS071825","สายสวนปัสสาวะ แบบสวนคาสายปัสสาวะ (Foley catheter) ชนิด 3 หาง เบอร์ 22 /ห่อ"
"AS071824","สายสวนปัสสาวะ แบบสวนคาสายปัสสาวะ (Foley catheter) ชนิด 3 หาง เบอร์ 20 /ห่อ"
"AS071823","สายสวนปัสสาวะ แบบสวนคาสายปัสสาวะ (Foley catheter) ชนิด 3 หาง เบอร์ 18 /ห่อ"
"AS071822","สายสวนปัสสาวะ แบบสวนคาสายปัสสาวะ (Foley catheter) ชนิด 3 หาง เบอร์ 16 /ห่อ"
"AS071821","สายสวนปัสสาวะ แบบสวนคาสายปัสสาวะ (Foley catheter) ชนิด 2 หาง เบอร์ 24 /ห่อ"
"AS071820","สายสวนปัสสาวะ แบบสวนคาสายปัสสาวะ (Foley catheter) ชนิด 2 หาง เบอร์ 22 /ห่อ"
"AS071819","สายสวนปัสสาวะ แบบสวนคาสายปัสสาวะ (Foley catheter) ชนิด 2 หาง เบอร์ 20 /ห่อ"
"AS071818","สายสวนปัสสาวะ แบบสวนคาสายปัสสาวะ (Foley catheter) ชนิด 2 หาง เบอร์ 18 /ห่อ"
"AS071817","สายสวนปัสสาวะ แบบสวนคาสายปัสสาวะ (Foley catheter) ชนิด 2 หาง เบอร์ 16 /ห่อ"
"AS071816","สายสวนปัสสาวะ แบบสวนคาสายปัสสาวะ (Foley catheter) ชนิด 2 หาง เบอร์ 14 /ห่อ"
"AS071815","สายสวนปัสสาวะ แบบสวนคาสายปัสสาวะ (Foley catheter) ชนิด 2 หาง เบอร์ 12 /ห่อ"
"AS071814","สายสวนปัสสาวะ แบบสวนคาสายปัสสาวะ (Foley catheter) ชนิด 2 หาง เบอร์ 10 /ห่อ"
"AS071813","สายสวนปัสสาวะ แบบสวนคาสายปัสสาวะ (Foley catheter) ชนิด 2 หาง เบอร์ 8 /ห่อ"
"AS071812","สายให้อาหารทางจมูก (A Nasogastric (NG) tube) เบอร์ 18 /ห่อ"
"AS071811","สายให้อาหารทางจมูก (A Nasogastric (NG) tube) เบอร์ 12 /ห่อ"
"AS071810","สายให้อาหารทางจมูก (A Nasogastric (NG) tube) เบอร์ 10 /ห่อ"
"AS071809","สายให้อาหารทางจมูก (A Nasogastric (NG) tube) เบอร์ 8 /ห่อ"
"AS071808","สายให้อาหารทางจมูก (A Nasogastric (NG) tube) เบอร์ 6 /ห่อ"
"AS071807","สายให้อาหารทางจมูก (A Nasogastric (NG) tube) เบอร์ 5 /ห่อ"
"AS071806","สายเอคเทนชั่น (Extension Tube) 12 นิ้ว 50 ชิ้น /กล่อง"
"AS071805","ท่อช่วยหายใจ (Endotracheal tubes) เบอร์ 8 /ห่อ"
"AS071804","ท่อช่วยหายใจ (Endotracheal tubes) เบอร์ 7.5 /ห่อ"
"AS071803","ท่อช่วยหายใจ (Endotracheal tubes) เบอร์ 7 /ห่อ"
"AS071802","ท่อช่วยหายใจ (Endotracheal tubes) เบอร์ 6.5 /ห่อ"
"AS071801","แถบตรวจระดับน้ำตาลในเลือด 30 ชิ้น /กล่อง"
"AS071800","เครื่องตรวจน้ำตาลในเลือด"
"AS071799","เจลสำหรับหล่อลื่น 82 g"
"AS071798","กล่องทิ้งเข็ม ทรงกลม 2 ลิตร"
"AS071797","ซองสเตอร์ไรด์ แบบเรียบ FLAT 250 mm x 200 m (ขนาด 10 นิ้ว) /ม้วน"
"AS071796","ซองสเตอร์ไรด์ แบบเรียบ FLAT 150 mm x 200 m (ขนาด 6 นิ้ว) /ม้วน"
"AS071794","เข็มเย็บแผล 1/2 Circle round 28 mm 12 ชิ้น /ซอง"
"AS071795","เข็มเย็บแผล 1/2 Circle round 32 mm 12 ชิ้น /ซอง"
"AS071793","ผ้าก๊อซพับ 2x2 นิ้ว"
"AS071792","กระดาษวัด PH (Special indicator paper) pH 0.5-5.5"
"AS071752","สายสวนปัสสาวะ แบบครั้งคราว (Straight catheter) เบอร์ 14 10 เส้น /กล่อง"
"AS071751","สายสวนปัสสาวะ แบบครั้งคราว (Straight catheter) เบอร์ 12 10 เส้น /กล่อง"
"AS070860","เข็มเย็บแผล 1/2 Circle cutting 24 mm 12 ชิ้น /แพ็ค"
"AS070859","เข็มเย็บแผล 3/8 Circle cutting 24 mm 12 ชิ้น /แพ็ค"
"AS070858","เข็มเย็บแผล 1/2 Circle cutting  21 mm 12 ชิ้น /แพ็ค"
"AS071758","ซองสเตอร์ไรด์ แบบเรียบ (FLAT) 100 mm. x 200 m. (ขนาด 4 นิ้ว) / ม้วน"
"AS070804","เข็มเย็บแผล (Surgical Needle) แบบเหลี่ยม เบอร์ 36 (36 mm.) 12 ซอง /กล่อง"
"AS070128","Buchner Funnel 11 cm /ชิ้น"
"AS070091","Magnetic bar 36x6 mm /ชิ้น"
"AS070063","ลูกซัด (สมุนไพรอบแห้ง)/AR grade /Solid 1 kg /ถุง"
"AS070062","ระย่อม (สมุนไพรอบแห้ง)/Cosmetic grade /Solid 1 kg /ถุง"
"AS070061","มะคำดีควาย (สมุนไพรอบแห้ง)/Cosmetic grade /Solid 1 kg /ถุง"
"AS070060","ไพล (สมุนไพรอบแห้ง) /AR grade /Solid 1 kg /ถุง"
"AS070055","ผงขมิ้นชัน (สมุนไพรอบแห้ง)/Cosmetic grade /Solid 1 kg /ถุง"
"AS070056","ผงบอระเพ็ด (สมุนไพรอบแห้ง)/Cosmetic grade /Solid 1 kg /ถุง"
"AS070057","ผงพริกไทยดำ (สมุนไพรอบแห้ง)/Cosmetic grade /Solid 1 kg /ถุง"
"AS070058","ผงฟ้าทะลายโจร (สมุนไพรอบแห้ง)/Cosmetic grade /Solid 1 kg /ถุง"
"AS070059","ผิวมะกรูด (สมุนไพรอบแห้ง) /COM grade /Solid 1 kg /ถุง"
"AS070054","เปลือกส้ม (สมุนไพรอบแห้ง) /Cosmetic grade /Solid 1 kg /ถุง"
"AS070053","เถาเอ็นอ่อน (สมุนไพรอบแห้ง) /LR grade /Solid 1 kg /ถุง"
"AS070052","ขิง (สมุนไพรอบแห้ง) /AR grade /Solid 1 kg /ถุง"
"AS070051","ขมิ้นอ้อย (สมุนไพรอบแห้ง) /AR grade /Solid 1 kg /ถุง"
"AS070050","ขมิ้นชัน (สมุนไพรอบแห้ง) /AR grade /Solid 1 kg /ถุง"
"AS070041","Thumb (Dressing) Forceps 6"" (15-16 cm) 1 Piece"
"AS070040","Thumb (Dressing) Forceps 12"" (30 cm) 1 Piece"
"AS070035","Storage Box 100 hole,Keep -70*C 1 Piece"
"AS070038","Syring dispossable ไม่ติดเข็ม 5cc. 100 Piece /กล่อง"
"AS070037","Syring dispossable ไม่ติดเข็ม 20cc. 100 ชิ้น/กล่อง"
"AS070036","Syring dispossable ไม่ติดเข็ม 10cc. 100 Piece /กล่อง"
"AS070031","Microtube  2 ml 500 ชิ้น/แพ็ค"
"AS070021","Disposs needle 21gx1"" 100 Piece /แพ็ค"
"AS071791","ชั้นหลอดทดลอง (Rack for Tube) 5x10 ช่อง dia 18 mm"
"AS071790","ฝาครอบหลอดทดลอง (Test Tube Cap) 18 mm"
"AS071789","หลอดทดลอง (Test tube) 18x150mm"
"AS071788","กระป๋องอลูมิเนียม (Moisture Can) 5 oz."
"AS071787","น้ำกลั่นผสมยา (Sterile water) 5 cc."
"AS071775","ผ้าก๊อซหุ้มสำลี (Top Dressin ) 3x6 นิ้ว 50 ชิ้น /ห่อ"
"AS071776","เทปแต่งแผล ชนิดใส (Transpore) 1นิ้วx10 หลา"
"AS071777","ข้อต่อสามทาง (3 way Stopcock) 50 ชิ้น /กล่อง"
"AS071778","ไม้กดลิ้น Non – Sterile (Wooden Tongue Depressor) 100 ชิ้น /กล่อง"
"AS071779","สายดูดเสมหะ แบบระบบปิด (Closed suction system) เบอร์ 12"
"AS071780","สายดูดเสมหะ แบบระบบปิด (Closed suction system) เบอร์ 14"
"AS071781","น้ำเกลือ ปราศจากเชื้อ (NSS 0.9% Sodium Chloride) 100 ml."
"AS071782","น้ำเกลือ ปราศจากเชื้อ (NSS 0.9% Sodium Chloride) 500 ml."
"AS071783","แผ่นเทปใสปิดแผลกันน้ำ 5 x 7 ซม. 5 แผ่น /กล่อง"
"AS071784","แอมโมเนียหอม (Aromatic Ammonia Spirit) 30 cc."
"AS071785","เจลสำหรับหล่อลื่น 42 g"
"AS071786","น้ำกลั่นผสมยา (Sterile water) 2 cc."
"AS071767","เข็มชนิดพลาสติก (IV Catheter) 24G x 1นิ้ว 50 ชิ้น /กล่อง"
"AS071768","เข็มชนิดพลาสติก (IV Catheter) 20G x 1 1/4นิ้ว 50 ชิ้น /กล่อง"
"AS071769","สายให้อาหารทางจมูก (A Nasogastric (NG) tube) เบอร์ 14 50 เส้น /กล่อง"
"AS071770","สายให้อาหารทางจมูก (A Nasogastric (NG) tube) เบอร์ 16 50 เส้น /กล่อง"
"AS071771","จุกยางดำ แบบรูเดียว (one hole rubber stopper) เบอร์2"
"AS071772","ฝาอลูมิเนียมใช้กับจุกยาง เบอร์ 2"
"AS071759","สำลีก้อน ขนาด 1.40 g บรรจุ 450 กรัม1.40 กรัม"
"AS071761","ถุงมือผ่าตัด สเตอร์ไรด์ ไม่มีขอบ No. 6 50 คู่ /กล่อง"
"AS071762","ถุงมือผ่าตัด สเตอร์ไรด์ ไม่มีขอบ No. 7 50 คู่ /กล่อง"
"AS071763","ถุงมือผ่าตัด สเตอร์ไรด์ ไม่มีขอบ No. 8 50 คู่ /กล่อง"
"AS071753","เข็มติดไหมละลาย เข็มกลม (Chromic Catgut) No.2/0 75 cm. 12 ชิ้น /กล่อง"
"AS071754","เข็มติดไนลอน เข็มคัตติ้ง (Chromic nylon) No.4/0 75cm. 24 ชิ้น /กล่อง"
"AS071755","เข็มโค้งเย็บแผล (กลม 1/2) เบอร์ 28 12 เล่ม /กล่อง"
"AS071756","เข็มโค้งเย็บแผล (คัทติ้ง 1/2) เบอร์ 28 12 เล่ม /กล่อง"
"AS071757","สายยางลาเท็กซ์ (Latex Tube) เบอร์ 200"
"AS071745","กรรไกรตัดไหม ปลายตรง (Iris scissors) 11.5 cm"
"AS071746","คีมจับเข็มเย็บแผล (Needle Holder) 16 cm"
"AS071747","ปรอทวัดไข้ทางปาก แบบแก้ว (Clinical Thermometer)"
"AS071748","ไม้วัดเคลื่อนไหวของข้อต่อ (Goniometer)"
"AS071749","แผ่นหน้ากากกันเลือด (Surgical Splash Protector)"
"AS071750","ที่วัดระดับน้ำแม่เหล็ก 12 นิ้ว"
"AS071694","จุกยางดำตัน (Rubber stopper) เบอร์ 12"
"AS071695","จุกยางดำตัน (Rubber stopper) เบอร์ 13"
"AS071693","จุกยางดำตัน (Rubber stopper) เบอร์ 4"
"AS071570","สำลีก้อน ขนาด 0.35 กรัม บรรจุ 450 กรัม"
"AS071677","เทอร์มอมิเตอร์ (Thermometer) ชนิดแอลกอฮอล์ ± 50 องศาเซลเซียส /ชิ้น"
"AS071655","ปิเปต ทิป (Pipette Tips) ,สีเหลือง 200 µL 1000 ชิ้น /แพ็ค"
"AS071654","ปิเปต ทิป (Pipette Tips) ,สีฟ้า 1000 µL 1000 ชิ้น /แพ็ค"
"AS071733","เบ้าเคลือบ ทรงสูงพร้อมฝา (Crucible with lid, porcelain, tall shape) 15 ml /ชิ้น"
"AS071734","เบ้าเคลือบ ทรงสูงพร้อมฝา (Crucible with lid, porcelain, tall shape) 35 ml /ชิ้น"
"AS071735","เบ้าเคลือบ ทรงสูงพร้อมฝา (Crucible with lid, porcelain, tall shape) 50 ml /ชิ้น"
"AS071736","เบ้าเคลือบ ทรงกลางพร้อมฝา (Crucible with lid, porcelain, medium shape) 45 ml /ชิ้น"
"AS071737","ฝาขวดเพาะเลี้ยงเนื้อเยื่อ (Vented Tissue Culture Cap) ,16 ออนซ์ /ชิ้น"
"AS071738","ฝาขวดเพาะเลี้ยงเนื้อเยื่อ (Vented Tissue Culture Cap) ,24 ออนซ์ /ชิ้น"
"AS071739","ขวดปริมาตรก้นกลม (Round bottom flask) ,Joint 24/29250 ml /ชิ้น"
"AS071740","Syring dispossable ไม่ติดเข็ม 1 cc. 100 ชิ้น /กล่อง"
"AS071742","หน้ากากอนามัยพร้อมชั้นกรองคาร์บอน ไมครอน 95% /ชิ้น"
"AS071743","กรวยเทผง (Powder Funnel) 7.5 cm /ชิ้น"
"AS071727","กระดาษเซลโลเฟน (Cellophane paper) 90x105 cm /ชิ้น"
"AS071728","ขวดเพาะเลี้ยงเนื้อเยื่อพร้อมฝา 2 ออนซ์ /ชิ้น"
"AS071729","ขวดเพาะเลี้ยงเนื้อเยื่อพร้อมฝา 4 ออนซ์ /ชิ้น"
"AS071730","ขวดเพาะเลี้ยงเนื้อเยื่อพร้อมฝา 8 ออนซ์ /ชิ้น"
"AS071731","ขวดเพาะเลี้ยงเนื้อเยื่อพร้อมฝา 16 ออนซ์ /ชิ้น"
"AS071732","ขวดเพาะเลี้ยงเนื้อเยื่อพร้อมฝา 24 ออนซ์ /ชิ้น"
"AS071711","Fractionating column (การกลั่นลำดับส่วน) ,joint 14/23 /ชิ้น"
"AS071712","Two way adapter (receiving adapter) กลั่นลำดับส่วน,joint 14/23 /ชิ้น"
"AS071713","กระดาษโครมาโตรกราฟี (Chromatography paper) 60x60 cm 50 แผ่น /กล่อง"
"AS071714","แร็คลอยน้ำสำหรับหลอดไมโครทิวป์ Polypropylene Round Floating 1.5ml Microcentrifuge Tube Rack (Floating, 1000ml Beaker) /ชิ้น"
"AS071715","PCR Chiller rack color 96 well PCR plates /ชิ้น"
"AS071716","กล่องเก็บสไลด์ (Microscope Slide Dispenser) , บรรจุสไลด์ 50 แผ่น /ชิ้น"
"AS071717","Cryobox ,36 POS. for 15 ml Tube 36 ช่อง /ชิ้น"
"AS071718","Cryobox ,36 POS. for 50 ml Tube 16 ช่อง /ชิ้น"
"AS071719","หลอดเก็บตัวอย่างเลือด ฝาสกรู (Cryotube) 4.5 ml /ชิ้น"
"AS071720","Capillary tube 75 mm 100 ชิ้น /หลอด"
"AS071721","แท่งแก้วกลวง (Glass tube) , dia. 6 mm7 นิ้ว /ชิ้น"
"AS071722","ชามระเหย (Evaporating dish) 50 ml /ชิ้น"
"AS071723","ฐานตั้งปิเปต แนวตั้ง (Vertical Pipette Stand) /ชิ้น"
"AS071724","Brown tissue forceps 6 นิ้ว /ชิ้น"
"AS071725","Ocular micrometer /ชิ้น"
"AS071690","ถังใส่น้ำกลั่น แบบมีก๊อก หูหิ้ว 10 L /ชิ้น"
"AS071691","อะแดปเตอร์เทอร์โมมิเตอร์ แบบแก้ว (Thermometer adapter) ,joint 14/23 /ชิ้น"
"AS071696","ที่เจาะรูจุกยาง (Cork borer) /ชิ้น"
"AS071697","Dropping bottle,clear-glass 30 ml /ชิ้น"
"AS071698","Dropping bottle,clear-glass 60 ml /ชิ้น"
"AS071699","จานเพาะเชื้อ (Petri dish) 15x60 mm /ชิ้น"
"AS071700","จานเพาะเชื้อ (Petri dish) 25x150 mm /ชิ้น"
"AS071701","กระบอกฉีดยาแก้ว (Glass Syringe) 20 ml /ชิ้น"
"AS071702","กระบอกฉีดยาแก้ว (Glass Syringe) 50 ml /ชิ้น"
"AS071703","ชุดกรองสารละลาย (Filtration assembly) 300 ml /ชิ้น"
"AS071704","ถาดวางปิเปต (Pipette Tray For Drawer) แนวนอน 216x283x40 mm /ชิ้น"
"AS071705","ถาดวางปิเปต (Pipette Tray For Drawer) แนวตั้ง 300x425x30 mm /ชิ้น"
"AS071706","ที่ตั้งปิเปต แนวตั้ง (Pipette Stand)28 หลุม /ชิ้น"
"AS071707","ขวด Vial scintillation glass 20 ml /ชิ้น"
"AS071708","ฝาขวดเพาะเลี้ยงเนื้อเยื่อ (Vented Tissue Culture Cap) 2 Oz. /ชิ้น"
"AS071709","ฝาขวดเพาะเลี้ยงเนื้อเยื่อ (Vented Tissue Culture Cap) 4 Oz. /ชิ้น"
"AS071710","ฝาขวดเพาะเลี้ยงเนื้อเยื่อ (Vented Tissue Culture Cap) 8 Oz. /ชิ้น"
"AS071667","โกร่งบดยา (Mortar and pestle) 15 cm /ชิ้น"
"AS071678","เทอร์มอมิเตอร์ (Thermometer) แบบปรอท 300 องศาเซลเซียส /ชิ้น"
"AS071679","ขวดแก้วเล็ก Vial ใส ฝาเกลียว 2 dram /ชิ้น"
"AS071680","กระดาษกรอง (Filter Papers) ,No.1 47 mm 100 แผ่น /กล่อง"
"AS071681","กระดาษกรอง (Filter Papers) ,No.1 9 cm 100 แผ่น /กล่อง"
"AS071682","กระดาษกรอง (Filter Papers) ,No.1 110 mm 100 แผ่น /กล่อง"
"AS071684","กระดาษกรอง (Filter Papers) ,No.42 125 mm 100 แผ่น /กล่อง"
"AS071685","ไซริงค์กรองสาร (Filter for Syringe Nylon) ,45 um13 mm 100 แผ่น /กล่อง"
"AS071686","กรวยกรองก้านยาว (Funnel Long stem) ,15 cm /ชิ้น"
"AS071687","เม็ดกันเดือด (Glass bead) 6 mm /ถุง"
"AS071688","สามทางอะแดปเตอร์ (Three way adapter distilling head) ,joint 14/23 /ชิ้น"
"AS071689","ปั๊มน้ำสูญญากาศ (Water jet vacuum pump) /ชิ้น"
"AS071669","แท่งแม่เหล็กกวนสาร (Magnetic bar ""Plain"") 30x7 mm /ชิ้น"
"AS071670","แท่งแม่เหล็กกวนสาร (Magnetic bar ""Plain"") 50x8 mm /ชิ้น"
"AS071671","แท่งแม่เหล็กกวนสาร (Magnetic bar ""Plain"") 80x10 mm /ชิ้น"
"AS071672","แท่งแม่เหล็กกวนสาร (Magnetic bar ""Plain"") 20*7 mm /ชิ้น"
"AS071673","ยางรองกรวย (Buchner) ,NO.2 /ชิ้น"
"AS071674","ยางรองกรวย (Buchner) ,NO.3 /ชิ้น"
"AS071675","ลูกยางแดง (Syringe Ball) ปลายตัด , No.2 /ชิ้น"
"AS071676","ลูกยางแดง (Syringe Ball) ปลายแหลม ,No.2 /ชิ้น"
"AS071656","ขวดวัดปริมาตร พลาสติก (Volumetric flask plastic) 250 ml /ชิ้น"
"AS071657","แปรงล้างหลอดทดลอง (Brush test tube) 4 cm /ชิ้น"
"AS071658","คีมคีบขวดทดลอง (Flask Tongs) /ชิ้น"
"AS071659","Spatula stainless steel (ช้อนข้าง/พายข้าง) 13 cm /ชิ้น"
"AS071660","Spatula stainless steel (ช้อนข้าง/พายข้าง) 18 cm /ชิ้น"
"AS071661","Spatula stainless steel (ช้อนข้าง/พายข้าง) 12 cm /ชิ้น"
"AS071662","ชั้นวางหลอดทดลองสแตนเลส (Stainless steel Rack for tube) ,dia. 25x150 mm. 4x10 ช่อง /ชิ้น"
"AS071663","กรวยกรองกระเบื้อง (Buchner funnel) 7 cm /ชิ้น"
"AS071664","กรวยกรองกระเบื้อง (Buchner funnel) 9 cm /ชิ้น"
"AS071665","กรวยกรองกระเบื้อง (Buchner funnel) 12.5 cm /ชิ้น"
"AS071666","โกร่งบดยา (Mortar and pestle) 75 mm /ชิ้น"
"AS071642","บีกเกอร์พลาสติก มีหู (Beaker plastic with handle) 1 L /ชิ้น"
"AS071643","บีกเกอร์พลาสติก มีหู (Beaker plastic with handle) 3 L /ชิ้น"
"AS071644","กรวยกรองพลาสติก (Funnel plastic) 20 cm /ชิ้น"
"AS071645","ขวดพลาสติก PP ใส่สารเคมี ปากแคบ ฝาเกลียว 60 ml /ชิ้น"
"AS071646","ขวดพลาสติก PP ใส่สารเคมี ปากแคบ ฝาเกลียว 125 ml /ชิ้น"
"AS071647","ขวดพลาสติก PE ใส่สารเคมี ปากกว้าง ขาวขุ่น ฝาเกลียว 250 ml /ชิ้น"
"AS071648","ขวดพลาสติก PE ใส่สารเคมี ปากกว้าง ขาวขุ่น ฝาเกลียว 500 ml /ชิ้น"
"AS071649","ขวดพลาสติก PE ใส่สารเคมี ปากกว้าง ขาวขุ่น ฝาเกลียว 1 L /ชิ้น"
"AS071650","ขวดพลาสติก PE ใส่สารเคมี ปากกว้าง ขาวขุ่น ฝาเกลียว 2 L /ชิ้น"
"AS071651","ขวดพลาสติก PE ใส่สารเคมี ปากกว้าง สีชา ฝาเกลียว 250 ml /ชิ้น"
"AS071652","ขวดพลาสติก PE ใส่สารเคมี ปากกว้าง สีชา ฝาเกลียว 500 ml /ชิ้น"
"AS071653","ขวดพลาสติก PE ใส่สารเคมี ปากกว้าง สีชา ฝาเกลียว 1 L /ชิ้น"
"AS071619","ขวดน้ำยาใสที่มีฝาเกลียว (Laboratory glass bottle with screw cap, Clear) 50 ml /ชิ้น"
"AS071620","ขวดน้ำยาใสที่มีฝาเกลียว (Laboratory glass bottle with screw cap, Clear) 100 ml /ชิ้น"
"AS071621","ขวดน้ำยาใสที่มีฝาเกลียว (Laboratory glass bottle with screw cap, Clear) 250 ml /ชิ้น"
"AS071622","ขวดน้ำยาใสที่มีฝาเกลียว (Laboratory glass bottle with screw cap, Clear) 500 ml /ชิ้น"
"AS071623","ขวดน้ำยาใสที่มีฝาเกลียว (Laboratory glass bottle with screw cap, Clear) 1 L /ชิ้น"
"AS071624","กรวยแยกสาร Separating funnel with stopper, pear shape 125 ml /ชิ้น"
"AS071625","กรวยแยกสาร Separating funnel with stopper, pear shape 250 ml /ชิ้น"
"AS071626","แท่งแก้วคนสาร ( Stirring Rod ) 6 นิ้ว (dia. 7mm.) /ชิ้น"
"AS071627","แท่งแก้วคนสาร ( Stirring Rod ) 8 นิ้ว (dia 6 mm.) /ชิ้น"
"AS071628","แท่งแก้วคนสาร ( Stirring Rod ) 8 นิ้ว (dia 7 mm.) /ชิ้น"
"AS071629","แท่งแก้วคนสาร ( Stirring Rod ) 10 นิ้ว (dia 7 mm.) /ชิ้น"
"AS071630","แท่งแก้วคนสาร ( Stirring Rod ) 10 นิ้ว (dia 8 mm.) /ชิ้น"
"AS071631","แท่งแก้วคนสาร ( Stirring Rod ) 15 นิ้ว /ชิ้น"
"AS071632","ขวดปริมาตร (Volumetric flask, Class A, with stopper, Clear glass) 5 ml /ชิ้น"
"AS071633","ขวดปริมาตร (Volumetric flask, Class A, with stopper, Clear glass) 10 ml /ชิ้น"
"AS071634","ขวดปริมาตร (Volumetric flask, Class A, with stopper, Clear glass) 25 ml /ชิ้น"
"AS071635","ขวดปริมาตร (Volumetric flask, Class A, with stopper, Clear glass) 250 ml /ชิ้น"
"AS071636","ขวดปริมาตร (Volumetric flask, Class A, with stopper, Clear glass) 500 ml /ชิ้น"
"AS071637","ขวดปริมาตร (Volumetric flask, Class A, with stopper, Clear glass) 1 L /ชิ้น"
"AS071638","ขวดปริมาตร (Volumetric flask, Class A, with stopper, Clear glass) 2 L /ชิ้น"
"AS071639","กระจกนาฬิกา (Watch glass) 8 cm /ชิ้น"
"AS071640","บีกเกอร์พลาสติก (Beaker plastic ) 250 ml /ชิ้น"
"AS071641","บีกเกอร์พลาสติก มีหู (Beaker plastic with handle) 500 ml /ชิ้น"
"AS071595","บีกเกอร์ ทรงเตี้ย ""แบบมีปาก"" (Beaker glass with spout; Low form) 150 ml /ชิ้น"
"AS071596","บีกเกอร์ ทรงเตี้ย ""แบบมีปาก"" (Beaker glass with spout; Low form) 250 ml /ชิ้น"
"AS071597","บีกเกอร์ ทรงเตี้ย ""แบบมีปาก"" (Beaker glass with spout; Low form) 600 ml /ชิ้น"
"AS071598","บีกเกอร์ ทรงเตี้ย ""แบบมีปาก"" (Beaker glass with spout; Low form) 1 L /ชิ้น"
"AS071599","บีกเกอร์ ทรงเตี้ย ""แบบมีปาก"" (Beaker glass with spout; Low form) 2 L /ชิ้น"
"AS071600","บีกเกอร์ ทรงเตี้ย ""แบบมีปาก"" (Beaker glass with spout; Low form) 5 L /ชิ้น"
"AS071601","บีกเกอร์ ทรงสูง ""แบบมีปาก"" (Beaker glass with spout, Tall form) 100 ml /ชิ้น"
"AS071602","บีกเกอร์ ทรงสูง ""แบบมีปาก"" (Beaker glass with spout, Tall form) 250 ml /ชิ้น"
"AS071603","บีกเกอร์ ทรงสูง ""แบบมีปาก"" (Beaker glass with spout, Tall form) 400 ml /ชิ้น"
"AS071604","บีกเกอร์ ทรงสูง ""แบบมีปาก"" (Beaker glass with spout, Tall form) 600 ml /ชิ้น"
"AS071605","บิวเรตต์แก้ว (Burette glass) class B จุกเทปลอน 50 ml /ชิ้น"
"AS071606","บิวเรตต์แก้ว (Burette glass) class A จุกเทปลอน 50 ml /ชิ้น"
"AS071607","กระบอกตวงแก้วพร้อมฐานหกเหลี่ยม (Measuring Cylinder glass with spout, Class A, Hexagonal base) 5 ml /ชิ้น"
"AS071608","กระบอกตวงแก้วพร้อมฐานหกเหลี่ยม (Measuring Cylinder glass with spout, Class A, Hexagonal base) 10 ml /ชิ้น"
"AS071609","กระบอกตวงแก้วพร้อมฐานหกเหลี่ยม (Measuring Cylinder glass with spout, Class A, Hexagonal base) 25 ml /ชิ้น"
"AS071610","กระบอกตวงแก้วพร้อมฐานหกเหลี่ยม (Measuring Cylinder glass with spout, Class A, Hexagonal base) 50 ml /ชิ้น"
"AS071611","หลอดหยด (Dropper) + จุกยางแดง 10 cm /ชิ้น"
"AS071612","หลอดหยด (Dropper) + จุกยางแดง 15 cm /ชิ้น"
"AS071613","ปิเปตแบบปริมาตร (Transfer pipette; Class A) 50 ml /ชิ้น"
"AS071614","ขวดน้ำยาสีน้ำตาลพร้อมฝาเกลียว (Laboratory glass bottle with screw cap, Amber) 50 ml /ชิ้น"
"AS071615","ขวดน้ำยาสีน้ำตาลพร้อมฝาเกลียว (Laboratory glass bottle with screw cap, Amber) 100 ml /ชิ้น"
"AS071616","ขวดน้ำยาสีน้ำตาลพร้อมฝาเกลียว (Laboratory glass bottle with screw cap, Amber) 250 ml /ชิ้น"
"AS071617","ขวดน้ำยาสีน้ำตาลพร้อมฝาเกลียว (Laboratory glass bottle with screw cap, Amber) 500 ml /ชิ้น"
"AS071618","ขวดน้ำยาสีน้ำตาลพร้อมฝาเกลียว (Laboratory glass bottle with screw cap, Amber) 1 L /ชิ้น"
"AS071591","บีกเกอร์ ทรงเตี้ย ""แบบมีปาก"" (Beaker glass with spout; Low form) 10 ml /ชิ้น"
"AS071592","บีกเกอร์ ทรงเตี้ย ""แบบมีปาก"" (Beaker glass with spout; Low form) 25 ml /ชิ้น"
"AS071593","บีกเกอร์ ทรงเตี้ย ""แบบมีปาก"" (Beaker glass with spout; Low form) 50 ml /ชิ้น"
"AS071594","บีกเกอร์ ทรงเตี้ย ""แบบมีปาก"" (Beaker glass with spout; Low form) 100 ml /ชิ้น"
"AS071590","ถุงมือกันบาดระดับ 5 เคลือบ PU  Size L"
"AS071589","ชุดป้องกันสารเคมีและฝุนละออง สีขาว Size L"
"AS071588","ชุดป้องกันสารเคมีและฝุนละออง สีขาว Size M"
"AS071587","สายพาวเวอร์คอร์ด (Power Cord) 3Cx18AWG ยาว 5 m."
"AS071586","หลอดหยดแก้ว พร้อมฝาเกลียว 60 ml"
"AS071584","กล่องเก็บหลอดเซนติฟิว (Centrifuge tube box) 50 Well ขนาด 1.5/2.0 ml"
"AS071585","หลอดหยดแก้ว พร้อมฝาเกลียว 30 ml"
"AS071583","กระดาษเช็ดเลนส์ (Lens cleaning tissue) 8.5x11 cm 50 แผ่น /ซอง"
"AS071582","ตะแกรงโฟมลอยตัวสำหรับใส่หลอดทดลอง (Floating foam tube rack) 1.5-2 ml.,24 holes /ชิ้น"
"AS071581","หลอดหยดแก้ว พร้อมฝาเกลียว 100 ml /ชิ้น"
"AS071580","หลอดกระดาษกรองสำหรับการสกัด (Extraction Thimble) 25x100 mm 25 ชิ้น /กล่อง"
"AS071579","ที่ตักสารเคมี แบบสคูป (Glass Weighing Scoop) 10 ml /ชิ้น"
"AS071578","สายยางซิลิโคน ชนิดใส 8x12 mm ยาว 15 m."
"AS071577","สายยางซิลิโคน ชนิดใส 7x11 mm ยาว 15 m."
"AS071576","ช้อนตักสารพลาสติก (Dispensing Spoons) สีดำ 3 ขนาด /ชุด"
"AS071575","กระดาษกรอง (Filter Papers) No.1 dia 9 cm. 100 แผ่น /กล่อง"
"AS071574","ที่ปั๊มปิเปตต์ (Pipette pump) สีเขียว ขนาด 10 ml"
"AS071573","ที่ปั๊มปิเปตต์ (Pipette pump) สีน้ำเงิน ขนาด 2 ml"
"AS071572","ลูกยางปิเปต (Pipette Bulbs) ขนาดเล็ก"
"AS071571","จุกยางดำตัน (Rubber stopper) เบอร์ 18"
"AS071383","จุกยางดำตัน (Rubber stopper) เบอร์ 5"
"AS071135","คิวเวทท์ (Semi-micro cuvette , PS ) 1.5-3.0 ml 100 ชิ้น /กล่อง"
"AS070803","กล่องทิ้งเข็ม ทรงกลม 1.5 ลิตร"
"AS070403","กระดาษกรอง (Filter Papers) เบอร์ 1 ,125 mm 100แผ่น/กล่อง"
"AS070402","กระดาษกรอง (Filter Papers) เบอร์ 6 ,110 mm 100แผ่น/กล่อง"
"AS070401","กระดาษกรอง (Filter Papers) เบอร์ 5 ,110 mm100แผ่น/กล่อง"
"AS070400","กระดาษกรอง (Filter Papers) เบอร์ 3 ,110 mm 100แผ่น/กล่อง"
"AS070280","กระดาษกรอง (Filter Papers) เบอร์ 4 ,110 mm 100แผ่น/กล่อง"
"AS071356","กระดาษกรอง (Filter Papers) เบอร์ 4 ,125 mm 100 แผ่น /กล่อง"
"AS071355","กระดาษกรอง (Filter Papers) เบอร์ 2 ,32 mm 100 แผ่น /กล่อง"
"AS071354","กระดาษกรอง (Filter Papers) เบอร์ 1 ,24 cm 100 แผ่น /กล่อง"
"AS071569","Disposable Needle 24Gx1.5 100 ชิ้น /กล่อง"
"AS071568","Disposable Needle 24Gx1 100 ชิ้น /กล่อง"
"AS071567","ปรอทวัดไข้ แบบแก้ว"
"AS071566","twin. tec PCR Plate 96, unskirted, Clear 250 ul,divisible 20 Pcs /กล่อง"
"AS071565","DG8TM Gaskets 24 ชิ้น /ชุด"
"AS071564","DG8TM Cartridges 24 ชิ้น /ชุด"
"AS071563","96 Well PCR Plates,low profile,thin wall,skited,white 0.1 ml 50 อัน /กล่อง"
"AS071562","TIP Natural 200 ul 1000 ชิ้น /แพ็ค"
"AS071561","กล่องทิ้งหัวเข็ม ชนิดทรงกระบอก 2.25 ลิตร"
"AS071560","Disposable Needle 22G x1.5 นิ้ว 100 ชิ้น /กล่อง"
"AS071559","Disposible needle guage (short) 30, 20 mm 100 ชิ้น /กล่อง"
"AS071558","Disposible needle guage (short) 27, 20 mm 100 ชิ้น /กล่อง"
"AS071557","เครื่องมือจับฟิล์มเอ็กซ์เรย์ เพื่อถ่ายภาพรังสีแบบขนาน (XCP film holder) /ชุด"
"AS071556","SSC ชนิด D NO.7 5 ชิ้น /ชุด"
"AS071549","ถังไนโตรเจน 6 คิว"
"AS071340","ใบมีดผ่าตัด No.24 100 ชิ้น/กล่อง"
"AS071555","Microscope Slide-Frosted  77x26 mm. 100 ชิ้น/กล่อง"
"AS071554","Cellulose thimbles 33x80 mm."
"AS071552","Beaker  PP 2 L"
"AS071551","Beaker  PP 1 L"
"AS071550","สายยางลาเท็กซ์ No.203"
"AS071548","แผ่นตรวจระดับน้ำตาล (Blood Glucose Test Strip) 10 ชิ้น /กล่อง"
"AS070385","หัวไดร์เป่าผม Diffuser Blower"
"AS071546","เข็มฝังเข็ม 0.25x50 mm 100 เข็ม /กล่อง"
"AS071545","เข็มฝังเข็ม 0.25x40 mm 100 เข็ม /กล่อง"
"AS071544","เข็มฝังเข็ม 0.25x25 mm 100 เข็ม /กล่อง"
"AS071543","เข็มฝังเข็ม 0.18x15 mm 100 เข็ม /กล่อง"
"AS071536","เข็มฝังเข็ม 0.25x75 mm100 เข็ม /กล่อง"
"AS070808","กรรไกรคีบสำลี (Sponge forceps) 25 cm"
"AS071542","แปรงทำความสะอาด สำหรับแอร์บรัช 3.5x14 ซม."
"AS071541","Float Rack For 1.5ml 16 Places"
"AS071540","Reagent Reservoir 120 ml"
"AS071539","แท่งแม่เหล็กกวนสาร (Magnetic Bar) 20x10 mm"
"AS071538","ถุงมือทางการแพทย์ แบบไม่มีแป้ง (Glove) ไซน์ L 100 คู่ /กล่อง"
"AS071537","Alere Determine HIV /Solid 1l2100 test /แพ็ค"
"AS071535","Disposable Syringe (กระบอกฉีดยาพลาสติก) ไม่ติดเข็ม 3 ml 100 ชิ้น /กล่อง"
"AS071534","Vacuette Visio Plus Needle /Solid No.21Gx1.5100 ชิ้น /กล่อง"
"AS071533","Urine Reagent Strip 11 G /Solid 100 strip /กล่อง"
"AS071532","Vaccum tube Sodium citrate /Solid 3 ml 50 tube /แพ็ค"
"AS071531","Vaccum tube EDTA K3 /Solid 9 ml 50 tube /แพ็ค"
"AS071530","Vaccum tube EDTA K2 /Solid 3 ml 50 tube /แพ็ค"
"AS071529","ถุงมือ ไม่มีแป้ง L 50 คู่ /กล่อง"
"AS071528","ถ้วยยางผสมอะคริลิก 5 ซม."
"AS071527","Ivory matrix เล็ก"
"AS071526","Luxator elevator (Straight) 5 มม."
"AS071525","Luxator elevator (Curve) 4 มม."
"AS071524","Luxator elevator (Straight) 4 มม."
"AS071523","Luxator elevator (Curve) 3 มม."
"AS071522","Luxator elevator (Straight) 3 มม."
"AS071521","เครื่องมือกดด้ายแยกเหงือก ชนิดสองปลาย Cord retractor"
"AS071520","หัวขัดฟัน Bristle brush พร้อมก้าน (กรอช้า)"
"AS071519","พู่กันสำหรับ bonding ขนาดใหญ่ 100 ชิ้น /กล่อง"
"AS071518","พู่กันสำหรับ bonding ขนาดกลาง 100 ชิ้น /กล่อง"
"AS071517","พู่กันสำหรับ bonding ขนาดเล็ก 100 ชิ้น /กล่อง"
"AS071516","Ultrathin metal band สำหรับฟัน Molar"
"AS071515","ด้ายแยกเหงือก Retraction Cord No.1 Plain (non-impregnated)"
"AS071514","Diamond disc 20 มม. JOTA 921D"
"AS071513","Round ended taper diamond bur (D11)"
"AS071512","117 (flat end taper bur เส้นผ่าศก.012)"
"AS071511","ถุงมือป้องกันการบาด (ATG)  Size 8"
"AS071510","ถุงมือทางการแพทย์ แบบไม่มีแป้ง ไซส์ L (Glove) 50 คู่ /กล่อง"
"AS070309","กรวยกรองพลาสติก ศก. 80 mm /ชิ้น"
"AS070310","กรวยกรองพลาสติก ศก. 100 mm /ชิ้น"
"AS071509","KIT first visit #ZKA200 3 pc /ชุด"
"AS071508","Topamine #DL160.9-1 7 ml /ขวด"
"AS071507","Endo forst pellets #240001 1 pcs /กระปุก"
"AS071506","Saliva check buffer kit #S642090"
"AS071505","Towel clips"
"AS071504","endodontic plugger ใหญ่"
"AS071503","endodontic plugger เล็ก"
"AS071502","SSC ชนิด E No.6 2 ชิ้น /กล่อง"
"AS071501","SSC ชนิด E No.5 2 ชิ้น /กล่อง"
"AS071500","SSC ชนิด E No.4 2 ชิ้น /กล่อง"
"AS071499","SSC ชนิด E No.3 2 ชิ้น /กล่อง"
"AS071498","SSC ชนิด D No.6 2 ชิ้น /กล่อง"
"AS071497","SSC ชนิด D No.5 2 ชิ้น /กล่อง"
"AS071496","SSC ชนิด D No.4 2 ชิ้น /กล่อง"
"AS071495","SSC ชนิด D No.3 2 ชิ้น /กล่อง"
"AS071494","แผ่นขัด Soft - lex finishing strip - Fine/Superfine 30 ชิ้น /กล่อง"
"AS071493","แผ่นขัด Soft - lex finishing strip - Coarse/Medium 30 ชิ้น /กล่อง"
"AS071492","ชุดแผ่น Disc ขัด Soft-lex disc XT (Extrathin) ขนาด 1/2 (4 ความละเอียด) 120 ชิ้น /กล่อง"
"AS071491","ผ้าสามเหลี่ยม สีเขียว ขนาด 38x37x27 นิ้ว"
"AS071490","เฝือกดามคอเด็ก (Child Adjustable Collar)"
"AS071489","เฝือกดามคอผู้ใหญ่ (Adult Adjustable Collar)"
"AS071488","Centrifuge Tube,Paper Rack (Sterile) 15 ml 50 หลอด/แพ็ค"
"AS071487","ถุงมือดิสโพส (Latex glove) ไซน์ L 100คู่/กล่อง"
"AS071486","ถุงมือดิสโพส (Latex glove) ไซน์ M 100คู่/กล่อง"
"AS071485","ถุงมือดิสโพส (Latex glove) ไซน์ S 100คู่/กล่อง"
"AS071482","PCR flat 8-strip tubes caps 125/PKG/Pack"
"AS071484","Minisart PES SYRING FILTER 0.45 UM.50/PKG"
"AS071483","PCR 8-strip tubes,low,white,125/PKG/Pack"
"AS071459","Mixed ova in faecal material. Slide containing eggs of parasitic worms of different species i.e. Ascaris, Ancylostoma, Trichuris, Taenia, Enterobius, Schistosoma etc."
"AS071460","Hymenolepis diminuta, ova w.m."
"AS071461","Schistosoma mansoni, ova in faeces w.m."
"AS071462","Clonorchis sinensis, t.s. through the body"
"AS071463","Giardia lamblia intestinalis, human parasite, smear with trophozoites"
"AS071464","Trichinella spiralis, section of infected muscle with encysted larvae"
"AS071465","Culex pipiens, adult female w.m."
"AS071466","Culex pipiens, ova w.m."
"AS071467","Anopheles, malaria mosquito, adult male w.m."
"AS071468","Anopheles, adult female w.m."
"AS071469","Anopheles, pupa w.m."
"AS071470","Anopheles, larva w.m."
"AS071471","Anopheles, ova w.m."
"AS071472","Aedes, mosquito, adult male w.m."
"AS071473","Aedes, adult female w.m."
"AS071474","Aedes, pupa w.m."
"AS071475","Aedes, larva w.m."
"AS071476","Aedes, ova w.m."
"AS071477","Musca domestica, house fly, larva w.m."
"AS071478","Musca domestica, ova w.m."
"AS071479","ช้อนตักสาร สเเตนเลส (SPATULA STAINLESS) No.10"
"AS071480","ช้อนตักสาร สเเตนเลส (SPATULA STAINLESS) No.11"
"AS071481","ช้อนตักสารพลาสติก (Plastic Dispensing Spoons) 3 ชิ้น /ชุด"
"AS071442","Eimeria stiedae, causing coccidiosis in rabbit"
"AS071443","Schistosoma mansoni, t.s. of adult male and female"
"AS071444","Schistosoma mansoni, cercaria with bifurcate tail w.m."
"AS071445","Schistosoma mansoni, ova in section of liver or intestine"
"AS071446","Echinococcus granulosus, cyst wall and scolices t.s."
"AS071447","Echinococcus granulosus, scolices from cyst, w.m."
"AS071448","Toxocara, roundworm of dogs, ova in faeces w.m."
"AS071449","Sarcoptes scabiei, w.m. of adult specimen)"
"AS071450","Onchocerca volvulus, sec. through host tissue with tumor containing larvae (filaria)"
"AS071451","Cyclops, copepod w.m."
"AS071452","Pediculus humanus capitis, louse, w.m."
"AS071453","Eggs on hairs, body louse or hair louse, human"
"AS071454","Trypanosoma congolense, pathogenic to domestic animals, blood smear"
"AS071455","Toxoplasma gondii, causing toxoplasmosis, smear or section of cyst"
"AS071456","Sarcocystis sp., section of muscle showing the parasites in Miescher's tubes)"
"AS071457","Culex pipiens, common mosquito, larva w.m."
"AS071458","Strongylus sp., lung worm, infected lung, sec."
"AS071440","ขวดแก้วสีชา ฝาเกลียวพร้อมจุกใน 30 cc"
"AS071439","ขวดลูกกลิ้งยาหม่องน้ำ 8 cc"
"AS071438","ขวดลูกกลิ้ง ฝาพลาสติก 5 cc"
"AS071436","ขวดยาหม่องแก้วหกเหลี่ยม พร้อมฝา 18 cc"
"AS071435","ขวดยาหม่อง พร้อมฝาพลาสติก 15 cc"
"AS071434","Dropper (หลอดหยด) 9 นิ้ว /อัน"
"AS071433","Dropper (หลอดหยด) 6 นิ้ว /อัน"
"AS071432","Thumb (Dressing) Forceps 5 นิ้ว /ชิ้น"
"AS071431","ลูกยางหลอดหยด"
"AS071430","กระดาษลิตมัส-แดง 100 ชิ้น /หลอด"
"AS071429","กระดาษลิตมัส-น้ำเงิน 100 ชิ้น /หลอด"
"AS071428","Clamp สีแดง joint 29/32 /ชิ้น"
"AS071427","Clamp สีเขียว joint 24/29 /ชิ้น"
"AS071426","ตะแกรงร่อนขนาด 635 635mesh dia8""20 microns /ชิ้น"
"AS071424","ตะแกรงร่อนขนาด 450 450mesh dia8""32 microns /ชิ้น"
"AS071425","ตะแกรงร่อนขนาด 500 500mesh dia8""25 microns /ชิ้น"
"AS071423","ตะแกรงร่อนขนาด 400 400mesh dia8""38 microns /ชิ้น"
"AS071422","ตะแกรงร่อนขนาด 325 325mesh dia8""45 microns /ชิ้น"
"AS071421","ตะแกรงร่อนขนาด 230 250mesh dia8""63 microns /ชิ้น"
"AS071420","ตะแกรงร่อนขนาด 200 200mesh dia8""75 microns /ชิ้น"
"AS071419","ตะแกรงร่อนขนาด 170 170mesh dia8""90 microns /ชิ้น"
"AS071418","ตะแกรงร่อนขนาด 140 150mesh dia8""106 microns /ชิ้น"
"AS071417","ตะแกรงร่อนขนาด 120 115mesh dia8""125 microns /ชิ้น"
"AS071416","Syringe Filter Nylon เส้นผ่านศูนย์กลาง 13 ml 0.45 µm 100 ชิ้น /กล่อง"
"AS071415","Cell scraper 20 cm 100 ชิ้น /แพ็ค"
"AS071414","Cell scraper 13 cm 100 ชิ้น /แพ็ค"
"AS071413","mycrotome blade"
"AS071411","Bottle - top vacuum filter 0.2 µm 12 ชิ้น /แพ็ค"
"AS071410","กระดาษเช็ดเลนส์ 100 × 150 mm 625 แผ่น /กล่อง"
"AS071409","Blotting filter paper 4 × 5.25 inch 100 ชิ้น /แพ็ค"
"AS071408","Blotting filter paper 35 × 43 cm 100 ชิ้น /แพ็ค"
"AS071407","Syrynge Filter disk (Sartorius) 0.22 µm 50 ชิ้น /กล่อง"
"AS071406","Counting chamber bright line"
"AS071412","Bone cutting shear 20 cm /ชิ้น"
"AS070764","Disposable Syringe (กระบอกฉีดยาพลาสติก) หัวล็อค 1 ml 100 อัน/กล่อง"
"AS071405","หลอดทดลอง Derham tube Dispossable 50 mm,100 pcs /box"
"AS071402","Cork borer (ที่เจาะจุกค็อก) 6 ชิ้น /set"
"AS071401","ขวดเก็บสารละลายพลาสติกปากกว้าง (Wide Mouth Bottle) 500 ml"
"AS071400","หลอดกลั่นไนโตรเจน (หลอดโปรตีน) 46mm.x30cm"
"AS071399","ขวดแก้วกลมสีใส พร้อมฝานึ่งได้ 8 oz"
"AS071398","บีกเกอร์สแตนเลส (กระบอกตวง) 3 L"
"AS071397","Scalple Handles (ด้ามมีดผ่าตัด) No.3"
"AS071396","กล่องทิ้งเข็ม (สีแดง) 3 ลิตร"
"AS071395","ผ้าคล้องแขน (Arm Sling) Size XL 5 อัน /แพ็ค"
"AS071394","ผ้าคล้องแขน (Arm Sling) Size L 5 อัน /แพ็ค"
"AS071393","ผ้าคล้องแขน (Arm Sling) Size M 5 อัน /แพ็ค"
"AS071392","ผ้าคล้องแขน (Arm Sling) Size S 5 อัน /แพ็ค"
"AS071391","ผ้าห่อเซทสีเขียว 2 ชั้น 24x24 นิ้ว 10 ชิ้น /แพ็ค"
"AS071390","เข็มชนิดพลาสติก 22 X 1 นิ้ว 50 ชิ้น /กล่อง"
"AS071389","แปรงล้างหลอดทดลอง ศก. 1.8 cm."
"AS071388","แปรงล้างหลอดทดลอง ศก. 1.3 cm."
"AS071387","ถุงมือดิสโพส (Disposable Glove) เบอร์ XS 100 ชิ้น /กล่อง"
"AS071386","Blue tip 1000 ul 1000 ชิ้น /แพ็ค"
"AS071384","ห่วงเขี่ยเชื้อ (Inoculating Loop)"
"AS071385","ออโตเคลปเทป แบบกระดาษ (Autoclave tape) /ม้วน"
"AS071374","แปรงล้างหลอดทดลอง (Brush) 3 cm /อัน"
"AS071375","แปรงล้างหลอดทดลอง (Brush) 5 cm /อัน"
"AS071376","แผ่นกรอง (Filter membrane) ความละเอียด 0.45 ไมโครเมตร เส้นผ่านศูนย์กลาง 47 mm 100 แผ่น /กล่อง"
"AS071377","แผ่นตรวจระดับน้ำตาล (Blood Glucose Test Strip) 25 ชิ้น /กล่อง"
"AS071378","พาราฟิล์ม (Parafilm) 4 นิ้ว x 125 ฟุต /กล่อง"
"AS071379","ไม้กดลิ้น (Wooden Tongue Depressor) 100 อัน /กล่อง"
"AS071380","ไม้พันสำลี (Cotton Swab) size M 100 อัน /แพ็ค"
"AS071381","ลูกยางปิเปต 3 ทาง (Rubber pipette filler) /อัน"
"AS071357","กระดาษชั่งสาร (Weighing Papers) 10x10 cm 400 แผ่น /กล่อง"
"AS071358","กระดาษลิตมัส วัดค่า pH แบบตลับย่านการวัด 1-14 pH (Litmus paper) /ตลับ"
"AS071359","กระดาษวัด pH แบบ Universal /กล่อง"
"AS071360","โกร่งบด (Mortar and pestle) เส้นผ่านศูนย์กลาง 10 cm /ชุด"
"AS071361","โกร่งบด (Mortar and pestle) เส้นผ่านศูนย์กลาง 13 cm /ชุด"
"AS071362","เข็มเขี่ยเชื้อ (Inoculating Needle) /อัน"
"AS071363","เข็มเจาะปลายนิ้ว เบอร์ 30 G (General Lancets) 100 ชิ้น /กล่อง"
"AS071364","เข็มเจาะเลือด (Blood Lancets) 100 ชิ้น /กล่อง"
"AS071365","ครูซิเบิล ( Crucible) 30 ml /อัน"
"AS071366","ครูซิเบิล ( Crucible) 50 ml /อัน"
"AS071367","ชามระเหยเซรามิค (Evaporating dish) เส้นผ่านศูนย์กลาง 100 mm /ถ้วย"
"AS071368","ฐานตั้งขวดก้นกลม (Laboratory cork ring) - /อัน"
"AS071369","แท่งแม่เหล็กกวนสาร (Magnetic stirrer) 20x8 mm /อัน"
"AS071370","แท่งแม่เหล็กกวนสาร (Magnetic stirrer) 40x8 mm /อัน"
"AS071371","แปรงปัดผง (Dusting brush) ขนาดหัวแปรง 2 นิ้ว /อัน"
"AS071372","แปรงล้างหลอดทดลอง (Brush) 1.3 cm /อัน"
"AS071373","แปรงล้างหลอดทดลอง (Brush) 1.5 cm /อัน"
"AS071341","ตัวกรองแบคทีเรีย (Disposable filters with mouthpieces) /กล่อง"
"AS071342","ถังใส่น้ำกลั่นแบบมีก๊อก 20 L /ถัง"
"AS071343","ถังใส่สารเคมีจากการทดลอง 20 L /ถัง"
"AS071344","ถุงพลาสติกสำหรับตีป่น (Stomacher bag) 500 ชิ้น /แพ็ค"
"AS071345","ถุงมือทางการแพทย์ แบบมีแป้ง ไซส์ M (Glove) 50 คู่ /กล่อง"
"AS071346","ถุงมือทางการแพทย์ แบบมีแป้ง ไซส์ S (Glove) 50 คู่ /กล่อง"
"AS071347","ถุงมือทางการแพทย์ แบบมีแป้ง ไซส์ L (Glove) 50 คู่ /กล่อง"
"AS071348","ถุงมือไนไตร ไซส์ S (Nitrile Gloves) 50 คู่ /กล่อง"
"AS071349","ถุงมือไนไตร ไซส์ M (Nitrile Gloves) 50 คู่ /กล่อง"
"AS071350","ถุงมือไนไตร ไซส์ L (Nitrile Gloves) 50 คู่ /กล่อง"
"AS071351","ถุงมือผ่าตัด แบบไม่มีแป้ง ไซส์ S (Surgical gloves) 50 คู่ /กล่อง"
"AS071352","ถุงมือผ่าตัด แบบไม่มีแป้ง ไซส์ M (Surgical gloves) 50 คู่ /กล่อง"
"AS071353","ถุงมือผ่าตัด แบบไม่มีแป้ง ไซส์ L (Surgical gloves) 50 คู่ /กล่อง"
"AS071323","ฝาหลอดทดลองสีชมพู (Cap for test tube) 13 mm /อัน"
"AS071324","ฝาหลอดทดลองสีแดง (Cap for test tube) 13 mm /อัน"
"AS071325","ฝาหลอดทดลองสีน้ำเงิน (Cap for test tube) 13 mm /อัน"
"AS071326","ฝาหลอดทดลองสีเหลือง (Cap for test tube) 13 mm /อัน"
"AS071327","พาสเจอร์ปิเปตพลาสติก (Pasture Pipette Plastic) 3 ml /อัน"
"AS071328","หลอดไมโครเซนตริฟิวก์ (Microcentrifuge tube) 2 ml 1000 ชิ้น /แพ็ค"
"AS071329","หลอดไมโครเซนตริฟิวก์ สีชา (Amber Microcentrifuge tube) 1.5 ml 500 ชิ้น /แพ็ค"
"AS071330","ไมโครไตเตอร์เพลท 96 หลุม (96 well Microtitre plate (U-Shape) - /อัน"
"AS071331","ช้อนตักสารสเตนเลส (Stainless spatula) No. 0"
"AS071332","ชุดผ่าตัด จำนวน 14 ชิ้น (Dissecting set) - /ชุด"
"AS071333","ฐานตั้งเหล็กสำหรับบิวเรต (Stand and base for burette) /ชุด"
"AS071334","ตะแกรงวางหลอดทดลอง (Stainless Steel Rack) (จำนวน 5x10 ช่อง) 13x100 mm /อัน"
"AS071335","ตะแกรงวางหลอดทดลอง (Stainless Steel Rack) (จำนวน 5x10 ช่อง) 16x150 mm /อัน"
"AS071336","ตะแกรงวางหลอดทดลอง (Stainless Steel Rack) (จำนวน 5x10 ช่อง) 25x150 mm /อัน"
"AS071337","ที่คีบถ้วยครูซิเบิล (Crucible Tong) 10 นิ้ว /อัน"
"AS071338","บีกเกอร์สเตนเลส มีหูจับ (Stainless Beaker) 1 L /อัน"
"AS071339","บีกเกอร์สเตนเลส มีหูจับ (Stainless Beaker) 2 L /อัน"
"AS071306","กระบอกตวงพลาสติก (Plastic Cylinder) 1000 ml /อัน"
"AS071307","กล่องกระดาษสำหรับใส่ Cryo Tube 2 ml 81 ช่อง /กล่อง"
"AS071308","กล่องพลาสติกสำหรับใส่ Cryo Tube 2 ml 100 ช่อง /กล่อง"
"AS071309","กล่องใส่สไลด์ - 100 แผ่น /กล่อง"
"AS071310","ขวดน้ำกลั่น (Wash bottle) 500 ml /ขวด"
"AS071311","ขวดใส่ยาหยอดตา แบบใส 5 ml 100 ขวด /แพ็ค"
"AS071312","เข็มเขี่ยเชื้อพลาสติก 1000 ชิ้น /กล่อง"
"AS071313","คิวเวตต์พลาสติก (Cuvette plastic) 1.5 ml 100 ชิ้น /กล่อง"
"AS071314","จานพลาสติกสำหรับชั่งสารแบบ diamond-shaped ก้นแบน (weighing boat) 5 ml 100 ชิ้น /แพ็ค"
"AS071315","จานพลาสติกสำหรับชั่งสารแบบ diamond-shaped ก้นแบน (weighing boat) 25 ml 500 ชิ้น /แพ็ค"
"AS071316","จานเพาะเลี้ยงเชื้อ พลาสติก (Plastic Petri dish) เส้นผ่านศูนย์กลาง 90 mm สูง 15 mm 500 ชิ้น /กล่อง"
"AS071317","หลอดเซนตริฟิวก์ (Centrifuge tube) 15 ml 50 ชิ้น /แพ็ค"
"AS071318","หลอดเซนตริฟิวก์ (Centrifuge tube) 50 ml 25 ชิ้น /แพ็ค"
"AS071319","ตัวกรองอาหารเลี้ยงเชื้อแบบยึดติดกับขวดสุญญากาศ (Bottle - top vacuum filter) 12 ชิ้น /โหล"
"AS071320","ที่วางคิวเวตต์ (Rack for Cuvette) กว้าง 170 x ยาว 50 x สูง 12 mm /อัน"
"AS071321","ที่วางหลอดพีซีอาร์ พร้อมฝาปิด (PCR tube Rack) ขนาด 96 ช่อง /อัน"
"AS071322","ฝาหลอดทดลองสีขาว (Cap for test tube) 13 mm /อัน"
"AS071301","หลอดหยดสารพร้อมจุกยางแดง (Dropper tube) 5 นิ้ว /อัน"
"AS071302","กรวยกรองพลาสติกแบบก้านยาว (Plastic funnel) เส้นผ่านศูนย์กลาง 150 mm /อัน"
"AS071303","กระบอกตวงพลาสติก (Plastic Cylinder) 10 ml /อัน"
"AS071304","กระบอกตวงพลาสติก (Plastic Cylinder) 50 ml /อัน"
"AS071305","กระบอกตวงพลาสติก (Plastic Cylinder) 100 ml /อัน"
"AS071299","หลอดคาปิลารี่ฝาสีน้ำเงิน (microhematocrit tube blue tip) - 100 หลอด /กระบอก"
"AS071288","ขวดรูปชมพู่ (Erlenmeyer flask) 1000 ml /ขวด"
"AS071289","ขวดรูปชมพู่ (Erlenmeyer flask) 2000 ml /ขวด"
"AS071290","ขวดใส่สารละลายปากกว้างสีชา พร้อมฝา (Amber Reagent bottle) 60 ml /ขวด"
"AS071291","ขวดใส่สารละลายปากกว้างสีชา พร้อมฝา (Amber Reagent bottle) 125 ml /ขวด"
"AS071292","ขวดใส่สารละลายปากกว้างสีชา พร้อมฝา (Amber Reagent bottle) 250 ml /ขวด"
"AS071293","คลูปิ้ง จาร์ (Coupling jar) แบบแนวนอน 70x85x40 mm /อัน"
"AS071294","คิวเวตต์ควอร์ต (Cuvette Quartz) - 2 หลอด /กล่อง"
"AS071295","แท่งแก้วเกลี่ยเชื้อรูปสามเหลี่ยม (Spreader) - /ชิ้น"
"AS071296","แท่งแก้วรูปตัววี (V-shape rod glass) 5 mm /ชิ้น"
"AS071270","กระจกปิดแบบกลม (Coverglass Round) 18 มม. 100 Pcs /Box"
"AS071271","กระจกนาฬิกา (Watch glass) 150 mm /อัน"
"AS071272","กระจกปิดสไลด์ (Cover Glass) 22x22 mm 100 แผ่น /กล่อง"
"AS071273","กระบอกตวงแก้ว (Cylinder) 1000 ml /อัน"
"AS071274","ขวดก้นกลม (Round bottom flask) 2000 ml /ขวด"
"AS071275","ขวดเก็บสารละลายสีชา (Laboratory bottle Amber) 50 ml /ขวด"
"AS071276","ขวดเก็บสารละลายสีชา (Laboratory bottle Amber) 100 ml /ขวด"
"AS071277","ขวดเก็บสารละลายสีชา (Laboratory bottle Amber) 250 ml /ขวด"
"AS071278","ขวดเก็บสารละลาย (Laboratory bottle) 50 ml /ขวด"
"AS071279","ขวดเก็บสารละลาย (Laboratory bottle) 100 ml /ขวด"
"AS071280","ขวดเก็บสารละลาย (Laboratory bottle) 250 ml /ขวด"
"AS071281","ขวดเก็บสารละลาย (Laboratory bottle) 500 ml /ขวด"
"AS071282","ขวดเก็บสารละลาย (Laboratory bottle) 1000 ml /ขวด"
"AS071283","ขวดชั่งสารพร้อมฝาปิด (Weight bottle) เส้นผ่านศูนย์กลาง 28 mm สูง 25 mm /ขวด"
"AS071284","ขวดชั่งสารพร้อมฝาปิด (Weight bottle) เส้นผ่านศูนย์กลาง 28 mm สูง 40 mm /ขวด"
"AS071285","ขวดชั่งสารพร้อมฝาปิด (Weight bottle) เส้นผ่านศูนย์กลาง 32 mm สูง 50 mm /ขวด"
"AS071286","ขวดรองรับตัวทำละลายจากเครื่อง Evaporator (Glass Receiving flask) 1000 ml /ขวด"
"AS071287","ขวดรูปชมพู่ (Erlenmeyer flask) 150 ml /ขวด"
"AS071269","ห่วงเขี่ยเชื้อพลาสติก 10 μL 1000 ชิ้น /กล่อง"
"AS071268","หลอด พี ซี อาร์ (PCR tube) 0.2 ml 1000 ชิ้น /แพ็ค"
"AS071267","ที่วางหลอดไมโครเซนตริฟิวก์ (Microcentrifuge tube rack) 5x16 ช่อง /ชิ้น"
"AS071266","ไมโครปิเปตทิป พร้อมกล่อง (Micropipette tip with box) 1000 μL /กล่อง"
"AS071265","ไมโครปิเปตทิป พร้อมกล่อง (Micropipette tip with box) 200 μL /กล่อง"
"AS071264","ไมโครปิเปตทิป (Micropipette tip) 200 μL 1000 ชิ้น /ถุง"
"AS071263","ไมโครปิเปตทิป (Micropipette tip) 1000 μL 1000 ชิ้น /ถุง"
"AS071262","ไมโครปิเปตทิป (Micropipette tip) 10 μL 1000 ชิ้น /ถุง"
"AS070390","Filter paper No.4 ขนาด 15 cm 100 ชิ้น /กล่อง"
"AS070712","Cover Glass ชนิด กลม18 mm 1000 Pcs /Box"
"AS071261","Mortars With Spout And Pestle ,Porcelain 130 mm /ชุด"
"AS071260","หน้ากากอนามัย ชนิดผ้า 12 ชิ้น/กล่อง"
"AS071259","สายยางซิลิโคน ชนิดใส 7x11 mm. x1.5 m. /ม้วน"
"AS071209","สก๊าวเวน (Scalp vein) No.21x3/4 นิ้ว 50 ชิ้น /Box"
"AS071258","กรดไฮโดรฟลูออลิก Hydrofluoric acid 49%  500 ml"
"AS071256","หน้ากากอนามัย ชนิดคล้องหู หนา 3 ชั้น 50 ชิ้น/กล่อง"
"AS071257","หน้ากากอนามัยคาร์บอน ชนิดคล้องหู หนา 4 ชั้น 50 ชิ้น/กล่อง"
"AS071255","หมวกคลุมผมเยื่อกระดาษ 100 ชิ้น /ถุง"
"AS071254","ถุงมือแพทย์ Size L 100 ชิ้น /กล่อง"
"AS071253","ถุงมือแพทย์ Size M 100 ชิ้น /กล่อง"
"AS071252","ถุงมือแพทย์ Size S 100 ชิ้น /กล่อง"
"AS071251","Tapre Fissuer Carbide bur ก้านยาว HP#018"
"AS071250","Tapre Fissuer Carbide bur ก้านยาว HP#016"
"AS071249","Tapre Fissuer Carbide bur ก้านยาว HP#014"
"AS071248","Tapre Fissuer Carbide bur ก้านยาว HP#012"
"AS071247","Round Carbide bur ก้านยาว HP#018"
"AS071246","Round Carbide bur ก้านยาว HP#016"
"AS071245","Round Carbide bur ก้านยาว HP#014"
"AS071244","Round Carbide bur ก้านยาว HP#012"
"AS071243","Fissure Carbide bur #16"
"AS071242","Fissure Carbide bur #14"
"AS071241","Fissure Carbide bur #12"
"AS071240","vacuum electrode 65 mm."
"AS071239","แผ่นอิเล็กโทรด วงกลม 32 mm."
"AS071238","แผ่นอิเล็กโทรด วงกลม 50 mm."
"AS071237","แผ่นอิเล็กโทรด สี่เหลี่ยม 40x40 mm."
"AS071236","แผ่นอิเล็กโทรด สี่เหลี่ยม 50x130 mm."
"AS071235","เทอร์โมมิเตอร์อินฟาเรด (Digital Infrared Thermometer)"
"AS071234","Volumetric Flask 1 L"
"AS071233","Volumetric Flask 1000 ml"
"AS071232","Volumetric Flask 500 ml"
"AS071231","Volumetric Flask 50 ml"
"AS071230","Volumetric Flask 10 ml"
"AS071229","Volumetric Flask 5 ml"
"AS071228","Vernier 0-150 mm"
"AS071227","Vernier Digital 0-150 mm"
"AS071226","Watch glass 100 mm"
"AS071225","Watch glass 70 mm"
"AS071224","Watch glass 60 mm"
"AS071223","ขวดปากแคบ สีชา 30 ml"
"AS071222","ขวดปากแคบ สีชา 60 ml"
"AS071221","ขวดปากแคบ สีใส 30 ml"
"AS071220","ขวดปากแคบ สีใส 60 ml"
"AS071219","ขวดแกลลอนสี่เหลี่ยม มีหูหิ้ว 20 l"
"AS071218","Tip 1-10 ml 250/pkg/box"
"AS070034","Proline TIP 1ml, 100/PKG"
"AS071217","Kid crown D-UL7 Refill 5 ชิ้น/กล่อง"
"AS071216","Kid crown D-UL6 Refill 5 ชิ้น/กล่อง"
"AS071215","Kid crown D-UL5 Refill 5 ชิ้น/กล่อง"
"AS071214","Kid crown D-UR7 Refill 5 ชิ้น/กล่อง"
"AS071213","Kid crown D-UR6 Refill 5 ชิ้น/กล่อง"
"AS071212","Kid crown D-UR5 Refill 5 ชิ้น/กล่อง"
"AS070302","Shofu Dental Porecelain Adjustment Kit"
"AS071210","หมวกคลุมผม (Green disposable cap) 100 ชิ้น /ถุง"
"AS071211","10 ul Micro tip 1000 Pcs /Pack"
"AS071199","ผ้าก๊อซสเตอไรส์ (Sterile Gauze Pads) 3x3 นิ้ว 100 Pcs /Box"
"AS071200","Vacutainer Plastic Sodium Heparin 6 ml 100 Pcs /Pack"
"AS071201","กระดาษเช็ดเลนส์ 8.5x11 cm 500 Pcs /Pack"
"AS071202","Test Tube plastic PP 12x75 mm 500 Pcs /Pack"
"AS071203","Pipette tip yellow 200 ul 1000 Pcs /Pack"
"AS071204","Pipette tip blue 1000 ul 1000 Pcs /Pack"
"AS071205","กระจกสไลด์ริมฝ้า (Frosted-end Slides) 1x3 นิ้ว 72 ชิ้น /Box"
"AS071206","Microcentrifuge Rack 80 Place"
"AS071207","แท่งแก้วคนสาร (Glass Stirring Rod) 8 นิ้ว"
"AS071208","ช้อนตักสารสแตนเลส (Spatula Stainless) พาย 2 ข้าง No.21"
"AS071184","Mayo-Hagar Medium Fine Needle Holder Str. 14 cm. /Pcs"
"AS071185","Glass Coplin Staining Jar with glass cover 10 s /ea"
"AS071186","Glass Erlenmeyer Flask 2 L. /Pcs"
"AS071187","Blood Counting Chamber (Bright line),HBG /Bot"
"AS071188","Rack for tube 4x5 ช่อง 16 mm. /Pcs"
"AS071189","Receiving flask-Ball joint-35/20 1 L. /Pcs"
"AS071190","Blood Diluting pipette (Red Blood cells) /Pcs"
"AS071191","Sahli pipette /Pcs"
"AS071192","แท่งแก้วสามเหลี่ยม (Spreader) 7 นิ้ว /Ea"
"AS071193","Volumetric flask-A 5 ml. /Pcs"
"AS071194","Blood Diluting pipette (White Blood) /Pcs"
"AS071195","กล่องเครืองมือแพทย์สแตนเลส 17X4 นิ้ว /Ea"
"AS071196","ใบมีดเจาะเลือด ( Blood Lancets ) 200 ชิ้น /Box"
"AS071197","Vacutainer Plain (Serum) 6 ml. 100 pk /Pack"
"AS071198","สําลีก้อน 0.35 กรัม /Pack"
"AS071173","Coomassie Brilliant blue R-250 25 g. /Bot"
"AS071174","Cryobox (9x9 columns) /Pcs"
"AS071175","Magnetic bar 50x8 mm. /Pcs"
"AS071176","Magnetic bar 70x9 mm. /Pcs"
"AS071177","PCR rack 96 well"
"AS071178","Rack natural 81 well"
"AS071179","Cryo Tube, O-RING Seal 1.8 ml. /Pack"
"AS071180","PCR tube 0.2 ml. /Pack"
"AS071181","Syringe filter sterile 0.2 um. /Box"
"AS071182","4-Ways Rack 174 x 95 x 52 mm."
"AS071183","Flat Plate 96well (Elisa) 100 pk. /Pack"
"AS071170","กระจกปิดแบบกลม (Coverglass Round) 18 มม. 100 Pcs /Box"
"AS071171","Short plates /Box"
"AS071172","Spacer plates /Box"
"AS071099","K-file no.45-70 21 mm 1 ชุด"
"AS070301","เทปแต่งแผล ชนิดใส (Transpore) 0.5 นิ้วx10 หลา"
"AS070693","เทปแต่งแผล ชนิดใส (Transpore) 1/2 นิ้วx5 หลา"
"AS070044","Vacutainer EDTA K2, 3 ml 100 ชิ้น/แพ็ค"
"AS070043","Vacutainer EDTA K2 ,10 ml 100 ชิ้น/แพ็ค"
"AS070201","Rack stainless5x10 ช่อง 25 mm"
"AS070200","Rack stainless 5x10 ช่อง 20 mm"
"AS070199","Rack stainless 5x10 ช่อง 16 mm"
"AS070198","Rack stainless 5x10 ช่อง 13 mm"
"AS070392","96 well Plate Sterile 50 ชิ้น /แพ็ค"
"AS070024","Parafilm-M 4""x125 FT /ม้วน"
"AS071169","ลูกยางปิเปต (Pipette Bulb) size L"
"AS071168","Relyx U200 Self-adhesive Resin Cement"
"AS071167","แท่งแก้วคนสาร (Stirring Rod) 6 นิ้ว"
"AS071165","Filter paper No.4 Dia.11 cm"
"AS071164","Filter paper No.1 Dia.11 cm"
"AS071163","ถุงมือดิสโพส (Disposable Glove) เบอร์ L"
"AS071162","ถุงมือดิสโพส (Disposable Glove) เบอร์ M"
"AS071161","ถุงมือดิสโพส (Disposable Glove) เบอร์ S"
"AS071160","ท่อซิลิโคน (Silicone tubing) 7x11 mm"
"AS071159","วัคซีนป้องกันไข้หวัดใหญ่ 4 สายพันธุ์  FluQuadri ขนาด 0.5 ml"
"AS071158","ยาสามัญประจำบ้าน"
"AS071157","กระเป๋าพยาบาล ขนาด 35x24x21 ซม."
"AS071156","กระเป๋าพยาบาล ขนาด 22.5x15.5x15.5 ซม."
"AS071155","Cleanmed Suction 2.5 L /ขวด"
"AS071154","Dental Root Canal Plugger 5/7 Double Ended"
"AS071153","Crown and bridge remover"
"AS071152","RelyX UniCem2 Automix Self-Adhesive Resin Cement"
"AS071151","Bite Registration Material 50 ml /ขวด"
"AS071150","Ball clasp"
"AS071149","paperpoint no.M 100 แท่ง /ชุด"
"AS071148","paperpoint no.S 100 แท่ง /ชุด"
"AS071146","Glass Syringe 20 ml 12 ชิ้น /กล่อง"
"AS071145","Mani Peeso Drills: 28mm No.4 6 ตัว/ชุด"
"AS071144","Mani Peeso Drills: 28mm No.3 6 ตัว/ชุด"
"AS071141","Mani Peeso Drills: 28mm No.2  6 ตัว /ชุด"
"AS071143","Mani Peeso Drills: 28mm No.1 6 ตัว /ชุด"
"AS071142","Zinc oxide non-eugenol cement 65 g /ชุด"
"AS071140","COE Aluminum Syringe 50 ml"
"AS071139","wrough wire no. 20 500 g"
"AS071138","wrough wire no. 19 500 g"
"AS071137","wrough wire no. 18 500 g"
"AS071136","Crown Remover Pliers"
"AS071134","Fit Checker"
"AS071129","Mandrel ชนิดก้านยาว ขนาดหัว 0.50 mm."
"AS071133","Silicone polisher : Green (รูป torpedo, cylindrical)"
"AS071132","Silicone polisher : Green (disc หนา1มม)"
"AS071131","Silicone polisher : brown (รูป torpedo, cylindrical)"
"AS071130","Silicone polisher brown (รูปlens)"
"AS071128","silicone polisher for acrylic รูป bullet สีเหลือง"
"AS071127","silicone polisher for acrylic รูป bullet สีเทา"
"AS071126","silicone polisher for acrylic รูป bullet สีเขียว"
"AS071125","abrasive white Stone bur ( รูปทรง flame)"
"AS071124","Calcium hydroxide Dycal"
"AS071123","Resin modified glass ionomer cement"
"AS070347","Disposable Syringe (กระบอกฉีดยาพลาสติก) 25 ml 100 อัน/กล่อง"
"AS071122","vicryl 4-0 3/8 circle 19mm 45mm 36 ชิ้น /กล่อง"
"AS071097","Vicryl 3-0 3/8 Circle 19mm 45cm 12 ชิ้น/กล่อง"
"AS071119","crown remover แบบ forceps"
"AS071120","barbed broach แบบ assort no.10-40"
"AS071121","lentulo spiral no.25"
"AS071102","Blade No.12 100 ชิ้น 1 กล่อง กล่อง"
"AS071103","เข็มโค้งเย็บแผล 3/8 21mm 12 ชิ้น 1 ซอง แพ็ค"
"AS071104","tray fluoride ยาง autoclave ได้ size S 1 ชิ้น ชิ้น"
"AS071105","tray fluoride ยาง autoclave ได้ size M 1 ชิ้น ชิ้น"
"AS071106","tray fluoride ยาง autoclave ได้ size L 1 ชิ้น ชิ้น"
"AS071107","perforated tray dental เบอร์ 14 1 คู่ คู่"
"AS071108","perforated tray dental เบอร์ 15 1 คู่ คู่"
"AS071109","perforated tray dental เบอร์ 16 1 คู่ คู่"
"AS071110","หัวกรอ Maxicut X-cut Coarse 1509 1 ตัว ตัว"
"AS071111","หัวกรอ Intensiv#111c wheel shape ขอบเหลี่ยม contra angle 1 ตัว ตัว"
"AS071112","หัวกรอ EXA-TECHNIK เขียวโดม 0674 1 ตัว ตัว"
"AS071113","หัวกรอ EXA-TECHNIK ดำโดม 0665 1 ตัว ตัว"
"AS071114","หัวกรอ EXA-TECHNIK เหลืองโดม 0654 1 ตัว ตัว"
"AS071115","Gingival Retraction Cord -มีโปตัสเซียมอลูมิเนียมซัลเฟต ขนาด #000"
"AS071116","tofflemire matrix band เบอร์ 1 12 ชิ้น /กล่อง"
"AS071117","ก้านพู่กัน Bonding"
"AS071118","หัวพู่กัน Bonding"
"AS071085","661(finest grinding/polishing:ขาวtorpedo,cylindrical?025)"
"AS071086","9304F(flexible polisher for producing a matt polish on precious&non-precious metal alloys:ยางแดงlens)"
"AS071087","9310F(flexible polisher for producing a matt polish on precious&non-precious metal alloys:ยางแดงtorpedo,cylindrical)"
"AS071088","9302EF(flexible polisher for polishing metal alloys to a high lustre:ยางเขียวdisc หนา 1 มม.)"
"AS071089","9310EF(flexible polisher for polishing metal alloys to a high lustre:ยางเขียวtorpedo,cylindrical)"
"AS071090","9132G(เทา lens)"
"AS071091","9132M(ชมพู lens)"
"AS071092","9803G (flame ฟ้า)"
"AS071093","9803M (flameชมพู)"
"AS071094","9803F (flame เทา)"
"AS071095","shade guide for porcelain(Vita classic,Vita 3D,Noritake,Ivoclar chromascop) /ชุด"
"AS071096","วัสดุห้ามเลือดชนิดละลายได้ (Surgicel) 5X7.5 cm12 ชิ้น 1 กล่อง กล่อง"
"AS071100","Prefabricated post (0.5,1,2) 10 ตัว 1 ชุด กล่อง"
"AS071101","Core material 50 g 1 ชุด ชุด"
"AS071098","Vicry 4-0 3/8 Circle 19mm 45cm 12 ชิ้น 1 กล่อง กล่อง"
"AS071069","cheek retractors 1 ชุด"
"AS071070","Prefabricated post ขนาดต่างๆ with instrument kit /ชุด"
"AS071071","Prefabricated post no 0.5 refill 10 ตัว /กล่อง"
"AS071072","Prefabricated post no 01 refill 10 ตัว กล่อง"
"AS071073","Prefabricated post no 0.2 refill 10 ตัว กล่อง"
"AS071074","ดินสอสีเขียนในช่องปาก สีแดง"
"AS071075","ดินสอสีเขียนในช่องปาก สีน้ำเงิน"
"AS071076","Autocave tape 3/4 นิ้วx60หลา"
"AS071077","Fuji II LC แบบผสมมือ (ผง 15 กรัม, น้ำ 8 กรัม (6.8 ml) Dentin Conditioner 6 กรัม) /ชุด"
"AS071078","Celluloid strip"
"AS071079","Prefabricated post (1.1,1.3,1.5)"
"AS071080","601(silicon carbide:เขียวround)"
"AS071081","brown bud rounded long (?060)"
"AS071082","661(silicon carbide:เขียวtorpedo,cylindrical?025)"
"AS071083","663(silicon carbide:เขียวflame,standard?060)"
"AS071084","652R(high grade corundum for preparing medium-hard metal alloys&CrCo:ชมพูconical,end domed?035)"
"AS071051","silicone polisher 9304F disc brown"
"AS071052","Silicone polisher 9310F cylindrical shape brown"
"AS071053","Silicoen polishing 9302EF green"
"AS071054","Silicone polisher 9310EF cylindrical green"
"AS071055","Stone abrasive bur 666 pink"
"AS071056","Silicone polisher 9501M brown flame"
"AS071057","Silicone polisher 9504M brown"
"AS071058","silicone polisher 9507M brown"
"AS071059","silicone polishing 9501F green flame"
"AS071060","silicone polishing 9504F green inverted cone hollow)"
"AS071061","หัวขัดporcelain(porcelain kit"
"AS071062","Silicone polisher 9133G gray flame"
"AS071063","silicone polisher 9134G gray inerted cone hollow"
"AS071064","Silicone polisher 9133M pink flame"
"AS071065","Silicone polisher 9134M pink inverted cone hollow"
"AS071066","Silicone polisher 9132G disc gray"
"AS071067","silicone polisher 9132M disc pink"
"AS071033","round steel bur 1/014 มม."
"AS071034","Fissure steel bur 36/012"
"AS071035","Fissure steel bur 36/014"
"AS071036","Fissure steel bur 36/016"
"AS071037","fissure conical steel bur 38/023"
"AS071038","fissure conical steel bur 38/010"
"AS071039","Green silicon carbide bur 601 : (round เส้นผ่าศ.ก. 3.0 มม)."
"AS071040","Green arbide bur 652R : (conical , end domed เส้นผ่าศ.ก.ประมาณ 3.5 มม)."
"AS071041","Green silicon carbide bur 661 (torpedo , cylindrical เส้นผ่าศ.ก.ประมาณ 2.5 มม.)"
"AS071042","Green silicon carbide bur 671: (flame เส้นผ่าศ.ก.ประมาณ 6.0 มม.)"
"AS071043","perforated tray dental เบอร์ 11"
"AS071044","perforated tray dental เบอร์ 12"
"AS071045","perforated tray dental เบอร์ 13"
"AS071046","perforated tray dental เบอร์ 14"
"AS071047","syringe ฉีด elastomeric impression material"
"AS071048","Green silicon carbide bur 663 (flame,standard?060)"
"AS071049","Stone abrasive 652R pink"
"AS071050","Stone abrasive 661 white"
"AS071021","Round diamond bur 801/014"
"AS071022","Round diamond bur 801/018"
"AS071023","Round diamond bur 801/023"
"AS071024","Cylindrical,side&end cutting diamond bur 835/010"
"AS071025","Cylindrical,side&end cutting diamond bur 835/012"
"AS071026","round steel finishing bur 41/014 มม."
"AS071027","round steel finishing bur 41/018 มม."
"AS071028","กล่อง Bur box sterile"
"AS071029","carbide cutter cross-cut 251/060 green"
"AS071030","carbide cutter cross-cut 079/045 blue"
"AS071031","carbide cutter cross-cut 251/060 red."
"AS071032","round steel bur 1/010"
"AS071013","edentulous tray บน/ล่าง แบบพรุน ขนาด S"
"AS071014","edentulous tray บน/ล่าง แบบพรุน ขนาด M"
"AS071015","edentulous tray บน/ล่าง แบบพรุน ขนาด L"
"AS071016","Round diamond bur 801/014"
"AS071017","Round diamond bur 801/018"
"AS071018","Round diamond bur 801/023"
"AS071019","Fissure cylindrical diamond bur 835/012"
"AS071020","Inverted cone diamond bur 805/012"
"AS071012","Composite carver PFI 8A ชนิดสองปลาย"
"AS071011","Cord retractor No.CH3"
"AS071010","ถาดใส่เครื่องมือแพทย์สแตนเลส 6x9นิ้ว"
"AS070362","ถาดสแตนเลส 15 นิ้ว"
"AS070851","Irrigate syringe 20 ml 50 ชิ้น/กล่อง"
"AS070998","Plasmodium falciparum - schizont"
"AS070999","Plasmodium falciparum - gametocyte"
"AS071000","Plasmodium vivax - growing trophozoite"
"AS071001","Plasmodium vivax - schizont"
"AS071002","Plasmodium vivax - gametocyte - male"
"AS071003","Plasmodium vivax - gametocyte -female"
"AS071004","Plasmodium malariae - growing – band form"
"AS071005","Plasmodium malariae - schizont"
"AS071006","Plasmodium ovale - growing trophozoite"
"AS071007","Plasmodium ovale schizont"
"AS071008","Plasmodium ovale - gametocyte- male"
"AS071009","Plasmodium ovale - gametocyte - female"
"AS070978","Blastocystis hominis"
"AS070979","Giardia lamblia (trophozoite)"
"AS070980","Giardia lamblia (cyst)"
"AS070981","Entamoeba histolytica (trophozite)"
"AS070982","Entamoeba histolytica (cyst)"
"AS070983","Iodamoeba butschlii (cyst)"
"AS070984","Dientamoeba fragilis (trophozoite)"
"AS070985","Chilomastix mesnili (trophozoite)"
"AS070986","Chilomastrix mesnili (cyst)"
"AS070987","Balantidium coli (trophozoite)"
"AS070988","Toxoplasma gondii (trophozoite)"
"AS070989","Trichomonas hominis (trophozoite)"
"AS070990","Cryptosporidium parvum (oocyst)"
"AS070991","Isospora belli (oocyst)"
"AS070992","Sarcocystis hominis (oocyst)"
"AS070993","Plasmodium falciparum - ring form"
"AS070994","Plasmodium vivax - amoeboid form"
"AS070995","Plasmodium malariae - schizont"
"AS070996","Plasmodium falciparum - ring form"
"AS070997","Plasmodium falciparum - growing trophozoite"
"AS070959","Opisthorchis viverrini"
"AS070960","Fasciola spp."
"AS070961","Paragonimus spp."
"AS070962","Metagonimus yokogawai"
"AS070963","Haplorchis taichui"
"AS070964","Eurytrema pancreaticum"
"AS070965","Echinostoma malayanum"
"AS070966","Hymenolepis diminuta - mature"
"AS070967","Hymenolepis diminuta - gravid"
"AS070968","Dipylidium caninum - scolex"
"AS070969","Dipylidium caninum - mature"
"AS070970","Dipylidium caninum - gravid"
"AS070971","Taenia saginata - mature"
"AS070972","Taenia saginata - gravid"
"AS070973","Taenia solium - mature"
"AS070974","Taenia solium - gravid"
"AS070975","Entamoeba coli (trophozoite)"
"AS070976","Entamoeba coli (cyst)"
"AS070977","Entamoeba nana (cyst)"
"AS070938","Microfilaria - W. bancrofti"
"AS070939","Ascaris lumbricoides"
"AS070940","Toxocara spp."
"AS070941","Hookworm"
"AS070942","Trichuris trichiura"
"AS070943","Enterobius vermicularis"
"AS070944","Paragonimus spp."
"AS070945","Opisthorchis viverrini"
"AS070946","Taenia spp."
"AS070947","Hymenolepis nana"
"AS070948","Hymenolepis diminuta"
"AS070949","Enterobius vermicularis - male"
"AS070950","Enterobius vermicularis - female"
"AS070951","Necator americanus - male"
"AS070952","Necator americanus - female"
"AS070953","Ancylostoma ceylanicum - male"
"AS070954","Ancylostoma ceylanicum - female"
"AS070955","Ancylostoma caninum - male"
"AS070956","Ancylostoma caninum - female"
"AS070957","Trichuris trichiura - male"
"AS070958","Trichuris trichiura - female"
"AS070918","Enterobius vermicularis"
"AS070919","Capillaria philippinensis"
"AS070920","Opisthorchis viverrini"
"AS070921","Eurytrema pancreaticum"
"AS070922","Echinostoma spp."
"AS070923","Fasciola spp."
"AS070924","Paragonimus spp."
"AS070925","Taenia spp."
"AS070926","Hymenolepis nana"
"AS070927","Hymenolepis diminuta"
"AS070928","Dipylidium caninum"
"AS070929","Spirometra mansoni"
"AS070930","Hookworm (rhabditiform larva)"
"AS070931","Hookworm (filariform larva)"
"AS070932","Strongyloides stercoralis (rhabditiform larva)"
"AS070933","Strongyloides stercoralis (filariform larva)"
"AS070934","Trichinella spiralis (in muscle section)"
"AS070935","Trichinella spiralis (in muscle)"
"AS070936","Gnathostoma spinigerum (L3)"
"AS070937","Cysticercus cellulosae"
"AS070897","Trichuris trichiura – male"
"AS070898","Trichuris trichiura – female"
"AS070899","Enterobius vermicularis - female"
"AS070900","Angiostrongylus cantonensis – male"
"AS070901","Angiostrongylus cantonensis – female"
"AS070902","Fasciola spp."
"AS070903","Paragonimus spp."
"AS070904","Opisthorchis viverrini"
"AS070905","Eurytrema pancreaticum"
"AS070906","Taenia saginata (gravid segment)"
"AS070907","Taenia solium (gravid segment)"
"AS070908","Dipylidium caninum (gravid segment)"
"AS070909","Strongyloides stercoralis (free-living male mount on slide"
"AS070910","Strongyloides stercoralis (free-living female) mount on slide"
"AS070911","Gnathostoma spinigerum (L3)"
"AS070912","Cysticercus cellulosae (2-3 cysts)"
"AS070913","Taenia saginata (strobila of mature and gravid segments)"
"AS070914","Ascaris lumbricoides (fertilized)"
"AS070915","Ascaris lumbricoides (unfertilized)"
"AS070916","Trichuris trichiura"
"AS070917","Hookworm"
"AS070892","Necator americanus - female"
"AS070893","Ancylostoma ceylanicum - male"
"AS070894","Ancylostoma ceylanicum - female"
"AS070895","Ancylostoma caninum - male"
"AS070896","Ancylostoma caninum - female"
"AS070887","Ascaris lumbricoides - male"
"AS070888","Ascaris lumbricoides - female"
"AS070889","Toxocara canis – male"
"AS070890","Toxocara canis - female"
"AS070891","Necator americanus - male"
"AS070886","เข็มฉีดยาพลาสติก เบอร์ 23Gx1 100 ชิ้น/กล่อง"
"AS070885","เข็มฉีดยาพลาสติก เบอร์ 18Gx1 100 ชิ้น/กล่อง"
"AS070231","Syringe ball (Tip blue) No.3"
"AS070234","Syringe ball (Tip yellow) No.1"
"AS070233","Syringe ball (Tip blue) No.2"
"AS070232","Syringe ball (Tip blue) No.4"
"AS070884","กรรไกรตัดไหม (Scissors) 12 ซม."
"AS070883","คีมถอนรากฟันล่าง (Root Forceps) No.65"
"AS070882","คีมถอนรากฟันบน (Root Forceps) No.69"
"AS070881","กระบอกฉีดยาชา (Cartridge syringe) 1.8 cc"
"AS070880","Dressing drums 18x24 ซม."
"AS070879","Dressing drums 13x18 ซม."
"AS070877","Ivory matrix retainer"
"AS070876","ชุดตรวจพร้อมแก้วน้ำสแตนเลส"
"AS070875","ที่จับฟิมล์เอ็กซเรย์ สำหรับงานรักษารากฟัน"
"AS070874","วัสดุห้ามเลือด ชนิดละลายได้ 12 ชิ้น /กล่อง"
"AS070873","Coated VICRYL RAPIDE (PRODUCT SPECIFICATION) (4-0) (3/8 19 mm 75cm) 100 ชิ้น /กล่อง"
"AS070872","Matrix band ivory เบอร์ 16 12 ชิ้น /แพ็ค"
"AS070871","Matrix band ivory เบอร์ 14 12 ชิ้น /แพ็ค"
"AS070870","Matrix band ivory เบอร์ 13 12 ชิ้น แพ็ค"
"AS070869","Matrix band ivory เบอร์ 11 12 ชิ้น /แพ็ค"
"AS070868","ชุดกระจกถ่ายรูปในช่องปาก (ด้าน Occlusal+ด้าน Lateral)"
"AS070867","flame shaped white stone FG #025 (กรอเร็ว)"
"AS070866","flame shaped white stone FG #024(กรอเร็ว)"
"AS070865","round white stone FG #030 (กรอเร็ว)"
"AS070864","flame shaped steelcarbide bur RA #014 (กรอช้า)"
"AS070863","Hemostatic agent absorbable gelatin sponge 8 ซม. × เส้นผ่าน ศก. 3 ซม"
"AS070862","Blade No.11 100 ชิ้น /กล่อง"
"AS070861","ด้าย Silk (4-0) 75 ซม."
"AS070857","Irrigate needle (พลาสติก-disposible) No. 18 100 ชิ้น /กล่อง"
"AS070856","Minnesota retractor"
"AS070854","Towle clips"
"AS070853","Mouth prop สีเขียว (ผู้ใหญ่)"
"AS070852","Mouth prop สีเขียว (เด็ก)"
"AS070850","Periosteal retractor (Seldin)"
"AS070849","Molt elevator No.9"
"AS070848","พู่กันทาวัสดุ Regular size"
"AS070847","cheek retractor"
"AS070846","Lip retractor"
"AS070845","composite polishing kit RA (กรอช้า) 3 หัว /ชุด"
"AS070844","Composhape (Composite finishing kit) FG (กรอเร็ว) 12 หัว /ชุด"
"AS070843","Composhape (Composite finishing kit) RA (กรอช้า) 12 หัว /ชุด"
"AS070842","cylinder diamond bur FG #012 (กรอเร็ว)"
"AS070841","cylinder diamond bur FG #010 (กรอเร็ว)"
"AS070840","cylinder diamond bur FG #008 (กรอเร็ว)"
"AS070839","tofflemire matrix band เบอร์ 2"
"AS070838","tofflemire matrix retainer"
"AS070837","paper mixing pad 2x2 นิ้ว"
"AS070836","wax caliper"
"AS070835","01480 (TPEเส้นผ่าศก.014)"
"AS070834","422R (round end taper burเส้นผ่าศก.016)"
"AS070833","181N (taper burปลายสามเหลี่ยมเส้นผ่าศก.014)"
"AS070832","183 (taper burปลายสามเหลี่ยมเส้นผ่าศก.018)"
"AS070831","Gingival Retraction Cord -มีโปตัสเซียมอลูมิเนียมซัลเฟต ขนาด #00"
"AS070830","Gingival Retraction Cord -มีโปตัสเซียมอลูมิเนียมซัลเฟต ขนาด #0"
"AS070829","Gates Glidden Drill - 28 mm, Size 4"
"AS070828","Needle#27gx1"" 100 ชิ้น /กล่อง"
"AS070827","ultrathin metal band สำหรับฟัน premolar"
"AS070826","แผ่นเช็ดทำความสะอาดพื้นผิว 100 แผ่น /กระปุก"
"AS070825","Posterior sickle"
"AS070824","เครื่องมือตรวจปริทันต์ (UNC 15 Probe)"
"AS070823","Nabers probe"
"AS070822","กล่องใส่วัสดุมีคมติดเชื้อ 15x17x25 ซม."
"AS070821","บล็อคไม้สำหรับฝังเนื้อเยื่อในพาราฟินเหลว ขนาด 4.5x5x1.5 ซม."
"AS070795","ขวดใส่สีทาเล็บ 4 ml"
"AS070820","Schistosoma life History:cercaroae (wm)"
"AS070819","Primary sporocysts and Secondary sporocysts"
"AS070818","Schistosoma life History : Miracidia (wm)"
"AS070817","Schistosoma life History : eggs(wm)"
"AS070816","Schistosoma life History : female(wm)"
"AS070815","Schistosoma life History : male"
"AS070814","คอลัมป์ C18 150 mm*4.6mm,5um with precolumn"
"AS070813","PASTURE PIPETTE 150 mm /กล่อง"
"AS070812","Funnel 7 cm"
"AS070811","ขวดยาน้ำ (Plastic bottle) 60 ml 100 ชิ้น /แพ็ค"
"AS070810","แกลลอนกลมใส+ฝา เกลียวล๊อค 1000 cc 100 ชิ้น /แพ็ค"
"AS070809","Clamp Holder"
"AS070807","Filter paper No.1 ขนาด 7 cm 100 ชิ้น /กล่อง"
"AS070806","Filter paper No.4 ขนาด 7 cm 100 ชิ้น /กล่อง"
"AS070805","Sennosides [C42H38O20] cas no.517-43-1 /AR, /Solid, 25 mg /ขวด"
"AS070802","Disposable Needle 18Gx1/2 นิ้ว 100 ชิ้น /กล่อง"
"AS070801","Disposable Syringe (กระบอกฉีดยาพลาสติก) หัวล็อค 50 ml 30 อัน /กล่อง"
"AS070800","Disposable Syringe (กระบอกฉีดยาพลาสติก) 50 ml 30 อัน /กล่อง"
"AS070799","ลิปกลอส + ฝาเงินเงา 7 g 50 ชิ้น /แพ็ค"
"AS070798","ลิปกลอส + ฝาดำ 7 g 50 ชิ้น /แพ็ค"
"AS070797","บรรจุภัณฑ์ลิปสติก inner cup 12.1 mm 100 ชิ้น /แพ็ค"
"AS070796","ถาดอลูมิเนียมรองแป้งอัดแข็ง ขนาดเส้นผ่านศูนย์กลาง 37 mm 100 ชิ้น /แพ็ค"
"AS070794","กระบอกยาเม็ดร่อง ฝาสีขาว 300 cc 100 ชิ้น /PKG"
"AS070793","กระบอกยาเม็ดร่อง ฝาสีขาว 1000 cc 100 ชิ้น /PKG"
"AS070792","ขวดพลาสติกใส(Serie E)+ฝาสเปรย์พลาสติกสีขาว 50 ml 100 ชิ้น /แพ็ค"
"AS070791","ขวดพลาสติกใส+ฝาปั้มสีขาว 100 ml 100 ชิ้น /แพ็ค"
"AS070790","ขวดพลาสติกใส+ฝากดขาว 100 ml 50 ชิ้น /แพ็ค"
"AS070789","ขวดพลาสติกสีขาวทรงสี่เหลี่ยม (Serie D)+ฝาเกลียวพลาสติกขาว 50 g 50 ชิ้น /แพ็ค"
"AS070788","ขวดแก้วสีชา ฝาเกลียวพร้อมจุกใน 5 cc 200 ใบ /กล่อง"
"AS070787","ขวดแก้วโลออน +ฝาขาว 34 ml 200 ชิ้น /แพ็ค"
"AS070786","กระปุกไอติมสีขาว+ฝาเกลียวสีขาว 50 g 50 ชิ้น /แพ็ค"
"AS070785","กระปุกอลูมิเนียม 10 g 100 ชิ้น /แพ็ค"
"AS070784","กระปุกพลาสติกสีขาว+ฝาสีขาวคาดเงิน 15 g 50 ชิ้น /แพ็ค"
"AS070783","Clot Activation Vacuum Blood Collection tube 6 ml 100 อัน /แพ็ค"
"AS070782","Clot Activation Vacuum Blood Collection tube 4 ml 100 อัน /แพ็ค"
"AS070780","NaF Vacuum Blood Collection tube 2 ml 100 อัน /แพ็ค"
"AS070781","NaF Vacuum Blood Collection tube 4 ml 100 อัน /แพ็ค"
"AS070779","Heparine Vacuum Blood Collection tube 6 ml 100 อัน /แพ็ค"
"AS070778","Heparine Vacuum Blood Collection tube 4 ml 100 อัน /แพ็ค"
"AS070777","EDTA Vacuum Blood Collection tube 3 ml 100 อัน /แพ็ค"
"AS070695","ยาบรรเทาอาการเกร็งแน่นท้อง ชนิดน้ำ 60 ml. ยี่ห้อ เบอร์โคลมีนไซรัป"
"AS070776","Ectotrophic Mycorrhiza,c.s."
"AS070775","Glass microfiber filter GF/C 1.2 ไมครอน 47 mm. 100 ชิ้น /กล่อง"
"AS070774","Centrifuge tube sterile 50 ml 25 ชิ้น /แพ็ค"
"AS070773","Petri dish Sterile 15x90 mm. 500 ชิ้น /กล่อง"
"AS070772","Impression Material - compound stick (gray) 15 แท่ง /กล่อง"
"AS070771","Die Stone (high strength dental stone) 10 กก./ ถัง"
"As070770","Tissue Conditioner ผง 2 น้ำ 2 ออน /กล่อง"
"AS070769","Impression Material - addition silicone - monophase & mixing pad + adhesive"
"AS070768","Aluwax 15 oz /กล่อง"
"AS070767","Disposable Syringe (กระบอกฉีดยาพลาสติก) หัวล็อค 20 ml 100 อัน/กล่อง"
"AS070766","Disposable Syringe (กระบอกฉีดยาพลาสติก) หัวล็อค 3 ml 100 อัน/กล่อง"
"AS070765","Disposable Syringe (กระบอกฉีดยาพลาสติก) หัวล็อค 2 ml 100 อัน/กล่อง"
"AS070763","Pumice แบบหยาบ 450 g /กระปุก"
"AS070349","Disposable Syringe (กระบอกฉีดยาพลาสติก) หัวล็อค 5 ml 100 อัน/กล่อง"
"AS070221","ช้อนตักสาร สเเตนเลส (SPATULA STAINLESS) NO.7"
"AS070220","ช้อนตักสาร สเเตนเลส (SPATULA STAINLESS) NO.5"
"AS070219","ช้อนตักสาร สเเตนเลส (SPATULA STAINLESS) NO.3"
"AS070218","ช้อนตักสาร สเเตนเลส (SPATULA STAINLESS) NO.2"
"AS070217","ช้อนตักสาร สเเตนเลส (SPATULA STAINLESS) NO.1"
"AS070216","ช้อนเขา 3 อัน/ชุด"
"AS070185","Magnetic Retriever 30 cm /ชิ้น"
"AS070391","Filter paper No.1 ขนาด 12.5 cm 100 ชิ้น /กล่อง"
"AS070356","Disposable Needle  23Gx1 นิ้ว 100 ชิ้น/กล่อง"
"AS070353","Disposable Needle  23Gx1.5 นิ้ว 100 ชิ้น/กล่อง"
"AS070762","occlusal indicator wax 180 แผ่น /กล่อง"
"AS070761","UTILITY WAX 1 แท่ง /กล่อง"
"AS070342","Disposable Syringe (กระบอกฉีดยาพลาสติก) 2 ml 100 อัน/กล่อง"
"AS070341","Disposable Syringe (กระบอกฉีดยาพลาสติก) 1 ml 100 อัน/กล่อง"
"AS070760","วัสดุสีเหมือนฟันสำหรับบูรณะได้ทั้งฟันหน้าและฟันหลัง (Resin composite สี A3 Dentin shade) 4 g /หลอด"
"AS070759","วัสดุสีเหมือนฟันสำหรับบูรณะได้ทั้งฟันหน้าและฟันหลั (Resin composite สี A2 Dentin shade) 4 g /หลอด"
"AS070758","วัสดุสีเหมือนฟันสำหรับบูรณะได้ทั้งฟันหน้าและฟันหลัง (Resin composite สี A2 body shade) 4 g /หลอด"
"AS070757","tray fluoride ยาง autoclave 1 M"
"AS070756","Stand for Impression Tray"
"AS070755","Roach carver"
"AS070754","aluminum crown form - molar 1 ชุด"
"AS070753","polycarbonate crown form - ฟันหน้า & premolar 1 ชุด"
"AS070752","Microbrush 100 ชิ้น /กล่อง"
"AS070751","Arti-Fol 12 microns มีสี 2 ด้าน 20 m /กล่อง"
"AS070750","shim stock 5 ml กล่อง"
"AS070749","Gingival Retraction Cord - plain 1 หลอด /ชุด"
"AS070748","Pressure Indicator Paste (PIP) 55 ml +10 ml /ชุด"
"AS070747","Bite Registration Material (zinc oxinde eugenol paste) & mixing pad 150 g +60 g /ชุด"
"AS070732","Dental bur box เพื่อ sterile 1 อัน"
"AS070746","RRC31R tungsten carbide bur airotor 6 ตัว /กล่อง"
"AS070745","01480 TPE Diamond bur 6 ตัว /กล่อง"
"AS070744","255 (rugby shape Diamind bur เส้นผ่าศก.023) 6 ตัว /กล่อง"
"AS070743","117(flat end taper Diamind burเส้นผ่าศก.016) 6 ตัว /กล่อง"
"AS070742","241 (occlusal surface Diamind bur เส้นผ่าศก.037) 6 ตัว /กล่อง"
"AS070741","255 (rugby shape Diamind bur เส้นผ่าศก.023) 6 ตัว /กล่อง"
"AS070740","422R (round end taper Diamond burเส้นผ่าศก.016) 6 ตัว /กล่อง"
"AS070739","117 (flat end taper Diamond burเส้นผ่าศก.016) 6 ตัว /กล่อง"
"AS070738","181N (taper Diamond burปลายสามเหลี่ยมเส้นผ่าศก.014) 6 ตัว /กล่อง"
"AS070737","183 Taper 183 Taper Diamond burปลายสามเหลี่ยมเส้นผ่าศก.018) 6 ตัว /กล่อง"
"AS070736","D8 Diamond bur 6 ตัว /กล่อง"
"AS070735","D16 Diamond bur 6 ตัว /กล่อง"
"AS070734","D11 Diamond bur 1 ตัว /กล่อง"
"AS070731","spatula ผสม elastomeric impression material"
"AS070730","packing instrument"
"AS070728","partial tray dental 1 ชิ้น /กล่อง"
"AS070727","Floss threader 100 ซอง /กล่อง"
"AS070726","articulating paper แบบ full arch 6 ชิ้น /แพ็ค"
"AS070725","articulating paper แบบตรง 12 ชิ้น /แพ็ค"
"AS070733","plastic tip สำหรับsyringe ฉีดวัสดุพิมพ์ (pack)"
"AS070729","กรรไกรตัด stainless steel crown"
"AS070724","edentulous tray บน/ล่าง แบบพรุน เบอร์ L"
"AS070723","edentulous tray บน/ล่าง แบบพรุน เบอร์ M"
"AS070722","edentulous tray บน/ล่าง แบบพรุน เบอร์ s"
"AS070721","Dappen dish"
"AS070720","Hb301 analyzer g/dL /Liquids"
"AS070719","Hb301 Microcuvette /Liquids, 4*50 Pcs /กล่อง"
"AS070718","เนื้อแก๊สออกซิเจนทางการแพทย์ บรรจุ 6 คิว"
"AS070717","เนื้อแก๊สออกซิเจนทางการแพทย์ บรรจุ 1.5 คิว"
"AS070716","เนื้อแก๊สออกซิเจนทางการแพทย์ บรรจุ 0.5 คิว"
"AS070715","ESR With Self Leveling System 200 Pcs /Pack"
"AS070714","Urine Container PP Green Cap /Solid, 50 ml 1000 Pcs /Pack"
"AS070713","Urine Container PP Red Cap /Solid, ""DELTALA""150 ml 475 Pcs /Pack"
"AS070710","Non Vac K3 Tube /Solid, ""FUSHINO""13x75 mm 1000 Tube /Pack"
"AS070708","Blood Lancet /Solid, ""FEATHR"" 200 ชิ้น /Box"
"AS070707","Urine Test 11 Paraineter /Solid, ""URIT""100 Test /Bot"
"AS070706","FILTER, 540 NM MPLATE M 680 RDR. (เลนส์กรองแสงกล้องจุลทรรศน์) /set"
"AS070705","FILTER, 595 NM MPLATE M 680 RDR. (เลนส์กรองแสงกล้องจุลทรรศน์) /set"
"AS070704","FILTER, 450 NM MPLATE M 680 RDR. (เลนส์กรองแสงกล้องจุลทรรศน์) /set"
"AS070703","ยาคลายกล้ามเนื้อ 10 เม็ด/แผง ยี่ห้อ ไมโอปาส (เม็ดรีลายจุดสีเขียว)"
"AS070702","ยาบรรเทาอาการปวดเกร็งช่องท้อง ชนิดเม็ด 10 Mg 10 เม็ด /แผง ยี่ห้อ บุสโคพาน"
"AS070614","รองเท้าห้องผ่าตัดกันลื่น เบอร์ 42"
"AS070411","รองเท้าห้องผ่าตัดกันลื่น เบอร์ 40"
"AS070701","สเปรย์บรรเทาอาการปวด อักเสบ และลดบวม ชนิดเย็น 50 มล. ยี่ห้อ Elmetacin"
"AS070700","ยาบรรเทาอาการคัน 30 มล. ยี่ห้อ Kela Lotion"
"AS070699","ยาแก้คัดจมูกน้ำมูกไหล ชนิดน้ำ 60 มล. ยี่ห้อ มินรา"
"AS070698","ยาละลายเสมหะ ชนิดน้ำ 60 มล. ยี่ห้อ แอมบร็อก"
"AS070697","ยาแก้ไอขับเสมหะ ชนิดน้ำ 60 มล. ยี่ห้อ ซีสทีน"
"AS070696","ยาแก้ปวด ลดไข้ ชนิดน้ำ 60 มล. ยี่ห้อ ซาร่า"
"AS070694","ยาฟ้าทะลายโจร 350 mg 60 แคปซูล /ขวด"
"AS070692","ยาน้ำแก้ไอ 60 ml /ขวด ยี่ห้อ เสือดาว"
"AS070691","ยาลดกรด 4.3 กรัม/ซอง ยี่ห้อ อีโน"
"AS070690","ยาผงถ่าน 260 mg 10 แผง/กล่อง ยี่ห้อ เกร๊ทเตอร์ คา-อา-บอน"
"AS070689","ยาอมแก้ไอ 4 กรัม ยี่ห้อ ตะขาบ 5 ตัว"
"AS070687","ยาทารักษาแผลในปาก ชนิดป้าย 5 g/ซอง ยี่ห้อ คาร์โนโลน"
"AS070686","ยาลดกรด ชนิดน้ำ 150 cc / ขวด ยี่ห้อ กาวิสคอน ดูอัลแอคชั่น"
"AS070685","ยาเม็ดบรรเทาท้องอืด 10เม็ด /แผง ยี่ห้อ Air-x"
"AS070684","ผงเกลือแร่โออาร์เอส 3.3 กรัม 100 ซอง /กล่อง"
"AS070683","ยาธาตุน้ำขาว 200 ml. ตรา กระต่ายบิน"
"AS070682","ยาธาตุน้ำขาว 50 ml. ตรา กระต่ายบิน"
"AS070681","Calamine lotion 110ml /ขวด"
"AS070680","เจลทาบรรเทาปวดกล้ามเนื้อ ชนิดเย็น 30 g ยี่ห้อ เคาน์เตอร์เพน"
"AS070679","น้ำยาล้างตา 100 ml/ขวด"
"AS070678","กระเป๋าน้ำร้อน 1.5 ลิตร"
"AS070677","ยาหม่อง ชนิดขี้ผึ้ง 18 กรัม ยี่ห้อ แซม-บัค"
"AS070676","ครีมรักษาแผลไฟไหม้ 25 กรัม/หลอด"
"AS070675","พลาสเตอร์ยา ชนิด พลาสติค 100 ชิ้น/กล่อง ยี่ห้อ เทนโซพล๊าส"
"AS070674","แผ่นปิดแผลอเนกประสงค์ 10 ซม.x 1ม."
"AS070673","Betadine Solution 15 มล."
"AS070410","รองเท้าห้องผ่าตัดกันลื่น เบอร์ 38"
"AS070409","ไม้ค้ำยัน เบอร์ 50"
"AS070408","ไม้ค้ำยัน เบอร์ 48"
"AS070368","ไม้ค้ำยัน เบอร์ 46"
"AS070367","กรวยสวมเป่าปาก ชนิดกระดาษ 30 x60 มม."
"AS070366","สำลีแผ่น ชนิดรีดข้าง 50 กรัม"
"AS070365","สำลีก้อน 500 กรัม"
"AS070480","เทปแต่งแผล ชนิดเยื่อกระดาษ 1นิ้วx10หลา"
"AS070672","หัวยิง Ultrasonic Transducer ขนาด 10-1.5 Narrow ยี่ห้อ Ulthera"
"AS070671","หัวยิง Ultrasonic Transducer ขนาด 7-3.0 ยี่ห้อ Ulthera"
"AS070670","หัวยิง Ultrasonic Transducer ขนาด 4-4.5 ยี่ห้อ Ulthera"
"AS070669"," Acid Fast"
"AS070668","Sarcoptes scabiei (Acarus siro), in section of diseased skin"
"AS070667","Rhipicephalus sanguineus, brown dog tick, w.m."
"AS070666","Ixodes sp., larva w.m."
"AS070665","Cyclops, fresh water cocepods, w.m."
"AS070664","Ancylostoma caninum, adult female w.m."
"AS070663","Dicrocoelium dendriticum, sheep liver fluke, entire mount and stained for internal structures"
"AS070662","Babesia canis, blood smear shows heavy infection"
"AS070661","Trichomonas vagenalis, smear"
"AS070660","Tick"
"AS070659","Flea"
"AS070658","Body louse"
"AS070657","Rhodnius prolixus, Adult"
"AS070656","Simulium, Adult"
"AS070655","Acanthocephala, Adult"
"AS070654","GPI Anatomicals® Skin Parasites"
"AS070653","Phthirus pubis, Egg"
"AS070652","Piercing Type, Mosquito, whole mount"
"AS070651","Loa-Loa, Microfilariae"
"AS070650","Dirofilaria immitis, Microfilariae"
"AS070649","Sarcoptes scabiei, In Situ"
"AS070647","Toxocara canis, Eggs"
"AS070648","Sarcoptes scabiei"
"AS070646","Hymenolepis sp., Cysticercoid"
"AS070645","Echinococcus sp., Hydatid"
"AS070644","Echinococcus sp., Hydatid Cyst"
"AS070643","Schistosoma haematobium, Eggs"
"AS070642","Schistosoma haematobium, Male"
"AS070641","Heterophyes heterophy"
"AS070640","Paragonimus westermani, Metacercaria"
"AS070639","Schistosoma Life History"
"AS070638","Sarcocystis"
"AS070637","Eimeria sp., Oocysts"
"AS070636","Babesia canis"
"AS070618","Pipette Tips /Solid ขนาด 500 ul- 5000 ul, 100 ชิ้น"
"AS070635","ยาชงหญ้าหนวดแมว 2 g 10 ซอง /แพ็ค"
"AS070634","ยาอบตัว 200 g /ห่อ"
"AS070633","ยาประคบ 150 g /ลูก"
"AS070632","ยากษัยเส้น ชนิดแคปซูล 425 mg 50 แคปซูล /ขวด"
"AS070631","ยาเถาวัลย์เปรียง ชนิดแคปซูล 400 mg 50 แคปซูล /ขวด"
"AS070630","ยาอมสมุนไพร รสมะแว้ง 135 เม็ด /ขวด"
"AS070629","ยาปราบชมพูทวีป ชนิดแคปซูล 435 mg 50 แคปซูล /ขวด"
"AS070628","ยาอมฤควาที ชนิดผง 15 g /ซอง"
"AS070627","ยาประสะมะแว้ง (ตอกเม็ด) 200 mg/ขวด"
"AS070626","ยาแก้ไข้ห้าราก ชนิดแคปซูล 350 mg/ขวด"
"AS070625","ยาสตรีหลังคลอด 130 g /ห่อ"
"AS070624","ยามันทธาตุ ชนิดแคปซูล 500 mg 50 แคปซูล /ขวด"
"AS070623","ยาขมิ้นชัน ชนิดแคปซูล 500 mg 50 แคปซูล /ขวด"
"AS070622","ยาเบญจกูล ชนิดแคปซูล 500 mg 50 แคปซูล /ขวด"
"AS070621","ยาธาตุบรรจบ ชนิดแคปซูล 500 mg 50 แคปซูล /ขวด"
"AS070620","ยาหอมทพจิตร ชนิดผง 15 g /ซอง"
"AS070619","ว่านมหาเมฆ /กก."
"AS070011","Pipette Tip (1.4x14.8) 5000 ul 300 ชิ้น/แพ็ค"
"AS070382","สเปรย์คลายกล้ามเนื้อ 50 ml /ขวด"
"AS070617","ผ้ายืดพันเคล็ด 6 นิ้ว"
"AS070616","ผ้ายืดพันเคล็ด 4 นิ้ว"
"AS070615","ผ้ายืดพันเคล็ด 3 นิ้ว"
"AS070613","เทปพยุงกล้ามเนื้อ 5 ซม.x5 ม."
"AS070612","Underwrap Foam Tape 2.2นิ้วx20 ม."
"AS070611","ยางตัน รถเข็น 24x1 3/8 (37-540)"
"AS070610","สเปรย์บรรเทาอาการปวดกล้ามเนื้อ สูตรเย็น  250 ml"
"AS070609","ยาไดโคลฟีแนค (Diclofenac) ชนิดเจลสำหรับทา 50 g"
"AS070116","Alumimiun tray 28x38x205 cm. /ชิ้น"
"AS070117","Alumimiun tray 36x50x2.5 cm /ชิ้น"
"AS070064","Aluminium tray 28x8x20.5 cm /ชิ้น"
"AS070608","น้ำมันหอมระเหย กลิ่นโรสแมรี่ 10 ml"
"AS070607","ครีมทาบรรเทาปวดกล้ามเนื้อ ชนิดร้อน 60 g"
"AS070606","ครีมทาบรรเทาปวดกล้ามเนื้อ ชนิดเย็น 60 g"
"AS070605","สายดูดเสมหะ แบบคอนโทรล เบอร์ 8"
"AS070604","สายดูดเสมหะ แบบคอนโทรล เบอร์ 7"
"AS070603","สายดูดเสมหะ แบบคอนโทรล เบอร์ 6"
"AS070587","Scandonest 2% SpecScandonest 2% Special (with Adrenaline 1:100,000) 1.8 ml/หลอด 50 หลอด/กล่อง"
"AS070588","Septanest SP 4% 1.7 ml/หลอด 50 หลอด/กล่อง"
"AS070602","แผ่นติดหน้าอกสำหรับวัดสัญญานคลื่นหัวใจ 50 ชิ้น/แพ็ค"
"AS070601","เทปผ้าซิงออกไซด์ 4 นิ้ว"
"AS070600","เทปผ้าซิงออกไซด์ 3 นิ้ว"
"AS070599","เทปผ้าซิงออกไซด์ 2 นิ้ว"
"AS070598","เทปผ้าซิงออกไซด์ 1 นิ้ว"
"AS070380","pH indicator paper 100 แผ่น/กล่อง"
"AS070049","ถุงมือตรวจโรค มีแป้ง Size L 100 คู่/กล่อง"
"AS070048","ถุงมือตรวจโรค มีแป้ง Size M 100 คู่/กล่อง"
"AS070047","ถุงมือตรวจโรค มีแป้ง Size S 100 คู่/กล่อง"
"AS070589","Amoxicillin + clavulonate 500/125 mg 10 เม็ด /แผง"
"AS070590","Amoxicillin + clavulonate 250/125 mg 10 เม็ด /แผง"
"AS070591","Baclofen 10 mg 10 เม็ด /แผง"
"AS070592","Tizanidine 2 mg 10 เม็ด /แผง"
"AS070593","Mefenamic acid 500 mg 10 เม็ด /แผง"
"AS070594","Nortriptyline 10 mg 10 เม็ด /แผง"
"AS070595","Carbamazepine 200 mg 10 เม็ด /แผง"
"AS070596","Gabapentin 300 mg 10 เม็ด /แผง"
"AS070597","Pregabalin 50 mg 10 เม็ด /แผง"
"AS070583","ซี่ฟันเทียมอะคริลิก แบบแผงฟันหน้าบน /แผง"
"AS070586","ซี่ฟันเทียมอะคริลิก แบบแผงฟันหลังล่าง /แผง"
"AS070585","ซี่ฟันเทียมอะคริลิก  แบบแผงฟันหลังบน  /แผง"
"AS070584","ซี่ฟันเทียมอะคริลิก แบบแผงฟันหน้าล่าง /แผง"
"AS070419","Elastic tape ขนาด 5 ซม.x5 ม."
"AS070569","ขวดสูญญากาศกลมใสริ้ว2เส้น 30 ml 50 ชิ้น /แพ็ค"
"AS070570","ขวดสูญญากาศกลมใสชุด 100 ml 50 ชิ้น /แพ็ค"
"AS070571","ขวดสูญญากาศทรงกระบอกเตี้ย ฝาครอบใส 15 ml 50 ชิ้น /แพ็ค"
"AS070572","ขวดสูญญากาศทรงกระบอกเตี้ย ฝาครอบใส 30 ml 50 ชิ้น /แพ็ค"
"AS070573","ขวดสูญญากาศทรงกระบอกเตี้ย ฝาครอบใส 50 ml 50 ชิ้น /แพ็ค"
"AS070574","ขวดลูกกลิ้งพลาสติก+ฝา+จุก 5 ml 50 ชิ้น /แพ็ค"
"AS070575","หลอดโฟมอลูมิเนียมเงา 30 ml 50 ชิ้น /แพ็ค"
"AS070576","หลอดโฟมอลูมิเนียมเงา 100 ml 50 ชิ้น /แพ็ค"
"AS070577","กระปุกอลูมเนียมฝาหมุน 100 ml 50 ชิ้น /แพ็ค"
"AS070578","กระปุกอลูมเนียมฝาหมุน 15 ml 50 ชิ้น /แพ็ค"
"AS070579","กระปุกอลูมเนียมฝาประกบ 20 ml 50 ชิ้น /แพ็ค"
"AS070580","กระปุกอลูมเนียม รุ่น A 10 ml 50 ชิ้น /แพ็ค"
"AS070581","กระปุกอลูมเนียม รุ่น B 10 ml 50 ชิ้น /แพ็ค"
"AS070554","ฝาพลาสติก (CAP A) 50 ชิ้น /แพ็ค"
"AS070555","ขวด PET แบนจอนสัน JS19.7 mm 60 ml 50 ชิ้น /แพ็ค"
"AS070556","ฝาพลาสติกกลมจอห์นสัน+จุกรู 50 ชิ้น /แพ็ค"
"AS070557","หลอดโฟมกลมเกลียวสูง(ฝาตัดเพชร) 10 ml 50 ชิ้น /แพ็ค"
"AS070558","ฝาหลอดโฟมตัดเพชรปลายตัด 50 ชิ้น /แพ็ค"
"AS070559","หลอดโฟมอลูมิเนียม ทรงผอม 20 ml 50 ชิ้น /แพ็ค"
"AS070560","หลอดโฟมอลูมิเนียม ทรงผอม 30 ml 50 ชิ้น /แพ็ค"
"AS070561","กระปุกใส PET+ฝาดำ 100 ml 50 ชิ้น /แพ็ค"
"AS070562","ขวดปั๊มใส PET + หัวปั๊มดำ 120 cc 50 ชิ้น /แพ็ค"
"AS070563","กระปุกอะคริลิคกลมฝามน 2 ชั้น 10 ml 50 ชิ้น /แพ็ค"
"AS070564","กระปุกอะคริลิคกลมฝามน 2 ชั้น 30 ml 50 ชิ้น /แพ็ค"
"AS070565","กระปุกอะคริลิคกลมฝามน 2 ชั้น 50 ml 50 ชิ้น /แพ็ค"
"AS070566","ขวดแก้วรังโคมบ่าตัด + ชุดดรอปเปอร์+หลอดแก้ว 15 ml 50 ชิ้น /แพ็ค"
"AS070567","ขวดแก้วรังโคมบ่าตัด + ชุดดรอปเปอร์+หลอดแก้ว 30 ml 50 ชิ้น /แพ็ค"
"AS070568","ขวดสูญญากาศใสกลมขุ่น ฝาครอบชุด 15 ml 50 ชิ้น /แพ็ค"
"AS070539","ขวดอโรม่า สีชา (Glass bottle) 50 ml 50 ชิ้น /แพ็ค"
"AS070540","ขวดอโรม่า สีชา (Glass bottle) 100 ml 50 ชิ้น /แพ็ค"
"AS070541","ขวดอโรม่า สีขาว (Glass bottle) 5 ml 50 ชิ้น /แพ็ค"
"AS070542","ขวดอโรม่า สีขาว (Glass bottle) 10 ml 50 ชิ้น /แพ็ค"
"AS070543","ขวดอโรม่า สีขาว (Glass bottle) 15 ml 50 ชิ้น /แพ็ค"
"AS070544","ขวดอโรม่า สีขาว (Glass bottle) 20 ml 50 ชิ้น /แพ็ค"
"AS070545","ขวดอโรม่า สีขาว (Glass bottle) 30 ml 50 ชิ้น /แพ็ค"
"AS070546","ขวดอโรม่า สีขาว (Glass bottle) 50 ml 50 ชิ้น /แพ็ค"
"AS070547","ขวดอโรม่า สีขาว (Glass bottle) 100 ml 50 ชิ้น /แพ็ค"
"AS070548","ขวด PET กลมทรงหลอดไฟ 50 ml 50 ชิ้น /แพ็ค"
"AS070549","ขวด PET กลมผอมบ่ามน 50 ml 50 ชิ้น /แพ็ค"
"AS070550","ขวด PET กลมอ้วนบ่ามน 50 ml 50 ชิ้น /แพ็ค"
"AS070551","ขวด PET แบนแชมพู 200 ml 50 ชิ้น /แพ็ค"
"AS070552","ฝาพลาสติกแชมพูแบน 50 ชิ้น /แพ็ค"
"AS070553","ขวด PET แบนมนคอตัด 30 ml 50 ชิ้น /แพ็ค"
"AS070525","ขวดแก้วกระดึง+ชุดดอปเปอร์+หลอดแก้ว 30 ml 50 ชิ้น /แพ็ค"
"AS070526","ขวดแก้วกระดึง+ชุดดอปเปอร์+หลอดแก้ว 15 ml 50 ชิ้น /แพ็ค"
"AS070527","ขวดแก้วโรลออน 40 cc 50 ชิ้น /แพ็ค"
"AS070528","ขวดปากกา+สเปรย์อลูมิเนียมฝาครอบใส 10 ml 50 ชิ้น /แพ็ค"
"AS070529","ขวดพลาสติกสีใส ฝาเกลียวพลาสติก 30 ml 50 ชิ้น /แพ็ค"
"AS070530","ขวดพลาสติก ฝาสเปรย์ 100 ml 50 ชิ้น /แพ็ค"
"AS070531","ขวดลิปกลอสกลมก้นแคบ+ฝาดำด้าน 10 ml 50 ชิ้น /แพ็ค"
"AS070532","ขวดลูกกลิ้งแก้วแปดเหลี่ยม+ฝาหัวพลอย+จุก 3 ml 50 ชิ้น /แพ็ค"
"AS070533","ขวดสีชา ฝาเกลียวอลูมิเนียม 10 ml 50 ชิ้น /แพ็ค"
"AS070534","ขวดอโรม่า สีชา (Glass bottle) 5 ml 50 ชิ้น /แพ็ค"
"AS070535","ขวดอโรม่า สีชา (Glass bottle) 10 ml 50 ชิ้น /แพ็ค"
"AS070536","ขวดอโรม่า สีชา (Glass bottle) 15 ml 50 ชิ้น /แพ็ค"
"AS070537","ขวดอโรม่า สีชา (Glass bottle) 20 ml 50 ชิ้น /แพ็ค"
"AS070538","ขวดอโรม่า สีชา (Glass bottle) 30 ml 50 ชิ้น /แพ็ค"
"AS070520","Syringe Filter 0.45 ไมครอน 100 ชิ้น /กล่อง"
"AS070521","ขวดโรลออน 25 ml 50 ชิ้น /แพ็ค"
"AS070522","ขวดโรลออน 50 ml 50 ชิ้น /แพ็ค"
"AS070523","ขวดยาล้างเล็บ 22 ml 50 ชิ้น /แพ็ค"
"AS070524","ขวดยาล้างเล็บ 45 ml 50 ชิ้น /แพ็ค"
"AS070519","สำลีม้วน 450 กรัม"
"AS070518","สำลีม้วน 150 กรัม"
"AS070517","สำลีแผ่น 450 กรัม"
"AS070516","สำลีแผ่น 100 กรัม"
"AS070515","สำลีก้อน 450 กรัม"
"AS070514","สำลีก้อน 100 กรัม"
"AS070513","สำลีพันก้าน ไซต์ L 100 ก้าน"
"AS070508","ซองซีลบรรจุเวชภัณฑ์ปลอดเชื้อ ขนาด 150 mm 200 m/ม้วน"
"AS070507","ซองซีลบรรจุเวชภัณฑ์ปลอดเชื้อ ขนาด 75 mm 200 m/ม้วน"
"AS070512","Autoclave Tape ¾ นิ้ว 55 m/ม้วน"
"AS070511","Sterigage 3M (1243) 500 ชิ้น/ซอง"
"AS070510","ซองซีลบรรจุเวชภัณฑ์ปลอดเชื้อ ขนาด 100 mm 200 m/ม้วน"
"AS070509","ซองซีลบรรจุเวชภัณฑ์ปลอดเชื้อ ขนาด  250 mm 200 m/ม้วน"
"AS070506","ซองซีลบรรจุเวชภัณฑ์ปลอดเชื้อ ขนาด 50 mm 200 m/ม้วน"
"AS070505","หน้ากากป้องกันฝุ่น N95"
"AS070293","รางทองเหลืองทำยาเม็ดพิมพ์ เบอร์ 4"
"AS070292","รางทองเหลืองทำยาเม็ดพิมพ์ เบอร์ 2"
"AS070291","รางไม้ทำยาลูกกลอน 33 มม."
"AS070290","รางไม้ทำยาลูกกลอน 19 มม."
"AS070289","รางไม้ทำยาลูกกลอน 23 มม."
"AS070504","SEROLOGICAL PIPETTE /Plastic/50 ml"
"AS070503","SEROLOGICAL PIPETTE /Plastic/25 ml"
"AS070502","SEROLOGICAL PIPETTE /Plastic/10 ml"
"AS070501","SEROLOGICAL PIPETTE /Plastic/5 ml"
"AS070486","SEROLOGICAL PIPETTE /Plastic/ 2 ml"
"AS070487","SEROLOGICAL PIPETTE /Plastic/ 1 ml"
"AS070500","Graduate Pipette (แก้ว) 10 ml"
"AS070499","กล่องสำลีสแตนเลส 3 นิ้ว"
"AS070498","หมวกคลุมผมใยสังเคราะห์ 50 ชิ้น/แพ็ค"
"AS070497","ซิลิโคนทำโมยาง พร้อมตัวเร่ง"
"AS070496","Periodontal Probe"
"AS070495","สกรูรากฟันเทียม"
"AS070493","How plier"
"AS070492","Snow white plaster 10 กก./ลัง"
"AS070491","white stone flame shape HP"
"AS070490","Round steel bur ก้านยาว HP#018"
"AS070489","Fissure bur ก้านยาว HP#012"
"AS070488","Plaster spatula"
"AS070485","square cylinder diamond bur RA #008"
"AS070484","Ultracel-10 membrane, 10 kDa 0.5ml/ชุด"
"AS070483","Ultracel-50 membrane, 50 kDa 0.5 ml/ชุด"
"AS070482","ตัวกดวัสดุยึดข้อฟัน"
"AS070481","ปืนยิงวัสดุยึดข้อฟัน"
"AS070428","เทปแต่งแผล ชนิดใส 4 นิ้ว"
"AS070453","วัสดุสีเหมือนฟัน สำหรับบูรณะได้ทั้งฟันหน้าและฟันหลัง (Resin composite สี A4 Enamel shade)"
"AS070454","วัสดุสีเหมือนฟัน สำหรับบูรณะได้ทั้งฟันหน้าและฟันหลัง (Resin composite สี A1 dentin shade)"
"AS070455","วัสดุสีเหมือนฟัน สำหรับบูรณะได้ทั้งฟันหน้าและฟันหลัง (Resin composite สี A3.5 dentin shade)"
"AS070456","วัสดุสีเหมือนฟัน สำหรับบูรณะได้ทั้งฟันหน้าและฟันหลัง (Resin composite สี A4 dentin shade)"
"AS070457","วัสดุอุดฟัน resin composite universal restorative Translucent shade"
"AS070449","วัสดุสีเหมือนฟัน สำหรับบูรณะได้ทั้งฟันหน้าและฟันหลัง (Resin composite สี A1 Enamel shade)"
"AS070450","วัสดุสีเหมือนฟัน สำหรับบูรณะได้ทั้งฟันหน้าและฟันหลัง (Resin composite สี A2 Enamel shade)"
"AS070451","วัสดุสีเหมือนฟัน สำหรับบูรณะได้ทั้งฟันหน้าและฟันหลัง (Resin composite สี A3 Enamel shade)"
"AS070452","วัสดุสีเหมือนฟัน สำหรับบูรณะได้ทั้งฟันหน้าและฟันหลัง (Resin composite สี A3.5 Enamel shade)"
"AS070444","ชุดแผ่นขัดสำหรับขัดแต่งและขัดมันฟัน ขนาด 1/2 นิ้ว"
"AS070434","สารยึดติดระบบ 2 step total etch"
"AS070435","วัสดุสีเหมือนฟัน สำหรับบูรณะได้ทั้งฟันหน้าและฟันหลัง (Resin composite สี A1 body shade)"
"AS070436","วัสดุสีเหมือนฟัน สำหรับบูรณะได้ทั้งฟันหน้าและฟันหลัง (Resin composite สี A3 body shade)"
"AS070437","วัสดุสีเหมือนฟัน สำหรับบูรณะได้ทั้งฟันหน้าและฟันหลัง (Resin composite สี A3.5 body shade)"
"AS070438","วัสดุสีเหมือนฟัน สำหรับบูรณะได้ทั้งฟันหน้าและฟันหลัง (Resin composite สี A4 body shade)"
"AS070439","วัสดุสีเหมือนฟัน สำหรับบูรณะได้ทั้งฟันหน้าและฟันหลัง (Resin composite สี A2 dentin shade)"
"AS070440","วัสดุสีเหมือนฟัน สำหรับบูรณะได้ทั้งฟันหน้าและฟันหลัง (Resin composite สี A3 dentin shade)"
"AS070441","วัสดุสำหรับรองพื้นก่อนบูรณะฟันด้วยคอมโพสิต หรือ อมัลกัม(liner/base)"
"AS070442","สารเคลือบหลุมร่องฟัน สีขาวขุ่น"
"AS070429","ผ้ายืดพันเคล็ด 2 นิ้ว"
"AS070430","พิมเสนน้ำ 3 ml /ขวด"
"AS070431","ผ้าก๊อซ แบบยืด 2 นิ้ว"
"AS070427","สำลีพันก้าน ไซต์ M 100 ก้าน /ซอง"
"AS070433","สารยึดติดระบบ 3 step total etch"
"AS070421","ถุงประคบร้อน - เย็น 5 นิ้ว"
"AS070422","เทปผ้าล็อค 1 นิ้ว"
"AS070423","เทปผ้าล็อค 2 นิ้ว"
"AS070416","ฝาปิดหลอดทดลองพลาสติก เส้นผ่านศูนย์กลาง25 mm  /ชิ้น"
"AS070413","ฝาปิดหลอดทดลองพลาสติก เส้นผ่านศูนย์กลาง13 mm  /ชิ้น"
"AS070414","ฝาปิดหลอดทดลองพลาสติก เส้นผ่านศูนย์กลาง16 mm  /ชิ้น"
"AS070009","Barrier TIP 200 ul 960 ชิ้น/แพ็ค"
"AS070007","Blue,Long TIP,STERILE 1000 ul 960 ชิ้น/แพ็ค"
"AS070006","Blue,Long TIP 1000 ul 1000 ชิ้น/แพ็ค"
"AS070005","Barrier TIP 100 ul 960 ชิ้น/แพ็ค"
"AS070004","Barrier TIP 10 ul 960 ชิ้น/แพ็ค"
"AS070003","Transfer pipette individual package, sterile 1 ml 500 ชิ้น/แพ็ค"
"AS070002","PCR single tube. Flat cap (serile) 0.2 ml 100 ชิ้น/แพ็ค"
"AS070010","Centrifuge tube,Autoclavable 50 ml 25 ชิ้น/แพ็ค"
"AS070412","TLC tank 10*10 cm /อัน"
"AS070405","ขวดโลชั่น 60 ml /อัน"
"AS070406","ขวดยาหม่อง 30 g /ขวด"
"AS070407","ขวดยาหม่อง 50 g /ขวด"
"AS070404","ตลับพลาสติก 40 g /อัน"
"AS070388","Tip 5 ml300 ชิ้น /แพ็ค"
"AS070389","Pipette box"
"AS070394","Scalpel Handles (ด้ามมีดผ่าตัด) NO.4 /ชิ้น"
"AS070395","Erlenmeyer flask 50 ml /อัน"
"AS070396","ขวดยาน้ำสีใส 60 ml /ขวด"
"AS070397","ขวดยาน้ำสีใส 30 ml /ขวด"
"AS070398","ขวดยาน้ำสีชา 60 ml /ขวด"
"AS070399","ขวดยาน้ำสีชา 30 ml /ขวด"
"AS070381","Aluminium foil"
"AS070383","เวอร์เนียร์คาร์ลิปเปอร์ 6 นิ้ว (CALIPER)"
"AS070384","เวอร์เนียร์คาร์ลิปเปอร์ดิจิตอล 6 นิ้ว (DIGITAL CALIPER)"
"AS070386","Wash Bottle(Ethanol) 500 ml /ขวด"
"AS070387","Wash Bottle(Acetone) 500 ml /ขวด"
"AS070369","ตัวกรองกระบอกฉีดยาฆ่าเชื้อ 33 มิลลิเมตร 0.45 ไมครอน/แพ็ค"
"AS070370","ตัวกรองกระบอกฉีดยาฆ่าเชื้อ 33 มิลลิเมตร 0.22 ไมครอน/แพ็ค"
"AS070371","ตัวกรองกระบอกฉีดยาฆ่าเชื้อ 25 มิลลิเมตร 0.45 ไมครอน/แพ็ค"
"AS070372","ตัวกรองกระบอกฉีดยาฆ่าเชื้อ 25 มิลลิเมตร 0.22 ไมครอน/แพ็ค"
"AS070373","ใบมีดผ่าตัดสแตนเลส เบอร์ 23 100 ชิ้น/กล่อง"
"AS070376","TLC aluminium sheet 20*20 mm 25 unit /กล่อง"
"AS070377","Lismus paper blue 100 ชิ้น /กล่อง"
"AS070378","Lismus paper red 100 ชิ้น /กล่อง"
"AS070379","paraflim /กล่อง"
"AS070360","ถุงคลุมข้อเท้า /คู่"
"AS070363","จุกยางสำหรับขวดยาฉีดสีเทา 1000 ชิ้น /แพ็ค"
"AS070364","จุกยางสำหรับขวดยาฉีดสีแดง 1000 ชิ้น /แพ็ค"
"AS070328","กระปุกพลาสติกขาว 50 g 50 ชิ้น/แพ็ค"
"AS070329","ขวดพลาสติกสีขาว 50 ml 50 ชิ้น/แพ็ค"
"AS070330","ขวดพลาสติกสีใส 50 ml 50 ชิ้น/แพ็ค"
"AS070331","ขวดพลาสติกสีใส 100 ml 50 ชิ้น/แพ็ค"
"AS070332","หลอดพลาสติกขาว 30 g 100 ชิ้น/แพ็ค"
"AS070333","หลอดพลาสติกใส 30 g 100 ชิ้น/แพ็ค"
"AS070334","หลอดพลาสติกขาว 50 g 100 ชิ้น/แพ็ค"
"AS070336","บรรจุภัณฑ์ลิปสติก inner cup 12.1 mm100 ชิ้น /แพ็ค"
"AS070337","กระปุก PET ฝาเกลียวพลาสติก 50 g 100 ชิ้น /แพ็ค"
"AS070338","ขวดใส่สีทาเล็บ 4 ml 50 ชิ้น /แพ็ค"
"AS070339","ขวดแก้วใสฝาพลาสติกสีขาว 10 g 100 ชิ้น /แพ็ค"
"AS070340","ถาดอลูมิเนียมรองแป้งอัดแข็ง เส้นผ่านศูนย์กลาง 37 mm 100 ชิ้น /แพ็ค"
"AS070327","กระปุกพลาสติกใส 50 g 50 ชิ้น/แพ็ค"
"AS070311","หลอดหยดแบบพลาสติก 3 ml250 ชิ้น /แพ็ค"
"AS070312","ลูกยางดรอปเปอร์พร้อมหลอดแก้ว 10 cm /ชิ้น"
"AS070313","แท่งดูดแมกเนติกบาร์ 12 Inch /ชิ้น"
"AS070314","โมลลิปสติก 4 หลุม /ชุด"
"AS070315","บีกเกอร์สแตนเลส(กระบอกตวง) 1 L /ชิ้น"
"AS070316","บีกเกอร์สแตนเลส(กระบอกตวง) 2 L /ชิ้น"
"AS070317","ถุงมือผ่าตัด เบอร์ 6.5 12 คู่ /กล่อง"
"AS070318","ถุงมือผ่าตัด เบอร์ 7 12 คู่ /กล่อง"
"AS070319","ถุงมือผ่าตัด เบอร์ 7.5 12 คู่ /กล่อง"
"AS070320","ถุงมือผ่าตัด เบอร์ 8 12 คู่ /กล่อง"
"AS070321","ขวดยาฉีดสีใส พร้อมฝาและจุกยาง 10 cc 100 อัน /ชุด"
"AS070322","ขวดยาฉีดสีใส พร้อมฝาและจุกยาง 50 cc 100 อัน /ชุด"
"AS070323","ขวดยาฉีดสีชาพร้อมฝาและจุกยาง 10 cc 100 อัน /ชุด"
"AS070324","ขวดยาฉีดสีชา พร้อมฝาและจุกยาง 50 cc 100 อัน /ชุด"
"AS070325","กระปุก Acrylic 30 g 50 ชิ้น/แพ็ค"
"AS070294","แหวนรองกรวย (ยางรองบุชเนอร์) เบอร์ 4 /ชิ้น"
"AS070295","แหวนรองกรวย (ยางรองบุชเนอร์) เบอร์ 5 /ชิ้น"
"AS070296","Bottle dropper 10 ml /อัน"
"AS070297","U- Plate /ชิ้น"
"AS070298","Microhaematocrit tube tube blue 100 ชิ้น /กล่อง"
"AS070299","Bottle dropper 30 ml /อัน"
"AS070300","Bottle dropper 60 ml /อัน"
"AS070307","ขวดสเปรย์ (foggy) 500 ml /ชิ้น"
"AS070308","นาฬิกาจับเวลา /อัน"
"AS070303","Wash bottle , Plastic 20 L /อัน"
"AS070304","Round Bottom Flask joint 24/29 mm 100 ml /อัน"
"AS070305","Bunsen burner /อัน"
"AS070281","ขวดvial สีชา 5 ml /ขวด"
"AS070282","ขวดแก้วใสฝาพลาสติกสีขาว 4 oz /ขวด"
"AS070283","ขวดแก้วใสฝาพลาสติกสีขาว 8 oz /ขวด"
"AS070284","ขวดแก้วใสฝาพลาสติกสีขาว 10 oz /ขวด"
"AS070285","ขวดหยดสีชา 10 ml /ขวด"
"AS070286","ขวดหยดสีชา 30 ml /ขวด"
"AS070287","ขวดหยดสีชา 60 ml /ขวด"
"AS070288","จานหลุมกระเบื้อง"
"AS070269","Weighing Boat /ชิ้น"
"AS070270","Weighing Bottle 30 ml /ชิ้น"
"AS070271","Weighing Bottle 40x25 mm /ชิ้น"
"AS070272","Weighing Bottle 50x30 mm /ชิ้น"
"AS070273","Weighing Bottle /ชิ้น"
"AS070274","Wire grauze 6 Inch /ชิ้น"
"AS070275","Sieves stainless 14 mesh /ชิ้น"
"AS070276","Sieves stainless 18 mesh /ชิ้น"
"AS070277","กระดาษกรอง เบอร์ 1 110 mm /กล่อง"
"AS070278","กระดาษกรอง เบอร์ 1 150 mm /กล่อง"
"AS070279","กระดาษกรอง เบอร์ 1 90 mm /กล่อง"
"AS070250","Tong Beaker 250 mm /ชิ้น"
"AS070251","TLC Tank 20*10 cm /ชิ้น"
"AS070252","Volumetric Flask Class A 5 ml /ชิ้น"
"AS070253","Volumetric Flask Class A 10 ml /ชิ้น"
"AS070254","Volumetric Flask Class A 25 ml /ชิ้น"
"AS070255","Volumetric Flask Class A 50 ml /ชิ้น"
"AS070256","Volumetric Flask Class A 100 ml /ชิ้น"
"AS070257","Volumetric Flask Class A 250 ml /ชิ้น"
"AS070258","Volumetric Flask Class A 500 ml /ชิ้น"
"AS070259","Volumetric Flask Class A 1000 ml /ชิ้น"
"AS070260","Vernier 0-150 mm /อัน"
"AS070261","Wash bottle , Plastic 250 ml /ชิ้น"
"AS070262","Wash bottle , Plastic 500 ml /ชิ้น"
"AS070263","Wash bottle , Plastic 1000 ml /ชิ้น"
"AS070264","Watch glass 6 cm /ชิ้น"
"AS070265","Watch glass 7 cm /ชิ้น"
"AS070266","Watch glass 10 cm /ชิ้น"
"AS070267","Weighing balance 15 kg /ชิ้น"
"AS070268","Weighing balance 1000 g /ชิ้น"
"AS070235","Sovent Filtration Apparatus Comlete Set /ชิ้น"
"AS070236","Soxhlet apparatus ความยาว 30 cm ,joint 45/40,29/32 cm /ชิ้น"
"AS070237","Table Counting Dish cm /ชิ้น"
"AS070238","Test tube 5x50 mm /ชิ้น"
"AS070239","Test tube 13x100 mm /ชิ้น"
"AS070240","Test tube 16x150 mm /ชิ้น"
"AS070241","Test tube 20x150 mm /ชิ้น"
"AS070242","Test tube 25x150 mm /ชิ้น"
"AS070243","Test tube ,Screw cap 16x150 mm /ชิ้น"
"AS070244","Test tube ,Screw cap 25x150 mm /ชิ้น"
"AS070245","Test tube holder /ชิ้น"
"AS070246","Thermometer /ชิ้น"
"AS070230","Stopper for dropper /ชิ้น"
"AS070226","Stirring rod 6 นิ้ว /อัน"
"AS070227","Stirring rod 8 นิ้ว /อัน"
"AS070228","Stirring rod 10 นิ้ว /อัน"
"AS070229","Stop watch /ชิ้น"
"AS070222","Stainless Beaker 1000 ml /อัน"
"AS070223","Stainless Beaker 2000 ml /อัน"
"AS070224","Stand and Base /ชุด"
"AS070212","Separating Funnels 250 ml /อัน"
"AS070213","Separating Funnels 500 ml /อัน"
"AS070214","Slab 20 x 20 cm /อัน"
"AS070215","Spatular 8 นิ้ว /อัน"
"AS070202","Reagent bottle 125 ml /อัน"
"AS070203","Reagent bottle 250 ml /อัน"
"AS070204","Reagent bottle 500 ml /อัน"
"AS070205","Reduction adapter socket cone บน 24/29mm ล่าง45/40mm mm /อัน"
"AS070206","Reduction adapter socket cone บน 29/32 ล่าง24/29 mm /อัน"
"AS070207","Round bottom flask 100 ml /ขวด"
"AS070208","Round bottom flask 250 ml /ขวด"
"AS070209","Round bottom flask 500 ml /ขวด"
"AS070210","Round bottom flask 1000 ml /ขวด"
"AS070211","Separating Funnels 125 ml /อัน"
"AS070192","Needle 15 cm /ชิ้น"
"AS070193","Pasture pipette 15 cm /อัน"
"AS070194","Pasture pipette 23 cm /อัน"
"AS070195","Petridish 15x100 mm /อัน"
"AS070196","Pipette (transfer) 20 ml /อัน"
"AS070197","Pycnometer 25 ml /อัน"
"AS070186","Non-Tooth Forcep 5 นิ้ว /อัน"
"AS070187","Mercurial Sphygmomanometer"
"AS070188","Mortars With Spout And Pestle ,Porcelain 100 mm /อัน"
"AS070189","Mortars With Spout And Pestle ,Porcelain 120 mm /อัน"
"AS070190","Mortars With Spout And Pestle ,Glass 120 mm /อัน"
"AS070191","Mortars With Spout And Pestle ,Porcelain 305 mm /อัน"
"AS070173","Glass Strainght-shank dia 75 mm /ชิ้น"
"AS070174","Iodine flask 250 ml /ชิ้น"
"AS070175","Iron Ring 3"" นิ้ว /ชิ้น"
"AS070176","Iron Ring 3.5"" นิ้ว /ชิ้น"
"AS070177","Iron Ring 4"" นิ้ว /ชิ้น"
"AS070178","Magnetic bar 20 * 5 mm /ชิ้น"
"AS070179","Magnetic bar 20 * 6 mm /ชิ้น"
"AS070180","Magnetic bar 25 * 8 mm /ชิ้น"
"AS070181","Magnetic bar 25 * 5 mm /ชิ้น"
"AS070182","Magnetic bar 30 * 6 mm /ชิ้น"
"AS070183","Magnetic bar 30 * 7 mm /ชิ้น"
"AS070184","Magnetic bar 50 * 7 mm /ชิ้น"
"AS070166","Funnel glass dia. 7.5 cm /ชิ้น"
"AS070167","Funnel glass dia. 9 cm /ชิ้น"
"AS070168","Funnel glass dia. 12.5 cm /ชิ้น"
"AS070169","Funnel glass dia. 15 cm /ชิ้น"
"AS070170","Filtering Flask (Suction) 250 ml /ชิ้น"
"AS070171","Filtering Flask (Suction) 500 ml /ชิ้น"
"AS070172","Filtering Flask (Suction) 1000 ml /ชิ้น"
"AS070153","Erlenmeyer flask 250 ml /ชิ้น"
"AS070154","Erlenmeyer flask with cock 250 ml /ชิ้น"
"AS070155","Erlenmeyer flask 500 ml /ชิ้น"
"AS070156","Erlenmeyer flask 5000 ml /ชิ้น"
"AS070157","Evaporating dish 50 ml /ชิ้น"
"AS070158","Evaporating dish 100 ml /ชิ้น"
"AS070159","Evaporating dish 115 ml /ชิ้น"
"AS070160","Evaporating dish 125 ml /ชิ้น"
"AS070161","Evaporating dish 150 ml /ชิ้น"
"AS070162","Eyeglass (Goggles) /ชิ้น"
"AS070163","Forceps(Splinter Forceps) 12.5 cm /ชิ้น"
"AS070135","Cleventure w/teflon stopclock J.24/29 mm /ชุดกลั่นน้ำมันด้วยไอน้ำJ.24//29 mm /ชิ้น"
"AS070136","Condenser clamp /ชิ้น"
"AS070137","Cup stanless /ชิ้น"
"AS070138","Cylinder 5 ml /ชิ้น"
"AS070139","Cylinder 10 ml /ชิ้น"
"AS070140","Cylinder 25 ml /ชิ้น"
"AS070141","Cylinder 50 ml /ชิ้น"
"AS070142","Cylinder 100 ml /ชิ้น"
"AS070143","Cylinder 250 ml /ชิ้น"
"AS070144","Cylinder 500 ml /ชิ้น"
"AS070145","Cylinder Class A 1000 ml /ชิ้น"
"AS070146","Dropper 10 cm /ชิ้น"
"AS070147","Dropper 13 cm /ชิ้น"
"AS070148","Dropper 20 cm /ชิ้น"
"AS070149","Desicater 15 cm /อัน"
"AS070150","Desicater 25 cm /อัน"
"AS070151","Erlenmeyer flask 100 ml /ชิ้น"
"AS070152","Erlenmeyer flask with cock 125 ml /ชิ้น"
"AS070118","Atomizer Reagent Sprayer 125 ml /ชิ้น"
"AS070119","Beaker 10 ml /ชิ้น"
"AS070120","Beaker 400 ml /ชิ้น"
"AS070121","Beaker 1000 ml /ชิ้น"
"AS070122","Beaker 5000 ml /ชิ้น"
"AS070123","Bottle Media S/C 100 ml /ชิ้น"
"AS070124","Bottle Media S/C 250 ml /ชิ้น"
"AS070125","Bottle Media S/C 500 ml /ชิ้น"
"AS070126","Bottle Media S/C 1000 ml /ชิ้น"
"AS070127","Bottle Media S/C 2000 ml /ชิ้น"
"AS070113","Volumetric Flask 50 ml /ชิ้น"
"AS070114","Watch glass 7 นิ้ว /ชิ้น"
"AS070115","Watch glass 10 นิ้ว /ชิ้น"
"AS070129","Burette 50 ml /ชิ้น"
"AS070130","Burette class B 50 ml /ชิ้น"
"AS070131","Burner (ตะเกียงแอลกอฮอล์) /ชิ้น"
"AS070132","Casserole 250 ml /ชิ้น"
"AS070133","Casserole 500 ml /ชิ้น"
"AS070134","Clamp Burette /ชิ้น"
"AS070092","Measuring pipette 1 ml /ชิ้น"
"AS070093","Measuring pipette 2 ml /ชิ้น"
"AS070094","Measuring pipette 5 ml /ชิ้น"
"AS070095","Measuring pipette 10 ml /ชิ้น"
"AS070096","Measuring pipette 3 ml /ชิ้น"
"AS070097","Transfering pipette 1 ml /ชิ้น"
"AS070098","Transfering pipette 2 ml /ชิ้น"
"AS070099","Transfering pipette 3 ml /ชิ้น"
"AS070100","Transfering pipette 5 ml /ชิ้น"
"AS070101","Transfering pipette 10 ml /ชิ้น"
"AS070102","Transfering pipette 25 ml /ชิ้น"
"AS070103","Transfering pipette 50 ml /ชิ้น"
"AS070104","Pipette box stainless /ชิ้น"
"AS070105","Quartz cuvette /ชิ้น"
"AS070106","Reduction adapter 16/29,29/32 mm /ชิ้น"
"AS070107","Syring ball ขนาดใหญ่ /ชิ้น"
"AS070108","Syring ball ขนาดกลาง /ชิ้น"
"AS070109","Volumetric Flask 25 ml /ชิ้น"
"AS070110","Volumetric Flask 250 ml /ชิ้น"
"AS070111","Volumetric Flask 2000 ml /ชิ้น"
"AS070112","Volumetric Flask 100 ml /ชิ้น"
"AS070073","Bucher Funnel OD 12 /ชิ้น"
"AS070074","Column with stopcock teflon OD2 cm. ยาว 30 cm. /ชิ้น"
"AS070075","Column with stopcock teflon OD1 cm. ยาว 60 cm. /ชิ้น"
"AS070076","Column with stopcock teflon OD2 cm. ยาว 60 cm. /ชิ้น"
"AS070077","Column with stopcock teflon OD3 cm. ยาว 60 cm. /ชิ้น"
"AS070078","Column with stopcock teflon OD5 cm. ยาว 60 cm. /ชิ้น"
"AS070079","Column with stopcock teflon OD1 cm. ยาว 45 cm. /ชิ้น"
"AS070080","Condenser ไส้ตรง ยาว 30 cm, joint 24/29 mm /ชิ้น"
"AS070081","Cup stainless 1 L /ชิ้น"
"AS070082","Erlenmayer flask 100 ml /ชิ้น"
"AS070083","Erlenmayer flask 250 ml /ชิ้น"
"AS070084","Glass bottle 100 ml /ชิ้น"
"AS070085","Glass bottle 250 ml /ชิ้น"
"AS070086","Glass bottle 500 ml /ชิ้น"
"AS070087","Glass bottle 1000 ml /ชิ้น"
"AS070088","Glass bottle 2000 ml /ชิ้น"
"AS070089","HPLC syringes 100 ไมโครลิตร /ชิ้น"
"AS070090","Laboratory Bottle 2000 ml /ชิ้น"
"AS070065","Beaker 25 ml /ชิ้น"
"AS070066","Beaker 50 ml /ชิ้น"
"AS070067","Beaker 100 ml /ชิ้น"
"AS070068","Beaker 150 ml /ชิ้น"
"AS070069","Beaker 250 ml /ชิ้น"
"AS070070","Beaker 600 ml /ชิ้น"
"AS070071","Beaker 2 L /ชิ้น"
"AS070072","Boss head 1 /ชิ้น"
"AS070042","twin. tec PCR Plate 96, unskirted, Clear 250?l,divisible 50 Piece /กล่อง"
"AS070039","Thin-Wall 96-Well Skirted PCR Plates,white well PCR plate 50 Piece /กล่อง"
"AS070032","Proline plus pipettor, 1 Piece"
"AS070033","Proline TIP ,SINGLE TRY (1*50) 5 ml 50 /ชิ้น"
"AS070022","FG,FAST 96 WELL Rnase P VERIF PLATE 50 Piece /แพ็ค"
"AS070023","HSP-96,WHT/WHT 50BX 50 plate /กล่อง"
"AS070018","Cuvette,Quartz Cell,LP 10 mm,3500 ?l 1 Piece /กล่อง"
"AS070019","DGB Cartridge,ddPCR 24 Piece /แพ็ค"
"AS070020","DGB Gasket,ddPCR 24 Piece /แพ็ค"
"AS070029","Microhaematocrit tube blue tip 100/vial 100 Piece /ขวด"
"AS070030","Microseal 'B' Adhes Seal 100 Piece /แพ็ค"
"AS070012","Adhesive PCR Plate seal 100 Sheet/box 50 Piece /แพ็ค"
"AS070013","Centrifuge Tube,Molecular in form rack (Sterile) 550ml 50 ml 25 หลอด/แพ็ค"
"AS070015","CRYO BOX 81 Holes,Keep -196 C"
"AS070016","Cuvett Quatz SUPRASIL,LP 10 mm, 300 ?l,Black 2 Piece /กล่อง"
"AS070017","Cuvette,Macro,4ml (100pcs/Pack) 100 Piece /แพ็ค"
"AS070001","วัสดุวิทยาศาสตร์การแพทย์"
"AS070008","Natural 200 ul 1000 ชิ้น/แพ็ค"
