"รหัสสินค้า","ชื่อสินค้า"
"AS198197","Asiatic Acid 500 mg /ขวด"
"AS198196","Madecassic Acid 100 mg /ขวด"
"AS198195","Asiaticoside 5 mg /ขวด"
"AS198194","Madecassoside 25 mg /ขวด"
"AS198193","Helium gas UHP grade 7 คิว /ถัง"
"AS198192","Insulin Mixtard hm 70/30 10 ml /หลอด"
"AS198191","NOVOFINE 31G 0.25x6MM 100s /กล่อง"
"AS198190","clotrimazole voginal suppostory 500 mg 1 tab with applicator /กล่อง"
"AS198189","Trelegy ellipha DPI 100 mcg/62.5 mcg/25 mcg /เครื่อง"
"AS198188","กรด 2,4-ไดคลอโรฟีนอกซีอะซิติก 100 g /ขวด"
"AS198187","โซเดียมไฮดรอกไซด์ 0.1 N 1 ลิตร /ขวด"
"AS198186","L-Proline 10 mg /ขวด"
"AS198185","Potassium persulfate 100 g /ขวด"
"AS198184","C7-C30 saturated alkanes 1 ml /ขวด"
"AS198183","PEG 3350 Solution Cosmetic liquid 1 kg /ขวด"
"AS198182","Chlorhexidine Gluconate (CHG 20%) Cosmetic liquid 1 kg /ขวด"
"AS198181","ไป๋จื่อ 100 กรัม /ห่อ"
"AS198180","ไห่เพียวเซียว  100 กรัม /ห่อ"
"AS198179","ซานจูอวี๋ 100 กรัม /ห่อ"
"AS198178","เปี๋ยเจี่ย 100 กรัม /ห่อ"
"AS198177","กุยเจี่ย 100 กรัม /ห่อ"
"AS198176","เทียนตง 100 กรัม /ห่อ"
"AS198175","ม่ายตง 100 กรัม /ห่อ"
"AS198174","ไป๋เสา 100 กรัม /ห่อ"
"AS198173","สวี่ต้วน 100 กรัม /ห่อ"
"AS198172","เจียงฉาน 100 กรัม /ห่อ"
"AS198171","ไป๋จื่อเหริน 100 กรัม /ห่อ"
"AS198170","กวาโหลว 100 กรัม /ห่อ"
"AS198169","เถาเหริน 100 กรัม /ห่อ"
"AS198168","ปิงหลาง 100 กรัม /ห่อ"
"AS198167","ไหลฟู่จื่อ 100 กรัม /ห่อ"
"AS198166","กู่หยา 100 กรัม /ห่อ"
"AS198165","ม่ายหยา 100 กรัม /ห่อ"
"AS198164","ซานจา 100 กรัม /ห่อ"
"AS198163","ชิงผี 100 กรัม /ห่อ"
"AS198162","เจ๋อเซี่ย 100 กรัม /ห่อ"
"AS198161","จูหลิง 100 กรัม /ห่อ"
"AS198160","เผยหลาน 100 กรัม /ห่อ"
"AS198159","โฮ่วเซียง 100 กรัม /ห่อ"
"AS198158","โฮ่วพั่ว 100 กรัม /ห่อ"
"AS198157","มู่กวา 100 กรัม /ห่อ"
"AS198156","อู่เจียผี 100 กรัม /ห่อ"
"AS198155","ฉินเจียว 100 กรัม /ห่อ"
"AS198154","ซางจี้เซิง 100 กรัม /ห่อ"
"AS198153","ตี้กู่ผี 100 กรัม /ห่อ"
"AS198152","หวงเหลียน 100 กรัม /ห่อ"
"AS198151","หวงฉิน 100 กรัม /ห่อ"
"AS198150","จือจื่อ 100 กรัม /ห่อ"
"AS198149","จื่อซูเย่ 100 กรัม /ห่อ"
"AS198148","ผงใบสะระแหน่ 500 กรัม /ห่อ"
"AS198147","เปลือกส้มจีนตากแห้ง 500 กรัม /ห่อ"
"AS198146","ดอกลาเวนเดอร์ตากแห้ง 250 กรัม /ห่อ"
"AS198145","ดอกมะลิตากแห้ง 500 กรัม /ห่อ"
"AS198144","ดอกกุหลาบตากแห้ง 500 กรัม /ห่อ"
"AS198143","ดอกสายน้ำผึ้งตากแห้ง 125 กรัม /ห่อ"
"AS198142","อ้ายเฉ่า 1 กิโลกรัม /ห่อ"
"AS198141","Isopropyl alcohol AR liquid 2.5 L /ขวด"
"AS198140","Benzyl alcohol AR liquid 2.5 L /ขวด"
"AS198139","Diclofenac sodium 99% AR solid 100 g /ขวด"
"AS198138","Amlodipine besylate 98% AR solid 25 g /ขวด"
"AS198137","Metformin hydrochloride 97% AR solid 100 g /ขวด"
"AS198136","Ibuprofen 98% AR solid 100 g /ขวด"
"AS198135","n-Octanol AR liquid 500 ml /ขวด"
"AS198134","Sulfadiazine sodium salt 98% AR solid 100 g /ขวด"
"AS198133","Sodium phosphate dibasic heptahydrate AR solid 100 g /ขวด"
"AS198132","Ammonia solution 28-30% L 2.5 /ขวด"
"AS198131","เหง้าขิง 500 กรัม/ถุง"
"AS198130","ยาอำมฤควาทีชนิดผง (15 กรัม/ซอง)"
"AS198129","ยาประสะมะแว้ง (ตอกเม็ด) (20 เม็ด/ซอง)"
"AS198128","ยามะระขี้นกชนิดแคปซูล (50 แคปซูล/ขวด)"
"AS198127","ยามหานิลแท่งทองชนิดแคปซูล (50 แคปซูล/ขวด)"
"AS198126","ยาบัวบกชนิดแคปซูล (50 แคปซูล/ขวด)"
"AS198125","ยาจันทลีลาชนิดแคปซูล (10 แผง/กล่อง)"
"AS198124","ยาเขียวแก้ร้อนในชนิดแคปซูล (ยาเขียวหอม) (50 แคปซูล/ขวด)"
"AS198123","ยาประสะไพลชนิดแคปซูล (50 แคปซูล/ขวด)"
"AS198122","ยาไฟประลัยกัลป์ชนิดแคปซูล (50 แคปซูล/ขวด)"
"AS198121","ยาฟ้าทะลายโจรชนิดแคปซูล (50 แคปซูล/ขวด)"
"AS198120","ยากล้วยชนิดผง (20 ซอง/กล่อง)"
"AS198119","ยาถ่ายดีเกลือฝรั่งชนิดแคปซูล (10 แผง/กล่อง)"
"AS198118","ยาวิสัมพยาใหญ่ชนิดแคปซูล (10 แผง/กล่อง)"
"AS198117","ยามหาจักรใหญ่ชนิดแคปซูล (10 แผง/กล่อง)"
"AS198116","ยาประสะเปราะใหญ่ชนิดแคปซูล (10 แผง/กล่อง)"
"AS198115","ยาประสะเจตพังคีชนิดแคปซูล (50 แคปซูล/ขวด)"
"AS198114","ยาขิง ขนิดแคปซูล (50 แคปซูล/ขวด)"
"AS198113","ยาหอมนวโกฐชนิดผง (15 กรัม/ซอง)"
"AS198112","VX Factor Discs (50disc) /กล่อง"
"AS198111","V-Factor Disc (50disc) /กล่อง"
"AS198110","X Factor Discs (50disc) /กล่อง"
"AS198109","Vancomycin hydrochloride 250mg. /ขวด"
"AS198108","Peptone bacto 500g. /ขวด"
"AS198107","Colistin sulfate salt 1g. /ขวด"
"AS198106","Potato dextrose agar 500g. /ขวด"
"AS198105","Brain heart infusion broth 500g. /ขวด"
"AS198104","Immersion oil 500ml. /ขวด"
"AS198103","Phosphate Buffered Saline (PBS) pH 7.4 500g. /ขวด"
"AS198102","Bovine serum albumin 100g. /ขวด"
"AS198101","Sodium chloride 99% 1kg. /ขวด"
"AS198100","IRON (III) CHLORIDE HEXAHYDRATE 500 กรัม /ขวด"
"AS198099","Starch M-Protein agar (SCA) 500 กรัม /ขวด"
"AS198098","Resazurin /ขวด"
"AS198097","D-cycloserine /ขวด"
"AS198096","Yeast carbon base 100 กรัม /ขวด"
"AS198095","Petrifilm E.coli/coliform count plate 3M 50 แผ่น /กล่อง"
"AS198094","Petrifilm Yeast and mold 3M 100 แผ่น /กล่อง"
"AS198093","Kanamycin disc 30 ug 5 vial /กล่อง"
"AS198092","L-TRYPTOPHAN 5 กรัม /ขวด"
"AS198091","Fast blue B salt 25 กรัม /ขวด"
"AS198090"," Mueller Hinton Broth (MHB) 500 กรัม /ขวด"
"AS198089","หวายตะค้า 500 กรัม /ถุง"
"AS198088","หัศคุณเทศ 500 กรัม /ถุง"
"AS198087","สมอทะเล  500 กรัม /ถุง"
"AS198086","เสนียด 500 กรัม /ถุง"
"AS198085","ระย่อม 500 กรัม /ถุง"
"AS198084","กำแพงเจ็ดชั้น 500 กรัม /ถุง"
"AS198083","ฝางเสน 500 กรัม /ถุง"
"AS198082","รากช้าพลู 500 กรัม /ถุง"
"AS198081","สะค้าน 500 กรัม /ถุง"
"AS198080","มะลิ 500 กรัม /ถุง"
"AS198079","มะระขี้นก 500 กรัม /ถุง"
"AS198078","เร่ว 500 กรัม /ถุง"
"AS198077","มะตูม 500 กรัม /ถุง"
"AS198076","ผักเสี้ยนผี 500 กรัม /ถุง"
"AS198075","มะเดื่อชุมพร 500 กรัม /ถุง"
"AS198074","ใบส้มป่อย 500 กรัม /ถุง"
"AS198073","ฝักส้มป่อย 500 กรัม /ถุง"
"AS198072","โกฐเขมา 500 กรัม /ถุง"
"AS198071","พริกไทยดำ 500 กรัม /ถุง"
"AS198070","กานพลู 500 กรัม /ถุง"
"AS198069","กระวาน 500 กรัม /ถุง"
"AS198068","ดอกจันทร์ 500 กรัม /ถุง"
"AS198067","เปลือกสมุลแว้ง 500 กรัม /ถุง"
"AS198066","น้ำมันแก้ว 1000 ml /ขวด"
"AS198065","น้ำมันกานพลู 1000 ml /ขวด"
"AS198064","ผงขิง 500 กรัม /ถุง"
"AS198063","ผงยาตรีผลา 500 กรัม /ถุง"
"AS198062","ผงยาเบญจกูล 500 กรัม /ถุง"
"AS198061","ผงยาหอมเทพจิต 500 กรัม /ถุง"
"AS198060","ยาลดน้ำมูก /แผง"
"AS198059","แผ่นเช็ดฆ่าเชื้อ 180 แผ่น /กระปุก"
"AS198058","สะระแหน่ 500 กรัม /ถุง"
"AS198057","ผิวส้มจีน 500 กรัม /ถุง"
"AS198056","ดอกสายน้ำผึ้ง 125 กรัม /ถุง"
"AS198055","ดอกลาเวนเดอร์ 125 กรัม /ถุง"
"AS198054","หอมหมื่นลี้ 125 กรัม /ถุง"
"AS198053","ไป๋ฟู่จึ 100 กรัม /ถุง"
"AS198052","ไป๋เสา 100 กรัม /ถุง"
"AS198051","ไป๋เหลี่ยน 100 กรัม /ถุง"
"AS198050","ไป๋จู 100 กรัม /ถุง"
"AS198049","ไป๋จื่อ 100 กรัม /ถุง"
"AS198048","เย่เจียวเถิง 100 กรัม /ถุง"
"AS198047","โรสแมรี่ 100 กรัม /ถุง"
"AS198046","จื่อซูเย่ 100 กรัม /ถุง"
"AS198045","อ้ายเฉ่า 100 กรัม /ถุง"
"AS198044","กานพลู 100 กรัม /ถุง"
"AS198043","สารสกัดเหงือกปลาหมอ 100 ml. /ขวด"
"AS198042","กรดซัลฟิวริก (H₂SO) 1.5 กก. /ขวด"
"AS198041","เฟอร์ริกคลอไรด์ (FeCl) 1.5 กก. /ขวด"
"AS198040","กรดไฮโดรคลอริก 450 cc. /ขวด"
"AS198039","น้ำตาลกลูโคส 250 กรัม /ขวด"
"AS198038","โซเดียมไฮดรอกไซด์ (NaOH 350 กรัม /ขวด"
"AS198037","แอมโมเนีย (NH3) 450 cc. /ขวด"
"AS198036","สารละลายไอโอดีน 450 cc. /ขวด"
"AS198035","สารละลายไบยูเรต 100 cc. /ขวด"
"AS198034","น้ำมันนวด กลิ่นสปารีเฟรชชิง 450 ml /ขวด"
"AS198033","นีเวียฝาสีน้ำเงิน 30 ml /กระปุก"
"AS198032","ผงดินสอพอง 1 กิโลกรัม /ถุง"
"AS198031","ผงขิง 1 กิโลกรัม /ถุง"
"AS198030","ผงห้าราก 1 กิโลกรัม /ถุง"
"AS198029","ผงชะเอมเทศ 1 กิโลกรัม /ถุง"
"AS198028","ผงบัวบก 1 กิโลกรัม /ถุง"
"AS198027","ผงไพล 1 กิโลกรัม /ถุง"
"AS198026","ผงเสลดพังพอน 1 กิโลกรัม /ถุง"
"AS198025","ผงว่านนางคำ 1 กิโลกรัม /ถุง"
"AS198024","น้ำมันมะพร้าว 1000 มล. /ขวด"
"AS198023","กำยาน 50 เม็ด /แพค"
"AS198022","น้ำมันหอมระเหย กลิ่นกุหลาบ 1000 มล. /ขวด"
"AS198021","น้ำมันหอมระเหย กลิ่นมะลิ 1000 มล. /ขวด"
"AS198020","น้ำมันหอมระเหย กลิ่นโรสแมรี่ 450 มล. /ขวด"
"AS198019","น้ำมันหอมระเหย กลิ่นยูคาลิปตัส 1000 มล. /ขวด"
"AS198018","น้ำมันหอมระเหย กลิ่นลาเวนเดอร 1000 มล. /ขวด"
"AS198017","เก๋ากี้ 1 กิโลกรัม /แพ็ค"
"AS198016","น้ำผึ้ง 770 กรัม /ขวด"
"AS198015","ตีบ้อ 1 กิโลกรัม /แพ็ค"
"AS198014","ซึงจ๋อยิ้ง 100 กรัม /แพ็ค"
"AS198013","ลูกเดือย 1 กิโลกรัม /แพ็ค"
"AS198012","เม็ดบัวแห้ง 500 กรัม /แพ็ค"
"AS198011","โป่งรากสน 1 กิโลกรัม /แพ็ค"
"AS198010","แปะตุ๊ก 250 กรัม /แพ็ค"
"AS198009","ตังเซียม 500 กรัม /แพ็ค"
"AS198008","แปะเจียก 500 กรัม /แพ็ค"
"AS198007","ตังกุย 100 กรัม /แพ็ค"
"AS198006","โกฐขี้แมว 1 กิโลกรัม /แพ็ค"
"AS198005","ยาทาระเหยบรรเทาอาการคัดจมูก 20 กรัม /กระปุก"
"AS198004","Bismuth (III) subsalicylate solid 100 g /ขวด"
"AS198003","Anise oil food liquid 100 g /ขวด"
"AS198002","Coriander oil food liquid 100 g /ขวด"
"AS198001","Ferrous sulfate food solid 100 g /ขวด"
"AS198000","Peppermint oil food liquid 450 ml /ขวด"
"AS197999","Glycerine food liquid 1 Kg /ขวด"
"AS197979","Phosphomolybdic acid hydrate cas no. 51429-74-4 /25g /ขวด"
"AS197998","sand acid washed 1 kg /ขวด"
"AS197997","Cetyl Phosphate (and) Silica (and) Titanium Dioxide (CI77891) (Eusolex T-easy) 1 kg /ถุง"
"AS197996","NSS 0.9% (สำหรับล้างแผล) 500 มล. /ขวด"
"AS197995","NSS 0.9% (สำหรับล้างแผล) 1000 มล. /ขวด"
"AS197994","สเตคลีน สำหรับทำความสะอาดหุ่น 220 กรัม /กระปุก"
"AS197993","Glycerin 1000 มล. /แกลลอน"
"AS197984","Cyclohexane 2.5L/ขวด"
"AS197983","Potassium phosphate dibasic anhydrous cas no.7758-11-4/ 500g/ขวด"
"AS197982","Potassium dihydrogen phosphate [KH2PO4] cas no. 7778-77-0/ Solid/ 500g /ขวด"
"AS197981","Potassium chloride (KCl) cas no.7447-40-7 500g /ขวด"
"AS197980","Plant DNA extraction kit 50 prep /กล่อง"
"AS197978","Orcein powder 5g /ขวด"
"AS197977","MacConkey Broth/ 500g /ขวด"
"AS197976","Iron (III) nitrate nonahydrate cas no. 7782-61-8/ 500g /ขวด"
"AS197975","n-Hexane cas no.110543 /Liquid2.5L /ขวด"
"AS197974","Carmine powder  5 g /ขวด"
"AS197950","Water-Based Nail Polish, Peelable (Black) 100 g /ขวด"
"AS197992","Aniline Cas no. 62-53-3 AR 500 ml /ขวด"
"AS197991","Resorcinol 50 g /ขวด"
"AS197990","1-Naphthol Cas no. 90-15-3 AR 100 g /ขวด"
"AS197989","Sucrose Cas no. 57-50-1 1 kg /ขวด"
"AS197988","Lactose monohydrate 500 g /ขวด"
"AS197987","D(-)-Fructose Cas no. 57-48-7 500 g /ขวด"
"AS197986","D-(-)-Arabinose 10 g /ขวด"
"AS197985","2-Bromobutane Cas no. 78-76-2 AR 500 ml /ขวด"
"AS197973","Ammonium dihydrogen phosphate cas no. 7722-76-1 500 g /ขวด"
"AS197972","Chlorphenesin 1 kg /ขวด"
"AS197971","Chlorphenesin 500 g /ขวด"
"AS197970","Chlorphenesin 100 g /ขวด"
"AS197969","Benzyl alcohol (and) Sodium benzoate (and) Potassium sorbate (and) Aqua (water) [(Preserve-BSB)] 1 kg /ขวด"
"AS197968","Benzyl alcohol (and) Sodium benzoate (and) Potassium sorbate (and) Aqua (water) [(Preserve-BSB)] 500 g /ขวด"
"AS197967","Benzyl alcohol (and) Sodium benzoate (and) Potassium sorbate (and) Aqua (water) [(Preserve-BSB)] 100 g /ขวด"
"AS197966","Sodium Lauroyl Sarcosinate (Powder) 1 kg /ถุง"
"AS197965","Sodium Lauroyl Sarcosinate (Powder) 500 g /ถุง"
"AS197964","Sodium Lauroyl Sarcosinate (Powder) 100 g /ถุง"
"AS197963","Pentylene glycol (and) Caprylyl glycol (and) Butylene glycol (and) Cocos Nucifera (Coconut) Fruit Extract [(Ncare-Eco)] 500 g /ขวด"
"AS197962","Pentylene glycol (and) Caprylyl glycol (and) Butylene glycol (and) Cocos Nucifera (Coconut) Fruit Extract [(Ncare-Eco)] 100 g /ขวด"
"AS197961","Water-Based Nail Polish, Peelable (Ultramarines Blue) 500 g /ขวด"
"AS197960","Water-Based Nail Polish, Peelable (Rose Red) 500 g /ขวด"
"AS197959","Water-Based Nail Polish, Peelable (Yellow) 500 g /ขวด"
"AS197958","Water-Based Nail Polish, Peelable (Red) 500 g /ขวด"
"AS197957","Water-Based Nail Polish, Peelable (Black) 500 g /ขวด"
"AS197956","Water-Based Nail Polish, Peelable (White) 500 g /ขวด"
"AS197955","Water-Based Nail Polish, Peelable (Transparent ใส) 500 g /ขวด"
"AS197954","Water-Based Nail Polish, Peelable (Ultramarines Blue) 100 g /ขวด"
"AS197953","Water-Based Nail Polish, Peelable (Rose Red) 100 g /ขวด"
"AS197952","Water-Based Nail Polish, Peelable (Yellow) 100 g /ขวด"
"AS197951","Water-Based Nail Polish, Peelable (Red) 100 g /ขวด"
"AS197949","Water-Based Nail Polish, Peelable (White) 100 g /ขวด"
"AS197948","Water-Based Nail Polish, Peelable (Transparent ใส) 100 g /ขวด"
"AS197947","Dimethylformamide 4 L /bot"
"AS197946","Dimethylformamide 2.5 L /bot"
"AS197945","India Ink สีดำ 100 ml /ขวด"
"AS197944","Phenosafranin 1 g /ขวด"
"AS197943","Fluoresein Diacetate 5 g /ขวด"
"AS197942","FD&DH5 (tatarzine) powder 250 g /ขวด"
"AS197941","Sodium hydroxide 50% w/w Water 450 ml /ขวด"
"AS197940","Bond Elut HLB 60 mg 50 ชิ้น /แพ็ค"
"AS197939","Bond Elut C18 500 mg 50 ชิ้น /แพ็ค"
"AS197938","กลิ่นน้ำสมุนไพรลูกประคบ 30 มล. /ขวด"
"AS197937","การบูร 200 กรัม/ถุง"
"AS197936","ขมิ้นอ้อยอบแห้ง 500 กรัม/ถุง"
"AS197935","เกลือสมุทร 500 กรัม/ถุง"
"AS197934","ข้าวไรซ์เบอร์รี่ 1 กิโลกรัม/ถุง"
"AS197933","Formaldehyde Solution 37% 2.5 ลิตร 1 ขวด /ขวด"
"AS197932","ยาหอมนวโกฐ ชนิดเม็ด 100 เม็ด /ขวด"
"AS197931","ยากษัยเส้น ชนิดเม็ด 5 ลิตร 20 ซอง /กล่อง"
"AS197930","ยาสหัสธารา ชนิดแคปซูล 100 แคปซูล /ขวด"
"AS197929","ยาฟ้าทะลายโจร ชนิดแคปซูล 100 แคปซูล /ขวด"
"AS197928","ยาปราบชมพูทวีป ชนิดแคปซูล 100 แคปซูล /ขวด"
"AS197927","ยาอำมฤควาที ชนิดผง 50 ซอง /กล่อง"
"AS197926","ยาประสะมะแว้ง ชนิดเม็ด 20 ซอง /กล่อง"
"AS197925","ยาแก้ไข้ห้าราก ชนิดแคปซูล 50 แคปซูล /ขวด"
"AS197924","ยาประสะจันทน์แดง ชนิดแคปซูล 1 กิโลกรัม 100 แคปซูล /ขวด"
"AS197923","ยาเขียวหอม ชนิดผง 0.5 กิโลกรัม 25 กรัม /ขวด"
"AS197922","ยาประสะไพล ชนิดแคปซูล 0.5 กิโลกรัม 100 แคปซูล /ขวด"
"AS197921","ยาธรณีสันฑะฆาต ชนิดแคปซูล 0.5 กิโลกรัม 100 แคปซูล /ขวด"
"AS197920","ยาประสะกานพลู ชนิดแคปซูล 0.5 กิโลกรัม 60 แคปซูล /ขวด"
"AS197919","ยาขิง ชนิดแคปซูล 0.5 กิโลกรัม 100 แคปซูล /ขวด"
"AS197918","ยาขมิ้นชัน ชนิดแคปซูล 0.5 กิโลกรัม 100 แคปซูล /ขวด"
"AS197917","ยาธาตุบรรจบ ชนิดแคปซูล 0.5 กิโลกรัม 100 แคปซูล /ขวด"
"AS197916","ยาเบญจกูล ชนิดแคปซูล 0.5 กิโลกรัม 100 แคปซูล /ขวด"
"AS197915","ยาหอมเทพจิตร ชนิดเม็ด 5 เมตร 20 ซอง /กล่อง"
"AS197914","Polyvinylpyrrolidone (PVP-K30) LR solid 500 g /ขวด"
"AS197913","Potassium chloride AR solid 500 g /ขวด"
"AS197912","เบสสบู่กลีเซอรีน 1 kg /ถุง"
"AS197911","เหงือกปลาหมออบแห้ง 0.5 kg /ถุง"
"AS197910","ไพลบดผง 0.5 kg /ถุง"
"AS197909","ใบบัวบกบดผง 0.5 kg /ถุง"
"AS197908","ว่านเปราะหอม 1 kg /ถุง"
"AS197907","ลูกจันทน์ 0.5 kg /ถุง"
"AS197906","ขวดแก้วยาหม่อง 6 เหลี่ยม 50 cc /ขวด"
"AS197905","น้ำมันกานพลู 500 ml /ขวด"
"AS197904","ซันเย่า 600 กรัม /ห่อ"
"AS197903","ขิงแห้ง 500 กรัม /ห่อ"
"AS197902","ขิงผง 500 กรัม /ห่อ"
"AS197901","ไป๋เหอ 100 กรัม /ห่อ"
"AS197900","ชวนชง 100 กรัม /ห่อ"
"AS197899","ฉูตี้หวง 100 กรัม /ห่อ"
"AS197898","ไฉหู 100 กรัม /ห่อ"
"AS197897","ไป๋ฉ่าว 200 กรัม /ห่อ"
"AS197896","เซิงกานเฉ่า 500 กรัม /ห่อ"
"AS197895","จื้อกานเฉ่า 500 กรัม /ห่อ"
"AS197894","ซานจูหยู 100 กรัม /ห่อ"
"AS197893","อู่เว่ยจือ 100 กรัม /ห่อ"
"AS197892","หยู่จู๋ 100 กรัม /ห่อ"
"AS197891","ชวนจ่าวเหริน 100 กรัม /ห่อ"
"AS197890","ขู่ซิ่งเหริน 100 กรัม /ห่อ"
"AS197889","ปั่นเซี่ยะ 100 กรัม /ห่อ"
"AS197888","ไป๋จี๋ 100 กรัม /ห่อ"
"AS197887","ไป๋เหมาเกิน 100 กรัม /ห่อ"
"AS197886","เซ่อไป๋เย่ 100 กรัม /ห่อ"
"AS197885","ต้าจี้ 100 กรัม /ห่อ"
"AS197884","เสี่ยวจี้ 100 กรัม /ห่อ"
"AS197883","ลิ่วเสินฉู่ 100 กรัม /ห่อ"
"AS197882","ซานจา 200 กรัม /ห่อ"
"AS197881","อู่จู๋หยู 100 กรัม /ห่อ"
"AS197880","ฟู่จือ 100 กรัม /ห่อ"
"AS197879","ซางเหริน 100 กรัม /ห่อ"
"AS197878","ฝางอี๋ 100 กรัม /ห่อ"
"AS197877","ซื่อฉ่าว 100 กรัม /ห่อ"
"AS197876","หวงป๋อ 100 กรัม /ห่อ"
"AS197875","จือหมู่ 100 กรัม /ห่อ"
"AS197874","จู๋ฮวา 100 กรัม /ห่อ"
"AS197873","ป๋อเหอ 500 กรัม /ห่อ"
"AS197872","เก๋อเกิน 100 กรัม /ห่อ"
"AS197871","หมาหวง 100 กรัม /ห่อ"
"AS197870","Methanol (HDPE) AR 4 L /ขวด"
"AS197869","Sodium molybdate dihydrate Cas no. 10102-40-6 500 g /ขวด"
"AS197868","Calcium nitrate tetrahydrate Cas no. 13477-34-4 500 g /ขวด"
"AS197867","Lecinol S-10 (Hydrogenated Lecithin) Powder 1 kg /ถุง"
"AS197866","Sorbitan Palmitate (Span 40) Powder 1 kg /ถุง"
"AS197865","Cetearyl Alcohol (and) Coco-Glucoside (MONTANOV™ 82) Powder 1 kg /ถุง"
"AS197864","Arachidyl Alcohol (and) Behenyl Alcohol (and) Arachidyl Glucoside (MONTANOV™ 202) Powder 1 kg /ถุง"
"AS197863","Cetyl Alcohol, Stearyl Alcohol, Behenyl Alcohol, Phytosterol, Glyceryl Stearate, Caprylic/ CapricTriglyceride, Hydrogenated Lecithin, PEG-20 Phytosterol (NIKKOL Nikkomulese LC) Powder 1 kg /ถุง"
"AS197862","Lauryl alcohol Powder 1 kg /ถุง"
"AS197861","Myristic alcohol solid 1 kg /ขวด"
"AS197860","Choline chloride AR Powder 500 g /ขวด"
"AS197859","ดอกดีปลี 0.5kg/ถุง"
"AS197858","Ethyl alcohol 95% 5 ลิตร/แกลลอน"
"AS197857","ขอดอก 0.5 kg/ถุง"
"AS197856","มะขามป้อม 0.5 kg/ถุง"
"AS197855","สมอไทย 0.5 kg/ถุง"
"AS197854","สมอพิเภก 0.5 kg/ถุง"
"AS197853","ดอกสารภี 0.5 kg/ถุง"
"AS197852","โกฐสอ 0.5 kg/ถุง"
"AS197851","ดอกคำฝอย 0.5 kg/ถุง"
"AS197850","รากเจตมูลเพลง 0.5 kg/ถุง"
"AS197849","น้ำมันยูคาลิปตัส ขนาด 100 กรัม /ถุง"
"AS197848","6X-HIS TAG MONOCLONAL ANTIBODY (HIS.H8) /หลอด"
"AS197847","Realtime SYBR master mix ขนาด 100 rxns /ชุด"
"AS197846","น้ำมันกานพลู ขนาด 100 กรัม /ขวด"
"AS197845","เป๊ปเปอร์มิ้น ขนาด 100 กรัม /ถุง"
"AS197844","พิมเสน ขนาด 100 กรัม /ถุง"
"AS197843","10X TE buffer pH8 ขนาด 100 มิลลิลิตร /ขวด"
"AS197842","10x TAE buffer ขนาด 500 มิลลิลิตร /ขวด"
"AS197841","Vancomycin ขนาด 500 มิลลิกรัม/ขวด"
"AS197840","Oxaciliin ขนาด 1 กรัม /ขวด"
"AS197839","L-Arginine ขนาด25 กรัม /ขวด"
"AS197838","Bacitracin 0.04 unit 50 disc/vial"
"AS197837","Colistin 10 ไมโครกรัม 5 vial/กล่อง"
"AS197836","Meropenem 10 ไมโครกรัม 5 vial/กล่อง"
"AS197835","Clindamycin 10 ไมโครกรัม 5 vial/กล่อง"
"AS197834","Erythromycin 10 ไมโครกรัม 5 vial/กล่อง"
"AS197833","Ceftazidime 30 ไมโครกรัม/ clavulanic acid 10 ไมโครกรัม 5 vial/กล่อง"
"AS197832","Ceftazidime 30 ไมโครกรัม 5 vial/กล่อง"
"AS197831","Cefotaxime 30 ไมโครกรัม/ clavulanic acid 10 ไมโครกรัม 5 vial/กล่อง"
"AS197830","Cefotaxime 30 ไมโครกรัม 5 vial/กล่อง"
"AS197829","Protinase K ขนาด 100 มิลลิกรัม /ขวด"
"AS197828","Phosphotungstic acid ขนาด 25 กรัม/ขวด"
"AS197827","Giemsa Stain powder ขนาด 25 กรัม/ขวด"
"AS197826","Chloramphenical ขนาด 25 กรัม/ขวด"
"AS197825","Ninhydrin C9H6O4Cas no.485472 solid 25 g /ขวด"
"AS197824","3M Potassium Chloride, Electrode Solution Cas no.7447-40-7 liquid 250 ml /ขวด"
"AS197819","Catechin hydrate cas no. 225937-10-0 /5 g /ขวด"
"AS197816","Soda lime with indicator Cas no. 8006-28-8 /1 kg /ขวด"
"AS197813","Nitro blue Tetrazolium (NBT) Cas no. 298-83-9 /1 g /ขวด"
"AS197812","Nitro blue Tetrazolium (NBT) Cas no. 298-83-9 /100 mg /ขวด"
"AS197809","Lycopene Cas no. 502-65-8 /1 mg /ขวด"
"AS197806","Kinetin Cas no. 525-79-1 /5 g /ขวด"
"AS197805","Indole-3-acetic acid sodium salt Cas no. 6505-45-9 /5 g /ขวด"
"AS197804","Indole-3-acetic acid Cas no. 87-51-4 /5 g /ขวด"
"AS197803","Formic acid CH2O2Cas no. 64186 /2.5 L /ขวด"
"AS197796","Abscisic acid Cas no. 21293-29-8 /25 mg /ขวด"
"AS197794","3,3-Diaminobenzidine tetrahydrochloride Cas no. 868272-85-9 /1 g /ขวด"
"AS197792","2,3,5-Triphenyltetrazolium chloride Cas no. 298-96-4 /25 g /ขวด"
"AS197791","2,2-diphenyl-1-picrylhydrazyl Cas no. 1898-66-4 /1 g /ขวด"
"AS197790","1-dodecanal Cas no. 112-54-9 /500 g /ขวด"
"AS197823","10x Tris-Borate-EDTA (TBE) buffer, pH 8.3 Liquid 1 ลิตร /ขวด"
"AS197822","สีย้อม Sudan Black B Solid 10 กรัม /ขวด"
"AS197821","เฮกซะดีคลิวไตรเมทิลลัมโมเนียม โบรไมด์ (Hexadecyltrimethylammonium bromide (HDTMA)) Solid 500 กรัม /ขวด"
"AS197800","Demethoxycurcumin  (analytical standard) Cas no. 22608-11-3 / 10 mg / ขวด"
"AS197799","Curcumin หรือ diferuloyl methane (analytical standard) Cas no. 458-37-7 / 10 mg / ขวด"
"AS197798","Bisdemethoxycurcumin (analytical standard) Cas no. 33171-05-0 / 10 mg / ขวด"
"AS197820","Ethanol 95% COM องค์การสุรา 450 ml /ขวด"
"AS197818","สารละลายเบเนดิกต์ (Benedict's solution) 450 ml /ขวด"
"AS197817","TA cloning vector 20 reaction /แพ็ค"
"AS197815","RPMI medium 1640 powder 10 ซอง /กล่อง"
"AS197814","PAN Indicator(1-(2-pyridylazo)-2-naphthol) 25 g /ขวด"
"AS197811","Murashige & Skoog Basal Medium with Vitamins 50 L /ขวด"
"AS197810","Minimum Essential Medium (MEM) 10 ซอง /กล่อง"
"AS197808","Lambda DNA 500 µg /หลอด"
"AS197807","KOD DNA polymerase 250 unit /แพ็ค"
"AS197802","Fetal Bovine Serum Liquid 50 ml /ขวด"
"AS197801","EAGLE-Minimum Essential Medium (EMEM) 10 ซอง /กล่อง"
"AS197797","Abscisic acid Cas no. 21293-29-8 50 mg /ขวด"
"AS197795","8-hydroxyquinoline 100 g /ขวด"
"AS197793","2-acetyl-1-pyrroline Cas no. 85213-22-5 (2AP) 100 mg /ขวด"
"AS197789","Trypsin-EDTA (0.5%) 100 ml /ขวด"
"AS197788","ใบกระวานตากแห้ง 100 g /ห่อ"
"AS197787","ดอกจันเทศ 100 g /ห่อ"
"AS197786","ดอกพุดจีน 100 g /ห่อ"
"AS197785","ดอกหอมหมื่นลี้ 100 g /ห่อ"
"AS197784","ดอกลาเวนเดอร์ตากแห้ง 100 g /ห่อ"
"AS197783","ลูกกระวานตากแห้ง 500 g /ห่อ"
"AS197782","ดอกมะลิตากแห้ง 100 g /ห่อ"
"AS197781","ดอกกุหลาบตากแห้ง 100 g /ห่อ"
"AS197780","ดอกสายน้ำผึ้งตากแห้ง 100 g /ห่อ"
"AS197779","พิมเสน 200 g /ถุง"
"AS197778","เปลือกส้มจีน 100 g /ห่อ"
"AS197777","แปะจี้ 100 g /ห่อ"
"AS197776","เฮียงหู (ฟู) 100 g /ห่อ"
"AS197775","ฉิ่งเกา 100 g /ห่อ"
"AS197774","เกียอ๊วะ 100 g /ห่อ"
"AS197773","กำเช่า (ป) 100 g /ห่อ"
"AS197772","โม๊วเอี๊ยะ (ฮ) 100 g /ห่อ"
"AS197771","ชวงเกียง 100 g /ห่อ"
"AS197770","โงวเหลงจิ 100 g /ห่อ"
"AS197769","ตี่เล้ง 100 g /ห่อ"
"AS197768","ฮ่วยหงู่ฉิก 100 g /ห่อ"
"AS197767","ถอยิ้ง 100 g /ห่อ"
"AS197766","อั่งฮวย 100 g /ห่อ"
"AS197765","ตังกุยจง 100 g /ห่อ"
"AS197764","Concentrated Sulphuric Acid ของเหลว กรดซัลฟิวลิคชนิดเข้มข้น 2.5 ลิตร /ขวด"
"AS197763","Sulphuric acid AR grade AR ของเหลว กรดซัลฟิวริค 2.5 ลิตร /ขวด"
"AS197762","Isofurane ของเหลว ยาสลบสำหรับห้องปฏิบัติการสัตว์ทดลอง 250 ml. /ขวด"
"AS197761","Perchloric Acid ของเหลว ภาชนะทึบแสง 2.5 ลิตร /ขวด"
"AS197760","Concentrated Nitric Acid ของเหลว กรดไนตริก ภาชนะทึบแสง 1 ลิตร /ขวด"
"AS197759","Methylene blue ภาชนะทึบแสง 100 กรัม /ขวด"
"AS197758","Methyl red ภาชนะทึบแสง 10 กรัม /ขวด"
"AS197757","Copper(II) sulfate CuSO4.5H2O AR CuSO4.5H2O AR grade ภาชนะทึบแสง 500 กรัม /ขวด"
"AS197756","Potassium sulfate ) (AR grade) K2SO4 AR ขวดภาชนะทึบแสง 500 กรัม /ขวด"
"AS197755","Ponceau 4R Food grade Powder 100 g /ถุง"
"AS197754","Brilliant Blue Food grade Powder 100 g /ถุง"
"AS197753","Lychee Powder Flavour Food grade Powder 100 g /ถุง"
"AS197752","Caramel Powder Flavour Food grade Powder 100 g /ถุง"
"AS197751","Double Mint Powder Flavour Food grade Powder 100 g /ถุง"
"AS197750","Orange Powder Flavour Food grade Powder 100 g /ถุง"
"AS197749","Vitamin B5 Food grade Powder 100 g /ถุง"
"AS197748","Sucralose Food grade Powder 250 g /ถุง"
"AS197747","Calcium Lactate Food grade Powder 1 kg /ถุง"
"AS197746","Cocoa powder Food grade Powder 1 kg /ถุง"
"AS197745","COLLAGEN PEPTIDE Food grade Powder 100 g /ถุง"
"AS197744","Isolate Soy Protein Food grade Powder 1 kg /ถุง"
"AS197743","L-Carnitine Fumarate Food grade Powder 100 g /ถุง"
"AS197742","Wheat Gluten Food grade Powder 1 kg /ถุง"
"AS197741","Soy Isolate 90% Food grade Powder 1 kg /ถุง"
"AS197740","Poster Colour (Yellow) Liquid 120 ml /ขวด"
"AS197739","Poster Colour (White) Liquid 120 ml /ขวด"
"AS197738","Poster Colour (Red) Liquid 120 ml /ขวด"
"AS197737","Poster Colour (Green) Liquid 120 ml /ขวด"
"AS197736","Poster Colour (Blue) Liquid 120 ml /ขวด"
"AS197735","Poster Colour (Black) Liquid 120 ml /ขวด"
"AS197734","Poster Colour (Yellow) Liquid 20 ml /ขวด"
"AS197733","Poster Colour (White) Liquid 20 ml /ขวด"
"AS197732","Poster Colour (Red) Liquid 20 ml /ขวด"
"AS197731","Poster Colour (Green) Liquid 20 ml /ขวด"
"AS197730","Poster Colour (Blue) Liquid 20 ml /ขวด"
"AS197729","Poster Colour (Black) Liquid 20 ml /ขวด"
"AS197728","Black iron oxide (CI 77499) ,non-treated cosmetic Powder 1 kg /ถุง"
"AS197727","Black iron oxide (CI 77499) ,non-treated cosmetic Powder 100 g /ถุง"
"AS197726","Yellow iron oxide (CI 77492) ,non-treated cosmetic Powder 1 kg /ถุง"
"AS197725","Yellow iron oxide (CI 77492) ,non-treated cosmetic Powder 100 g /ถุง"
"AS197724","Red iron oxide (CI 77491) ,non-treated cosmetic Powder 1 kg /ถุง"
"AS197723","Red iron oxide (CI 77491) ,non-treated cosmetic Powder 100 g /ถุง"
"AS197722","Mixed berry flavour Food Additive Powder 100 g /ถุง"
"AS197721","Mixed fruit flavour Food Additive Powder 100 g /ถุง"
"AS197720","Orange flavour Food Additive Powder 100 g /ถุง"
"AS197719","Peach flavour Food Additive Powder 100 g /ถุง"
"AS197718","Peppermint flavour Food Additive Powder 100 g /ถุง"
"AS197717","Raspberry flavour Food Additive Powder 100 g /ถุง"
"AS197716","Spear mint flavour Food Additive Powder 100 g /ถุง"
"AS197715","Strawberry flavour Food Additive Powder 100 g /ถุง"
"AS197714","Vanilla flavour Food Additive Powder 100 g /ถุง"
"AS197713","Vanillin powder flavour Food Additive Powder 100 g /ถุง"
"AS197712","Yogurt flavour Food Additive Powder 100 g /ถุง"
"AS197711","Young Coconut flavour Food Additive Powder 100 g /ถุง"
"AS197710","Rasberry powder flavour Food Additive Powder 100 g /ถุง"
"AS197709","Aspartame Food Additive Solid 100 g /ถุง"
"AS197708","D-xylose Food Additive Solid 1 kg /ถุง"
"AS197707","Dextrose anhydrous Food Additive Solid 1 kg /ถุง"
"AS197706","Dextrose monohydrate Food Additive Solid 1 kg /ถุง"
"AS197705","Erythritol powder Food Additive Powder 1 kg /ถุง"
"AS197704","Glucose powder Food Additive Powder 1 kg /ถุง"
"AS197703","Maltitol Food Additive Solid 1 kg /ถุง"
"AS197702","Sodium Cyclamate Food Additive Solid 1 kg /ถุง"
"AS197701","Sorbitol Food Additive Solid 1 kg /ถุง"
"AS197700","Agar Agar powder Food Additive Powder 100 g /ถุง"
"AS197699","Almond powder Food Additive Powder 1 kg /ถุง"
"AS197698","Ammonium bicarbonate Food Additive Solid 1 kg /ถุง"
"AS197697","Beta Glucan Food Additive Solid 1 kg /ถุง"
"AS197696","Calcium Chloride Food Additive Solid 1 kg /ถุง"
"AS197695","Calcium Lactate Food Additive Solid 1 kg /ถุง"
"AS197694","Calcium propionate Food Additive Solid 100 g /ถุง"
"AS197693","Chitosan powder Food Additive Powder 1 kg /ถุง"
"AS197692","Chitosan powder Food Additive Powder 100 g /ถุง"
"AS197691","Citric acid monohydrate Food Additive Solid 100 g /ถุง"
"AS197690","Cocoa powder Food Additive Powder 1 kg /ถุง"
"AS197689","Coenzyme Q10 Food Additive Solid 1 kg /ถุง"
"AS197688","Coenzyme Q10 Food Additive Solid 100 g /ถุง"
"AS197687","Collagen Peptide Food Additive Solid 1 kg /ถุง"
"AS197686","Collagen Peptide Food Additive Solid 100 g /ถุง"
"AS197685","Collagen Type II Food Additive Solid 1 kg /ถุง"
"AS197684","Collagen Type II Food Additive Solid 100 g /ถุง"
"AS197683","Dicalcium Phosphate Food Additive Solid 1 kg /ถุง"
"AS197682","Fructooligosaccharide (FOS) Food Additive Solid 1 kg /ถุง"
"AS197681","Gelatin 250 Bloom Food Additive Solid 1 kg /ถุง"
"AS197680","Gellan gum Food Additive Solid 1 kg /ถุง"
"AS197679","Glycine Food Additive Solid 1 kg /ถุง"
"AS197678","Guar Gum Food Additive Solid 1 kg /ถุง"
"AS197677","Gum Arabic Food Additive Solid 1 kg /ถุง"
"AS197676","Kojac powder Food Additive Powder 100 g /ถุง"
"AS197675","L-Carnitine Fumarate Food Additive Solid 1 kg /ถุง"
"AS197674","L-Glutathione Reduce Food Additive Solid 1 kg /ถุง"
"AS197673","L-Lysine Food Additive Solid 1 kg /ถุง"
"AS197672","Malic acid Food Additive Solid 1 kg /ถุง"
"AS197671","Malic acid Food Additive Solid 100 g /ถุง"
"AS197670","Pectic Food Additive Solid 1 kg /ถุง"
"AS197669","Pectic Food Additive Solid 100 g /ถุง"
"AS197668","Potassium metabisulfite Food Additive Solid 1 kg /ถุง"
"AS197667","Potassium sorbate Food Additive Solid 1 kg /ถุง"
"AS197666","Sodium Alginate Food Additive Solid 1 kg /ถุง"
"AS197665","Sodium Citrate Food Additive Solid 1 kg /ถุง"
"AS197664","Ethyl Vanillin (FEMA-2464) cosmetic Powder 100 g /ขวด"
"AS197663","Sodium persulfate Na2S2O8 AR Solid 500 g /ขวด"
"AS197662","สารสกัดพริก cosmetic liquid 450 ml /ขวด"
"AS197661","น้ำหอมกลิ่นกุหลาบ cosmetic liquid 25 g /ขวด"
"AS197660","Cherry Flavour : กลิ่นผสมอาหารเชอรี่ food liquid 100 g /ขวด"
"AS197659","Vanilla Flavour : กลิ่นผสมอาหาร วานิลลา food liquid 100 g /ขวด"
"AS197658","Strawberry Flavour : กลิ่นผสมอาหารสตรอเบอรี่ food liquid 100 g /ขวด"
"AS197657","Sala Cider Flavour : กลิ่นผสมอาหารสละไซเดอร์ food liquid 100 g /ขวด"
"AS197656","Pineapple Flavour : กลิ่นผสมอาหารสับปะรด food liquid 100 g /ขวด"
"AS197655","Peppermint Flavour : กลิ่นผสมอาหารเปปเปอร์มิ้น food liquid 100 g /ขวด"
"AS197654","Orange Flavour : กลิ่นผสมอาหารส้ม food liquid 100 g /ขวด"
"AS197653","Lemon Flavour : กลิ่นผสมอาหารมะนาวเลม่อน food liquid 100 g /ขวด"
"AS197652","Grape Flavour : กลิ่นผสมอาหารองุ่น food liquid 100 g /ขวด"
"AS197651","Cinnamon Flavour : กลิ่นผสมอาหาร อบเชย food liquid 100 g /ขวด"
"AS197650","ชุดสกัดพลาสมิด (Plasmid DNA mini kit) 100 ตัวอย่าง /ชุด"
"AS197649","Phenol liquid 500 มิลลิลิตร /ขวด"
"AS197648","Propan-2-OL (Isopropanol) 2.5 ลิตร /ขวด"
"AS197647","Human TNF MINI ABTS ELISA DEVELOPMENT KIT solid 20 เพลท /ชุด"
"AS197646","Human IL-8 MINI ABTS ELISA DEVELOPMENT KIT Liquids 20 เพลท /ชุด"
"AS197645","Human IL-1 MINI ABTS ELISA DEVELOPMENT KIT Liquids 20 เพลท /ชุด"
"AS197644","ชุดทดสอบ HDL direct solid 120 ตัวอย่าง /กล่อง"
"AS197643","ชุดทดสอบ Cholesterol Liquids 500 ตัวอย่าง /กล่อง"
"AS197642","Iron(III) chloride hexahydrate solid 100 กรัม /ขวด"
"AS197641","HyCryo 2x Cryopreservation Media Liquids 100 มิลลิลิตร /ขวด"
"AS197640","Tris SDS Buffer pH 6.8 Liquids 500 มิลลิลิตร /ขวด"
"AS197639","2.5X Tris SDS Buffer pH 8.8 Liquids 500 มิลลิลิตร /ขวด"
"AS197638","Sodium thiosulfate solid 500 กรัม /ขวด"
"AS197225","""Rapid Gel Clot Endotoxin Assay Kit"
"AS197637","Neo-Penotran Forte vag tab (metro+miconazole) 7's /กล่อง"
"AS197636","Gynoflor /แผง"
"AS197635","ยาคุมชนิดแผ่นแปะผิวหนัง ยี่ห้อ Evra 3's (กล่อง) /กล่อง"
"AS197634","oestrogel (estradiol) 80 g 80 g /หลอด"
"AS197633","Avamys (fluticasone fuorate 27.5 mcg/spray) 120 dose /เครื่อง"
"AS197632","น้ำตาเทียม (Hyatear unit dose) /กล่อง"
"AS197631","K&K OP-IZE ล้างตา 110 ml 110 ml /ขวด"
"AS197630","dewax ear drops (docusate sodium 5 mg/ml) 15 ml 15 ml /ขวด"
"AS197629","Relvar Ellipta 100/25mg /กล่อง"
"AS197628","Spiriva Respimat 2.5mcg 60dose inhaler /เครื่อง"
"AS197627","Symbicort Turbuhaler 160/4.5 60 /เครื่อง"
"AS197626","Chelex 100 Solid 25 กรัม /ขวด"
"AS197625","Spirit blue agar Solid 500 กรัม /ขวด"
"AS197624","PBS Tablet 1 แผง /กล่อง"
"AS197623","CellBio,Mccoy's 5A 500 ml /ขวด"
"AS197622","เหง้าขิงบดผง 1 กิโลกรัม /ถุง"
"AS197621","กระชายบดผง 1 กิโลกรัม /ถุง"
"AS197620","Methanol for analysis emsure 2.5 L /ขวด"
"AS197619","Glycerol ReagentPlus 1 L /ขวด"
"AS197618","GIEMSSA STAIN 500 ml /ขวด"
"AS197617","WRIGHT STAIN 250 g /ขวด"
"AS197616","Methyl alcohol 99% v/v, 20 ลิตร /แกลลอน"
"AS197615","Alcohol gel, แอลกอฮอล์เจลสำหรับล้างมือ 450ml 450 ml /ขวด"
"AS197614","FASTDIGEST XHOL (400 rxns) 400 rxns /ชุด"
"AS197613","FASTDIGEST BAMHI (800 rxns) 800 rxns /ชุด"
"AS197612","50 bp DNA Ladder (ready-to-use) 50 ไมโครกรัม /หลอด"
"AS197611","Ni-NTA Magnetic Beads Liquid 2 มิลลิลิตร /หลอด"
"AS197610","PKH67 Green fluorescent (Mini67) Solid /ชุด"
"AS197609","Gum arabic Food grade Solid 100 กรัม /แพ็ค"
"AS197608","Locust beam gum Food grade Solid 100 กรัม /แพ็ค"
"AS197607","Guar gum Food grade Solid 100 กรัม /แพ็ค"
"AS197606","Erythritiol Food grade Solid 500 กรัม /แพ็ค"
"AS197605","Inulin Food grade Solid 1 กิโลกรัม /แพ็ค"
"AS197604","Stevioside Food grade Solid 5 กรัม /แพ็ค"
"AS197603","Carrageenan Food grade Solid 250 กรัม /แพ็ค"
"AS197602","DAPI (4′,6-diamidino-2-phenylindole) Solid 5 มิลลิลิตร /ขวด"
"AS197601","Antiseptic 95% (องค์การสุรา) ขนาด 18 ลิตร (Food grade) Food grade Liquid 18 ลิตร /ถัง"
"AS197600","Gelatin Food grade Solid 100 กรัม /ขวด"
"AS197599","Maltodextrin Food grade Solid 1 กิโลกรัม /ขวด"
"AS197598","Agar powder Food grade Solid 100 กรัม /แพ็ค"
"AS197597","Xanthan gum Food grade Solid 100 กรัม /แพ็ค"
"AS197596","Aspartame Food grade Solid 25 กรัม /แพ็ค"
"AS197595","Sucralose Food grade Solid 25 กรัม 1 อัน /แพ็ค"
"AS197594","Fructose powder Food grade Solid 500 กรัม 1 อัน /แพ็ค"
"AS197593","Pectin Food grade Solid 100 กรัม /ถุง"
"AS197592","Konjac powder Food grade Solid 100 กรัม /แพ็ค"
"AS197591","PIERCE Anti-Beta Actin loading control monoclonal antibody /หลอด"
"AS197590","5X Protein loading buffer (non-reducing) Liquid 5 มิลลิลิตร /ขวด"
"AS197589","ยาธาตุน้ำขาว 20 ml. /ขวด"
"AS197588","แอลกอฮอล์ 180 ml. /ขวด"
"AS197587","ชุดสกัดดีเอ็นเอ FavorPrep™ Stool DNA Isolation Mini Kit (FASTI 001-1) /กล่อง"
"AS197586","OMNIPCR SUPERMIX W FLUORESCENT DYE /ชุด"
"AS197585","วาสลีน 500 กรัม /ถุง"
"AS197584","พาราฟินแว็กซ์ 1 กิโลกรัม /ถุง"
"AS197583","บีแวกซ์ 1 กิโลกรัม /ถุง"
"AS197582","น้ำมันระกำ 1 ลิตร /ขวด"
"AS197581","น้ำมันยูคาลิปตัส 250 กรัม /ขวด"
"AS197580","เมนทอล 500 กรัม /ถุง"
"AS197579","พิมเสน 500 กรัม /ถุง"
"AS197578","ไพลสด 3 กิโลกรัม /ถุง"
"AS197577","เก๋ากี้ 500 กรัม /ห่อ"
"AS197576","ดอกคำฝอย 1 กิโลกรัม /ห่อ"
"AS197575","อบเชยแท่ง 1 กิโลกรัม /ห่อ"
"AS197574","ตะไคร้อบแห้ง 250 กรัม /ห่อ"
"AS197573","น้ำตาลทรายแดง 500 กรัม /ห่อ"
"AS197572","มั่วเย้า 100 กรัม /ห่อ"
"AS197571","ฮั่วเซียง 500 กรัม /ห่อ"
"AS197570","ชางจู๋ 100 กรัม /ห่อ"
"AS197569","เจี๋ยหมิงจึ 500 กรัม /ห่อ"
"AS197568","เพ่ยหลาน 200 กรัม /ห่อ"
"AS197567","สือชางผู่ 500 กรัม /ห่อ"
"AS197566","จื๋อซูเย่ 200 กรัม /ห่อ"
"AS197565","ป้อเหอ 200 กรัม /ห่อ"
"AS197564","ไป๋กั๋ว 100 กรัม /ห่อ"
"AS197563","หนานซาเซิน 100 กรัม /ห่อ"
"AS197562","เป่ยซาเซิน 100 กรัม /ห่อ"
"AS197561","ฉวนตังกุย 100 กรัม /ห่อ"
"AS197560","ตังกุยเวย 100 กรัม /ห่อ"
"AS197559","ตังกุยโถ 100 กรัม /ห่อ"
"AS197558","ไท่จึเซิน 100 กรัม /ห่อ"
"AS197557","ซีหยางเซิน 100 กรัม /ห่อ"
"AS197556","เหรินเซิน 100 กรัม /ห่อ"
"AS197555","ซวนจ่าวเหริน 100 กรัม /ห่อ"
"AS197554","เจียเกิ่น 100 กรัม /ห่อ"
"AS197553","เจ๋อเป้ยหมู่ 100 กรัม /ห่อ"
"AS197552","หรูเซียง 100 กรัม /ห่อ"
"AS197551","เหยียนหูสั่ว 100 กรัม /ห่อ"
"AS197550","อ้ายเย่ 1 กิโลกรัม /ห่อ"
"AS197549","ตู๋หัว 100 กรัม /ห่อ"
"AS197548","เซินตี้หวง 100 กรัม /ห่อ"
"AS197547","พุทราจีน 1 กิโลกรัม /ห่อ"
"AS197546","เฉียงหัว 100 กรัม /ห่อ"
"AS197545","เหรินก๋งเซ่อเซียง 100 กรัม /ห่อ"
"AS197544","หวงฉี 150 กรัม /ห่อ"
"AS197543","ตันเซิน 1 กิโลกรัม /ห่อ"
"AS197542","กันเฉ่า 1 กิโลกรัม /ห่อ"
"AS197541","ฉูตี้ 600 กรัม /ห่อ"
"AS197540","ตังกุย 200 กรัม /ห่อ"
"AS197539","ฝางเฟิง 100 กรัม /ห่อ"
"AS197538","Ginseng extract 100 g /ขวด"
"AS197537","Ectoine 500 g /แพ็ค"
"AS197536","Disodium cocoyl glutamate ,(Gluta-Clean) 1 kg /แกลลอน"
"AS197535","Dimethicone (Very Light 5,Low-order) 1 kg /แกลลอน"
"AS197533","Glycerin (and) Aqua (and) Butylene Glycol (and) Carbomer (and) Polysorbate 20 (and) Palmitoyl Tripeptide-1 (and) Palmitoyl Tetrapeptide-7 ,(Matrixyl 3000) 500 g /แกลลอน"
"AS197534","Dimethicone (and) Dimethicone/PEG-10/15 Crosspolymer﻿ ,(Silicone Blender) 500 g /กระปุก"
"AS197532","Diglycerin 1 kg /แกลลอน"
"AS197530","Glycolic acid (AHA 100%) 500 g /แพ็ค"
"AS197531","Dehydroxanthane gum ,(AnyGel) 100 g /กระปุก"
"AS197529","Vitamin E Beads 0.5-1 mm.(Dry) ,Pink (Shiny/Gloss) 100 g /แพ็ค"
"AS197528","Coco glucoside 1 kg /แกลลอน"
"AS197527","Cetyl palmitate 1 kg /แพ็ค"
"AS197526","Cetyl Alcohol (and) Glyceryl Stearate (and) PEG-75 Stearate (and) Ceteth-20 (and) Steareth-20 ,(Emulium Delta) 1 kg /แพ็ค"
"AS197525","Coco-Caprylate/Caprate ,(Cetiol C5C) 1 kg /แกลลอน"
"AS197524","Isododecane 5 kg /แกลลอน"
"AS197523","Acrylates/C10-30 Alkyl Acrylate Crosspolymer ,(Carbopol ultrez 21) 1 kg /แพ็ค"
"AS197521","Isostearic acid 500 g /แกลลอน"
"AS197522","Acrylates/C10-30 Alkyl Acrylate Crosspolymer ,(Carbopol ultrez 21) 100 g /แพ็ค"
"AS197520","Bis-PEG-18 Methyl Ether Dimethyl silane 1 kg /กระปุก"
"AS197518","Lactose Food grade 1 kg /แพ็ค"
"AS197519","Betaine Anhydrous 99% 1 kg /แพ็ค"
"AS197516","Laureth-23 1 kg /แกลลอน"
"AS197517","Amodimethicone ,(MIRASIL ADM 403) 1 kg /แกลลอน"
"AS197515","Aminopropyl Dimethicone (and) Laureth-4 (and) Laureth-23 ,[Silicone Hi-Cond] 1 kg /แกลลอน"
"AS197513","Laureth-4 1 kg /แกลลอน"
"AS197514","Bis-Aminopropyl Dimethicone 1 kg /แกลลอน"
"AS197512","Aliphatic urethane acrylate (UV-Resin 2F-10K) 100 g /ขวด"
"AS197511","Acetyl tributyl citrate (ATBC) 1 kg /แกลลอน"
"AS197510","Laureth-7 1 kg /แกลลอน"
"AS197509","Acetyl glucosamine (NAG) 500 g /แพ็ค"
"AS197508","35% Lauramine oxide (Amphitol 20N) 1 kg /แกลลอน"
"AS197507","Laureth-7 citrate ,(PLANTAPON LC 7) 250 g /ขวด"
"AS197506","Vetiver Oil 10 ml /pcs"
"AS197504","Maltodextrin Food grade 1 kg /แพ็ค"
"AS197505","Tea Tree Oil 10 ml /pcs"
"AS197503","Tangerine Oil 10 ml /pcs"
"AS197501","Melatonin ,(Pure-Melatonin) 100 g /กระปุก"
"AS197502","Spearmint (Mentha spicata - South Africa) 10 ml /pcs"
"AS197499","﻿﻿Methyl Perfluorobutyl Ether (and) Methyl Perfluoroisobutyl Ether ,(Bubble max) 100 g /ขวด"
"AS197500","Pine Scotch Oil 10 ml /pcs"
"AS197498","Petitgrain Orange Oil 10 ml /pcs"
"AS197496","MIPA-Laureth Sulfate (and) Laureth-4 (and) Propylene Glycol﻿ ,(Oil Soap) 250 g /ขวด"
"AS197497","Patchouli Oil 10 ml /pcs"
"AS197495","Marjoram Sweet Oil 10 ml /pcs"
"AS197494","MIPA-Laureth Sulfate (and) Laureth-4 (and) Propylene Glycol﻿ ,(Oil Soap) 1 kg /แกลลอน"
"AS197493","Mandarin Red Oil 10 ml /pcs"
"AS197492","Lime Oil 10 ml /pcs"
"AS197491","O-cymen-5-ol ,(Biosol) 500 g /แพ็ค"
"AS197490","Lemongrass 10 ml /pcs"
"AS197489","Palmitoyl Glycine 500 g /แพ็ค"
"AS197488","Lemon Oil 10 ml /pcs"
"AS197487","Kaffir Lime Peel (Citrus hystrix DC. - Thailand) 10 ml /pcs"
"AS197486","Palmitoyl Isoleucine 500 g /แพ็ค"
"AS197485","Kaffir Lime Leaf (Citrus hystrix DC. - Indonesia) 10 ml /pcs"
"AS197484","Grapefruit (Citrusparadisi-Italy) Oil 10 ml /pcs"
"AS197483","PEG-80 sorbitan laurate 1 kg /แกลลอน"
"AS197482","Ginger Dried Oil 10 ml /pcs"
"AS197480","Polyacrylate crosspolymer-6 ,(SEPIMAX ZEN) 100 g /แพ็ค"
"AS197481","Frankincense Oil Serrata 10 ml /pcs"
"AS197479","Fingerroot Oil 10 ml /pcs"
"AS197478","Cyclopentasiloxane (and) Dimethicone/Vinyl Dimethicone Crosspolymer ,(Silicone Gel) 1 kg /กระปุก"
"AS197477","Cypress French Oil 10 ml /pcs"
"AS197476","Citronella Oil 10 ml /pcs"
"AS197475","Phenyl trimethicone ,(Silicone Shine) 1 kg /แกลลอน"
"AS197474","Bergamot Oil 10 ml /pcs"
"AS197473","Basil Sweet Oil 10 ml /pcs"
"AS197472","Hydroxyethyl Acrylate/Sodium Acryloyldimethyl Taurate Copolymer (and) Isohexadecane (and) Polysorbate 60 ,(Simulgel INS-100) 1 kg /แกลลอน"
"AS197471","Basil Holy Oil 10 ml /pcs"
"AS197470","Verdox 10 ml /pcs"
"AS197469","Sodium acrylates crosspolymer ,(Sponge gel) 1 kg /แกลลอน"
"AS197468","Rose oxide 10 ml /pcs"
"AS197466","Sodium ascorbyl phosphate 500 g /แพ็ค"
"AS197467","Polysantol 10 ml /pcs"
"AS197465","Phenyl Ethyl Alcohol (PEA) 10 ml /pcs"
"AS197464","Sodium benzoate Food grade 1 kg /แพ็ค"
"AS197463","Phenyl Ethyl Acetate 10 ml /pcs"
"AS197461","Sodium lauroyl glutamate 1 kg /แพ็ค"
"AS197462","Methyl salicylate 10 ml /pcs"
"AS197460","Menthone 10 ml /pcs"
"AS197459","Linalyl acetate 10 ml /pcs"
"AS197458","Linalool Synthetic 10 ml /pcs"
"AS197457","Sodium Lauryl Sulfate (SLS) Food grade 1 kg /แพ็ค"
"AS197456","Lilial 10 ml /pcs"
"AS197455","Isoeugenol 10 ml /pcs"
"AS197454","Sodium methyl cocoyl taurate ,(Pureact WS conc) 1 kg /แพ็ค"
"AS197453","Isoamyl Butyrate 10 ml /pcs"
"AS197452","Iso E super 10 ml /pcs"
"AS197451","Trehalose 1 kg /แพ็ค"
"AS197450","Indolene 10 ml /pcs"
"AS197448","Triclocarban ,(TCC,Trichlorocarbanilide) 100 g /แพ็ค"
"AS197449","Hydroxycitronellal 10 ml /pcs"
"AS197447","Hedione 10 ml /pcs"
"AS197446","Geranyl Acetate 10 ml /pcs"
"AS197445","Trihydroxystearin 100 g /แพ็ค"
"AS197444","Geraniol 10 ml /pcs"
"AS197442","Triisostearin 100 g /ขวด"
"AS197443","Fructone B (Fragolane) 10 ml /pcs"
"AS197441","Florol 10 ml /pcs"
"AS197440","di(hydrogenated tallow)dimethylammonium chloride ,(ARQUAD 2HT-75) 1 kg /แกลลอน"
"AS197439","Floralozone 10 ml /pcs"
"AS197438","Farnesol 10 ml /pcs"
"AS197437","Laureth-9 ,(NIKKOL SG-L900) 1 kg /แกลลอน"
"AS197436","Eugenol 10 ml /pcs"
"AS197434","Avocado oil 1 kg /แกลลอน"
"AS197435","Diethyl Malonate 10 ml /pcs"
"AS197433","Citral 10 ml /pcs"
"AS197432","Cis-3 Hexenol 10 ml /pcs"
"AS197431","Ceteareth-6 (and) Stearyl Alcohol ,(EMULGADE A6) 1 kg /แกลลอน"
"AS197430","Cis Jasmone 10 ml /pcs"
"AS197428","OCCASION ROSE SH-20321 1 kg /แกลลอน"
"AS197429","Cedramber 10 ml /pcs"
"AS197427","Beta-damascone 10 ml /pcs"
"AS197426","Benzyl Salicylate 10 ml /pcs"
"AS197425","Benzyl benzoate 10 ml /pcs"
"AS197424","Polyquaternium-6 ,(MERQUAT 100 POLYMER) 1 kg /แกลลอน"
"AS197423","Benzyl alcohol 10 ml /pcs"
"AS197422","Sodium Cocoyl Glutamate ,(AMISOFT CS-11) 1 kg /แกลลอน"
"AS197421","Benzyl acetate 10 ml /pcs"
"AS197420","Aurantiol (Neroli)(Methyl Anthranilate Schiffs Base) 10 ml /pcs"
"AS197419","Sunflower oil 1 kg /แกลลอน"
"AS197418","Aldehyde C-14 Gamma Undecalactone 10 ml /pcs"
"AS197416","Zinc Oxide (and) Cyclopentasiloxane (and) PEG-10 Dimethicone (and) Triethoxycaprylylsilane ,(ZINOPLY-S50) 1 kg /แกลลอน"
"AS197417","Aldehyde C-10 Decanal 10 ml /pcs"
"AS197415","Rose de Mai Absolute 10% in DPG 10 ml /pcs"
"AS197414","Sodium Laureth Sulfate (and) Glycol Distearate (and) Cocamide MEA (and) Laureth-10 ,(ZOHARPEARL 771) 1 kg /แกลลอน"
"AS197413","Jasmine Absolute 10% in DPG 10 ml /pcs"
"AS197412","Rosemary Essential Oil 10 ml /pcs"
"AS197411","Mineral oil ,(PIONIER 2076 LIGHT) 5 kg /แกลลอน"
"AS197410","Alpha Damascone 10 ml /pcs"
"AS197409","Aldehyde C-8 Octanal 10 ml /pcs"
"AS197408","Atropine sulfate monohydrate 10 g /ขวด"
"AS197407","D-limonene 10 ml /pcs"
"AS197406","Benzyl acetate 1 L /ขวด"
"AS197405","Tonka Bean Ansolution 10 ml /pcs"
"AS197404","Neofolione 10 ml /pcs"
"AS197403","Calcium carbonate Food grade 1 kg /ขวด"
"AS197402","Methyl Laitone 10% DPG 10 ml /pcs"
"AS197400","Methyl Eugenol 10 ml /pcs"
"AS197401","Carrageenan Food grade 100 g /ขวด"
"AS197399","Methyl Cinnamate 10 ml /pcs"
"AS197398","Catechin ,(-Catechin) 25 mg /ขวด"
"AS197397","Methyl Anthranilate 10 ml /pcs"
"AS197395","Creatine monohydrate 100 g /ขวด"
"AS197396","Melonal 10 ml /pcs"
"AS197394","Manzanate 10 ml /pcs"
"AS197393","Digitoxin 50 mg /ขวด"
"AS197392","Linalool Oxide 10 ml /pcs"
"AS197391","Lime oxide 10 ml /pcs"
"AS197390","Diphenyl(2,4,6-trimethylbenzoyl) phosphine oxide AR 10 g /ขวด"
"AS197389","Kephalis 10 ml /pcs"
"AS197388","D-Limonene Technical grade 250 g /ขวด"
"AS197387","Isocyclocitral 10 ml /pcs"
"AS197386","Ferric chloride 6-hydrate AR 500 g /ขวด"
"AS197385","Helional 10 ml /pcs"
"AS197383","Lactose BP grade 1 kg /ขวด"
"AS197384","Glycolierral 10 ml /pcs"
"AS197382","Ninhydrin 10 g /ขวด"
"AS197381","Galaxolide 50 DPG 10 ml /pcs"
"AS197380","Habanolide 10 ml /pcs"
"AS197379","Phosphoric acid 4 L /ขวด"
"AS197378","Evernyl 10 ml /pcs"
"AS197376","BUFFER pH 10.01 ,Mettler 250 ml /ขวด"
"AS197377","Ethyl salicylate 10 ml /pcs"
"AS197375","Ethyl Linalyl Acetate 10 ml /pcs"
"AS197374","BUFFER pH 4.01 ,Mettler 250 ml /ขวด"
"AS197373","Ethyl Linalool 10 ml /pcs"
"AS197372","BUFFER pH 7.00 ,Mettler 250 ml /ขวด"
"AS197371","Quercetin hydrate 10 g /ขวด"
"AS197370","Quinidine 25 g /ขวด"
"AS197369","Limonene ,(-Limonene) 100 ml /ขวด"
"AS197368","Rosin gum 500 g /ขวด"
"AS197367","Sodium borohydride 500 g /ขวด"
"AS197366","Sucralose Pharmaceutical Secondary Standard 500 g /ขวด"
"AS197365","Sulfer 500 g /ขวด"
"AS197364","Tetrapeptide-30 500 g/ขวด"
"AS197363","Theophylline 5 g/ขวด"
"AS197362","Mercaptoacetic acid 1 L/ขวด"
"AS197361","Ethyl Butyrate 10 ml /pcs"
"AS197360","Ethyl Acetoacetate 10 ml /pcs"
"AS197359","Ethyl 2-Methylbutyrate 10 ml /pcs"
"AS197358","Coumarin 10 ml /pcs"
"AS197357","Celestolide 10% in DPG 10 ml /pcs"
"AS197356","Costus Olifac Iff 10 ml /pcs"
"AS197355","Citronellol 10 ml /pcs"
"AS197354","Cis-3 Hexenyl Acetate 10 ml /pcs"
"AS197353","Cinnamyl Alcohol 10 ml /pcs"
"AS197352","Cetalox 10 ml /pcs"
"AS197351","Celestolide 10 ml /pcs"
"AS197350","Cashmeran 10 ml /pcs"
"AS197349","Calone 10 ml /pcs"
"AS197348","Benzaldehyde 10 ml /pcs"
"AS197347","Bacdanol 10 ml /pcs"
"AS197346","Ambroxan 10 ml /pcs"
"AS197345","Amber Core 10 ml /pcs"
"AS197344","Alpha Isomethyl Ionone 10 ml /pcs"
"AS197343","Alpha Ionone 10 ml /pcs"
"AS197342","Aldehyde C-18 50%DPG 10 ml /pcs"
"AS197341","2-Acetyl Pyrazine in DPG 10 ml /pcs"
"AS197340","Ylang Complete (Cananga odorata genuina - Madagascar) 10 ml /pcs"
"AS197339","Vetiver Oil 30 ml /pcs"
"AS197338","Thyme White Oil 10 ml /pcs"
"AS197337","Tea Tree Oil 30 ml /pcs"
"AS197336","Tangerine Oil 30 ml /pcs"
"AS197335","Spearmint (Mentha spicata - South Africa) 30 ml /pcs"
"AS197334","Sandalwood Oil 10 ml /pcs"
"AS197333","Rosemary French (Rosmarinus officinalis ct. verbenone - France) 10 ml /pcs"
"AS197332","Rosemary Oil 10 ml /pcs"
"AS197331","Pine Scotch Oil 30 ml /pcs"
"AS197330","Petitgrain Orange Oil 30 ml /pcs"
"AS197329","Peppermint Oil 10 ml /pcs"
"AS197328","Patchouli Oil 30 ml /pcs"
"AS197327","Palmarosa Oil 10 ml /pcs"
"AS197326","Orange sweet Oil 10 ml /pcs"
"AS197325","Neroli (Citrus aurantium var. amara - Morocco) 10 ml /pcs"
"AS197324","Neroli Abs. 10% (Citrus aurantium var. amara - Morocco) 10 ml /pcs"
"AS197323","Myrrh 10% (Commiphora myrrha - Kenya) 10 ml /pcs"
"AS197322","Marjoram Sweet Oil 30 ml /pcs"
"AS197321","Mandarin Red Oil 30 ml /pcs"
"AS197320","Lime Oil 30 ml /pcs"
"AS197319","Lemongrass 30 ml /pcs"
"AS197318","Lemon Oil 30 ml /pcs"
"AS197317","Lavender Oil 10 ml /pcs"
"AS197316","Kaffir Lime Peel (Citrus hystrix DC. - Thailand) 30 ml /pcs"
"AS197315","Kaffir Lime Leaf (Citrus hystrix DC. - Indonesia) 30 ml /pcs"
"AS197314","Grapefruit (Citrusparadisi-Italy) Oil 30 ml /pcs"
"AS197313","Ginger Dried Oil 30 ml /pcs"
"AS197312","Geranium Egypt Oil 10 ml /pcs"
"AS197311","Frankincense Oil Serrata 30 ml /pcs"
"AS197310","Fingerroot Oil 30 ml /pcs"
"AS197309","Fennel Sweet Oil 10 ml /pcs"
"AS197308","Eucalyptus globulus Oil 10 ml /pcs"
"AS197307","Cypress French Oil 30 ml /pcs"
"AS197306","Coriander Oil 10 ml /pcs"
"AS197305","Clove Bud Oil 10 ml /pcs"
"AS197304","Clary Sage Oil 10 ml /pcs"
"AS197303","Citronella Oil 30 ml /pcs"
"AS197302","Cinnamon Bark Oil 10 ml /pcs"
"AS197301","R.Chamomile Oil 10 ml /pcs"
"AS197300","Cedarwood Oil 10 ml /pcs"
"AS197299","Blackpepper Oil 10 ml /pcs"
"AS197298","Bergamot Oil 30 ml /pcs"
"AS197297","Basil Sweet Oil 30 ml /pcs"
"AS197296","Basil Holy Oil 30 ml /pcs"
"AS197295","Rosin 1 kg /pcs"
"AS197294","Adenosine triphosphate 500 g /pcs"
"AS197293","กระดาษเทสน้ำหอม 100 ชิ้น/แพ็ค 1 pack /pcs"
"AS197292","Disposable TEWL Probe Protector (500 pcs) 1 box /pcs"
"AS197291","Probe flim fram mounted (144 pcs per box) 1 box /pcs"
"AS197290","Ethyl Alcohol (99.9% , 200 Proof, Research/Perfumer Grade) 1 kg /pcs"
"AS197289","Dimethiconol (and) Tea-dodecylbenzenesulfonate﻿ (Hair-Cond SM™) 1 kg /pcs"
"AS197288","Potassium Thioglycolate (42%, Liquid) 1 kg /pcs"
"AS197287","Aminopropyl Dimethicone (and) Laureth-4 (and) Laureth-23﻿ (Silicone Hi-Cond (China) 1 kg /pcs"
"AS197286","Ammonium dihydrogen phosphate NH4H2PO4 AR /ขวด"
"AS197285","Hydroxylamine NH2OH /ขวด"
"AS197278","Base Mold Release /liquid 118 ml /ขวด"
"AS197277","Quercetin [C15H10O7] cas no. 117-39-5 /solid 10 g /ขวด"
"AS197274","Silica gel 60 (0.063-0.200 mm) [SiO2] cas no.7631-86-9 /solid 5 kg /ขวด"
"AS197272","Triton X-114 cas no. 9036-19-5 /liquid 250 ml /ขวด"
"AS197271","Technical Buffer pH 10.01 /liquid 20 ml 30 ซอง /กล่อง"
"AS197270","Methyl salicylate (น้ำมันระกำ) /liquid 450 g /ขวด"
"AS197269","Hexane [C6H14] cas no. 110-54-3 /liquid 20 L /ถัง"
"AS197268","2-Butanol /liquid 2.5 L /ขวด"
"AS197284","PCR mixture 100 reactions /แพ็ค"
"AS197283","Gel loading dry 1 ml /หลอด"
"AS197282","Genomic DNA Isolation Kit for bacterial cells 100 preps /กล่อง"
"AS197281","Taq DNA Polymerase 500 units /แพ็ค"
"AS197280","100 bp DNA ladder 500 μl /หลอด"
"AS197279","TBE buffer (Tris-borate-EDTA) 10X solution 1 L /ขวด"
"AS197276","Quercetin powder 100 g /ขวด"
"AS197275","Curcumin powder 100 g /ขวด"
"AS197273","Phosphate buffer solution 0.1 mol/L liquid 100 ml /ขวด"
"AS197267","Hi-SYBr Safe Gel Stain (10000X in DMSO) /ชุด"
"AS197266","100bp DNA Ladder (200 Lanes), 4x100 ul /ชุด"
"AS197265","6X gel loading buffer /ชุด"
"AS197264","Nicotinic acid 100g/ขวด"
"AS197263","Agar 500 g /กระปุก"
"AS197262","เกลือเม็ดทะเล 40 kg /ขวด"
"AS197261","Citric acid 1 kg /ขวด"
"AS197260","Tryptic Soy Broth 500 g /ขวด"
"AS197259","Sodium hypochlorite 10% (คลอรีนน้ำ) 5 kg /แกลลอน"
"AS197258","Petroleum Ether 7783-28-0 4 L /ขวด"
"AS197257","Novel Juice DNA Staining Reagent, 1 ml /ขวด"
"AS197256","Dubecc's Modified Eagle Medium 10x1 L /ขวด"
"AS197255","Di-sodium Hydrogen Phosphate Dihydrate 10028-24-7 AR 500g /ขวด"
"AS197254","Diammonium phosphate 7783-28-0 1 kg /ขวด"
"AS197253","Clorox 1 L /ขวด"
"AS197252","Catechol 120-80-9 100 g /ขวด"
"AS197251","Trypsin-EDTA, 0.25%(1X) 100 ml /ขวด"
"AS197250","Kato’s kat kit solid 500 ชิ้น /กล่อง"
"AS197249","ชุดทดสอบ LDL-Cholesterol Liquids 80 มิลลิลิตร /ชุด"
"AS197248","ชุดทดสอบ HDL - Cholesterol Liquids 80 มิลลิลิตร /ชุด"
"AS197247","ชุดสกัด Blood DNA Kit Liquids 100 ตัวอย่าง /กล่อง"
"AS197246","mouse anti-BCL-2 antibody solid 100 ไมโครลิตร /หลอด"
"AS197245","Thunderbird Next Realtime SYBR Liquids 1.67 มิลลิลิตร /แพ็ค"
"AS197244","mouse anti-PARP antibody Liquids 100 ไมโครลิตร /หลอด"
"AS197243","D-cycloserine solid 5 กรัม /ขวด"
"AS197242","ชุดทดสอบ Malaria P.f/Pan Antigen test Liquids 25 ตัวอย่าง /กล่อง"
"AS197241","Carbol fuchsin solid 10 กรัม /ขวด"
"AS197240","Human IL-1 beta mini ABTS ELISA DEVELOPMENT KIT Liquids 192 ตัวอย่าง /กล่อง"
"AS197239","Human CTGF ABTS ELISA DEVELOPMENT KIT Liquids 192 ตัวอย่าง /กล่อง"
"AS197238","Red safe Liquids 400 ไมโครลิตร /หลอด"
"AS197237","T4 DNA Ligase 1U/µl Liquids 100 ยูนิต /หลอด"
"AS197236","Normal saline for Irrigation 1 ลิตร /ขวด"
"AS197235","Ethanol absolute 2.5 ลิตร /ขวด"
"AS197234","Eosin Y alcoholic solution 0.5 % 1 ลิตร /ขวด"
"AS197233","Mayer hematoxylin 1 ลิตร /ขวด"
"AS197232","EDTA dipotassium salt 100 กรัม /ขวด"
"AS197231","Boric acid 500 กรัม /ขวด"
"AS197230","Bromophenol blue 5 กรัม /ขวด"
"AS197229","Ammonium persulfate 500 กรัม /ขวด"
"AS197228","Coomassie brilliant blue 25 กรัม /ขวด"
"AS197227","Poly(ethylene glycol) 500 กรัม /ขวด"
"AS197226","Hydrochloric acid 2.5 ลิตร /ขวด"
"AS197224","BCA Protein Assay Kit /ขวด"
"AS197223","5% เดกซ์โทรสในนอร์มัลซาไลน์ (5% Dextrose in NSS: 5% D/NSS) Liquids 250 ml /ขวด"
"AS197222","5% เดกซ์โทรส (5% Dextrose in water: 5%D/W) Liquids 250 ml /ขวด"
"AS197221","น้ำเกลือ ปราศจากเชื้อ (NSS 0.9% Sodium Chloride) Liquids 250 ml /ขวด"
"AS197220","สารปรับสภาพน้ำโซดาแอสชนิดผง /ก.ก."
"AS197219","Anionic Polymer /ก.ก."
"AS197218","Polyaluminium chloride 30% /ก.ก."
"AS197217","สารเร่งตกตะกอน /ก.ก."
"AS197216","GenepJlowtmGel/PCR Kit 100 preps/kit  /กล่อง"
"AS197215","Xho I 5,000 unit /หลอด"
"AS197214","Bam HI-HF 10,000 unit /หลอด"
"AS197213","DNA-Oligo Synthesis 0.025 umole /Base"
"AS197212","ยา unison enema 20 cc 20 cc. /ชิ้น"
"AS197211","ยา doproct suppo 10's (hydrocort 7.5 mg)  10 เม็ด /กล่อง"
"AS197210","ยา canasone vaginal suppo 500 mg.  1 เม็ด /กล่อง"
"AS197209","ยา Soft mist inhaler tiotopium (spiriva respimat 2.5 mcg) /ชิ้น"
"AS197208","Ascorbic acid AR solid 25 กรัม /ขวด"
"AS197207","Bovine serum albumin AR solid 25 กรัม /ขวด"
"AS197206","BRADFORD kit for protein estimation liquid 500 มิลลิลิตร /ขวด"
"AS197205","qPCRBIO SyGreen Mix Lo-ROX, ขนาด 100 rxns liquid 100 ตัวอย่าง /ชุด"
"AS197204","Comassie nano protein staining solution liquid 500 มิลลิลิตร /ขวด"
"AS197203","ตะแกรงวางหลอดทดลอง (Test tube rack) 20 x 150 มิลลิเมตร /อัน"
"AS194545","*ยกเลิกไปใช้ AS194688* Myo-Inositol [C6H12O6] cas no.87-89-8 /solid 25 g /bot"
"AS197202","Bromocresol green 5 กรัม /ขวด"
"AS197201","Tri-sodium citrate dihydrate 500 กรัม /ขวด"
"AS197200","Sodium chloride ขนาด 500 กรัม 500 กรัม /ขวด"
"AS197199","Resorcinol 100 กรัม /ขวด"
"AS197198","Potassium ammonium sulfate 500 กรัม /ขวด"
"AS197197","Alcohol gel 75% 3.5 ลิตร /ขวด"
"AS197196","Acetic acid (HPLC) 2.5 ลิตร /ขวด"
"AS197195","Cellulose AR 100 กรัม /ขวด"
"AS197194","caffeine AR 100 กรัม /ขวด"
"AS197193","rutin AR 50 กรัม /ขวด"
"AS197192","rutin AR 25 มิลลิกรัม /ขวด"
"AS197191","Piperine AR 1 กรัม /ขวด"
"AS197190","Piperine AR 5 กรัม /ขวด"
"AS197189","Opplin 100 ml /ขวด"
"AS197188","oreda ส้ม 100 ซอง 3.3 g (ซองเล็ก) /ซอง"
"AS197187","CA-R-BON (activated charcoal 260 mg) 10's /แผง"
"AS197186","Chlorpheniramine (CPM 4 mg) 100's /กระปุก"
"AS197185","mefamed (mefenamic 500 mg) 10's เหลือง /แผง"
"AS197184","ยาหม่อง ตราถ้วยทอง 8 g (golden cup balm) /ตลับ"
"AS197183","calamine เสือดาว 60 ml ชมพู /ขวด"
"AS197182","Klean set (Dressing set) /ชุด"
"AS197181","K&K NSS 200 ml /ขวด"
"AS197180","Silverderm cream 25 g (silver sulfadiazine 1%) /หลอด"
"AS197179","tigerplast 100'pcs /กล่อง"
"AS197178","ยาดม ตราโป๊ยเซียน /หลอด"
"AS197177","tylenol 500 mg 100's เม็ดรี /กระปุก"
"AS197176","Heidi 400 (Ibuprofen 400 mg) 10's /แผง"
"AS197101","กระจกสไลด์ใส No.7101 สีแดง /BOX"
"AS197175","เบตาดีน 450 ml. /ขวด"
"AS197174","น้ำมันยูคาลิปตัส 56 ml. /ขวด"
"AS197173","พาราเซตามอน 500 มิลลิกรัม 1000 /กระปุก"
"AS197172","Rappaport vassiliadis soya medium 500 g /bot"
"AS197171","Pyridoxine hydrochloride 25 g /bot"
"AS197170","Potassium nitrate AR 500 g /bot"
"AS197169","Potassium dihydrogen phosphate (ANH) 500 g /bot"
"AS197168","Potassium chloride AR 1 Kg /bot"
"AS197167","Petroleum ethe 40/60 AR 2.5 L /bot"
"AS197166","Pectin 500 g /Pack"
"AS197165","Methanol AR 2.5 L /bot"
"AS197164","Malachite green 25 g /bot"
"AS197163","Lactophenol cotton blue 100 ml /bot"
"AS197162","Hektoen Enteric agar 500 G /bot"
"AS197161","Chloroform AR 2.5 L /bot"
"AS197160","Calcium chloride 500 g /bot"
"AS197159","Ertenmeyer flask 250 ml /Pcs"
"AS197158","cover glass 22x22 mm 200 bx /Box"
"AS197157","XLD agar 500 g /bot"
"AS197156","Toluidine blue O 25 g /bot"
"AS197155","Rappaport-Vassiliadis soya medium 500 g /bot"
"AS197154","Hektoen Enteric (HE) agar 500 g /bot"
"AS197153","Tween 80 Extra Pure /ขวด"
"AS197152","Thiobarbituric Acid 98% 25 g /ขวด"
"AS197151","Trichloroacetic Acid 99 % 500 g /ขวด"
"AS197150","Sulphuric Acid 98% 2.5 L /ขวด"
"AS197149","Mueller Kauffman Tetrathionate Novobiocin Broth /ขวด"
"AS197148","น้ำยาฆ่าเชื้อในฟาร์มปศุสัตว์ /แกลลอน"
"AS197147","Xylose Lysine Deoxychlolate (XLD) agar /bot"
"AS197146","Tween 80 /bot"
"AS197145","Tryptone soya broth /bot"
"AS197144","Magnesium Chloride /bot"
"AS197143","Sulphuric acid /bot"
"AS197142","Sodium Molybdate /bot"
"AS197141","Sodium metabi-sulfile 1 kg /Pack"
"AS197140","Sodium Hydroxide 99% /bot"
"AS197139","Safanin O 25 g /Bot"
"AS197138","Rappaport-Vassiliadis medium (RVS) 500 g /ขวด"
"AS197137","Pyridoxine HCl 100 g /กระปุก"
"AS197136","Muller-Kauffman tetrathionate novobiocin (MKTTn) broth 500 g /ขวด"
"AS197135","metalaxyl 35% (ME) /แพ็ค"
"AS197134","mancozeb (MA) /ขวด"
"AS197133","Magnesium Chloride AR 500 g /ขวด"
"AS197132","kasugamycin 1 L /ขวด"
"AS197131","Hektoen Enteric (HE) agar 500 g /ขวด"
"AS197130","Gibberellin 50 g /แพ็ค"
"AS197129","Chlorox AR 2 L /ขวด"
"AS197128","Tween 80 Extra Pure 500 ml /ขวด"
"AS197127","Thionbarbituric Acid 98% AR 25 g /ขวด"
"AS197126","Trichloroacetic Acid 99% AR 500 g /ขวด"
"AS197125","Sulphuric Acid 98% AR 2.5 L /ขวด"
"AS197124","Mueller kauffman Tetrathionate Novoviocin Broth /ขวด"
"AS197123","Magnesium Chloride Hexahydrate 98% 500 g /ขวด"
"AS197122","D-Glucose (Dextrose) Anhydrous AR 500 g /ขวด"
"AS197121","Erlenmeyer flask 250 ml /Pcs"
"AS197120","Cover glass 22x22 mm 200 box /box"
"AS197119","XLD agar 500 g /bot"
"AS197118","Toludine blue O 25 g /Bot"
"AS197117","Sodium nitrite AR 500 g /Bot"
"AS197116","Sodium metabisulfite 1 kg /Pack"
"AS197115","Safranine O 25 g /bot"
"AS197114","Rappaport vassiliadis soya medium 500 g /bot"
"AS197113","Hektoen enteric agar 500 g /bot"
"AS197112","Metalaxyl 35% (ME) ชมพู เอ็กตร้า 1 kg /แพ็ค"
"AS197111","Pltassium hydroxide,AR 1 kg /แพ็ค"
"AS197110","Mancozeb (MA) ไดเทนเหลือง เอ็นที 1 kg /ขวด"
"AS197109","Kasugamycin 1 L /แพ็ค"
"AS197108","GA3 (Gibberllin) 50 g /แพ็ค"
"AS197107","Copper hydroxide (ฟังกูราน) 1 kg /แพ็ค"
"AS197106","Chlorox,2L /ขวด"
"AS197105","Grade 1 Cricles 90 mm 100 pk /PACK"
"AS197104","Grade 4 Cricles 110 mm 100 pk /PACK"
"AS197103","Grade 1 Cricles 110 mm 100 pk /PACK"
"AS197102","test tube-boro3.3-1,0-1,1 mm-16x160 mm (100) /PK"
"AS197100","Cuvette,semi-micro,PMMA,PK100 1.5 ml /PK"
"AS197099","SOYA CASEIN DIGEST MEDIUM (TSBx 500 g /BOT"
"AS197098","SODIUM MOLYBDATE 2J2O NORMARUR AR 250 g /BOT"
"AS197097","VC100bp DNA ladder (ready-to-use) 50 ug /EA"
"AS197096","โซเดียมไนเตรต (Sodium nitrate) AR Solid 1000 กรัม /ขวด"
"AS197095","แมกนีเซียมซัลเฟต (Magnesium sulfate heptahydrate) AR Solid 1000 กรัม /ขวด"
"AS197057","Chloramphenicol disc 30 ไมโครกรัม Solid 5 vial /กล่อง"
"AS197094","โพแทสเซียม ไดไฮโดรเจนฟอสเฟต (Potassium dihydrogen Phosphate) 1000 กรัม /ขวด"
"AS197093","Beef extract Protose B 500 กรัม /ขวด"
"AS197092","OmniMARK (BHOneMark) 100 RTU /ชุด"
"AS197091","Yeast Nitrogen Base Solid 100 กรัม /ขวด"
"AS197090","Carbon Fuchsin Solid 25 กรัม /ขวด"
"AS197089","DPX MOUNTANT FOR HISTOLOGY SLIDE MOUNTING MEDIUM Liquid 500 มิลลิลิตร /ขวด"
"AS197088","Listeria Selective Supplement II Solid 5 vial /กล่อง"
"AS197087","Lysozyme from chicken egg white Solid 10 กรัม /ขวด"
"AS197086","Vancomycin disc 30 ไมโครกรัม Solid 5 vial /กล่อง"
"AS197085","Trimaethoprim/Sulfamethoxazole disc 25 ไมโครกรัม Solid 5 vial /กล่อง"
"AS197084","Tetracyclin disc 30 ไมโครกรัม Solid 5 vial /กล่อง"
"AS197083","Polymyxin B 300 units Solid 5 vial /กล่อง"
"AS197082","Nitrofurantotin disc 300 ไมโครกรัม Solid 5 vial /กล่อง"
"AS197081","Erythromycin disc 15 ไมโครกรัม Solid 5 vial /กล่อง"
"AS197080","Enrofloxacin disc 5 ไมโครกรัม Solid 5 vial /กล่อง"
"AS197079","Beef Extracted Solid 500 กรัม /ขวด"
"AS197078","Dichoran Rose bengal agar Solid 500 กรัม /ขวด"
"AS197077","Kanamycin sulfate Solid 10 กรัม /ขวด"
"AS197076","Tryptone broth Solid 500 กรัม /ขวด"
"AS197075","Soyabean Casein Digest Medium (Tryptone Soya Broth) Solid 500 กรัม /ขวด"
"AS197074","D-Trehalose dihydrate Solid 25 กรัม /ขวด"
"AS197073","Oxacillin disc 1 ไมโครกรัม Solid 5 vial /กล่อง"
"AS197072","Optochin disc 5 ไมโครกรัม Solid 5 vial /กล่อง"
"AS197071","ONPG disc Solid 5 vial /กล่อง"
"AS197070","Norflaxacin disc 5 ไมโครกรัม Solid 5 vial /กล่อง"
"AS197069","Novobiocin disc 5 ไมโครกรัม Solid 5 vial /กล่อง"
"AS197068","Levofloxacin disc 5 ไมโครกรัม Solid 5 vial /กล่อง"
"AS197067","Ciprofloxacin disc 5 ไมโครกรัม Solid 5 vial /กล่อง"
"AS197066","Ceftriaxone disc 30 ไมโครกรัม Solid 5 vial /กล่อง"
"AS197065","Cefpodoxime disc 10 ไมโครกรัม Solid 5 vial /กล่อง"
"AS197064","Cefoxitin disc 30 ไมโครกรัม Solid 5 vial /กล่อง"
"AS197063","Ceftazidime/Clavulanic acid 30/10 ไมโครกรัม Solid 5 vial /กล่อง"
"AS197062","Cefaletin disc 30 ไมโครกรัม Solid 5 vial /กล่อง"
"AS197061","Amoxicillin/Clavulanic disc 30 ไมโครกรัม Solid 5 vial /กล่อง"
"AS197060","Ampicillin/sulbactam disc A/S 10/10 ไมโครกรัม Solid 5 vial /กล่อง"
"AS197059","Ampicillin disc 10 ไมโครกรัม Solid 5 vial /กล่อง"
"AS197058","Penicillin G disc 10 units Solid 5 vial /กล่อง"
"AS197056","Gentamicin disc 10 ไมโครกรัม Solid 5 vial /กล่อง"
"AS197055","Bacitracin disc 10 units Solid 5 vial /กล่อง"
"AS197054","PBS tablets pH8 Solid 100 เม็ด /กล่อง"
"AS197053","Gentamicin sulfate salt Solid 5 กรัม /ขวด"
"AS197052","Cresyl violet acetate Solid 10 กรัม /ขวด"
"AS197051","Tris-(hydroxymethyl) aminomethane 500 กรัม /ขวด"
"AS197050","Sodium dihydrogen phosphate dihydrate 500 กรัม /ขวด"
"AS197049","Sodium dihydrogen orthophosphate 500 กรัม /ขวด"
"AS197048","Magnesium sulfate 500 กรัม /ขวด"
"AS197047","Glucose Food Grade /กระป๋อง"
"AS197046","Galactose 100 กรัม /ขวด"
"AS197045","3,5-Dinitrosalicylic acid 98% 5 กรัม /ขวด"
"AS197044","Ammonium persulfate 100 กรัม /ขวด"
"AS197043","0.5M EDTA 500 มิลลิลิตร /ขวด"
"AS197042","Xylene 2.5 ลิตร /ขวด"
"AS197041","Sulfuric acid 95-98% 2.5 ลิตร /ขวด"
"AS197040","10X TBE buffer 1000 มิลลิลิตร /ขวด"
"AS197039","Water HPLC 2.5 ลิตร /ขวด"
"AS197038","Methanol HPLC 2.5 ลิตร /ขวด"
"AS197037","Kovac's Reagent 100 มิลลิลิตร /ขวด"
"AS197036","India Ink 60 มิลลิลิตร /ขวด"
"AS197035","Hexane 2.5 ลิตร /ขวด"
"AS197034","Glycerol 2.5 ลิตร /ขวด"
"AS197033","Dimethyl sulfoxide Cell culture 1 ลิตร /ขวด"
"AS197032","Dichloromethane 2.5 ลิตร /ขวด"
"AS197031","Alcohol 95% 14.5 กิโลกรัม /ถัง"
"AS197030","Acetonitrile HPLC 2.5 ลิตร /ขวด"
"AS197029","Arsenic As - 100 mg/l in HNO3 for ICP-MS 250 ml. /ขวด"
"AS197028","Lead Pb - 1000 mg/l in diluted HNO3 for ICP 250 ml. /ขวด"
"AS197027","Mercury Hg - 1000 mg/l in diluted HNO3 for ICP 250 ml. /ขวด"
"AS197026","Cadmium Cd - 1000 mg/l in diluted HNO3 for ICP 250 ml. /ขวด"
"AS197025","pH 10.00 at 20 C coloured borax/sodium hydroxide 500 ml. /ขวด"
"AS197024","pH 7.00 at 20 C di-Sodium Hydrogen Phosphate/ Potassium Dihydrogen Phosphate 500 ml. /ขวด"
"AS197023","pH 4.00 at 20 C Citric Acid/ Sodium Chloride/ Sodium Hydroxide 500 ml. /ขวด"
"AS197022","MAGNESIUM NITRATE 6-HYDRATE 98% Mg(NO3)2.6H2O13446-18-9 AR 500 g. /ขวด"
"AS197021","Ammonium dihydrogen phosphate 99.99 (NH₄)H₂PO₄7722-76-1 AR / ACS 500 g. /ขวด"
"AS197020","Hydroxyammonium chloride 99% H4ClNO5470-11-1 AR / ACS 500 g. /ขวด"
"AS197019","Cadmium iodide (CdI2)7790-80-9 AR Solid 25 g /ขวด"
"AS197018","น้ำมันกานพลู LR liquid 120 ml /ขวด"
"AS197017","Ammonium sulfite 500 g /pcs"
"AS197016","Ammonium bisulfite 500 g /pcs"
"AS197015","xiameter™ mem-0949 emulsion 1 kg /pcs"
"AS197014","STRUCTURE® XL (Hydroxypropyl Starch Phosphate) 1 kg /pcs"
"AS197013","Polyquaternium-10 1 kg /pcs"
"AS197012","Polyquaternium-37 (cosmedia Ultragel 300) 1 kg /pcs"
"AS197011","Aminopropyl dimethicone 1 kg /1 /pcs"
"AS197010","30% steartrimonium methosulfate 1 kg /pcs"
"AS197009","51% genamin ctac (CETRIMONIUM CHLORIDE) 1 kg /pcs"
"AS197008","xiameter™ mem-1784 emulsion (Dimethiconol (and) TEA-dodecylbenzenesulfonate) 1 kg /pcs"
"AS197007","Dibutyl phthalate 1 L /bot"
"AS197006","ถุงมือแพทย์ Size XL 100 ชิ้น /กล่อง /box"
"AS197005","แคปซูลเปล่า เบอร์ 0 /pack"
"AS197004","Mortar glass wih spout&pestle DIA 75 mm /pcs"
"AS197003","Methanol (HPLC grade) 4 L /bot"
"AS197002","Lactose monohydrate 1 kg /ถุง"
"AS197001","D-Glucose monohydrate (AR grade) 500 g /bot"
"AS197000","Gelatin(AR grade) 500 g /bot"
"AS196999","FD&C Yellow No.5 Lake 500 g /bot"
"AS196998","Ethyl acetate (AR) 2.5 L /bot"
"AS196997","Dimethicone 1 kg /bot"
"AS196996","Dichloromethane, LAB-scan 2.5 L /bot"
"AS196995","D&C Yellow No.10 Al Lake 500 g /bot"
"AS196994","D&C Red No.28 Al Lake 500 g /bot"
"AS196993","D&C Red No.27 Lake 500 g /bot"
"AS196992","D&C red no. 7 Lake 500 g /bot"
"AS196991","Cyclomethicone 1 kg /bot"
"AS196990","Chloroform , LAB-scan (AR grade) 2.5 L /bot"
"AS196989","Charcoal Powder 1 kg /bot"
"AS196988","burette 50 ml x 0.1 ml 50 ml /pcs"
"AS196987","burette clamp ที่จับบิวเรตโลหะ /pcs"
"AS196986","benzyl acetate (AR grade) 2.5 L /bot"
"AS196985","benzene (AR grade) 2.5 L /bot"
"AS196984","Acetronitrile /HPLC 4 L /bot"
"AS196983","Acacia (Gum arabic) 1 kg /bot"
"AS196982","Cond foam (Sodium lauroyl sacosinate) 1 kg /Pcs"
"AS196981","Lake Brilliant Blur FCF / CI 42090:2 FD&C Blue 1 Alum Lake (ชนิดผง) สีฟ้า / ละลายในน้ำมัน 500 g /Pcs"
"AS196980","Caprylyl/capryl glucoside 1 kg /Pcs"
"AS196979","Anti-Sweet (Aluminum Chlorohydrate) 1 kg /Pcs"
"AS196978","Powder cream (PMMA=Poly methyl methacrylate) 1 kg /Pcs"
"AS196977","Silicone Film ,Low viscosity (Trimethylsiloxysilicate) 1 kg /Pcs"
"AS196976","Tegosoft GMC 6 (PEG-6 Caprylic/capric Triglycerides) 1 kg /Pcs"
"AS196975","Rewopol SB FA30 (Rewopol SB FA30) 1 kg /Pcs"
"AS196974","Cetiol AB 1 kg /Pcs"
"AS196973","Simulgel INS-100 1 kg /Pcs"
"AS196972","Montanov 68 1 kg /Pcs"
"AS196971","Red iron oxide (CI77491) 1 kg /Pcs"
"AS196970","Black iron oxide (CI77499) 1 kg /Pcs"
"AS196969","Chamomile oil 100 g /Pcs"
"AS196968","MICROCARE EMOLLIENT DCG 1 kg /Pcs"
"AS196967","Makibind 14 1 kg /Pcs"
"AS196966","MICROCARE EMOLLIENT DCG 1 kg /Pcs"
"AS196965","Makibind 14 1 kg /Pcs"
"AS196964","Novethix L-10 (Acrylates/beheneth-25 methacrylate copolymer) 1 kg /ขวด"
"AS196963","sodium fluoride USP grade 1 kg /ถุง"
"AS196962","เบสสบู่ขาวทึบ 1 kg /ถุง"
"AS196961","เบสสบู่ใส 1 kg /ถุง"
"AS196960","Sodium cocoyl isethionate 1 kg /ถุง"
"AS196959","Zeodent 165 1 kg /ถุง"
"AS196958","Zeodent 113 1 kg /ถุง"
"AS196957","Yellow OS (สีเหลืองละลายน้ำมัน) 500 g /ถุง"
"AS196956","Red RR (สีแดงละลายน้ำมัน) 500 g /ถุง"
"AS196955","Red OS (สีแดงละลายน้ำมัน) 500 g /ถุง"
"AS196954","Blue OS (สีน้ำเงินละลายน้ำมัน) 500 g /ถุง"
"AS196953","Lemon yellow (สีเหลือง ละลายน้ำ) 100 g /ถุง"
"AS196952","Silicone Film (Powder, Hard Film, Low Viscosity) (﻿Trimethylsiloxysilicate﻿) 1 kg /ขวด"
"AS196951","SWD 5573 Yellow iron oxide 1 kg /ขวด"
"AS196950","SWD 5573 Yellow iron oxide 500 g /ขวด"
"AS196949","SWD 4512 DC RED 6 BA LAKE (สีแดง) 1 kg /ขวด"
"AS196948","SWD 4512 DC RED 6 BA LAKE (สีแดง) 500 g /ขวด"
"AS196947","PowderCream™ (PMMA ) (Poly methyl methacrylate) 1 kg /ขวด"
"AS196946","Isohexadecane 1 kg /1 ขวด"
"AS196945","Aluminum zirconium Tetrachlorohydrex Gly 20 kg /Pack"
"AS196944","ผงมาสก์หน้าทองคำ 500 กรัม /กระปุก"
"AS196943","ผงมาส์กหน้ากุหลาบ 500 กรัม /กระปุก"
"AS196942","กานเฉา 500 กรัม /แพ็ค"
"AS196941","ไป๋ฝูหริง 1 กิโลกรัม /แพ็ค"
"AS196940","ไป๋สาว 500 กรัม /แพ็ค"
"AS196939","ไป๋จื่อ 1 กิโลกรัม /แพ็ค"
"AS196938","หงหวา 1 กิโลกรัม /แพ็ค"
"AS196937","ซิงเหริน 1 กิโลกรัม /แพ็ค"
"AS196936","ตังกุย 1 กิโลกรัม /แพ็ค"
"AS196935","ดินสอพอง 0.5 kg /ถุง"
"AS196934","สารส้ม 0.5 kg /ถุง"
"AS196933","ยาใบบัวบกสกัด ชนิดแคปซูล 200 mg 60 แคปซูล /ขวด"
"AS196932","ยาแก้ลมอัมพฤกษ์ ชนิดผง 15 กรัม /ซอง"
"AS196931","BlueCross Typhoid Cassette (25 Tests/Box) 130 Bath/Test/กล่อง"
"AS196930","สเปรย์ยาชา เอทิลคลอไรด์ 100 ml./กระป๋อง"
"AS196929","สเปรย์บรรเทาอาการปวดกล้ามเนื้อ สูตรเย็น 250 ml./กระป๋อง"
"AS196928","สเปรย์เคลือบผิวก่อนพันผ้าเทป 100 ml./ขวด"
"AS196927","น้ำยาฆ่าเชื้อโรคอเนกประสงค์ 5 ลิตร/แกลอน"
"AS196926","Standard Q HIV-1/2 Ab (3-Lines) ""25 Test""/ชุด"
"AS196925","Alere HIV Combo: 100 test/แพ็ค"
"AS196924","Stromatolyser 4DS 42MLx3 FFS-800A/แพ็ค"
"AS196923","Stromatolyser 4DL 5L FFD-200A/แพ็ค"
"AS196922","Sulfolyser (SLS-210A)/แพ็ค"
"AS196921","Cellpack pk-30L (1x20L)/แพ็ค"
"AS196920","HemosIL Factor VIII deficient plasma/แพ็ค"
"AS196919","ANA global test Hep-20-10/primate liver10x10 Test/แพ็ค"
"AS196918","Quick HCV Strip 100 tests/set"
"AS196917","Ethanol 95%(L PURE 95) 18 L, องค์การสุรา/ถัง"
"AS196916","SERODIA TP(PA) 55*4 TESTS/กล่อง"
"AS196915","SULFOYSER, 500 ML/กล่อง"
"AS196914","FLUOROCELL WDF, 2*42 ML/กล่อง"
"AS196913","LYSERCELL WNR 2*42 ML/กล่อง"
"AS196912","DG Gel Rh Pheno 2x25 cards, 100 test/กล่อง"
"AS196911","DG Gel Coombs 2x25 cards, 400 columns/กล่อง"
"AS196910","ANTI-A+B 10 ml./ขวด"
"AS196909","ANTI-D RHOFINAL 10 ml./ขวด"
"AS196908","ANTI-B 10 ml./ขวด"
"AS196907","ANTI-A 10 ml./ขวด"
"AS196906","URIC ACID CP 220 เทสต์/กล่อง"
"AS196905","TRIGLYCERIDE CP 295 เทสต์/กล่อง"
"AS196904","PHOSPHORUS CP 100 เทสต์/กล่อง"
"AS196903","MAGNESIUM CP 200 เทสต์/กล่อง"
"AS196902","GLUCOSE CP 295 เทสต์/กล่อง"
"AS196901","GGT 250 เทสต์/กล่อง"
"AS196900","CK NAC CP 125 เทสต์/กล่อง"
"AS196899","CK-BM RTU 125 เทสต์/กล่อง"
"AS196898","CHOLESTEROL CP 344 เทสต์/กล่อง"
"AS196897","CALCIUM CP 285 เทสต์/กล่อง"
"AS196896","AST CP 250 เทสต์/กล่อง"
"AS196895","ALT CP 250 เทสต์/กล่อง"
"AS196894","ALP CP 125 เทสต์/กล่อง"
"AS194090","น้ำเกลือล้างแผล 1,000 ml /ขวด"
"AS196893","Aspartic acid [HOOCCH(NH2)CH2COOH]cas no. 56-84-8 AR Solid 250 g /ขวด"
"AS196892","Glycerine (Glycerol) cas no. 56-81-5 AR Liquid 1 L /ขวด"
"AS196891","Alphanaptal (1-Napthol) cas no. 90-15-3 Solid 100 g /ขวด"
"AS196890","Petroleum ether cas no. 64742-49-0 AR Liquid 40-60 ˚C 2.5 L /ขวด"
"AS196889","น้ำมันนวดอโรมา Liquid 4 L /ขวด"
"AS196888","Thioacetamide Solution CH3CSNH262-55-5 EP grade Liquid 1 L /ขวด"
"AS196887","TRIGLECERIDE CP Liquid 295 test /กล่อง"
"AS196886","GGT Liquid 250 test /กล่อง"
"AS196885","CK NAC CP Liquid 125 test /กล่อง"
"AS196884","CK-BM RTU Liquid 125 test /กล่อง"
"AS196883","Ethanol 95%(L PURE 95) , องค์การสุรา Liquid 18 L /ถัง"
"AS196882","SERODIA TP(PA) Liquid /กล่อง"
"AS196881","DG Gel Rh Pheno 2x25 cards, 100 test/box solid 50 card /กล่อง"
"AS196880","ANTI-A+B Liquid 10 ml /ขวด"
"AS196879","ANTI-D RHOFINAL Liquid 10 ml /ขวด"
"AS196878","ANTI-B Liquid 10 ml /ขวด"
"AS196877","ANTI-A Liquid 10 ml /ขวด"
"AS196876","1,10-Phenanthroline hydrate 25 g. /ขวด"
"AS196875","SULFOYSER 500 ML /ขวด"
"AS196874","FLUOROCELL WDF 42 ML 2 ขวด /กล่อง"
"AS196873","LYSERCELL WNR 42 ML 2 ขวด /กล่อง"
"AS196872","Trichuris trichiura 1 ml. /หลอด"
"AS196871","Toxocara spp. 1 ml. /หลอด"
"AS196870","Taenia spp. 1 ml. /หลอด"
"AS196869","Paragonimus spp. 1 ml. /หลอด"
"AS196868","Opisthorchis viverrini 1 ml. /หลอด"
"AS196867","Hymenolepis nana 1 ml. /หลอด"
"AS196866","Hymenolepis diminuta 1 ml. /หลอด"
"AS196865","Hookworm 1 ml. /หลอด"
"AS196864","Enterobius vermicularis 1 ml. /หลอด"
"AS196863","Ascaris lumbricoides 1 ml. /หลอด"
"AS196862","Common intestinal protozoa (moderate) 1 ml. /หลอด"
"AS196861","coccidia protozoa (moderate) 1 ml. /หลอด"
"AS196860","HemosIL Factor VIII deficient plasma 1 ml. 10 ขวด /กล่อง"
"AS196859","Stromatolyser 4DS 42MLx3FFS-B00A 42 ml. /แพ็ค"
"AS196858","Stromatolyser 4DL 5L FFD-200A 5 L. /แพ็ค"
"AS196857","Sulfolyser(SLS-210A) 500 ML /ขวด"
"AS196856","Cellpack pk-30L (1x20L) 20 L. /กล่อง"
"AS196855","BlueCross Typhoid Cassette 25 test /กล่อง"
"AS196854","Quick HCV Strip 100 test /กล่อง"
"AS196853","WONDFO One Step HIV1/2 (WB/Serum/Plasma) 25 test /กล่อง"
"AS196852","standard Q HIV-1/2 Ab (3-Lines) 25 test /กล่อง"
"AS196851","ANA global test Hep-20-10/primate liver10x10 Test 100 test /กล่อง"
"AS196850","Alere HIV Combo: 100 test /กล่อง"
"AS196849","Subcloning Efficiency DH5 Competent Cell 2 มิลลิลิตร /กล่อง"
"AS196848","TUNEL Assay Kit-H 10 ชิ้น /ชุด"
"AS196847","Trichrome Stain Kit (Connective Tissue Stain) 125 ml 7 ขวด /ชุด"
"AS196846","Anti-PI3 Kinase, p85 200 ul /หลอด"
"AS196845","Anti-E-Cadherin 200 ul /หลอด"
"AS196844","ซันเย่า 100 กรัม /แพ็ค"
"AS196843","หวงฉิน 100 กรัม /แพ็ค"
"AS196842","ต้าหวง 100 กรัม /แพ็ค"
"AS196841","มู่เซียง 100 กรัม /แพ็ค"
"AS196840","ฮั่นเหลียนฉ่าว 100 กรัม /แพ็ค"
"AS196839","ชิงเฮา 100 กรัม /แพ็ค"
"AS196838","ชังจู๋ 100 กรัม /แพ็ค"
"AS196837","เชี่ยนฉือ 100 กรัม /แพ็ค"
"AS196836","เหลียนจึซิน 100 กรัม /แพ็ค"
"AS196835","เหลียนจี่ 100 กรัม /แพ็ค"
"AS196834","ซันจูหยี 100 กรัม /แพ็ค"
"AS196833","โก่วฉีจื่อ 100 กรัม /แพ็ค"
"AS196832","เทียนตง 100 กรัม /แพ็ค"
"AS196831","หลงเยี่ยนโร่ว 100 กรัม /แพ็ค"
"AS196830","ซั่วหยาง 100 กรัม /แพ็ค"
"AS196829","โร่วฉงหรง 100 กรัม /แพ็ค"
"AS196828","ชวี่ต้วน 100 กรัม /แพ็ค"
"AS196827","ตู้จ้ง 100 กรัม /แพ็ค"
"AS196826","จื้อกันเฉ่า 100 กรัม /แพ็ค"
"AS196825","ต่างเซิน 100 กรัม /แพ็ค"
"AS196824","เหอฮวนผี 100 กรัม /แพ็ค"
"AS196823","จูซา 100 กรัม /แพ็ค"
"AS196822","ไป๋กว่อ 100 กรัม /แพ็ค"
"AS196821","ซ่างไป๋ผี 100 กรัม /แพ็ค"
"AS196820","ข่วนตงฮวา 100 กรัม /แพ็ค"
"AS196819","ไป่ปู้ 100 กรัม /แพ็ค"
"AS196818","เจี๋ยเกิ่ง 100 กรัม /แพ็ค"
"AS196817","เฉียนหู 100 กรัม /แพ็ค"
"AS196816","จู๋หรู 100 กรัม /แพ็ค"
"AS196815","กวาโหลว 100 กรัม /แพ็ค"
"AS196814","เจ๋อเป้หมู่ 100 กรัม /แพ็ค"
"AS196813","หวังบู้หลิวสิง 100 กรัม /แพ็ค"
"AS196812","จีเซอเถิง 100 กรัม /แพ็ค"
"AS196811","เจ๋อหลัน 100 กรัม /แพ็ค"
"AS196810","อี้หมูเฉ่า 100 กรัม /แพ็ค"
"AS196809","เพ่าเจียง 100 กรัม /แพ็ค"
"AS196808","เชี่ยนเฉ่า 100 กรัม /แพ็ค"
"AS196807","ซวนเจ่าเหริน 100 กรัม /แพ็ค"
"AS196806","เซียงฟู่ 100 กรัม /แพ็ค"
"AS196805","จื่อสือ 100 กรัม /แพ็ค"
"AS196804","เสี่ยวหุยเซียง 100 กรัม /แพ็ค"
"AS196803","อู๋จูอวี๋ 100 กรัม /แพ็ค"
"AS196802","หยู้หมี่ซวี 100 กรัม /แพ็ค"
"AS196801","เจ๋อเซี่ย 100 กรัม /แพ็ค"
"AS196800","ตู๋หัว 100 กรัม /แพ็ค"
"AS196799","กันสุ้ย 100 กรัม /แพ็ค"
"AS196798","ไป๋เวย 100 กรัม /แพ็ค"
"AS196797","เซ่อกัน 100 กรัม /แพ็ค"
"AS196796","ผู่กงอิง 100 กรัม /แพ็ค"
"AS196795","ปั่นหลันเกิน 100 กรัม /แพ็ค"
"AS196794","เซี่ยคูเฉ่า 100 กรัม /แพ็ค"
"AS196793","Oligosynthesis 25 nmole THS2 : 5'-ACC ATA CGG TTC ACC CAT TT-3' /Primer /หลอด"
"AS196792","Oligosynthesis 25 nmole THS1 : 5'-GCT CCC TTG GAT CTG CAC CTC T-3' /Primer /หลอด"
"AS196791","Oligosynthesis 25 nmole THAI3-F : 5'-CCC CTG ACA ATC TCA TCA TCT-3' /Primer /หลอด"
"AS196790","Oligosynthesis 25 nmole THAI2-R : 5'-GCA CCT CTG GGT AGG TTC TG-3' /Primer /หลอด"
"AS196789","Oligosynthesis 25 nmole THAI1-F : 5'-CCT CCT GGG ATT ACA TCT GG-3' /Primer /หลอด"
"AS196788","Oligosynthesis 25 nmole SGE3 : 5'-GGC TTA CTG CAG CCT TGA AC-3' /Primer /หลอด"
"AS196787","Oligosynthesis 25 nmole SGE2 : 5'-ACG CCC GTC CGA CTC AAG GA-3' /Primer /หลอด"
"AS196786","Oligosynthesis 25 nmole SGE1 : 5'-GTC GTC CCC ACT GTC GTC-3' /Primer /หลอด"
"AS196785","Oligosynthesis 25 nmole SEA-P3 : 5'-GCC TTG AAC TCC TGG ACT TAA-3' /Primer /หลอด"
"AS196784","Oligosynthesis 25 nmole SEA-P1 : 5'-GCG ATC TGG GCT CTG TGT TCT-3' /Primer /หลอด"
"AS196744","Cyclohexanone C6H10O cas no. 108-94-1 AR liquid 2.5 L /ขวด"
"AS196783","8-Strip Tubes, White & Optical Flat Caps, 125 pcs/box, Low Profile 125 ชิ้น /กล่อง"
"AS196782","Mini Trans-Blot Filter Paper 125 ชิ้น /กล่อง"
"AS196781","Aluminium Cryocane ขนาด 290 mm. 50 ชิ้น /แพ็ค"
"AS196780","Amersham Protran Premium 0.45 NC 300mm. × 4 m. 60 ชิ้น /กล่อง"
"AS196779","Modified Thayer Martin medium base 500 กรัม /ขวด"
"AS196778","Streptococal agar base 500 กรัม /ขวด"
"AS196777","Aeromonas selective agar 500 กรัม /ขวด"
"AS196776","Cystine tryptone agar 500 กรัม /ขวด"
"AS196775","Listeria Selective agar base 500 กรัม /ขวด"
"AS196774","Chocolate agar base 500 กรัม /ขวด"
"AS196773","DH5 alpha competent cell 2 มิลลิลิตร /กล่อง"
"AS196772","BamHI (10 U/µL) 4000 units /หลอด"
"AS196771","SYBR green master mix 500 rxn /ชุด"
"AS196770","cDNA synthesis kit 100 rxn /ขวด"
"AS196769","ECL Substrate for western blotting 200 มิลลิลิตร /ชุด"
"AS196768","Goat Anti-Mouse IgG HRP 2 มิลลิกรัม /หลอด"
"AS196767","Beta Actin Loading Control (BA3R) Mouse Monoclonal Antibody 1 มิลลิกรัม /หลอด"
"AS196766","5X SDS Loading Buffer 10 มิลลิลิตร /ขวด"
"AS196765","5x HOT FIEPol Blend Master Mix Ready to Load with 12.5 mM MgCL2,250rxn 1 มิลลิลิตร /ชุด"
"AS196764","Nα-Benzoyl-L-arginine 4-nitroanilide hydrochloride 25 มิลลิลิตร /ขวด"
"AS196763","Benzamidine hydrochloride hydrate 25 มิลลิกรัม /ขวด"
"AS196762","D-Ribose 100 กรัม /ขวด"
"AS196469","Quercetin C15H10O7"
"AS196647","15 ml Conical Tube Bulk solid 50/pk /แพ็ค"
"AS196465","Hemostat aPTT-EL reagnt Liquicolor 6*10 ml. /Set (HUMAN)"
"AS196461","Glucose Liquicolor 1000 ml. /Set (HUMAN)"
"AS196761","พาสเตอร์บรรเทาปวด สูตรเย็น 7 ซม x 10 ซม. 2 ชิ้น /กล่อง"
"AS196760","พาสเตอร์บรรเทาปวด สูตรร้อน 7 ซม x 10 ซม. 2 ชิ้น /กล่อง"
"AS196759","แอลกอฮอล์ล้างแผล 70 % 500 ml."
"AS196758","Triglyceride liquid 500 ตัวอย่าง /กล่อง"
"AS196757","HDL-Cholesterol liquid 500 ตัวอย่าง /กล่อง"
"AS196756","ชุดทดสอบความเป็นกรดของเครื่องสำอาง liquid 20 ตัวอย่าง /กล่อง"
"AS196755","ชุดทดสอบสารไฮโดรควิโนนในเครื่องสำอางฟอกผิวขาว liquid 20 ตัวอย่าง /กล่อง"
"AS196754","ชุดทดสอบสารปรอทในเครื่องสำอางฟอกผิวขาว liquid 20 ตัวอย่าง /กล่อง"
"AS196753","ชุดทดสอบกรดแร่อิสระในน้ำส้มสายชูปลอม liquid 100 ตัวอย่าง /กล่อง"
"AS196752","ชุดทดสอบฟอร์มาลีนในอาหาร liquid 20 ตัวอย่าง /กล่อง"
"AS196751","ผ้าก๊อซแบบยืด 3 นิ้ว 12 ชิ้น /กล่อง"
"AS196750","ยาแก้ปวด ลดไข้ ชนิดเม็ด 400 mg /แผง"
"AS196749","วิตามินซีแบบอม 30 เม็ด /ซอง"
"AS196748","ยาแก้ผื่นคัน ชนิดเม็ด 10 mg /แผง"
"AS196747","ยาทาระเหยบรรเทาอาการคัดจมูก 10 g /ตลับ"
"AS196746","ยาหม่องชนิดขี้ผึ้ง 18 g /ตลับ"
"AS196745","น้ำเกลือล้างแผล 200 ml /ขวด"
"AS195509","100 bp DNA ladder Molecular grade ,Liquid 500 μl /หลอด"
"AS193733","Potassium dichromate [K2Cr2O7]cas no.7778-50-9 /AR, /solid, 500 g /ขวด"
"AS196743","Zinc nitrate hexahydrate Zn(NO3)2.6H2O10196-18-6 AR solid 500 g /ขวด"
"AS196742","Triethylamine (C2H5)3N121-44-8 AR liquid 2.5 L /ขวด"
"AS196741","Tri-Calcium Phosphate (Ca3(PO4)2) 7758-87-4 AR solid 500 g /ขวด"
"AS196740","Quinine 130-95-0 solid 10 g /ขวด"
"AS196739","Potassium antimonyl tartrate K2Sb2C8H4O12· 3 H2O28300-74-5 AR solid 500 g /ขวด"
"AS196738","Paraffin liquid 8012-95-1 LR liquid 500 ml /ขวด"
"AS196737","Oxalic acid dihydrate HO2CCO2H · 2H2O6153-56-6 AR solid 500 g /ขวด"
"AS196736","Molybdenum trioxide MoO31313-27-5 AR solid 500 g /ขวด"
"AS196735","Diethylamine C4H11N109-89-7 liquid 1 L /ขวด"
"AS196734","Cyclohexanone C6H10O108-94-1 AR liquid 1 L /ขวด"
"AS196733","Aluminium potassium sulfate dodecahydrate AlK(SO4)27784-24-9 AR solid 500 g /ขวด"
"AS196732","2-Methoxyethanol C3H8O2109-86-4 liquid 2.5 L /ขวด"
"AS196731","Viscolam AT 100P 1000 กรัม /แพ็ค"
"AS196730","Cyclotetrasiloxane (Octamethylcyclotetrasiloxane) 1000 กรัม /แพ็ค"
"AS196729","Dimethicone 1Secs 1000 กรัม /แพ็ค"
"AS196728","Camphor 1000 กรัม /แพ็ค"
"AS196727","Menthol Crystal (L-menthol) 1000 กรัม /แพ็ค"
"AS196726","Synthetic White Beeswax (Melting 62C) 1000 กรัม /แพ็ค"
"AS196725","Vaseline Petroleum Jelly (White, Deodorized, Medium) 1000 กรัม /แพ็ค"
"AS196724","Fractionated Coconut Oil 1000 กรัม /แพ็ค"
"AS196723","Acacia Salicylic Acid (Timed Release Water-Soluble Powder) 100 กรัม /แพ็ค"
"AS196722","Lemon Oil (Peel) 100 กรัม /แพ็ค"
"AS196721","Ylang Ylang Oil (Flower) 100 กรัม /แพ็ค"
"AS196720","Ethoxydiglycol 1000 กรัม /แพ็ค"
"AS196719","Phenoxyethanol (Extra Pure) 1000 กรัม /แพ็ค"
"AS196718","Propylene Glycol 1000 กรัม /แพ็ค"
"AS196717","AnyGel(TM) 100 กรัม /แพ็ค"
"AS196716","ยาแก้ท้องอืด ท้องเฟ้อ ชนิดเม็ด /แผง"
"AS196715","ยาลดกรด ชนิดผงชง /ซอง"
"AS196714","ยาลดกรดและเคลือบแผลในกระเพาะอาหาร ชนิดน้ำ /ขวด"
"AS196713","ยาแก้ปวด ลดไข้ ชนิดเม็ด /กระปุก"
"AS196712","Fetal bovine serum cell cuture liquid 50 ml /ขวด"
"AS196711","Epigallocatechin C15H14O7970-74-1 HPLC solid 5 mg /ขวด"
"AS196710","Gallocatechin C15H14O73371-27-5 HPLC solid 1 mg /ขวด"
"AS196709","2,2′-Azino-bis(3-ethylbenzothiazoline-6-sulfonic acid C18H24N6O6S430931-67-0 HPLC solid 1 g /ขวด"
"AS196031","Standard Q COVID-19  IgM/lgG Plus"
"AS196708","Sucrose ≥ 99.5% solid /ขวด"
"AS196707","น้ำยาทาเล็บ ใส solid 15 ml. /ขวด"
"AS196706","Cuvette plastic solid 3.5 ml /กล่อง"
"AS196705","Tetracycline Disc solid 10 ug /แพ็ค"
"AS196704","Streptomycin (high level) Disc solid 300 ug /แพ็ค"
"AS196703","Oxacillin Disc solid 1 ug /แพ็ค"
"AS196702","Ketoconazole disc solid 10 ug /แพ็ค"
"AS196701","Gentamicin (high level) Disc solid 120 ug /แพ็ค"
"AS196700","Fluconazole Disc solid 10 ug /แพ็ค"
"AS196699","Erythomycin Disc solid 15 ug /แพ็ค"
"AS196698","Ertapennem Disc solid 10 ug /แพ็ค"
"AS196697","Bacitracin disc solid 0.04 ug /แพ็ค"
"AS196696","Aztreonam solid 30 ug /แพ็ค"
"AS196695","Ampicillin Disc solid 2 ug /แพ็ค"
"AS196694","Amoxicillin-Clavulanate Disc solid 20/10 ug /แพ็ค"
"AS196693","Amikacin Disc solid 30 ug /แพ็ค"
"AS196692","สมอดีงู 0.5 กิโลกรัม /ถุง"
"AS196691","ดอกลำเจียก 0.5 กิโลกรัม /ถุง"
"AS196690","น้ำมันสาระแหน่ 1 กิโลกรัม /ขวด"
"AS196689","น้ำมันยูคาลิปตัส 1 กิโลกรัม /ขวด"
"AS196688","น้ำมันลาเวนเดอร์ 1 ลิตร /ขวด"
"AS196687","น้ำมันแก้ว 1 ลิตร /แกลลอน"
"AS196686","ดินสอพอง 5 กิโลกรัม /ถุง"
"AS196685","ดองดึง 1 กิโลกรัม /ถุง"
"AS196684","ใบเตย 1 กิโลกรัม /ถุง"
"AS196683","ใบย่านาง 1 กิโลกรัม /ถุง"
"AS196682","ใบบัวบก 1 กิโลกรัม /ถุง"
"AS196681","ใบเสลดพังพอน 1 กิโลกรัม /ถุง"
"AS196680","มะกรูด 5 กิโลกรัม /ถุง"
"AS196679","ต้นตะไคร้ 5 กิโลกรัม /ถุง"
"AS196678","ขมิ้นชัน 5 กิโลกรัม /ถุง"
"AS196677","ขมิ้นอ้อย 5 กิโลกรัม /ถุง"
"AS196676","ไพล 10 กิโลกรัม /ถุง"
"AS196675","เพชรสังฆาต 1 กิโลกรัม /ถุง"
"AS196674","รากจิงจ้อ 1 กิโลกรัม /ถุง"
"AS196673","รากตองแตก 1 กิโลกรัม /ถุง"
"AS196672","โกฐพุงปลา 1 กิโลกรัม /ถุง"
"AS196671","ผงเบญจกูล 1 กิโลกรัม /ถุง"
"AS196670","ผงเถาวัลย์เปรียง 1 กิโลกรัม /ถุง"
"AS196669","ผงยาห้าราก 1 กิโลกรัม /ถุง"
"AS196668","ผงตรีผลา 1 กิโลกรัม /ถุง"
"AS196667","ผงโกฐก้านพร้าว 1 กิโลกรัม /ถุง"
"AS196666","ผงโกฐเขมา 1 กิโลกรัม /ถุง"
"AS196665","ผงโกฐกักกรา 1 กิโลกรัม /ถุง"
"AS196664","ผงเหง้าว่านน้ำ 1 กิโลกรัม /ถุง"
"AS196663","ผงลูกสมอไทย 1 กิโลกรัม /ถุง"
"AS196662","ผงหัสคุณเทศ 1 กิโลกรัม /ถุง"
"AS196661","ผงรากเจตมูลเพลิง 1 กิโลกรัม /ถุง"
"AS196660","ผงพริกไทยล่อน 1 กิโลกรัม /ถุง"
"AS194589","RNase/DNase free water 500 ml. /ขวด"
"AS196659","Cell Scraper Blade 13 mm 100 อัน /แพค"
"AS196658","PERK Monoclonal Antibody 100 ul /หลอด"
"AS196657","Bax Monoclonal Antibody 500 ul /หลอด"
"AS196656","MTT 1 g /หลอด"
"AS196655","p53 Polyclonal Antibody 100 ul /หลอด"
"AS196654","ชาชงขิง 100% 5 กรัม 25 ซอง /ถุง"
"AS196653","เปลือกสมุลแว้ง 1 กิโลกรัม /ถุง"
"AS196652","เบี้ยจั่น 1 กิโลกรัม /ถุง"
"AS196651","พริกไทยล่อน 0.5 กิโลกรัม /ถุง"
"AS196650","ยาพอกเข่า 350 มิลลิลิตร /ขวด"
"AS196649","ลูกประคบสมุนไพร 150 กรัม /ลูก"
"AS196648","50 ml Conical tube Bulk solid 25/pk /แพ็ค"
"AS196646","VC1kb DNA Ladder (ready-to-use) solid 50 ug. /หลอด"
"AS196645","Agarose 100 g. solid /ขวด"
"AS196644","ก้ามปูวัดความหนาของขี้ผึ้ง 0-10 มิลลิเมตร /อัน"
"AS196643","น้ำยาล้างฟิล์มเอกซเรย์ 500 ml 2 ขวด /ชุด"
"AS196642","purelink RNA mini kit 50 ชิ้น /กล่อง"
"AS196641","de Man Rogosa and Sharpe agar, MRS agar solid 500 กรัม /ขวด"
"AS196640","เอทิลอะซิเตท (ethyl acetate)  C4H8O2 AR liquid 4 ลิตร /ขวด"
"AS196639","การบูร 500 กรัม /ถุง"
"AS196638","เกลือสมุทร 1 กิโลกรัม /ถุง"
"AS196637","ดอกมะลิอบแห้ง 0.5 กิโลกรัม /ถุง"
"AS196636","ใบมะขามอบแห้ง 0.5 กิโลกรัม /ถุง"
"AS196635","ตะไคร้อบแห้ง 0.5 กิโลกรัม /ถุง"
"AS196634","ผิวมะกรูดอบแห้ง 0.5 กิโลกรัม /ถุง"
"AS196633","ขมิ้นอ้อยอบแห้ง 1 กิโลกรัม /ถุง"
"AS196632","ขมิ้นชันอบแห้ง 1 กิโลกรัม /ถุง"
"AS196631","ไพลอบแห้ง 1 กิโลกรัม /ถุง"
"AS196630","Hydrogen peroxide 6% 450 มิลลิกรัม /ขวด"
"AS196629","Potaasium permanganate ด่างทับทิม 450 กรัม /ขวด"
"AS196628","ขี้ผึ้งเอนกประสงค์ Utility wax 80 แท่ง  /กล่อง"
"AS196627","ถุงชิปล็อค 9x13 ซม.   /กิโลกรัม"
"AS196625","Erythrosine 6% 7 ml 1 /ขวด"
"AS196626","Pumice แบบละเอียด 450 g 2  /ขวด"
"AS196624","ไส้ตะเกียงแอลกอฮอล์ ขนาด 7 มม. ยาว 18 ซม. 6 เส้น /ชุด"
"AS196623","Potassium sodium tartrate Solid 1 กิโลกรัม /ขวด"
"AS196622","เอี๋ยงจี้ (ป) ZHI TONG (B) 1 g /ห่อ"
"AS196621","ตังเซียม HONG DAN SHEN 1 g /ห่อ"
"AS196620","แปะตุ๊ก (ป) BAI ZHU (B) 1 g /ห่อ"
"AS196619","ช่งย้ง (ฮ) ROU CONG RONG (F) 1 g /ห่อ"
"AS196618","อากา (ฮุ่ง) E(JIAO) 1 g /ห่อ"
"AS196617","ไท้จื้อเซียม TAI ZI SHEN 1 g /ห่อ"
"AS196616","กวยหลู่พ้วย GUA LOU PI 1 g /ห่อ"
"AS196615","จ๋อเน็ก (ฮ) SHAN ZHU YU (F) 1 g /ห่อ"
"AS196614","แบะตง MAI DONG 1 g /ห่อ"
"AS196613","จ๋อยิ้ง ZAO REN 1 g /ห่อ"
"AS196612","ชวงป๋วย 2 CHUAN BEI 2 1 g /ห่อ"
"AS196611","ชังตุ๊ก (ป) CANG ZHU (B) 1 g /ห่อ"
"AS196610","แปะเจียก (ป) BAI SHAO (B) 1 g /ห่อ"
"AS196609","เชี๊ยะเจียก 1 CHI SHAO 1 1 g /ห่อ"
"AS196608","ง้วนเซียม XUAN SHEN 1 g /ห่อ"
"AS196607","กิมงึ่นฮวย JIN YIN HUA 1 g /ห่อ"
"AS196606","ตีบ้อ ZHI MU 1 g /ห่อ"
"AS196605","เจียะกอ SHI GAO 1 g /ห่อ"
"AS196604","ปั้วแห่ BAN XIA 1 g /ห่อ"
"AS196603","เซียงจา (ซัวจา) SHAN ZHA 1 g /ห่อ"
"AS196602","ถิ่งพ้วย CHEN PI (เปลือกส้มจีน) 1 g /ห่อ"
"AS196601","คักเฮีย HUO XIANG 1 g /ห่อ"
"AS196600","เซ้กตี่ SHU DI 1 g /ห่อ"
"AS196599","แชตี่ SHENG DI 1 g /ห่อ"
"AS196598","ซัวกีจี้ SHAN ZHI ZI 1 g /ห่อ"
"AS196597","ชวงเกียง CHUAN XIONG 1 g /ห่อ"
"AS196596","ตั้งเซียม 1 BEI DANG SHEN 1 1 g /ห่อ"
"AS196595","ตังกุย (ก่าง) DANG GUI (HK) 1 g /ห่อ"
"AS196594","ฮ่วยหงู่ชิก HUAI NIU XI 1 g /ห่อ"
"AS196593","โต่วต๋ง DU ZHONG 1 g /ห่อ"
"AS196592","ปักคี้ 2 HUANG QI 2 1 g /ห่อ"
"AS196591","กำเช่า GAN CAO PIAN 1 g /ห่อ"
"AS196590","อังจ้อ HONG ZAO 1 g /ห่อ"
"AS196589","แปะจี่เฉ่า Zicaorong 1 g /ห่อ"
"AS196588","ปักเฮงยิ้ง Beixingren 1 g /ห่อ"
"AS196587","อังฮ่วย Honghua 1 g /ห่อ"
"AS196586","เก็กฮวย Juhua 1 g /ห่อ"
"AS196585","ดอกกุหลาบ Meiguihua 1 g /ห่อ"
"AS196584","แปะฮกหลง Fulingpian 1 g /ห่อ"
"AS196583","แปะกิ๊บ Baiji 1 g /ห่อ"
"AS196582","แปะเจียก Baishao 1 g /ห่อ"
"AS196581","แปะจี้ Baizhi 1 g /ห่อ"
"AS196580","งาดำ Heizhima 1 g /ห่อ"
"AS196579","แชเกีย Shengjiang 1 g /ห่อ"
"AS196578","อังฮ่วย Honghua 1 g /ห่อ"
"AS196577","ตังกุย Danggui 1 g /ห่อ"
"AS196576","เจ๋กแปะเฮียะ Cebeiye 1 g /ห่อ"
"AS196575","ซิวโอ Shouwu 1 g /ห่อ"
"AS196574","กำเช่า (ป) ZHI GAN CAO (B) 1 g /ห่อ"
"AS196573","กังเกีย GAN JIANG 1 g /ห่อ"
"AS196572","ตั้งเซียม1 BEI DANG SHEN 1 1 g /ห่อ"
"AS196571","แปะจี้ BAI ZHI 1 g /ห่อ"
"AS196570","กำเช่า (ป) ZHI GAN CAO (B) 1 g /ห่อ"
"AS196569","คักเฮีย HUO XIANG 1 g /ห่อ"
"AS196568","กิ๊กแก้ JIE GENG 1 g /ห่อ"
"AS196567","ชวงผก (ป) HOU PO (B) 1 g /ห่อ"
"AS196566","ถิ่งพ้วย CHEN PI (เปลือกส้มจีน) 1 g /ห่อ"
"AS196565","ปั่วแห่ขัก BAN XIA QU 1 g /ห่อ"
"AS196564","โซวเฮี๊ยะ SU YE 1 g /ห่อ"
"AS196563","ตั่วฮกพ้วย DA FU PI 1 g /ห่อ"
"AS196562","กำเช่า (ป) ZHI GAN CAO (B) 1 g /ห่อ"
"AS196561","แปะเจียก BAI SHAO 1 g /ห่อ"
"AS196560","ตังกุย (ก่าง) DANG GUI (HK) 1 g /ห่อ"
"AS196559","ช่าโอว CHAI HU PIAN 1 g /ห่อ"
"AS196558","ฮ่วยซัว (อย่างดี) HUAI SHAN 1 g /ห่อ"
"AS196557","แปะตุ๊ก BAI ZHU 1 g /ห่อ"
"AS196556","กำเช่า GAN CAO PIAN 1 g /ห่อ"
"AS196555","ตั้งเซียม1 BEI DANG SHEN 1 1 g /ห่อ"
"AS196554","ฮกหลง FU LING PIAN 1 g /ห่อ"
"AS196553","เพียงเต่า (ป) BIAN DOU (B) 1 g /ห่อ"
"AS196552","กิ๊กแก้ JIE GENG 1 g /ห่อ"
"AS196551","ซัวยิ้ง SHA REN 1 g /ห่อ"
"AS196550","อี้บี้ YI MI 1 g /ห่อ"
"AS196549","เม็ดบัว LIAN ZI 1 g /ห่อ"
"AS196548","ตันเซิน 100 g /ห่อ"
"AS196547","เทียนฮวาเฝิ่น 100 g /ห่อ"
"AS196546","ถู่ฝู่หลิง 100 g /ห่อ"
"AS196545","ชวนซยง 100 g /ห่อ"
"AS196544","ขู่เสิน 100 g /ห่อ"
"AS196543","อู๋เว่ยจึ 100 g /ห่อ"
"AS196542","อ้ายเย่ 100 g /ห่อ"
"AS196541","กุ้ยจือ 100 g /ห่อ"
"AS196540","อูเหม่ย 100 g /ห่อ"
"AS196539","ไป๋เหลียน 100 g /ห่อ"
"AS196538","ไป๋ฝูหลิง 100 g /ห่อ"
"AS196537","ไป๋เจียงฉาน 100 g /ห่อ"
"AS196536","ไป๋ฟูจึ 100 g /ห่อ"
"AS196535","ผงไข่มุก 100 g /ห่อ"
"AS196534","ไป๋ฟู่จือ 100 g /ห่อ"
"AS196533","ไป๋เหลียน 100 g /ห่อ"
"AS196532","ไป๋จึ 100 g /ห่อ"
"AS196531","ไป๋จือ 100 g /ห่อ"
"AS196530","ฝูหลิง 100 g /ห่อ"
"AS196529","ไป๋สาว 100 g /ห่อ"
"AS196528","ต้าเจ่า 100 g /ห่อ"
"AS196527","เซิงกันเฉ่า 100 g /ห่อ"
"AS196526","ไฉหู 50 g /ห่อ"
"AS196525","เซิงหมา 50 g /ห่อ"
"AS196524","เฉินผี 100 g /ห่อ"
"AS196523","ไป๋จู๋ 100 g /ห่อ"
"AS196522","ตังเซิน 100 g /ห่อ"
"AS196521","หวงฉี 100 g /ห่อ"
"AS196520","ผงสมุนไพรนั่งถ่าน 300 กรัม /กระปุก"
"AS196519","ยาประสะมะแว้ง แบบเม็ด 0.5 กรัม 20 ซอง /กล่อง"
"AS196518","ยาชงขิง แบบชาชง 20 กรัม 20 ซอง /แพค"
"AS196517","ยาธรณีสันฑะฆาต แบบแคปซูล 500 มิลลิกรัม 50 แคปซูล /ขวด"
"AS196516","ยาแคปซูลตรีผลา 450 มิลลิกรัม 100 แคปซูล /ขวด"
"AS196515","ปูนแดง 0.5 กิโลกรัม /ถุง"
"AS196514","ยาพอกเข่า (ผงสมุนไพร) 10 กรัม 10 ซอง /ชุด"
"AS196513","เจลพริก 30 กรัม /หลอด"
"AS196512","ยาผสมเถาวัลย์เปรียง แบบแคปซูล 500 มิลลิกรัม 50 แคปซูล /ขวด"
"AS196511","PLATE STERILE 64742-49-0 AR ของเหลว /ขวด"
"AS196510","เฮกเซน (Hexanes) ขนาด 2.5L 2.5 L /ขวด"
"AS196509","Isoflurane C3H2ClF5O26675-46-7 liqiud 250 ml /ขวด"
"AS196508","RIPA buffer liquid 100 มิลลิลิตร 1 ขวด /ขวด"
"AS196507","ชุดทดสอบความสะอาดของภาชนะสัมผัสอาหารและมือ liquid 50 ตัวอย่าง 1 กล่อง /กล่อง"
"AS196506","ยาทาระเหยบรรเทาอาการคัดจมูก ขนาด 5 กรัม /ตลับ"
"AS196041","น้ำผึ้งชนิดหลอด Liquid 115 กรัม /หลอด"
"AS196505","น้ำผึ้งชนิดหลอด Liquid 15 กรัม /หลอด"
"AS196504","ยูคาลิปตัส ออยจิงโจ้ /ขวด"
"AS196503","monopropylene glycol Cosmetic grade Liquid 5 kg /PC"
"AS196502","Sandalwood (Santalum album - Indonesia) 100% Pure Essential Oil Liquid 20 ml /Pcs."
"AS196501","LAKE Brillient Blue com solid 500 g /ขวด"
"AS196500","LAKE Tartrazine com solid 500 g /ขวด"
"AS196499","Lake Ponceau4R com solid 500 g /ขวด"
"AS196498","Pectin AR solid 500 g /ขวด"
"AS196497","Oricinol monohydrate AR solid 25 g /ขวด"
"AS196496","Bismuth (III) subnitrate AR solid 500 g /ขวด"
"AS196495","Lemon oil Cosmetic grade Liquid 250 g /ขวด"
"AS196494","น้ำมันหอมระเหยส้ม Cosmetic grade Liquid 250 g /ขวด"
"AS196493","ไป๋เหลียน 500 g /ห่อ"
"AS196492","ตังเซิน 500 g /ห่อ"
"AS196491","เถียนชี 500 g /ห่อ"
"AS196490","ซีหย่างเซิน 500 g /ห่อ"
"AS196489","ไป๋จื้อ 500 g /ห่อ"
"AS196488","กันเฉ่า 500 g /ห่อ"
"AS196487","ไป๋เฉา 500 g /ห่อ"
"AS196486","เจินจูเฝิ่น 500 g /ห่อ"
"AS196485","ไป๋จู๋ 500 g /ห่อ"
"AS196484","อ้ายเย่ 500 g /ห่อ"
"AS196483","ฝูหลิง 500 g /ห่อ"
"AS196482","ไป๋จี๋ 500 g /ห่อ"
"AS196481","ชวนชง 500 g /ห่อ"
"AS196480","ตันเซิน 500 g /ห่อ"
"AS196479","ตังกุย 500 g /ห่อ"
"AS196478","Embedding Cassette with lid ขนาด 28×40×6 มิลลิเมต solid 2000 ชิ้น 1 กล่อง /กล่อง"
"AS196477","Mega cassette solid 750 ชิ้น 1 กล่อง /กล่อง"
"AS196476","Stainless mold ขนาด 30x24x9 มิลลิเมตร solid 10 ชิ้น 1 แพ็ค /แพ็ค"
"AS196475","Stainless mold ขนาด 24x24x9 มิลลิเมตร solid 10 ชิ้น 1 แพ็ค /แพ็ค"
"AS196474","ถังดับเพลิง ชนิดสารเหลวระเหย ขนาด 2 ปอนด์ (Class A B C และ K) , ตัวถังสีเขียว liquid 2 ปอนด์ 1 ถัง /ถัง"
"AS196473","ถังดับเพลิง ชนิดสารเหลวระเหย ขนาด 2 ปอนด์ (Class A B C) , ตัวถังสีเขียว liquid 2 ปอนด์ 1 ถัง /ถัง"
"AS196472","ลวดจุดระเบิด solid 5 ชิ้น 1 แพ็ค /แพ็ค"
"AS196471","Bradford Protien Assay Kit liquid 1000 ตัวอย่าง 1 หลอด /หลอด"
"AS196470","TBT RTA Transfer Kit liquid 40 blots 1 ขวด /ขวด"
"AS196468","Iron (II) chloride tetrahydrate FeCl2 · 4H2O13478-10-9. analytical standard powder 5 g 1 ขวด /ขวด"
"AS196467","ชุดทดสอบปริมาณกรดน้ำส้มในน้ำส้มสายชู liquid 100 ตัวอย่าง 1 กล่อง /กล่อง"
"AS196466","ชุดทดสอบหาปริมาณเส้นใยอาหาร liquid 200 ตัวอย่าง 1 กล่อง /กล่อง"
"AS196464","Syringe พลาสติกไม่ติดเข็ม solid 5 ml. 1 กล่อง 100 /อัน"
"AS196463","Syringe พลาสติกไม่ติดเข็ม solid 3 ml. 1 กล่อง 100 /อัน"
"AS196462","Slide Super Frost (Spreoder) solid 1 กล่อง 50 /ชิ้น"
"AS196460","Sodium oxalate AR 500 g /ขวด"
"AS196459","Hydroxylamine HCI 500 g /ขวด"
"AS196458","Potassium cyanide 250 g /ขวด"
"AS196457","Magnesium chloride 6H2O AR 500 g /ขวด"
"AS196456","Span 20 Sorbitan Laurate 1 kg /ขวด"
"AS196455","Sodium sulfite anhydrous 98%, Kemaus 1 kg /ขวด"
"AS196454","Sodium Lauryl Sulfate (SLS) 95 %, Kemaus 500 g /ขวด"
"AS196453","Silicone Oil fluid,350 CS (DOWCORNIG), Kemaus Dimethicone 500 ml /ขวด"
"AS196452","Quinidine 85%,TCI 5 g /ขวด"
"AS196451","MAGNESIUM CARBONATE (LIGHT) EXTRA PURE,LOBA 500 g /ขวด"
"AS196450","Lecithin soya 30%, HI-Media 100 g /ขวด"
"AS196449","HYDROGEN PERXOIDE 35%,Chem Supply LAB 2.5 L /ขวด"
"AS196448","Hydrogen peroxide 30%,Chem Supply H2O2 AR 2.5 L /ขวด"
"AS196447","Ethylene Glycol LAB 99.5%,Kemaus LAB 2.5 L /ขวด"
"AS196446","Ethanolamine, Kemaus AR 2.5 L /ขวด"
"AS196445","Ammonia Solution 28%, (GLASS), QREC AR 2.5 L /ขวด"
"AS196444","Aluminium sulfate Al2(SO4)3),Kemaus AR 500 g /ขวด"
"AS196443","Acetonitrile(AR) ,Lab-scan CH3CN AR 2.5 L /ขวด"
"AS196442","Linalyl acetate LR grade 1 kg /Bot"
"AS196441","Geraniol AR grade 100 g /Bot"
"AS196440","Ethanol 99% AR grade 2.5 L /Bot"
"AS196439","Ylang 3rd (Cananga odorata genuina - Madagascar) 100% Pure Essential Oil liquid 50 ml /Bot"
"AS196438","Terpinyl actate Synthetic liquid 50 ml /Bot"
"AS196437","Rose oxide Synthetic liquid 50 ml /Bot"
"AS196436","Polysantol (Sandalwood) Synthetic liquid 50 ml /Bot"
"AS196435","Phenethyl alcohol Synthetic liquid 50 ml /Bot"
"AS196434","Phenethyl acetate Synthetic liquid 50 ml /Bot"
"AS196433","Methyl salicylate Synthetic liquid 50 ml /Bot"
"AS196432","Methyl Jasmonate Synthetic liquid 50 ml /Bot"
"AS196431","Methyldihydrojasmonate Synthetic liquid 50 ml /Bot"
"AS196430","Menthone Synthetic liquid 50 ml /Bot"
"AS196429","Linalyl acetate Synthetic liquid 50 ml /Bot"
"AS196428","Linalool Synthetic Synthetic liquid 50 ml /Bot"
"AS196427","Lilial (Lily/Jasmine/Muguet) Synthetic liquid 50 ml /Bot"
"AS196426","Isoeugenol Synthetic liquid 50 ml /Bot"
"AS196425","Iso E super (Cedarwood) Synthetic liquid 50 ml /Bot"
"AS196424","Indolene (Jasmine) Synthetic liquid 50 ml /Bot"
"AS196423","Hydroxycitronellal (Jasmine/Muguet/Lily) Synthetic liquid 50 ml /Bot"
"AS196422","Geraniol Synthetic liquid 50 ml /Bot"
"AS196421","Gamma undecalactone Synthetic liquid 50 ml /Bot"
"AS196420","Farnesol Synthetic liquid 50 ml /Bot"
"AS196419","Eugenol Synthetic liquid 50 ml /Bot"
"AS196418","Ethyl vanillin (Vanilla) Synthetic liquid 50 ml /Bot"
"AS196417","D-limiene Synthetic liquid 50 ml /Bot"
"AS196416","Decanal Synthetic liquid 50 ml /Bot"
"AS196415","Citronellol Synthetic liquid 50 ml /Bot"
"AS196414","Citra Synthetic liquid 50 ml /Bot"
"AS196413","Cis-3-hexenol Synthetic liquid 50 ml /Bot"
"AS196412","Cinnamyl alcoho Synthetic liquid 50 ml /Bot"
"AS196411","Beta-damascone Synthetic liquid 50 ml /Bot"
"AS196410","Benzyl benzoate Synthetic 50 g /Bot"
"AS196409","Benzyl acetate Synthetic 50 g /Bot"
"AS196408","Aurantiol (Neroli) Synthetic 50 ml /Bot"
"AS196407","Tea Tree (Melaleuca alternifolia - Australia) 100% Pure Essential Oil liquid 50 ml /Bot"
"AS196406","Sumatra Benzoin Resinoid 100% Pure Essential Oil liquid 50 ml /Bot"
"AS196405","Rosemary (Rosmarinus officinalis ct. cineole - Morocco) 100% Pure Essential Oil liquid 50 ml /Bot"
"AS196404","Plai (Zingiber cassumunar roxb - Thailand) 100% Pure Essential Oil liquid 50 ml /Bot"
"AS196403","Pine Scotch (Pinus sylvestris - France) 100% Pure Essential Oil liquid 50 ml /Bot"
"AS196402","Peppermint (Mentha piperita - England) 100% Pure Essential Oil liquid 50 ml /Bot"
"AS196401","Patchouli (Pogostemon cablin - Indonesia) 100% Pure Essential Oil liquid 50 ml /Bot"
"AS196400","Palmarosa (Cymbopogon martini - Nepal) 100% Pure Essential Oil liquid 50 ml /Bot"
"AS196399","Orange sweet (Citrus sinensis-South Africa) 100% Pure Essential Oil liquid 50 ml /Bot"
"AS196398","Neroli (Citrus aurantium var. amara - Morocco) 100% Pure Essential Oil liquid 50 ml /Bot"
"AS196397","Myrrh 10% (Commiphora myrrha - Kenya) 100% Pure Essential Oil liquid 50 ml /Bot"
"AS196396","Marjoram Sweet (Origanum majorana - France) 100% Pure Essential Oil liquid 50 ml /Bot"
"AS196395","Mandarin Red (Citrus reticulata var. mandarin - South Africa) 100% Pure Essential Oil liquid 50 ml /Bot"
"AS196394","Lemongrass (Cymbopogon Flexuosus) Oil 100% Pure Essential Oil liquid 50 ml /Bot"
"AS196393","Lemon (Citrus limon - Spain) 100% Pure Essential Oil liquid 50 ml /Bot"
"AS196392","Kaffir Lime Peel (Citrus hystrix DC. - Thailand) 100% Pure Essential Oil liquid 50 ml /Bot"
"AS196391","Jasmine Abs. 10% (Jasminum grandiflorum - France) 100% Pure Essential Oil liquid 50 ml /Bot"
"AS196390","Grapefruit (Citrus paradisi - Italy) 100% Pure Essential Oil liquid 50 ml /Bot"
"AS196389","Ginger (Zingiber officinale - Vietnam) 100% Pure Essential Oil liquid 50 ml /Bot"
"AS196388","Geranium Rose (Pelargonium roseum - France) 100% Pure Essential Oil liquid 50 ml /Bot"
"AS196387","Frankincense Serrata (Boswellia serrata - India) 100% Pure Essential Oil liquid 50 ml /Bot"
"AS196386","Fingerroot (Boesenbergia pandurata - Thailand) 100% Pure Essential Oil liquid 50 ml /Bot"
"AS196385","Fennel Sweet (Foeniculum vulgare - Spain) 100% Pure Essential Oil liquid 50 ml /Bot"
"AS196384","Eucalyptus (Eucalyptus globulus - China) 100% Pure Essential Oil liquid 50 ml /Bot"
"AS196383","Coriander (Coriandrum sativum - India) 100% Pure Essential Oil liquid 50 ml /Bot"
"AS196382","Clove Bud (Eugenia caryophyllus - Indonesia) 100% Pure Essential Oil liquid 50 ml /Bot"
"AS196381","Clary Sage (Salvia sclarea - France) 100% Pure Essential Oil liquid 50 ml /Bot"
"AS196380","Citronella (Cymbopogon winterianus - Thailand) 100% Pure Essential Oil liquid 50 ml /Bot"
"AS196379","Cinnamon Bark (Cinnamomum zeylanicum - Madagascar) 100% Pure Essential Oil liquid 50 ml /Bot"
"AS196378","Chamomile Roman (Chamaemelum nobile - England) 100% Pure Essential Oil liquid 50 ml /Bot"
"AS196377","Blackpepper (Piper nigrum-Indonesia) 100% Pure Essential Oil liquid 50 ml /Bot"
"AS196376","Bergamot Essential Oil (italy, Fruit) > Bergamot (Citrus bergamia - Italy) 100% Pure Essential Oil liquid 50 ml /Bot"
"AS196375","Basil Sweet (Ocimum basilicum ct. methyl chavicol - Thailand) 100% Pure Essential Oil liquid 50 ml /Bot"
"AS196374","Basil Holy (Ocimum sanctum - India) 100% Pure Essential Oil liquid 50 ml /Bot"
"AS196373","Zinc pyrithione 50% (Dandruff, Sebderm) Liquid 1 kg /Pcs"
"AS196372","Zinc PCA 1 kg /Pcs"
"AS196371","Yellow Iron Oxides EasyMix (CI 77492) 1 kg /Pcs"
"AS196370","Vinyl Film 1 kg /Pcs"
"AS196369","Vinyl dimethicone/methicone silsesquioxane crosspolymer 500 g /Pcs"
"AS196368","Tranexamic acid 100 g /Pcs"
"AS196367","Tinosorb M 1 kg /Pcs"
"AS196366","Thyme Kill™ (o-Cymen-5-ol, IPMP) 1 kg /Pcs"
"AS196365","Synthetic fluorphlogopite 1 kg /Pcs"
"AS196364","STRAWBERRY RED R2002 (สีแดงอมชมพู ละลายน้า) 100 g /Pcs"
"AS196363","Steareth-21 (EMULGIN S 21) 500 g /Pcs"
"AS196362","Span 20 1 kg /Pcs"
"AS196361","Soy Extract (Genistein 98%) 100 g /Pcs"
"AS196360","Sodium Thioglycolate > 93.0% (T) 500 g /Pcs"
"AS196359","Sodium PCA 50% (Aqueous solution) 100 g /Pcs"
"AS196358","sodium carbonate >99.0%(T) 300 g /Pcs"
"AS196357","SiliSolve™ (PEG-10 Dimethicone, Odorless) 1 kg /Pcs"
"AS196356","Silicone Shine (Phenyl trimethicone) 100 g /Pcs"
"AS196355","Silicone Gel (Dimethicone/Vinyl Dimethicone Crosspolymer) 1 kg /Pcs"
"AS196354","Silicone Film (Powder, Soft Film) (Polymethylsilsesquioxane) 100 g /Pcs"
"AS196353","Serasilk EL 63 U 1 kg /Pcs"
"AS196352","Sepigel 305 1 kg /Pcs"
"AS196351","Salicylic acid 1 kg /Pcs"
"AS196350","REWOPOL SB FA 30 1 kg /Pcs"
"AS196349","Red Iron Oxides EasyMix (CI 77491) 100 g /Pcs"
"AS196348","Propylene carbonate>98.0% (GC) 500 g /Pcs"
"AS196347","Pro Polymer™ Silk (Polyquaternium-37) 100 g /Pcs"
"AS196346","Propanoic acid FEMA 2924 500 g /Pcs"
"AS196345","Propanediol (1,3 Propanediol) (Natural) 1 kg /Pcs"
"AS196344","PRODEW® 500 1 kg /Pcs"
"AS196343","PPG-14 Butyl Ether 1 kg /Pcs"
"AS196342","Potassium cetyl phosphate 1 kg /Pcs"
"AS196341","Polyvinyl alcohol (PVA 217) 100 g /Pcs"
"AS196340","Poloxamer 407 1 kg /Pcs"
"AS196339","PLANTAPON WW-CF 250 g /Pcs"
"AS196338","Phenylethyl Resorcinol 1 kg /Pcs"
"AS196337","Phenoxyethanol (and) Ethylhexylglycerin (Phenoxyethanol EHG) 1 kg /Pcs"
"AS196336","PEG 75 lanolin 100 g /Pcs"
"AS196335","PEG-150 Distearate (PEG6000 DS) 100 g /Pcs"
"AS196334","Oxybenzone (Benzophenone-3) 100 g /Pcs"
"AS196333","Olive Oil Water(Olive oil PEG-7 esters ) 1 kg /Pcs"
"AS196332","Olivem 1000 (Cetearyl Olivate, Sorbitan Olivate ) 1 kg /Pcs"
"AS196331","Oil Thick™ Clear S 1 kg /Pcs"
"AS196330","Oil Thick™ Clear P 1 kg /Pcs"
"AS196329","Oil Thick™ Clear N 1 kg /Pcs"
"AS196328","Oil-Fix™ O (Water-in-Oil, Oil Gelling) 1 kg /Pcs"
"AS196327","Natural alpha bisabolol > Bisabolol (Alpha Bisabolol) 100 g /Pcs"
"AS196326","MONTANOV 68 100 g /Pcs"
"AS196325","Miranol Ultra L-32 1 kg /Pcs"
"AS196324","Methyl gluceth-20 1 kg /Pcs"
"AS196323","L-serine 1 kg /Pcs"
"AS196322","Lithium Magnesium Sodium Silicate (Clear) 1 kg /Pcs"
"AS196321","LipidSoft™ Fix (Water Resistant+Stabilizer) 1 kg /Pcs"
"AS196320","LipidSoft™ Dry II 1 kg /Pcs"
"AS196319","LEMON YELLOW R555 (สีเหลืองละลายน้า) 1 kg /Pcs"
"AS196318","Lauryl PEG-9 polydimethylsiloxyethyl dimethicone 1 kg /Pcs"
"AS196317","LANOLIN PEG 75 FLAKE 500 g /Pcs"
"AS196316","Lanette N 1 kg /Pcs"
"AS196315","Isostearyl isostearate (ISIS) 1 kg /Pcs"
"AS196314","Isopentyldiol 1 kg /Pcs"
"AS196313","Isohexadecane 100 g /Pcs"
"AS196312","Hydroxyethylcellulose (Natrosol™ 250 HR) 1 kg /Pcs"
"AS196311","HYDRO-UREA® Powder 1 kg /Pcs"
"AS196310","Himalayan Pink Salt 1 kg /Pcs"
"AS196309","Hexanoic acid FEMA2559 500 g /Pcs"
"AS196308","Guar Hydroxypropyltrimonium Chloride (Syner guar SN-1330) 1 kg /Pcs"
"AS196307","Green Clay (Powder) 1 kg /Pcs"
"AS196306","Ginger Extract (Gingerols 10%) 100 g /Pcs"
"AS196305","Ethylhexyl triazone (Octyltriazone, EHT) 50g 1 kg /Pcs"
"AS196304","Ethylhexyl salicylate 100 g /Pcs"
"AS196303","Dryflo PC 1 kg /Pcs"
"AS196302","Disteardimonium hectorite 1 kg /Pcs"
"AS196301","Dipropylene glycol 1 kg /Pcs"
"AS196300","Dimethicone (Very Light/5, Low-Odor) 1 kg /Pcs"
"AS196299","Dimethicone (Very Light/5, Low-Odor) 1 kg /Pcs"
"AS196298","Dimethicone (Light/100, Low-Odor) 1 kg /Pcs"
"AS196297","Dimethicone 50 cst 500 g /Pcs"
"AS196296","Dimethicone 1 cst 500 g /Pcs"
"AS196295","Diammonium Dithiodiglycolate (45%, Liquid) 1 kg /Pcs"
"AS196294","Dandruff-Guard™ (Piroctone Olamine) 100 g /Pcs"
"AS196293","CUTINA EGMS T 500 g /Pcs"
"AS196292","Cosmedia SP 1 kg /Pcs"
"AS196291","CLARISILK (Polyester-37) 1 kg /Pcs"
"AS196290","Chilli pepper extract 100 g /Pcs"
"AS196289","Cetyl PEG/PPG-10/1 Dimethicone (SM 3330P / Serasol SC 83-A) 100 g /Pcs"
"AS196288","Cetyl alcohol 1 kg /Pcs"
"AS196287","Cetrimonium chloride (Dehyquart A-CA) 1 kg /Pcs"
"AS196286","Cetrimonium chloride 1 kg /Pcs"
"AS196285","Cetearyl alcohol and Ceteareth 20 (Emulgade100N) 1 kg /Pcs"
"AS196284","Caprylyl glycol (Lexgard O) 1 kg /Pcs"
"AS196283","Caprylyl 2-glyceryl ascorbate 100 g /Pcs"
"AS196282","Calcium Thioglycolate 100 g /Pcs"
"AS196281","Butyric Acid, FEMA 2221 500 g /Pcs"
"AS196280","Bright Gold Mica ทองสว่าง (ขนาด B) Shimmer gold 1 kg /Pcs"
"AS196279","Blue Solar (สีน้าเงินละลายน้า) 100 g /Pcs"
"AS196278","Black iron oxide (CI 77499) 100 g /Pcs"
"AS196277","Bis-PEG-18 Methyl Ether Dimethyl silane 100 g /Pcs"
"AS196276","Bismuth oxychloride 100 g /Pcs"
"AS196275","Bis-diglyceryl polyacyladipate-2 (LipidSoft™ Lanolin) 100 g /Pcs"
"AS196274","Biosaccharide gum-1 500 g /Pcs"
"AS196273","BHT 500 g /Pcs"
"AS196272","Benzyl Alcohol, FEMA 2137 500 g /Pcs"
"AS196271","Benzophenone-4 100 g /Pcs"
"AS196270","Basic Blue 99 (Basic Dyes) 100 g /Pcs"
"AS196269","Avocado oil 500 g /Pcs"
"AS196268","Ascorbyl Glucoside (AA-2G Stabilized Vitamin C) 100 g /Pcs"
"AS196267","Argan oil 100 g /Pcs"
"AS196266","APPLE GREEN R2001 (สีเขียวแอปเปิ้ล ละลายน้า) 100 g /Pcs"
"AS196265","Aminopropyl dimethicone Silicone Hi-Cond (Japan) 1 kg /Pcs"
"AS196264","Aluminium Chlorohydrate (Powder) 500 g /Pcs"
"AS196263","Aerosil R974 (Fumed Silica) 1 kg /Pcs"
"AS196262","Aerosil R812S (Fumed Silica) 100 g /Pcs"
"AS196261","Aerosil R202 (Fumed Silica) 100 g /Pcs"
"AS196260","95% Ethanol 1 L /Pcs"
"AS196259","90% Behentrimonium methosulfate 1 kg /Pcs"
"AS196258","80% Behentrimonium Chloride 1 kg /Pcs"
"AS196257","Zingiber cassumunar (ไพล) Essential Oil liquid 30 ml /ขวด"
"AS196256","Zanthoxylum limonella (มะแขว่น) Essential Oil liquid 30 ml /ขวด"
"AS196255","Hyptis suaveolens (กะเพราป่า) Essential Oil liquid 30 ml /ขวด"
"AS196254","Alpinia malaccensis (ข่าป่า) Essential Oil liquid 50 ml /ขวด"
"AS196253","Ocimum tenuiflorum (กะเพราแดง) Essential Oil liquid 50 ml /ขวด"
"AS196252","Curcuma longa (ขมิ้นชัน) Essential Oil liquid 50 ml /ขวด"
"AS196251","Perilla frutescens (งาม้อน) Essential Oil liquid 50 ml /ขวด"
"AS196250","Citrus maxima (ผิวส้มโอ) Essential Oil liquid 50 ml /ขวด"
"AS196249","Cymbopogon citratus (ตะไคร้บ้าน) Essential Oil liquid 50 ml /ขวด"
"AS196248","Citrus hystrix (ผิวมะกรูด) Essential Oil liquid 50 ml /ขวด"
"AS196247","Citrus hystrix (ใบมะกรูด) Essential Oil liquid 50 ml /ขวด"
"AS196246","Melaleuca linariifolia (สนหอม) Essential Oil liquid 50 ml /ขวด"
"AS196245","Psidium guajava (ใบฝรั่ง) Essential Oil liquid 50 ml /ขวด"
"AS196244","Eucalyptus globulus (ยูคาลิปตัส) Essential Oil liquid 50 ml /ขวด"
"AS196243","Cymbopogon nardus (ตะไคร้หอม) Essential Oil liquid 50 ml /ขวด"
"AS196242","Sesamum indicum (งาดำ) Essential Oil liquid 50 ml /ขวด"
"AS196241","Span 20 1 kg /ขวด"
"AS196240","Sodium sulfite anhydrous 98% 1 kg /ขวด"
"AS196239","Silicone Oil fluid,350 CS (DOWCORNIG) 500 ml /ขวด"
"AS196238","Quinidine 85% 5 g /ขวด"
"AS196237","MAGNESIUM CARBONATE (LIGHT) EXTRA PURE 500 g /ถุง"
"AS196236","Lecithin soya 30% 100 g /ขวด"
"AS196235","HYDROGEN PERXOIDE 35% 2.5 L /ขวด"
"AS196234","Hydrogen peroxide 30% 2.5 L /ขวด"
"AS196233","Ethylene Glycol LAB 99.5% 2.5 L /ขวด"
"AS196232","Ethanolamine 2.5 L /ขวด"
"AS196231","Ammonia Solution 28% 2.5 L /ขวด"
"AS196230","Acetonitrile(AR) 2.5 L /ขวด"
"AS196229","Linalyl acetate LR 1 kg /Bot"
"AS196228","Geraniol AR 100 g /Bot"
"AS196227","Ethanol 99% AR 2.5 L /Bot"
"AS196226","UNILEX RED CI16255, CI14720 100 g /ถุง"
"AS196225","UNILEX RED CI16255, CI14720 100 g /ถุง"
"AS196224","UNILEX PEA GREEN CI 19140, CI 42090 100 g /ถุง"
"AS196223","UNILEX ORANGE CI19140, CI15985 100 g /ถุง"
"AS196222","TARTRAZINE CI19140 (Yellow 5) 100 g /ถุง"
"AS196221","PURE AUSTRALAIN TEA TREE OIL 100% 100 g /ขวด"
"AS196220","YOGURT (1046175) 100 g /ขวด"
"AS196219","YLANG YLANG OIL 100 g /ขวด"
"AS196218","VALENTINE NO.5 100 g /ขวด"
"AS196217","TOUCHY NO.4 100 g /ขวด"
"AS196216","TOUCH OF LINDEN NO.12 100 g /ขวด"
"AS196215","TIMO 158 (MOTI GP) 100 g /ขวด"
"AS196214","SWEET HEART C-7425 100 g /ขวด"
"AS196213","SUNSET NO.4 100 g /ขวด"
"AS196212","Straberry flavour (63.07127) 100 g /ขวด"
"AS196211","SMILE NO.4 100 g /ขวด"
"AS196210","SECRETE NO.5 100 g /ขวด"
"AS196209","SAKURA C-8132 100 g /ขวด"
"AS196208","ROUGE NO.5 100 g /ขวด"
"AS196207","Rosemary Oil (Perfume) 100 g /ขวด"
"AS196206","RIZ NO.1 100 g /ขวด"
"AS196205","POESIE NO.4 100 g /ขวด"
"AS196204","PENTALIDE MO-274 100 g /ขวด"
"AS196203","PEACH NO.7 100 g /ขวด"
"AS196202","PASTEL GREEN C-5455 100 g /ขวด"
"AS196201","PAOLO NO.4 100 g /ขวด"
"AS196200","ONE MP-2878 100 g /ขวด"
"AS196199","OIL CONTTROL NO.1 100 g /ขวด"
"AS196198","OCCASION ROSE SH-111999 100 g /ขวด"
"AS196197","NOIR P-9344 100 g /ขวด"
"AS196196","NINE SH-11949 100 g /ขวด"
"AS196195","NATUMA NO.2 100 g /ขวด"
"AS196194","MINAS NO.3 100 g /ขวด"
"AS196193","MILCH NO.3 100 g /ขวด"
"AS196192","LOVE P-8462 100 g /ขวด"
"AS196191","LOTUS ANS PEONY N.14 100 g /ขวด"
"AS196190","LOLITA SH-8263 100 g /ขวด"
"AS196189","LEMONTE 100 g /ขวด"
"AS196188","LEMON GRASS OIL 100 g /ขวด"
"AS196187","LAVENDER SL-5072 100 g /ขวด"
"AS196186","LAVENDER ESSENTIAL OIL 100% 100 g /ขวด"
"AS196185","LASER NO.7 100 g /ขวด"
"AS196184","KABYLIE NO.2 100 g /ขวด"
"AS196183","JIMMY'S NO.3 100 g /ขวด"
"AS196182","JENNIFER SH-9347 100 g /ขวด"
"AS196181","ILIADE NO.7 100 g /ขวด"
"AS196180","ICEFIELD NO.3 100 g /ขวด"
"AS196179","HIBISCUS NO.4 100 g /ขวด"
"AS196178","HELIANTHE NO.4 100 g /ขวด"
"AS196177","GREEN TAIL SL-4625 100 g /ขวด"
"AS196176","GOLD S-7295T 100 g /ขวด"
"AS196175","GOELAND NO.5 HS-3 100 g /ขวด"
"AS196174","GLOSSY NO.3 100 g /ขวด"
"AS196173","GINGER FLOWER NO.2 100 g /ขวด"
"AS196172","FRESH FLORAL SG-117 100 g /ขวด"
"AS196171","FLORARICH SH-5463 100 g /ขวด"
"AS196170","EUPHORIE NO.3 100 g /ขวด"
"AS196169","EUCALYPTUS OIL 100 g /ขวด"
"AS196168","ESCATONE SH-12191 100 g /ขวด"
"AS196167","DANCING SH-12128 100 g /ขวด"
"AS196166","CRAVATE NO.4 100 g /ขวด"
"AS196165","CLOVE BUD OIL EXTRA 100 g /ขวด"
"AS196164","CINNAMON LEAF OIL EXTRA 100 g /ขวด"
"AS196163","BRITNEY NO.5 100 g /ขวด"
"AS196162","BOUQUET B12 100 g /ขวด"
"AS196161","BLUEBELL EXT NO.2 100 g /ขวด"
"AS196160","BIG APPLE NO.4 100 g /ขวด"
"AS196159","BASE 2227540 STRAWBERRY 100 g /ขวด"
"AS196158","AROMAZEN NO.4 100 g /ขวด"
"AS196157","AROMASPA NO.7 100 g /ขวด"
"AS196156","AROMAPURE NO.3 100 g /ขวด"
"AS196155","AROMAHAIR E 100 g /ขวด"
"AS196154","AQUA FLORAL C-7078 100 g /ขวด"
"AS196153","API NO.1 100 g /ขวด"
"AS196152","Zinc pyrithione 50% Zinc pyrithione 1 kg /ขวด"
"AS196151","VITACE 990 3-o-Ethyl ascobic acid 100 g /ขวด"
"AS196150","Urea 1 kg /ถุง"
"AS196149","TRISODIUM CITRATE 1 kg /ถุง"
"AS196148","Triclosan 100 g /ถุง"
"AS196147","Tetrasodium EDTA Tetrasodium EDTA 1 kg /ถุง"
"AS196146","TERGITOL NP-9 Nonylphenol Ethoxylate 1 kg /ขวด"
"AS196145","SPECTRASTAT E Methylpropanediol (and) Ethylhexylglycerin (and) Caprylhydroxamic Acid 1 kg /ขวด"
"AS196144","SODIUM CHLORIDE NaCl 5 kg /ถุง"
"AS196143","LIPIDURE PMB DK Polyquaternium-51 100 g /ขวด"
"AS196142","PEMULEN TR-2 POLYMER Acrylates/C10-30 Alkyl Acrylate Crosspolymer 1 kg /ขวด"
"AS196141","MERQUAT 550PR POLYMER Polyquaternium-7 1 kg /ขวด"
"AS196140","MERQUAT 3330PR POLYMER Polyquatemium-39 1 kg /ขวด"
"AS196139","LEXFEEL 7 Neopentyl Glycol Diheptanoate 1 kg /ขวด"
"AS196138","NIKKOL SG-KH4000 PEG-40 Hydrogenated castor oil 1 kg /ขวด"
"AS196137","GLUCAM P-20 HUMECTANT PPG-20 Methyl Glucose Ether 1 kg /ขวด"
"AS196136","GLUCAMATE DOE-120 THICKENER PEG-120 Methyl Glucose Dioleate 1 kg /ขวด"
"AS196135","Dipropylene glycol 1 kg /ขวด"
"AS196134","CR-50 OTS Titanium dioxide,Triethoxycaprylylsilane, Aluminium hydroxide 1 kg /ถุง"
"AS196133","CLARISILK Polyester-37 1 kg /ขวด"
"AS196132","Caprylyl glycol (Lexgard O) Caprylyl glycol 1 kg /ขวด"
"AS196131","Ascorbyl tetraisopalmitate (VC-IP) Ascorbyl Tetraisopalmitate 100 g /ขวด"
"AS196130","AMISOFT CT-12S TEA-Cocoyl Glutamate (and) Aqua 1 kg /ขวด"
"AS196129","AMILITE ACS-12 Sodium Cocoyl Alaninate (and) Water 1 kg /ขวด"
"AS196128","AJIDEW ZN-100 Zinc PCA 100 g /ถุง"
"AS196127","พระจันทร์ครึ่งซีก 1 ขีด /ถุง"
"AS196126","ใบชุมเห็ดเทศ 1 ขีด"
"AS196125","Cryogenic vial Sterile w/cap 2 ml. Solid 50/bag /ถุง"
"AS196124","Oxytetracycline เหลว 30 ug /ขวด"
"AS196123","Vacuum Pump Oil Liquid 1 ลิตร 1 /ขวด"
"AS196122","Iodine Solution 1% Liquid 100 มิลลิลิตร 1 /ขวด"
"AS196121","Formic acid CH2O264-18-6 Liquid 2.5 ลิตร 1 /ขวด"
"AS196120","Dimethyl sulfoxide (DMSO) C2H6OS67-68-5 cell cuture grade Liquid 1 ลิตร 1 /ขวด"
"AS196119","DEPC Treated Water C6H10O51609-47-8 Molecular grade Liquid 1000 มิลลิลิตร 1 /ขวด"
"AS196118","DNA staining solution (20000X) 7732-18-5 Liquid 1 มิลลิลิตร 1 /ขวด"
"AS196117","TBE buffer 5X solution 610769-35-2 Liquid 1000 มิลลิลิตร 1 /ขวด"
"AS196116","Tris-(hydroxymethyl) aminomethane C4H11NO377-86-1 Molecular grade Solid 500 กรัม 1 /ขวด"
"AS196115","Tris-HCl (Molecular grade) C4H11NO3ClH1185-53-1 Molecular grade Solid 100 กรัม 1 /ขวด"
"AS196114","Sodium citrate Na3C6H5O76132-04-3 Solid 500 กรัม 1 /ขวด"
"AS196113","L-Proline C5H9NO2147-85-3 Solid 5 กรัม 1 /ขวด"
"AS196112","Direct Red 80 C45H26N10Na6O21S6 2610-10-8 Solid 5 กรัม 1 /ขวด"
"AS196111","Ammonium Persulfate (NH4)2S2O87727-54-0 AR grade Solid 25 กรัม 1 /ขวด"
"AS196110","D-glucoseม LR solid 500 g /ขวด"
"AS196109","Aniline sulfate AR solid 100 g /ขวด"
"AS196108","Mannitol LR solid 1 Kg. /ขวด"
"AS196107","Anise oil cosmetic Liquid 100 ml. /ขวด"
"AS196106","น้ำกลั่น 5 ซีซี.(50 Vial)Injection Liquid 5 ml. 50 ขวด /กล่อง"
"AS196105","LAKE Brillient Blue com solid 1 Kg. /ขวด"
"AS196104","Lactose LR solid 25 Kg. /ถัง"
"AS196103","HPMC K100M LR solid 500 g. /ขวด"
"AS196102","HPMC K4M LR solid 500 g. /ขวด"
"AS196101","phloroglucinol AR solid 25 g. /ขวด"
"AS196100","Thioacetamide CH3CSNH262-55-5 AR grade solid 100 g /ขวด"
"AS196099","Gallic acid (3,4,5-Trihydroxybenzoic acid) A.R Solid 50 กรัม /ขวด"
"AS196098","Xanthine oxidase A.R Solid 10 ยูนิต /หลอด"
"AS196097","Hinf l A.R Liquid 2000 ยูนิต /หลอด"
"AS196096","Hae Ill A.R Liquid 2000 ยูนิต /หลอด"
"AS196095","Hhal A.R Solid 2000 ยูนิต /หลอด"
"AS196094","TEMED A.R Solid 25 มิลลิลิตร /ขวด"
"AS196093","Acrylamide/Bis (37:5:1) 30% A.R Liquid 500 มิลลิลิตร /ขวด"
"AS196092","Primer 25 nmole. (4 เส้น) Solid 82 เบส /ชุด"
"AS196091","Desalted primer 25 nmole. Sequence 5->3 (6 เส้น) Solid 129 เบส /ชุด"
"AS196090","PCR supermix (100 rxn) Liquid /ชุด"
"AS196089","Ponceau S Staining Solution A.R Liquid 100 มิลลิลิตร /ขวด"
"AS196088","10-200 kDa Wide Range Protein Molecular Weight Marker 2x250µl A.R Liquid 500 ไมโครลิตร /หลอด"
"AS196087","CytoFlex Sheath Fluid A.R Liquid 10 ลิตร /กล่อง"
"AS196086","MEM ALPHA MEDIUM (1X) A.R Solid 500 มิลลิลิตร /ขวด"
"AS196085","Gas acetylene C2H267-64-1 gas 6 kg /ถัง"
"AS196084","Gas Argon HP Ar7440-37-1 HP gas 7 คิว /ถัง"
"AS196083","Gas Air zero O132259-10-0 UHP gas 7 คิว /ถัง"
"AS196082","Sodium sulfate anhydrous Na2SO47757-82-6 GC solid anhydrous 2.5 kg /ขวด"
"AS196081","Buffer solution pH10.01 COA liqiud 480 ml /ขวด"
"AS196080","Buffer solution pH7.00 COA liqiud 480 ml /ขวด"
"AS196079","Buffer solution pH4.01 COA liqiud 480 ml /ขวด"
"AS196078","n-Hexane 99% C₆H₁₄67-64-1 HPLC liqiud 4 L /ขวด"
"AS196077","n-Hexane 99% C₆H₁₄67-64-1 AR liqiud 2.5 L /ขวด"
"AS196076","Hydrogen Peroxide 30% H2O27722-84-1 AR liqiud 2.5 L /ขวด"
"AS196075","Cobalt (II) nitrate hexahydrate Co(NO3)2·6H2O10026-22-9 AR powder 100 g /ขวด"
"AS196074","Giemsa Solution 500 ml /ขวด"
"AS196073","Sodium phosphate dibasic dihydrate Na2HPO4.2H2O10028-24-7 AR powder 500 g /ขวด"
"AS196072","Phytohemagglutinin-L (PHA-L) Solution liquid 500X 100 µL /ขวด"
"AS196071","Murashige & Skoog (MS) Medium plant cell culture powder 50 L /ขวด"
"AS196070","Wright-Giemsa stain solution liquid /ชุด"
"AS196069","Tryptophan powder 25 g /ขวด"
"AS196068","Vacin and Went medium plant cell culture powder 25 L /ขวด"
"AS196067","Dimethylglyoxime CH3C(=NOH)C(=NOH)CH395-45-4 AR powder 100 g /ขวด"
"AS196066","Nickel(II) nitrate hexahydrate Ni(NO3)2·6H2O13478-00-7 AR powder 500 g /ขวด"
"AS196065","Cyclohexene C6H10110-83-8 AR liquid 1 L /ขวด"
"AS196064","Methyl red C15H15N3O2493-52-7 AR powder 25 g /ขวด"
"AS196063","Petroleum jelly BP semi-solid 1 kg /ถุง"
"AS196062","Spermidine C7H19N3124-20-9 liquid 1 g /ขวด"
"AS196061","1,4-diaminobutane (putrescine) C4H12N2 110-60-1 25 g /ขวด"
"AS196060","Jasmonic acid C12H18O377026-92-7 100 mg /ขวด"
"AS196059","α-Tocopherol C29H50O210191-41-0 5 g /ขวด"
"AS196058","L-Valine C5H11NO272-18-4 powder 25 g /ขวด"
"AS196057","L-Alanine C3H7NO256-41-7 powder 25 g /ขวด"
"AS196056","Iron(II) sulfate heptahydrate FeSO4.7H2O7782-63-0 LR crystals 500 g /ขวด"
"AS196055","Drierite with indicator pellets 1 lb /ขวด"
"AS196054","Soda lime with idicator LR pellets 500 g /ขวด"
"AS196053","Sodium metasilicate nonahydrate Na2O3Si · 9H2O13517-24-3 LR powder 500 g /ขวด"
"AS196052","Nickel (II) sulfate hexahydrate NiSO4.6H2O10101-97-0 LR powder 500 g /ขวด"
"AS196051","Molybdic acid H2MoO47782-91-4 AR powder 500 g /ขวด"
"AS196050","Diuron C9H10Cl2N2O330-54-1 powder 250 mg /ขวด"
"AS196049","Glyphosate [N-(phosphonomethyl) glycine] C3H8NO5P1071-83-6 powder 250 mg /ขวด"
"AS196048","Paraquat Dichloride C12H14Cl2N2 75365-73-0 powder 1 g /ขวด"
"AS196047","น้ำยาทาเล็บใส liquid 13 ml 30 ขวด"
"AS196046","เคาน์เตอร์เพนคูลเจล Liquid 30 กรัม /ชิ้น"
"AS196045","โวลทาเรน อีมัลเจล Liquid 50 กรัม /ชิ้น"
"AS196044","ไฮยาซองเข้มข้นX2 Liquid 8 กรัม /ซอง"
"AS196043","เจลว่านหางจระเข้เข้มข้น 99.5% ผสมวิตามินอี และสารสกัดเมือกหอยทากธรรมชาติ Liquid 50 ml /ซอง"
"AS196042","วิตามิน ซี ไบรท์เทนนิ่ง เจล เจลวิตามินซี Liquid 30 ml /ซอง"
"AS196040","ครีมขัดผิวมะขามพะเยา Liquid 70 กรัม /กระปุก"
"AS196039","แผ่น mask หน้าสูตรเกาหลี คละสูตร Liquid /ชิ้น"
"AS196038","น้ำยาล้างหน้าสัมผัส สเปรย์ล้างหน้าสัมผัสทางไฟฟ้า (CRC CO CONTACT CLEANER) Liquid 350กรัม /กระป๋อง"
"AS196037","Sterile water for injection Liquid 100 ml /ขวด"
"AS196036","Freezing Container 18 หลุม  (Cat.No. 5100-0001) solid /อัน"
"AS196035","Vivaspin 6,3K,25/PKG solid 25 ชิ้น /แพ็ค"
"AS196034","Thermal paper 1682007 solid /แพ็ค"
"AS196033","Short plates 1653308 solid /กล่อง"
"AS196032","Qiagen plasmid plus midi( 5) liquid /กล่อง"
"AS196030","Preatained Protein ladder liquid 2x250 µl /ชุด"
"AS196029","DNA Ladder liquid 1 kb /ชุด"
"AS196028","Copper Sulphate ( CuSo4 ) 90% liquid 450 ml /ขวด"
"AS196027","Copper Sulphate ( CuSo4 ) 80% liquid 450 ml /ขวด"
"AS196026","Anti - P1 liquid 10 ml /ขวด"
"AS196025","Anti - N liquid 10 ml /ขวด"
"AS196024","Anti - M liquid 10 ml /ขวด"
"AS196023","Anti - H liquid 10 ml /ขวด"
"AS196022","Anti - A1 liquid 10 ml /ขวด"
"AS196021","Factor VIII deficient plasma liquid 5x1 ml /กล่อง"
"AS196020","Rotavirus reverse Primer 2 (100 nmole) liquid 20 เบส /หลอด"
"AS196019","Rotavirus reverse Primer 1 (100 nmole) liquid 25 เบส /หลอด"
"AS196018","Rotavirus forward Primer 2 (100 nmole) liquid 22 เบส /หลอด"
"AS196017","Rotavirus forward Primer 1 (100 nmole) liquid 26 เบส /หลอด"
"AS196016","Reverse primer (100 nmole) liquid 19 เบส /หลอด"
"AS196015","Forward primer 2 (100 nmole) liquid 23 เบส /หลอด"
"AS196014","Forward primer 1 (100 nmole) liquid 26 เบส /หลอด"
"AS196013","NucleoSpin RNA Virus liquid 50 preps /ชุด"
"AS196012","Redsafe nucleic acid staining solution liquid 1 ml /ชุด"
"AS196011","100 bp+1.5 kb DNA ladder liquid 50 µg /ชุด"
"AS196010","ReverTra Ace qPCR RT with gDNA Remover liquid 200 rxn /ชุด"
"AS196009","SB203580 solid 50 mg /ขวด"
"AS196008","Cyobox (สำหรับตู้ -80) solid 133x133x51 mm /ชุด"
"AS196007","D-(+)-Maltose monohydrate solid 10 mg /ขวด"
"AS196006","Amylose from potato solid 1 g /ขวด"
"AS196005","s-butyrylthiocholine iodide crystalline solid 5 g /ขวด"
"AS196004","Zinc Oxide ขัดมันวัสดุอะมัลกัม 50 กรัม /กระปุก"
"AS194675","ชุดตรวจสารเคมีในผัก ผลไม้ /ชุด"
"AS196003","TAE BUFFER 25x solution 1 L /ขวด"
"AS196002","PCR 2X MASTER BLUE DYE 1 ml /หลอด"
"AS195998","NSS 0.9% For inj. 1000 ml. /ขวด"
"AS195999","น้ำกลั่น (Sterile water) (50 amp./กล่อง) 10 ml. /กล่อง"
"AS196000","น้ำกลั่น (Sterile water) (50 amp./กล่อง) 5 ml. /กล่อง"
"AS196001","NSS 0.9% For inj. 100 ml. /ขวด"
"AS195997","น้ำกลั่นสำหรับผสมยา 100 ml. (SWI sterile water 100 ml.) /ขวด"
"AS195996","ชุดทดสอบ MELIODOSIS-IHA 100 ตัวอย่าง /กล่อง"
"AS195995","Glucose Food Grade 450 g 1 ขวด /ขวด"
"AS195994","TRIS BASE 1000 g 1 ขวด /ขวด"
"AS195993","ชุดตรวจTriglyceride 250 ml 2 ชุด /กล่อง"
"AS195992","Benzoic acid กรดเบนโซอิก / 1 กิโลกรัม"
"AS195991","Metronindazole oral suupension 200mg/5ml 30 ml /ขวด"
"AS195990","NAGS068,005 Green Stain 10,000x, 0.5 ml ของเหลว 10,000X Solution in DMSO 0.5 มิลลิลิตร"
"AS195989","MBT051-200LN 1kb DNA Ladder (200 Lanes), 4x100 ul ของเหลว 4x100 ไมโครลิตร"
"AS195988"," MB002-100G Agarose special, Low EEO 9012-36-6 ของแข็ง Nuclease and Protease free 100 กรัม"
"AS195987","Mercury(ll)sulfate AR. 100 g /ขวด"
"AS195986","Methyl orange solution 125 ml /ขวด"
"AS195985","Potassium sodium tartrate 99.0% AR solid 1 Kg. /ขวด"
"AS195984","คารามาย โลชั่น ขนาด 60 มิลลิกรัม /ขวด"
"AS195983","Phosphate Buffer Saline (PBS) AR Grade powder 500 กรัม /ขวด"
"AS195982","Gas pack for anaerobic culture /กล่อง"
"AS195981","อาหารเลี้ยงเชื้อ D-MEM(1X) liquid 500 มิลลิลิตร /ขวด"
"AS195980","OneMARK 100 liquid 600 ไมโครลิตร /ชุด"
"AS195979","3,5-Dinitrosalicylic acid AR Grade powder 100 กรัม /ขวด"
"AS195978","ยาทาบรรเทาอาการปวด Diclofenac ขนาด 25 g /หลอด"
"AS195977","ยาแก้ปวดเกร็งช่องท้อง Hyoscine 10 mg 10 เม็ด /แผง"
"AS195976","ยาแก้ไอ Dextromrthorphan 6 mg 10 เม็ด /แผง"
"AS195975","ยาแก้วิงเวียนศรีษะ Behistine 6 mg 10 เม็ด /แผง"
"AS195974","Alcohol gel 87.9 % v/v ขนาด 50 ml /หลอด"
"AS195973","4-6%Sodium Hypochlorite 1000 ml. /ขวด"
"AS195972","Tetracycline hydrochloride 100 g. /ขวด"
"AS195971","Malt extract 500 g. /ขวด"
"AS195970","Mannitol salt agar 500 g. /ขวด"
"AS195969","K-Y jelly 82 กรัม /หลอด"
"AS195968","10% PROVIDIN SOLUTION . 450 ml /ขวด"
"AS195967","0.9% NSS 2 ml 100 ขวด /กล่อง"
"AS195966","ว่าง"
"AS195965","Protease Inhibitor Cocktail,mini-Tablet (EDTA-Free) 1 mg 25 ชิ้น /แพค"
"AS195964","PhosSTOP 5 mg 10 เม็ด /แพค"
"AS195963","PD0325901 1 ml 1 หลอด /แพค"
"AS195962","Glycine for electrophoresis 500 g 1 /ขวด"
"AS195961","GAPDH antibody 200 ug 1 /ขวด"
"AS195960","น้ำยาล้างฟิล์มเอกซเรย์ 5 L 2 ขวด /ชุด"
"AS195959","Amersham ECL Western Blotting Detection Reagent 250 ml 2 ขวด /ชุด"
"AS195958","Immobilon-P 0.45 um 1 ม้วน /กล่อง"
"AS195957","Goat Anti-Rabbit lgG Antibody 2 ml 1 /ขวด"
"AS195956","Goat Anti-Mouse lgG Antibody 2 ml 1 /ขวด"
"AS195955","Glycerol Bio Reagent 100 ml 1 /ขวด"
"AS195954","Tris-HCL 500 g 1 /ขวด"
"AS195953","Acrylamide-Bis solution 30% 1,000 ml 1 /ขวด"
"AS195952","เบนโซอิก แอซิค ชนิดอัดเม็ด Solid 50 เม็ด /กล่อง"
"AS195951","เจลตรวจคลื่นไฟฟ้าหัวใจ (Electrical Conductive Gel) Solid 260 กรัม /ขวด"
"AS195950","Tris-(hydroxymethyl)aminomethane (Tris-Base) C4H11NO377-86-1 molecular solid MW 121.14 1 กิโลกรัม /ขวด"
"AS195949","Magnesium Oxide light MgO1309-48-4 AR ของแข็ง 1 Kg /ขวด"
"AS195948","ชุดสีย้อม AFB Stain Set Kinyoun Liquid 450 มิลลิลิตร 4 ขวด /ชุด"
"AS195947","Sodium Hypochlorite NaClO A.R Liquid 1000 มิลลิลิตร /ขวด"
"AS195946","Petroleum ether 30-60 °C A.R Liquid 2.5 ลิตร /ขวด"
"AS195945","Nessler’s reagent A.R Liquid 500 มิลลิลิตร /ขวด"
"AS195944","Zinc sulfate ZnSO₄ A.R Solid 500 กรัม /ถุง"
"AS195943","Potassium Tellurite A.R Solid 50 กรัม /ขวด"
"AS195942","Potassium Hydroxide KOH A.R Solid 1000 กรัม /ขวด"
"AS195941","Mercuric Chloride HgCl2 A.R Solid 100 กรัม /ขวด"
"AS195940","Hematoxilin A.R Solid 100 กรัม /ขวด"
"AS195939","Glycine A.R Solid 500 กรัม /ขวด"
"AS195938","L-Cysteine hydrochloride C3H7NO2S.HCl A.R Solid 25 กรัม /ขวด"
"AS195937","D-(+)-Cellobiose A.R Solid 5 กรัม /ขวด"
"AS195936","Bovine serum albumin (BSA) A.R Solid 100 กรัม /ขวด"
"AS195935","Ammonium Bicarbonate NH₄HCO₃ A.R Solid 500 กรัม /ขวด"
"AS195934","Ammonium phosphate monobasic (NH4)H2PO4 A.R Solid 500 กรัม /ขวด"
"AS195933","Adonitol A.R Solid 5 กรัม /ขวด"
"AS195932","Agar A.R Solid 1 กิโลกรัม /ขวด"
"AS195931","PCR supermix molecular grade liquid 100 reactions /ชุด"
"AS195930","Murashige & Skoog (MS) Medium plant cell culture powder 25 L /ซอง"
"AS195929","Promisemed safety lancet (100 Pcs/Box) Solid 28G 1.8 mm. 1 /กล่อง"
"AS195928","ชุดทดสอบประสิทธิภาพการฆ่าเชื้อ autovlave (spore test) Liquid 1 /แพ็ค"
"AS195927","Nalidixic acid, Free acid Liquid 1 g 1 /ขวด"
"AS195926","One PCR Liquid 100 RXN 1 /ชุด"
"AS195925","Fecal occult blood (FOB) test classette "" Solid 50 ng. 25 test 1 /ชุด"
"AS195924","ESR With Self Leveling System /Pack Solid 100 ชิ้น 1 /กล่อง"
"AS195923","กระป๋องเก็บปัสสาวะ(ใส) ถุง Solid เบอร์2 500 อัน 1 /ถุง"
"AS195922","Control plasma normal Liquid 6*1 ml. 1 /ชุด"
"AS195921","Conical tube (screw cap) Liquid 2 ml. 500 ชิ้น /แพ็ค"
"AS195918","แปรงล้าง tube Solid 1x5 ซม. ยาว 13 ซม.  1 /อัน"
"AS195920","Reusable filter unit Solid 1 /ชิ้น"
"AS195919","Filter Holder, Top only Liquid 47 mm. 500 ml. 2 /ขวด"
"AS195917","Albumin human fraction v powder 5 g Solid 5 g. 1 /ขวด"
"AS194857","น้ำยาล้างเครื่องแก้ว (Cleaning solution for glassware),Comercial grade ,Liquid 3.6 L /แกลลอน"
"AS195619","Dichloromethane CH2Cl2 75-09-2 commercial liquid 20 L 1 ถัง /ถัง"
"AS195916","Thiamine hydrochloride AR Solid 250 g /ขวด"
"AS195915","Turpentine oil (น้ำมันสน) Liquid 1 kg /ขวด"
"AS195914","Liquified Phenol Liquid 500 ml /ขวด"
"AS195913","Acetylsalicylic acid (Aspirin) AR Solid 500 g /ขวด"
"AS195912","L-Ascorbic acid 99% solid 25 g 1 ขวด /ขวด"
"AS195911","Albumin human fraction V solid 5 g 1 ขวด /ขวด"
"AS195910","Acrodisc (syring filter) solid 0.2 UM 32 mm 50 ชิ้น /แพ็ค"
"AS195909","10K Microsep, Omega membrane solid 15 ml 24 ชิ้น /แพ็ค"
"AS195908","Promisemed safely lancet solid 28 G 1.8 mm 100 ชิ้น /กล่อง"
"AS195907","Control plasma abnormal liquid 6x1 ml 1 ml 6 ขวด /ชุด"
"AS195906","Urine analysis control liquid 8x3 ml 3 ml 8 ขวด /แพ็ค"
"AS195905","Urine analysis control liquid 8x3 ml 3 ml 8 ขวด /แพ็ค"
"AS195904","96 WELL MICROPLATE, WHITE, NON-STERILE Solid 100 ชิ้น /แพ็ค"
"AS195903","Phloroglucinol liquid 25 g 1 /ขวด"
"AS195902","SD BIOLINE HCV Cassette solid 30 test /ชุด"
"AS195901","Lithium chloride anhydrous 500 g /ขวด"
"AS195900","a-Amylase from malt 100 g /ขวด"
"AS195899","Sodium carbonate anhydrous AR 500 g /ขวด"
"AS195898","Potassium sodium tartrate AR 500 g /ขวด"
"AS195897","Ammonium nitrate 500 g /แพ็ค"
"AS195896","Glycine AR 0.995 1 L /ขวด"
"AS195895","Phenol crystals 500 g /ขวด"
"AS195894","D-glucose anhydrous AR 500 g /ขวด"
"AS195893","Manganese (II) Sulphate monohydrate AR 500 g /ขวด"
"AS195892","Wright rapid stain (Dipquick) 450 ml /3 ขวด /ชุด"
"AS195891","Sodium bromide AR 500 g /ขวด"
"AS195890","6-Benzylaminopurine 1 g /ขวด"
"AS195889","Zinc sulfate heptahydrate 500 g /ขวด"
"AS195888","Glycine 500 g /ขวด"
"AS195887","Agar 500 g /กระป๋อง"
"AS195886","Potassium Hydrogen Phthalate 500 g /ขวด"
"AS195885","1,10-Phenanthroline monohydrate AR 5 g /ขวด"
"AS195884","Calcium Acetate H2O 500 g /ขวด"
"AS195883","Potassium Acetate 500 g /ขวด"
"AS195882","Cobalt (II) Chloride 6 Hydrate 100 g /ขวด"
"AS195881","2-Mercaptoethanol 250 ml /ขวด"
"AS195880","PBS (Phosphate Buffered Saline pH 7.4 10 เม็ด /ขวด"
"AS195879","Broad Spectrum Protease Inhibior Cocktail (100X) 1 ml /หลอด"
"AS195878","Mr Frosty Container Freezing Container 18 หลุม /ชิ้น"
"AS195877","cell culture flask , Filter Cap 75 ลูกบาศ์กเซนติเมตร 100 ชิ้น /กล่อง"
"AS195876","cell culture flask , Filter Cap 25 ลูกบาศ์กเซนติเมตร 200 ชิ้น /กล่อง"
"AS195875","cell culture dish 60×15 mm 500 ชิ้น /กล่อง"
"AS195874","DEPC-treated Water 1609-47-8 Molecular Biology Grade liquid 100 ml /ขวด"
"AS195873","BCA Protein assay liquid 500 ตัวอย่าง /หลอด"
"AS195872","30% Acrylamide/Bis Solution, 29:1 liquid 500 ml /ขวด"
"AS195871","3,5-Dinitrosalicylic acid 609-99-4 powder 100 g /ขวด"
"AS195870","Griess reagent (modigied) 215-981-2 solid 10 g /ขวด"
"AS195869","N,N-dimethylnaphthylamine 86-56-6 powder 100 g /ขวด"
"AS195868","4% PFA (Paraformaldehyde) 30525-89-4 liquid 250 ml /ขวด"
"AS195867","ABTS (2,2'-azino-bis (3-ethylbenzthiazoline-6-sulphonic acid) 30931-67-0 analytical standard powder 2 g /ขวด"
"AS195866","ยาดม 2 ml /หลอด"
"AS195865","ยาหม่อง 22 g /ขวด"
"AS195864","ขมิ้นชัน capsule 1 แผง เม็ด /แผง"
"AS195863","ผงเกลือแร่ 1 ซอง /ซอง"
"AS195862","activated charcoal 10's 260 mg เม็ด /แผง"
"AS195861","ครีมรักษาแผลไฟไหม้น้ำร้อนลวก 10 g /หลอด"
"AS195860","ยาเคลือบกระเพาะ (simethicone) 10's 80 mg เม็ด /แผง"
"AS195859","cetrizin (cetirizine) 10 mg เม็ด /แผง"
"AS195858","ยาลดกรดในกระเพาะอาหารแบบเม็ด 1 แผง เม็ด /แผง"
"AS195857","Paracetamon 500 mg 100 เม็ด /ขวด 1 กระปุก เม็ด /เม็ด"
"AS195856","Zinc PCA 100 g /ขวด"
"AS195855","WaterLock™ (Polyquaternium-51) 100 g /ขวด"
"AS195854","Velvesil 125 (Cyclopentasiloxane (and) C30-45 Alkyl Cetearyl Dimethicone Crosspolymer) 1 kg /ขวด"
"AS195853","Trimethylsiloxysilicate 200 g /ขวด"
"AS195852","Trimethylsiloxysilicate 100 g /ขวด"
"AS195851","Tributyl citrate 100 g /ขวด"
"AS195850","Tributyl citrate 50 g /ขวด"
"AS195849","Tranexamic acid 25 g /ขวด"
"AS195848","TETRAAMINOPYRIMIDINE SULFATE 100 g /ขวด"
"AS195847","TETRAAMINOPYRIMIDINE SULFATE 50 g /ขวด"
"AS195846","TETRAAMINOPYRIMIDINE SULFATE 10 g /ขวด"
"AS195845","SWD 7556 Titanium dioxide (สีขาว) 1 kg /ขวด"
"AS195844","SWD 7556 Titanium dioxide (สีขาว) 500 g /ขวด"
"AS195843","SWD 7556 Titanium dioxide (สีขาว) 200 g /ขวด"
"AS195842","SWD 5073 Yellow iron oxide 1 kg /ขวด"
"AS195841","SWD 5073 Yellow iron oxide 500 g /ขวด"
"AS195840","SWD 5018 Ultrimaline blue (สีน้ำเงิน) 1 kg /ขวด"
"AS195839","SWD 5018 Ultrimaline blue (สีน้ำเงิน) 500 g /ขวด"
"AS195838","SWD 4519 DC Red 6 Na (สีส้ม) 1 kg /ขวด"
"AS195837","SWD 4519 DC Red 6 Na (สีส้ม) 500 g /ขวด"
"AS195836","SWD 4512 DC Red 7 Ca (สีแดง) 1 kg /ขวด"
"AS195835","SWD 4512 DC Red 7 Ca (สีแดง) 500 g /ขวด"
"AS195834","SWD 4512 DC Red 7 Ca (สีแดง) 200 g /ขวด"
"AS195833","Stearalkonium hectorite 1 kg /ขวด"
"AS195832","Sodium C14-16 olefin sulfonate 1 kg /ขวด"
"AS195831","SFE839 (Cyclopentasiloxane (and) Dimethicone (and) Dimethicone/Vinyl Dimethicone Crosspolymer) 5 kg /ขวด"
"AS195830","Rosemary Oil (Perfume) 200 ml /ขวด"
"AS195829","Resorcinol 500 g /ขวด"
"AS195828","Propylene carbonate 1 kg /ขวด"
"AS195827","Propanediol 1 kg /ขวด"
"AS195826","p-PHENYLENEDIAMINE 100 g /ขวด"
"AS195825","Potassium cetyl phosphate 100 g /ขวด"
"AS195824","Polysilicone-15 100 g /ขวด"
"AS195823","Polysilicone-15 50 g /ขวด"
"AS195822","Polysilicone-15 25 g /ขวด"
"AS195821","Polyethylene wax (Soft) 1 kg /ขวด"
"AS195820","Polyethylene wax (Soft) 500 g /ขวด"
"AS195819","Polyester-7 100 g /ขวด"
"AS195818","Polyaminopropyl biguanide 100 g /ขวด"
"AS195817","Polyaminopropyl biguanide 50 g /ขวด"
"AS195816","Pentylene glycol 1 kg /ขวด"
"AS195815","MONTANOV 68 500 g /ขวด"
"AS195814","MONTANOV 68 500 g /ขวด"
"AS195813","MONTANOV 68 100 g /ขวด"
"AS195812","Methyl gluceth-20 1 kg /ขวด"
"AS195811","Melatonin Forte 100 g /ขวด"
"AS195810","m-AMINOPHENO 100 g /ขวด"
"AS195809","m-AMINOPHENO 50 g /ขวด"
"AS195808","m-AMINOPHENO 10 g /ขวด"
"AS195807","Linalool 100 g /ขวด"
"AS195806","Lauryl PEG-9 polydimethylsiloxyethyl dimethicone 1 kg /ขวด"
"AS195805","Lauryl PEG-9 polydimethylsiloxyethyl dimethicone 500 g /ขวด"
"AS195804","Lanette N 1 kg /ขวด"
"AS195803","Lanette N 500 g /ขวด"
"AS195802","Lanette N 250 g /ขวด"
"AS195801","Hydrogenated styrene/methyl styrene/indene copolymer 1 kg /ขวด"
"AS195800","Gluconolactone (and) Sodium benzoate 100 g /ขวด"
"AS195799","Gluconolactone (and) Sodium benzoate 50 g /ขวด"
"AS195798","Gluconolactone (and) Sodium benzoate 10 g /ขวด"
"AS195797","Gellan gum (low acyl) 100 g /ขวด"
"AS195796","Gellan gum (high acyl) 100 g /ขวด"
"AS195795","Ethylhexyl triazone (Octyltriazone, EHT) 100 g /ขวด"
"AS195794","Ethylhexyl triazone (Octyltriazone, EHT) 50 g /ขวด"
"AS195793","Ethyl ascorbic acid 100 g /ขวด"
"AS195792","Ethyl ascorbic acid 50 g /ขวด"
"AS195791","Ethyl ascorbic acid 25 g /ขวด"
"AS195790","Disodium laureth sulfosuccinate 1 kg /ขวด"
"AS195789","Dimethyl lauramide/myristamide 100 g /ขวด"
"AS195788","Dimethicone 1 Secs 100 g /ขวด"
"AS195787","DHHB (Diethylamino Hydroxybenzoyl Hexyl Benzoate) 50 g /ขวด"
"AS195786","Creatine 100 g /ขวด"
"AS195785","Cocamidopropyl hydroxysultaine 1 kg /ขวด"
"AS195784","Caprylyl 2-glyceryl ascorbate (GO-VC) 50 g /ขวด"
"AS195783","Caprylyl 2-glyceryl ascorbate (GO-VC) 10 g /ขวด"
"AS195782","Capryloyl salicylic acid 100 g /ขวด"
"AS195781","Capryloyl salicylic acid 50 g /ขวด"
"AS195780","Capryloyl salicylic acid 25 g /ขวด"
"AS195779","C30-45 alkyl methicone 1 kg /ขวด"
"AS195778","MONTANOV L (C14-22 alcohols (and) C12-20 alkyl glucoside) 1 kg /ขวด"
"AS195777","Bis-PEG-18 Methyl Ether Dimethyl silane 500 g /ขวด"
"AS195776","Bis-PEG-18 Methyl Ether Dimethyl silane 100 g /ขวด"
"AS195775","Bis-PEG-18 Methyl Ether Dimethyl silane 50 g /ขวด"
"AS195774","Bisoctrizole 100 g /ขวด"
"AS195773","Bis-diglyceryl polyacyladipate-2 500 g /ขวด"
"AS195772","Bis-diglyceryl polyacyladipate-2 100 g /ขวด"
"AS195771","Biotin (Trade name: Biotin Express™ ) 100 g /ขวด"
"AS195770","Biosaccharide gum-1 500 g /ขวด"
"AS195769","Benzophenone-4 50 g /ขวด"
"AS195768","Oxybenzone 100 g /ขวด"
"AS195767","Basic brown 16 100 g /ขวด"
"AS195766","Ascorbyl glucoside (AA-2G) 100 g /ขวด"
"AS195765","Ascorbyl glucoside (AA-2G) 25 g /ขวด"
"AS195764","Aristoflex AVC 500 g /ขวด"
"AS195763","Aristoflex AVC 100 g /ขวด"
"AS195762","Aminopropyl dimethicome 1 kg /ขวด"
"AS195761","Aminopropyl dimethicome 500 g /ขวด"
"AS195760","6-AMINO-m-CRESOL >98.0%(GC)(T) 500 g /ขวด"
"AS195759","6-AMINO-m-CRESOL >98.0%(GC)(T) 100 g /ขวด"
"AS195758","6-AMINO-m-CRESOL >98.0%(GC)(T) 25 g /ขวด"
"AS195757","5-amino-o-cresol >98.0%(GC)(T) 500 g /ขวด"
"AS195756","5-amino-o-cresol >98.0%(GC)(T) 100 g /ขวด"
"AS195755","5-amino-o-cresol >98.0%(GC)(T) 25 g /ขวด"
"AS195754","4-Methylbenzylidene camphor 500 g /ขวด"
"AS195753","4-Methylbenzylidene camphor 100 g /ขวด"
"AS195752","4-Methylbenzylidene camphor 25 g /ขวด"
"AS195751","4-(METHYLAMINO)PHENOL SULFATE >98.0%(HPLC)(N) 500 g /ขวด"
"AS195750","4-(METHYLAMINO)PHENOL SULFATE >98.0%(HPLC)(N) 100 g /ขวด"
"AS195749","4-(METHYLAMINO)PHENOL SULFATE >98.0%(HPLC)(N) 25 g /ขวด"
"AS195748","4-CHLORORESORCINOL >98.0%(GC)(T) 500 g /ขวด"
"AS195747","4-CHLORORESORCINOL >98.0%(GC)(T) 100 g /ขวด"
"AS195746","4-CHLORORESORCINOL >98.0%(GC)(T) 25 g /ขวด"
"AS195745","4-aminophenol >98.0%(GC)(T) 500 g /ขวด"
"AS195744","4-aminophenol >98.0%(GC)(T) 100 g /ขวด"
"AS195743","4-aminophenol >98.0%(GC)(T) 25 g /ขวด"
"AS195742","4-Amino-m-cresol >98.0%(GC)(T) 500 g /ขวด"
"AS195741","4-Amino-m-cresol >98.0%(GC)(T) 100 g /ขวด"
"AS195740","4-Amino-m-cresol >98.0%(GC)(T) 25 g /ขวด"
"AS195739","4-AMINO-3-NITROPHENOL >97.0%(T) 500 g /ขวด"
"AS195738","4-AMINO-3-NITROPHENOL >97.0%(T) 100 g /ขวด"
"AS195737","4-AMINO-3-NITROPHENOL >97.0%(T) 25 g /ขวด"
"AS195736","3-methyl-1-phenyl-5-pyrazolone >98.0%(HPLC)(T) 500 g /ขวด"
"AS195735","3-methyl-1-phenyl-5-pyrazolone >98.0%(HPLC)(T) 100 g /ขวด"
"AS195734","3-methyl-1-phenyl-5-pyrazolone >98.0%(HPLC)(T) 25 g /ขวด"
"AS195733","3-aminophenol >98.5%(GC)(T) 500 g /ขวด"
"AS195732","3-aminophenol >98.5%(GC)(T) 100 g /ขวด"
"AS195731","3-aminophenol >98.5%(GC)(T) 25 g /ขวด"
"AS195730","30% Sodium lauroyl sarcosinate 1 kg /ขวด"
"AS195729","30% Cetrimonium chloride 1 kg /ขวด"
"AS195728","2-Nitro-1,4-phenylenediamine >94.0%(T) 500 g /ขวด"
"AS195727","2-Nitro-1,4-phenylenediamine >94.0%(T) 100 g /ขวด"
"AS195726","2-Nitro-1,4-phenylenediamine >94.0%(T) 25 g /ขวด"
"AS195725","2-METHYLRESORCINOL >98.0%(GC) 500 g /ขวด"
"AS195724","2-METHYLRESORCINOL >98.0%(GC) 100 g /ขวด"
"AS195723","2-METHYLRESORCINOL >98.0%(GC) 25 g /ขวด"
"AS195722","2-Chloro-1,4-phenylenediamine Sulfate >98.0%(HPLC)(N) 500 g /ขวด"
"AS195721","2-Chloro-1,4-phenylenediamine Sulfate >98.0%(HPLC)(N) 100 g ขวด"
"AS195720","2-Chloro-1,4-phenylenediamine Sulfate >98.0%(HPLC)(N) 25 g /ขวด"
"AS195719","2-amino-4-nitrophenol >98.0%(T) 500 g ขวด"
"AS195718","2-amino-4-nitrophenol >98.0%(T) 100 g /ขวด"
"AS195717","2-AMINO-3-HYDROXYPYRIDINE >98.0%(HPLC)(T) 100 g /ขวด"
"AS195716","2-AMINO-3-HYDROXYPYRIDINE >98.0%(HPLC)(T) 25 g /ขวด"
"AS195715","2,7-Dihydroxynaphthalene >99.0%(GC) 500 g /ขวด"
"AS195714","2,7-Dihydroxynaphthalene >99.0%(GC) 100 g /ขวด"
"AS195713","2,7-Dihydroxynaphthalene >99.0%(GC) 25 g /ขวด"
"AS195712","2,6-Bis[(2-hydroxyethyl) amino] toluene >98.0%(GC)(T) 100 g /ขวด"
"AS195711","2,6-Bis[(2-hydroxyethyl) amino] toluene >98.0%(GC)(T) 25 g /ขวด"
"AS195710","2,5-Diaminotoluene Sulfate >98.0%(HPLC)(T) 500 g /ขวด"
"AS195709","2,5-Diaminotoluene Sulfate >98.0%(HPLC)(T) 100 g /ขวด"
"AS195708","2,5-Diaminotoluene Sulfate >98.0%(HPLC)(T) 25 g /ขวด"
"AS195707","2,4,5,6-Tetraaminopyrimidine Sulfate >98.0%(T) 100 g /ขวด"
"AS195706","2,4,5,6-Tetraaminopyrimidine Sulfate >98.0%(T) 25 g /ขวด"
"AS195705","1,4-Phenylenediamine Sulfate >98.0%(GC)(T) 500 g /ขวด"
"AS195704","1,4-Phenylenediamine Sulfate >98.0%(GC)(T) 100 g /ขวด"
"AS195703","1,4-Phenylenediamine Sulfate >98.0%(GC)(T) 25 g /ขวด"
"AS195702","ชุดทดสอบยาปฏิชีวนะและยาต้านจุลชีพในนมและผลิตภัณฑ์นม liquid 100 ตัวอย่าง /กล่อง"
"AS195701","ชุดทดสอบสเตียรอยด์ในเครื่องสำอาง liquid 10 ตัวอย่าง /กล่อง"
"AS195700","ชุดทดสอบ Humasis Influenza A/B antigen test liquid 25 ตัวอย่าง /กล่อง"
"AS195699","Ammonium Peroxodisulphate 1000 g /ขวด"
"AS195698","Transfer pipet PE 3 ml /แพ็ค"
"AS195697","Amoxycillin 10 ug /หลอด"
"AS195696","Methyl orange,solution 12 ml /ขวด"
"AS195695","ตลับกรองกรดแก๊สและไอสารอินทรีย์ /ชิ้น"
"AS195694","Zirconyl chloride octahydrate 100 g /ขวด"
"AS195693","SPADNS 10 g /ขวด"
"AS195692","Ammonium metavanedate 100 g /ขวด"
"AS195685","เจลแอลกอฮอล์ล้างมือ 500 ml.  /ขวด"
"AS195687","Ripa Buffer Sterile Filtered 500 ml /ขวด"
"AS195691","Trypsin-EDTA 500 ml /ขวด"
"AS195690","Trypan Blue Stain 100 ml /ขวด"
"AS195689","Phosphate-Buffered Saline (PBS) 500 ml /ขวด"
"AS195688","D-Mem(1X) 500 ml /ขวด"
"AS195686","Blueye Prestained Protein Ladder 500 ul /หลอด"
"AS195684","NSS (น้ำเกลือ แบบพลาสติก) 5 ml. 100 ชิ้น /กล่อง"
"AS195683","NSS (น้ำเกลือ แบบพลาสติก) 3 ml. /กล่อง"
"AS195682","50% dextrose solution 50ml. /ขวด"
"AS195681","สารเหลวกลีเซอรีน 500 ml. /ขวด"
"AS195680","วาสลีนปิโตรเลี่ยมเจล 100 ml. /กระปุก"
"AS195679","D-5-W 100 ml. /ขวด"
"AS195678","น้ำกลั่น (Sterile water) 3 ml. 50 amp. /กล่อง"
"AS195498","Zinc sulfate heptahydrate [ZnSO4·7H2O] cas no.7446-20-0 AR grade ,Solid 500 g /ขวด"
"AS195495","Manganese (II) Sulfate tetrahydrate [MnSO4·4H2O] cas no.10101-68-5 AR grade ,Solid 1 kg /ขวด"
"AS195677","แอลกอฮอล์เจล 75% หัวปั๊ม 500 ml. /1 ขวด"
"AS195660","Xylenol orange 5 g liquid /1 ขวด"
"AS195659","Phloroglucinol 1 g liquid /1 ขวด"
"AS195658","optochin disc solid 5 หลอด /แพ็ค"
"AS195657","novobiocin disc solid 5 หลอด /แพ็ค"
"AS195656","Fecal occult blood test classette ""25 test/kit"" (100ng) 100 ng solid 25 test /แพ็ค"
"AS195655","Ceftaroline Disc 30 ug solid 5 หลอด /แพ็ค"
"AS195654","Bilirubin 1 g liquid /1 ขวด"
"AS195653","Albumin from human serum 1 g liquid /1 ขวด"
"AS195676","Test tube (plastic) solid 13*100 mm 500 ชิ้น /แพ็ค"
"AS195675","Plate Elisa strip (469949) solid 10 กล่องเล็ก /กล่อง"
"AS195674","microtube, clear solid 0.6 ml /1 แพ็ค"
"AS195673","immunoplate solid 100 ชิ้น 100 ชิ้น /กล่อง"
"AS195672","gel loading tip 200 ul higed rack solid 200 ul /1 กล่อง"
"AS195671","gel loading tip 200 ul solid 200 ul /1 แพ็ค"
"AS195670","Filters Tips Sterile Low retention, 960/PKG (1pg-ufpt-f--200L 200uL) solid 200 ul /1 แพ็ค"
"AS195669","Filters Tips Sterile Low retention, 960/PKG (1pg-ufpt-f-10L: 0.1-10uL solid 10 ul /1 แพ็ค"
"AS195668","EDTA Blood tube สูญญากาศ solid 6 ml /1 แพ็ค"
"AS195667","Cotton swab (Steriled) 3-5 ชิ้น/ซอง solid 50 ซอง /แพ็ค"
"AS195666","DG Gel Rh Pheno 100 test solid/gel 50*2 cards 1 cards กล่อง"
"AS195665","Anti-Mia liquid 5 ml /1 ขวด"
"AS195664","DiaCidel solid 1*10 test /1 ชุด"
"AS195663","Anti - E liquid 5 ml /1 ขวด"
"AS195662","Anti - c liquid 5 ml /1 ขวด"
"AS195661","Sodium Carbonate anhydrous (Na2CO3) solid 500 g /1 ขวด"
"AS195652","Polyvinyl alcohol (P.V.A.) (CH2CHOH)n9002-89-5 AR solid 500 g /ขวด"
"AS195651","2-Chloro-4-nitrophenyl-α-D-maltotrioside ≥96.0% C24H34CINO18118291-90-0 HPLC solid 100 mg. /ขวด"
"AS195650","เจลว่านหางจระเข้ 25 g. 1 หลอด /กล่อง"
"AS195649","ยาแก้ฟกซ้ำบวม (Reparil-Gel) 40 g. 1 หลอด /กล่อง"
"AS195648","เจลบรรเทาปวด เคาน์เตอร์เพนคูล 120 g. 1 หลอด /กล่อง"
"AS195647","ยาธาตุน้ำแดง 300 ml. 1 ขวด /ขวด"
"AS195646","ยาเม็ดแก้แพ้ (Cetirizine) 10 mg. 10 เม็ด /แผง"
"AS195645","ยาเม็ดแก้แพ้ (CPM) 4 mg. 100 เม็ด /กระปุก"
"AS195644","ผงน้ำตาลเกลือแร่ (แก้ท้องเสีย/ท้องร่วง) 3.3 g. 1 ซอง /ซอง"
"AS195643","ยาแก้ไอ ตราเสือดาว 120 ml. 1 ขวด /ขวด"
"AS195642","ยาแก้ปวดท้อง ลดการบีบตัวของลำไส้ (Buscopan) 10 mg. 10 เม็ด /แผง"
"AS195641","ยาแก้ท้องเสีย (Diarine) 2 mg. 10 เม็ด /แผง"
"AS195640","ยาแก้อาเจียน (Molax) 10 mg. 10 เม็ด /แผง"
"AS195639","ยาแก้ผื่นคัน (Calamine) 120 ml. 1 ขวด /ขวด"
"AS195638","ยาดมแก้วิงเวียนและคัดจมูก 1.7 ml. 1 หลอด /หลอด"
"AS195637","ยาหยอดตา ซัลฟาเซตาไมด์ 5 ml. 1 ขวด /กล่อง"
"AS195636","ยาแดงใส่แผลสด 30 ml. 1 ขวด /ขวด"
"AS195635","ยาเบตาดีน 15 ml. 1 ขวด /ขวด"
"AS195634","ชุดทำแผลปลอดเชื้อ 1 ชุด /ชุด"
"AS195633","ไม้พันสำลี ปลอดเชื้อ 6 นิ้ว 5 ก้าน /ห่อ"
"AS195632","เทปแต่งแผล ชนิดใส 2 นิ้ว 2 นิ้ว 1 ม้วน /กล่อง"
"AS195631","แผ่นก๊อซปิดแผลพร้อมแผ่นซับ ชนิดไม่ติดแผล 6*7 cm. 5 ชิ้น /กล่อง"
"AS195630","ผ้าก๊อซ แผ่นพับสำเร็จรูป 4*4 นิ้ว 10 ห่อ /กล่อง"
"AS195629","Sodium acetate anhydrous CH3COONa127-09-3 AR power 500 g 1 ขวด /ขวด"
"AS195628","Zinc standard solution 1000 ppm -- Analytical standard liquid 500 ml 1 ขวด /ขวด"
"AS195627","Sulfa ver 4 reagent powder pillows -- - powder - - 100 ซอง /แพ็ค"
"AS195626","Soda lime CaHNaO28006-28-8 AR solid 1000 g 1 ขวด /ขวด"
"AS195625","2,6-Dichlorophenol Indophenol Sodium Salt Dihydrate C12H6NNa.2H2O620-45-1 AR powder 5 g 1 ขวด /ขวด"
"AS195624","Glyphosate {N-(phosphonomethyl) glycine] C3H8NO5P1071-83-6 AR solid 5 g 1 ขวด /ขวด"
"AS195623","Murashige & Skoog (MS) Medium -- AR solid 500 g 1 ขวด /ขวด"
"AS195622","Genomic DNA isolation kit from tissue -- Molecular liquid - - 50 preps /กล่อง"
"AS195621","Iron standard solution 1000 ppm -- Analytical standard liquid 500 ml 1 ขวด /ขวด"
"AS195620","Gum arabic (from acacia tree) -9000-01-5 AR solid 500 g 1 ขวด /ขวด"
"AS195618","L-arginine Food 1 kg /ถุง"
"AS195617","SUGAR SQUALANE 1 kg /ขวด"
"AS195616","Span 83 (Sorbitan sesquioleate ) 1 kg /ขวด"
"AS195615","Rice bran oil cosmetic 1 kg /ขวด"
"AS195614","HAIMALATE DIS (Diisostearyl malate) 1 kg /ขวด"
"AS195613","Alpha arbutin 100 g /ถุง"
"AS195612","AZELOGLICINA (Potassium azeloyl diglycinate) 1 kg /ขวด"
"AS195611","Lipsi Red 70ER 1 kg /ขวด"
"AS195610","Liquified Phenol Com 100 ml /ขวด"
"AS195609","Dextrose 5% AR 100 ml /ขวด"
"AS195608","Lake Tartrazine Com 1 kg /ขวด"
"AS195607","Lake Ponceau4R Com 1 kg /ขวด"
"AS195606","Lake Brilliant Blue Com 1 kg /ขวด"
"AS195605","Sulfadiazine ยา 500 g /ขวด"
"AS195604","Methyl cellulose 1500 AR 100 g /ถุง"
"AS195603","Magnesium sulfate AR 1 kg /ถุง"
"AS195602","Magnesium carbonate (LIGHT) EXTRA PURE 500 g /ขวด"
"AS195601","Benzophenone-3 cosmetic 100 g /ถุง"
"AS195600","Sterile water for injection AR 5 ml 50 ขวด /กล่อง"
"AS195599","Sodium hydroxide AR 500 g /ขวด"
"AS195598","X-V FACTOR solid /หลอด"
"AS195597","V-FACTOR solid /หลอด"
"AS195596","X-FACTOR solid /หลอด"
"AS195595","Meropenem MRP solid 10 MCG 5 หลอด /แพ็ค"
"AS195594","CEFOTAXIME solid 30 MCG 5 หลอด /แพ็ค"
"AS195593","Ertapenem ETP solid 10 MCG 5 หลอด /แพ็ค"
"AS195592","STREPTOMYCIN HLS solid 300 MCG 5 หลอด /แพ็ค"
"AS195591","KETOCONAZOLE KT solid 10 MCG 5 หลอด /แพ็ค"
"AS195590","AZTREONAM solid 30 MCG 5 หลอด /แพ็ค"
"AS195589","TETRACYCLINE TE solid 10 MCG 5 หลอด /แพ็ค"
"AS195588","FLUCONAZOLE FLC solid 10 MCG 5 หลอด /แพ็ค"
"AS195587","AMPICILLIN solid 30 MCG 5 หลอด /แพ็ค"
"AS195586","AMPICILLIN AMP solid 2 MCG 5 หลอด /แพ็ค"
"AS195585","FLUCONAZOLE EZY MIC STRIP solid 30 ST 30 STRIPS /แพ็ค"
"AS195584","SPORE STRIPS, solid 25 STRIPS /แพ็ค"
"AS195583","Ethanol absolute C2H5OHcas no.64175 Liquid 4 ลิตร /ขวด"
"AS195582","Potassium metabisulfite K2S2O5cas no.16731-55-8 AR, Solid 1 กก. /ขวด"
"AS195581","Ammonium iron (II) sulfate hexahydrate (NH4)2Fe(SO4)2·6H2Ocas no.7783-85-9 AR, Solid 1 กก. /ขวด"
"AS195580","Magnesium sulphate heptahydrate MgSO4·7H2Ocas no.10034998 AR, Solid 1 กก. /ขวด"
"AS195579","Acetylacetone [C6H12O6] cas no.123-54-6 ,AR grade Liquid 1 ลิตร /ขวด"
"AS195578","Myo-Inositol [C6H12O6] cas no.87-89-8 ,AR grade Solid 100 กรัม /ขวด"
"AS195577","SafeView FireRed 1 ml หลอด /หลอด"
"AS195576","Lysozyme 5 g ขวด /ขวด"
"AS195575","สกิม มิลล์ เอการ์ (Skim milk agar) 500 g ขวด /ขวด"
"AS195574","Alkaline phosphatase ALP 4x30 ml/คิท ตัวอย่าง /กล่อง"
"AS195573","ไส้กรองคู่ เบอร์ 6300 คู่ /คู่"
"AS195572","หน้ากากกรองสารเคมีไส้กรองคู่ รุ่น 6200 อัน /อัน"
"AS195571","กล่องทิ้งเข็ม 5x7 นิ้ว กล่อง /กล่อง"
"AS195570","Cryo tube 2 ml ชิ้น /แพ็ค"
"AS195569","Liquid paraffin grade BP/Liquid 800 g /ขวด"
"AS195568","Amaranth grade AR/Solid 50 g /ขวด"
"AS195567","Mefenamic acid grade AR/Solid 50 g /ขวด"
"AS195566","Paracetamol (ยาพาราเซตามอล) ขนาด 500 มิลลิกรัม - 10 เม็ด /แผง"
"AS195565","ยาแก้แพ้ ขนาด 60 มิลลิกรัม ชนิดไม่ง่วง 10 เม็ด /แผง"
"AS195152","ชุดทดสอบหาแอนติเจนไวรัส (Humasis Influenza Ag Plus) 30 strip /box"
"AS195564","Entellan new ,Liquids 500 ml /ขวด"
"AS195563","Anti-Human IgG (H+L) Antibody ,Peroxidase labeled ,Liquids 1 mg / pack"
"AS195562","Alere HIV Combo ,Liquids 100 tests / pack"
"AS195561","TMB CHROMOGEN SOLUTION ,Liquids 500 ml / BOTTLE"
"AS195560","Extrelut NT cas no.68855-54-9 /Set"
"AS195559","n-Hexane 95% PR [C6H14]cas no.110-54-3 ,HPLC grade ,Liquids 2.5 L /bot"
"AS195558","Dichloromethane HPLC [CH2Cl2]cas no.75-09-2 ,HPLC grade ,Liquids 2.5 L /bot"
"AS195557","Potassium antimony tartrate Lab [C4H4O6.1/2H2O]cas no.28300-74-5 ,Ar grade 500 g /bot"
"AS195556","Phenol crystals synthesis [C6H5OH]cas no.108-95-2 500 g /bot"
"AS195555","Ethanol absolute (HDPE) 99.7% [C2H5OH]cas no.64-17-5 ,ACS grade ,Liquids 2.5 L /bot"
"AS195554","Caffeine (and) Phytosphingosine (Active Caffeine™) , grade cosmetic ,solid 100 g /Pack"
"AS195553","Calcium Thioglycolate , grade cosmetic ,solid 1 kg /Pack"
"AS195552","Sodium sulfite , grade cosmetic ,solid 25 kg /Pack"
"AS195551","p-phenylenediamine [Rodol D Type J ] , grade cosmetic ,solid 25 kg /Pack"
"AS195549","Bronidox L , grade cosmetic ,liquid 1 kg /GL"
"AS195550","Stearamidopropyl dimethylamine (Lemamine S-13) , grade cosmetic ,solid 1 kg /GL"
"AS195548","PEG-150 distearate (PEG 6000 DS) , grade cosmetic ,solid 1 kg /GL"
"AS195547","Sodium lauroamphoacetate , grade cosmetic ,liquid 1 kg /GL"
"AS195546","น้ำมันผิวมะกรูด (Kaffir Lime Oil) 1 kg /ขวด"
"AS195542","ชุดทดสอบกัญชาแบบหยด ,Liquids 40 ตัวอย่าง /ชุด"
"AS195545","ชุดทดสอบแอลกอฮอลฆ่าเชื้อ ,Liquids 20 ตัวอย่าง /ชุด"
"AS195544","ชุดทดสอบสารปรอทในเครื่องสำอาง ,Liquids 50 ตัวอย่าง /ชุด"
"AS195543","ชุดทดสอบฟอร์มาลิน (น้ำยาดองศพ) (30/กล่อง) ,Liquids /ชุด"
"AS195541","ชุดทดสอบมอร์ฟืนแบบหยดพร้อมอุปกรณ์ ,Liquids 41 ตัวอย่าง /ชุด"
"AS195540","ชุดทดสอบยาบ้า,ยาไอช์ แบบหยดพร้อมอุปกรณ์ (1000 นาโน) ,Liquids 40 ตัวอย่าง /ชุด"
"AS195539","FOB Device (Feces) ,Liquids 25 Test /set"
"AS195538","Wripht Giemso Stoin พร้อม Wripht Stain Buffer Solution ,Liquids 1 l /set"
"AS195537","Hemostat Throtein Tune ,Liquids 3x3 ml /set"
"AS195536","Fidrinogen Complete Kit ,Liquids 5x2 ml /set"
"AS195535","Hemostat D-Dimer Contrihigh/Low ,Liquids 4x1 ml /set"
"AS195534","Hemostat D-Dimer ,Liquids 2x20 ml /set"
"AS195533","Uric Acid Liquicolor ,Liquids 4x100 ml /set"
"AS195532","Triglyceride Liquicolor Mono ,Liquids 4x100 ml /set"
"AS195530","Alkaline phosphatase Liquicolor IFCC ,Liquids 10x10 ml /set"
"AS195531","Alpha Amylase Liquicolor ,Liquids 12x10 ml /set"
"AS195529","Clove oil 800 g /ขวด"
"AS195528","tert-Butanol [C4H10O]cas no.75-65-0 AR Grade ,Liquid 2.5 L /ชวด"
"AS195527","Silica gel 60 (0.063-0.200 mm) for column chromatography (70-230 mesh ASTM) [SiO2]cas no.7631-86-9 ,Solid 1 kg /ขวด"
"AS195526","Silica gel 60 (0.040-0.063 mm) for column chromatography (230-400 mesh ASTM) [SiO2]cas no.112926-00-8 ,Solid 1 kg /ขวด"
"AS195466","ALT Liqui - Color UV ALT/PT ,Liquid 120 test 30 ml 4 ขวด /กล่อง"
"AS195524","Buffer Solution pH 4.01,Liquid 1 L /ขวด"
"AS195525","Monolisa HBs Ag ULTRA 96 test /กล่อง"
"AS194707","Techical Buffer PH 4.01 250 ml /ขวด"
"AS195521","Paraplast plus tissue embedding media Tissue embedding ,Solid 1 kg /ถุง"
"AS195522","Phosver 3 phosphate powder pillows AR grade ,Powder 100 pillows /แพ็ค"
"AS195523","Yeast (Baker' s yeast) Food ,solid 500 g /ถุง"
"AS195499","tert-Butyl alcohol [(CH3)3COH] cas no.75-65-0 AR grade ,Liquid 2.5 L /ขวด"
"AS195500","น้ำมันหอมระเหยกานพลู (Clove Essential Oil) Commercial grade ,Liquid 1 L /ขวด"
"AS195501","Acetylacetone [C5H8O2] cas no.123-54-6 AR grade ,Liquid 2.5 L /ขวด"
"AS195502","Hydrazine solution [H4N2] cas no.302-01-2 AR grade ,Liquid 500 g /ขวด"
"AS195503","Polyvinyl pyrrolidone (PVP360) [(C6H9NO)n] cas no.9003-39-8 AR grade ,solid 100 g /ขวด"
"AS195504","Polyvinyl pyrrolidone (PVP40) [(C6H9NO)n] cas no.9003-39-8 AR grade ,solid 100 g /ขวด"
"AS195505","Toluidine blue O dye [C15H16CIN3S] cas no.92-31-9 LR grade ,Solid 25 g /ขวด"
"AS195506","3M Potassium Chloride, Electrode Storage Solution, Ag/AgCl electrodes [KCl] cas no.7447-40-7 ,Liquid 3M 250 mL /ขวด"
"AS195507","Copper standard solution AR grade ,Liquid 1000 ppm 500 mL /ขวด"
"AS195508","Redox Buffer Solution AR grade ,Liquid 220 mV 250 mL /ขวด"
"AS195510","PCR supermix+loading dye+fluorescent dye 100 reactions Molecular grade ,Liquid 1.25 ml 2 หลอด /ชุด"
"AS195511","Plant DNA extraction kit Molecular grade ,Liquid 50 prep /กล่อง"
"AS195512","TBE buffer (Tris-borate-EDTA) 10X solution Molecular grade ,Liquid 1 l /ขวด"
"AS195513","Tris-base, [2-Amino-2-(hydroxymethyl)-1,3-propanediol] [C4H11NO3] cas no.77-86-1 Molecular grade ,Solid 500 g /ขวด"
"AS195514","Bovine Calf Serum Cell culture grade ,Liquid 100 ml /ขวด"
"AS195515","Colchicine [C22H25NO6H] cas no.64-86-8 HPLC grade ,Powder 1 g /ขวด"
"AS195516","Hank's balanced salt solution Cell culture grade ,Liquid 500 ml /ขวด"
"AS195517","Penicillin-Streptomycin Stabilized cas no.3810-74-0 Cell culture grade ,Liquid 20 ml /ขวด"
"AS195518","Phosphate buffered saline 50 เม็ด /ขวด"
"AS195519","RPMI-1640 Media Cell culture grade ,Liquid 100 ml /ขวด"
"AS195520","Trypsin cas no.9002-07-7 Cell culture grade ,Powder 50 g /ขวด"
"AS195496","Potassium metabisulfite [K2S2O5] cas no.16731-55-8 AR grade ,Solid 500 g /ขวด"
"AS195497","Zinc 99.9% [Zn] cas no.7440-66-6 AR grade ,Solid 500 g /ขวด"
"AS195492","Naphthalene [C10H8] cas no.91203 AR grade ,Solid 500 g /ขวด"
"AS195493","Ammonium iron (II) sulfate hexahydrate [(NH4)2Fe(SO4)2?6H2O] cas no.7783-85-9 AR grade ,Solid 500 g /ขวด"
"AS195494","D-Glucose Anhydrous [C6H12O6] cas no.50-99-7 AR grade ,Solid 500 g /ขวด"
"AS195128","Prestained protein Marker (10-250 kDa) 500 µl /หลอด"
"AS195491","Ammonium phosphate monobasic [NH4H2PO4] AR Grade ,powder 1000 g /ขวด"
"AS195490","Potassium hydroxide [KOH] AR Grade ,powder 500 g /ขวด"
"AS195489","30 % Hydrogen Peroxide Solution (ไฮโดรเจนเปอร์ออกไซด์) [H2O2] ,liquid 1000 ml /ขวด"
"AS195488","Paraffin oil AR Grade ,liquid 2.5 L /ขวด"
"AS195487","Ammonia Cyanurate 10 ml 100 ชิ้น /แพ็ค"
"AS195486","ผงรีเอเจนต์ไนเตรต Nitraver 5 10 ml 100 ชิ้น /แพ็ค"
"AS195485","PhosVer 3 , OrthoPhosphate 10 ml 100 ชิ้น /แพ็ค"
"AS195484","Hexadecyltrimethylammonium bromide [C19H42BrN] ,powder 100 g /ขวด"
"AS195483","Chrome Azurol S [C23H13Cl2O9SNa3] ,powder 25 g /ขวด"
"AS195482","PCR Clean Up and Gel Extraction Kit 100 Reaction /กล่อง"
"AS195481","Cycloheximide ,powder 1 g 1 ขวด /ขวด"
"AS195480","Trimethoprim / Sulfamethoxazole Disks ความเข้มข้น 25 ไมโครกรัม 50 แผ่น /หลอด"
"AS195479","เจลทาบรรเทาปวดกล้ามเนื้อ ชนิดเย็น 120 กรัม /หลอด"
"AS190640","Liquid Paraffin/Cosmetic grade  2.5 L /ขวด"
"AS195478","ยาแก้ปวดประจำเดือน 500 mg 10 เม็ด /แผง"
"AS195477","ยาละลายเสมหะ (Ambroxol) ชนิดเม็ด 30 mg 10 เม็ด /แผง"
"AS195476","ยาทาระเหยบรรเทาอาการคัดจมูก 25 กรัม /ตลับ"
"AS195474","Iodine crystal [I2] CAS No.7553-56-2 AR Grade ,solid 100 กรัม /ขวด"
"AS195475","Kuromanin chloride [C21H21ClO11] cas no.7084-24-4 AR Grade ,powder 1 mg /ขวด"
"AS195434","เรซิ่น (Acrylic resin) ชนิดผง 2.2 kg /กระป๋อง"
"AS195428","ผงอะลูมินา (Alumina) 0.3 ไมครอน 1 ปอนด์ /ขวด"
"AS195473","Ammonium molybdate [(NH4)6Mo7O24 · 4H2OCAS No.12054-85-2 AR Grade ,solid 100 กรัม /ขวด"
"AS195467","Urea Nitrogen Liqui- UV (BUN) ,Liquid 500 test 125 ml 4 ขวด /กล่อง"
"AS195468","Creatinine Liqui - Color ,Liquid 500 test 250 ml 2 ขวด /กล่อง"
"AS195469","Cholesterol Liqui - Color ,Liquid 500 test 250 ml 2 ขวด /กล่อง"
"AS195470","API 20E 20 อัน /กล่อง"
"AS195471","API 50CH 10 อัน /กล่อง"
"AS195472","Annexin V & Dead cell kit ,Liquid 50 ตัวอย่าง /กล่อง"
"AS195453","Instrument Cleaning Fluid cas no.1310-58-3 ,Liquid 100 ml /ขวด"
"AS195454","Kojic acid [C6H6O4] cas no.501-30-4 ,HPLC Grade ,powder 5 g /ขวด"
"AS195455","Lipopolysaccharides from E.coli , cell culture ,lyophilized powder 1 mg /ขวด"
"AS195456","p-coumaric acid [HOC6H4CH=CHCO2H] cas no.501-98-4 ,HPLC Grade ,powder 5 g /ขวด"
"AS195457","Pencillin G sodium salt [C16H17N2NaO4S] cas no.69-57-8 ,powder 1 g /ขวด"
"AS195458","Protocatechuic acid [(HO)2C6H3CO2H] cas no.99-50-3 ,primary reference standard ,powder 50 mg /ขวด"
"AS195459","sinapic acid [C11H12O5 ] cas no.530-59-6 ,AR Grade ,powder 1 g /ขวด"
"AS195460","syringic acid [HOC6H2(OCH3)2CO2H] cas no.530-57-4 ,HPLC Grade ,powder 5 g /ขวด"
"AS195461","Trypsin -EDTA with phenol red ,Liquid 0.0025 100 ml /ขวด"
"AS195462","vanillic acid [HOC6H3(OCH3)CO2H] cas no.121-34-6 ,purum ,powder 10 g /ขวด"
"AS195463","4-Hydroxybenzoic acid [HOC6H4CO2H] cas no.99-96-7 ,ReagentPlus ,powder 100 g /ขวด"
"AS195464","Glucose LiquiColor ,Liquid 500 test 250 ml 2 ขวด /กล่อง"
"AS195465","AST Liqui - Color UV AST/OT ,Liquid 120 test 30 ml 4 ขวด /กล่อง"
"AS195437","Delphinidin 3-O-Beta-D-glucoside chloride [C21H21ClO12] cas no.6906-38-3 , analytical standard ,powder 10 mg /ขวด"
"AS195438","Kuromanin chloride [C21H21ClO11] cas no. 7084-24-4 , analytical standard ,powder 5 mg /ขวด"
"AS195439","Peonidin3-glucoside chloride phyproof [C22H23ClO11] cas no. 6906-39-4 ,primary reference standard ,powder 5 mg /ขวด"
"AS195440","Rosmarinic acid [C18H16O8] cas no. 20283-92-5 ,HPLC Grade ,powder 50 mg /ขวด"
"AS195441","3,5-Dinitrosalicylic acid (DNS) [C7H4N2O7] cas no.609-99-4 ,AR Grade ,powder 25 g /ขวด"
"AS195442","caffeic acid [ C9H8O4] cas no. 331-39-5 ,HPLC Grade ,powder 2 g /ขวด"
"AS195443","Caffeine [C8H10N4O2] cas no.58-08-2 ,Sigma Reference Standard ,powder 250 mg /ขวด"
"AS195444","chlorogenic acid [C16H18O9 ] cas no.327-97-9 ,primary reference standard ,powder 25 mg /ขวด"
"AS195445","cinnamic acid [C9H8O2] cas no.140-10-3 ,AR Grade ,powder 250 g /ขวด"
"AS195446","Curcumin from Curcuma longa (Turmeric) [ [HOC6H3(OCH3)CH=CHCO]2CH2] cas no.458-37-7 ,HPLC Grade ,powder 10 g /ขวด"
"AS195447","T4 DNA Ligase cas no.9015-85-4 ,Liquid 4000 unit /ขวด"
"AS195448","ferulic acid [HOC6H3(OCH3)CH=CHCO2H ] cas no.537-98-4 ,AR Grade ,powder 25 g /ขวด"
"AS195449","Focusing Fluid ,Liquid 1X 1 L /ขวด"
"AS195450","gamma Aminobutyric acid [ NH2(CH2)3COOH] cas no.56-12-2 ,analytical standard ,powder 250 mg /ขวด"
"AS195451","gamma Aminobutyric acid [NH2(CH2)3COOH] cas no.56-12-2 ,AR Grade ,powder 25 g /ขวด"
"AS195452","guanidine thiocyanate [NH2C(=NH)NH2 ? HSCN] cas no.593-84-0 ,molecular biology ,powder 100 g /ขวด"
"AS195436","α-Linolenic acid [CH3(CH2CH=CH)3(CH2)7CO2H] cas no. 463-40-1 ,oil 500 mg /ขวด"
"AS195435","แอซีโทน (Acetone PE) [C3H6O]CAS No.67-64-1 2.5 l /ขวด"
"AS195433","เอทานอล (Ethanol absolute) 2.5 l ขวด"
"AS195432","ซิงค์คลอไรด์ (Zinc chloride) [Zn Cl2] AR Grade 500 g /ขวด"
"AS195431","โซเดียมไฮดรอกไซด์ (Sodium hydroxide 99%) [NaOH]CAS No.1310-73-2 1 kg /ขวด"
"AS195430","กรดซัลฟิวริก (sulfuric acid 98%) [H2SO4]CAS No.7664-93-9 2.5 l ขวด"
"AS195429","ผงอะลูมินา (Alumina) 1 ไมครอน 1 ปอนด์ /ขวด"
"AS195427","ผงอะลูมินา (Alumina) 0.05 ไมครอน 1 ปอนด์ /ขวด"
"AS195426","น้ำยาแอนตี้ซีรั่ม D /Liquids, 10 ml. /ขวด"
"AS195425","Antiseptic 95 % /Liquids 20 l /ถัง"
"AS195424","Antiseptic 95 % /Liquids 5 l /ถัง"
"AS195423","Carbopol 941 /Liquids 1 kg /ถุง"
"AS195422","Carbopol 940 /Liquids 1 kg /ถุง"
"AS195421","กลีเซอรีน (Glycerin) Liquids 500 g /ขวด"
"AS195420","กลีเซอรีน (Glycerin) /Liquids 5 kg /ถัง"
"AS195419","Triethanolamine (C6H15NO3) cas no.102-71-6 /Liquids 1kg/ขวด"
"AS195418","เนื้อแก๊สคาร์บอนไดออกไซด์ (Carbondioxied CO2) 20 กก. /ท่อ"
"AS195417","Titan III-H Cellulose Acetate /Liquids  60x76 mm."
"AS195413","FDP C111S14 Cosmetic Grade /solid 1 kg /ถุง"
"AS195410","Styrene Acrylate Copolymer (สไตรีน อครีเลท โคโพลีเมอร์) Cosmetic Grade /Liquid 250 g /ขวด"
"AS195409","Styrene Acrylate Copolymer (สไตรีน อครีเลท โคโพลีเมอร์) Cosmetic Grade /Liquid 1 kg /ขวด"
"AS195408","SI-2 Black BL-100 Cosmetic Grade /Solid 1 kg /ถุง"
"AS195407","SI-2 Red R-516L Cosmetic Grade /Solid 1 kg /ถุง"
"AS195406","SI-2 Yellow LLXLO Cosmetic Grade /Solid 1 kg /ถุง"
"AS195405","LLD-5 BaSO4(PL) Cosmetic Grade /Solid 1 kg /ถุง"
"AS195404","Vivapur CS 9 FM Cosmetic Grade /Solid 1 kg /ถุง"
"AS195416","Di calcium phosphate (ไดแคลเซียม ฟอสเฟต) 25 kg/ถุง"
"AS195415","Straberry flavour (63.07127) Cosmetic Grade /Liquid 100 g /ขวด"
"AS195414","LEXEMUL 561 (Glyceryl Stearate (and) PEG-100 Stearate) Cosmetic Grade /solid 1 kg /ถุง"
"AS195412","Paracetamol 25 kg /ถุง"
"AS195411","Aspirin 25 kg /ถุง"
"AS195403","SI01-2 MICA Y-2300 Cosmetic Solid 1 kg /ถุง"
"AS195276","Nicotinic acid tablets 100 เม็ด /กระปุก"
"AS190970","Alcohol 95% (V/V)/AR grade /liquid 14.5 kg /ขวด"
"AS195402","ชุดสีน้ำ FD & C /Cosmetic (แม่สี) 120 มล. 3 ขวด /ชุด"
"AS195401","สีไมก้า สีฟ้าน้ำทะเล (hawaii blue) 30 กรัม /ชุด"
"AS195400","น้ำมันเมล็ดในปาล์ม 1 ลิตร /ถุง"
"AS195399","น้ำหอม สำหรับทำสบู่/เครื่องสำอาง/โลชั่น 100 มล. /ขวด"
"AS195398","กลีเซอรีนก้อนใส (Glycerine) 1 กก. /ถุง"
"AS195395","ตังกุย 50 กรัม /ห่อ"
"AS195396","ไป๋ฟู่จึ 50 กรัม /ห่อ"
"AS195397","ไป๋สาว 50 กรัม /ห่อ"
"AS195374","ซางจี้เซิง 50 กรัม /ห่อ"
"AS195375","ขู่เซิน 50 กรัม /ห่อ"
"AS195376","ชวนซินเหลียน 50 กรัม /ห่อ"
"AS195377","ผู่กงอิน 50 กรัม /ห่อ"
"AS195378","ไป๋โถวเวิง 50 กรัม /ห่อ"
"AS195379","ชื่อส่าว 50 กรัม /ห่อ"
"AS195380","ไป๋จื่อ 50 กรัม /ห่อ"
"AS195381","เกาเปิ่น 50 กรัม /ห่อ"
"AS195382","จวี่ฮวา 50 กรัม /ห่อ"
"AS195383","เก๋อเกิน 50 กรัม /ห่อ"
"AS195384","จือหมู่ 50 กรัม /ห่อ"
"AS195385","หวงเหลียน 50 กรัม /ห่อ"
"AS195386","หวงปั๋ว 50 กรัม /ห่อ"
"AS195387","หลงตั๋นเฉ่า 50 กรัม /ห่อ"
"AS195388","ไป๋จี๋ 50 กรัม /ห่อ"
"AS195389","ไป๋ฝูหลิง 50 กรัม /ห่อ"
"AS195390","ไป๋เหลี่ยน 50 กรัม /ห่อ"
"AS195391","สือเกา 50 กรัม /ห่อ"
"AS195392","ซิ่งเหริน 50 กรัม /ห่อ"
"AS195393","เจินจูเฝิ่น 50 กรัม /ห่อ"
"AS195394","เชอเฉียนฉ่าว 50 กรัม /ห่อ"
"AS195351","ซูตี้หวง 50 กรัม /ห่อ"
"AS195352","เหอโส่วอู 50 กรัม /ห่อ"
"AS195353","เออเจียว 50 กรัม /ห่อ"
"AS195354","เป่ยซาเซิน 50 กรัม /ห่อ"
"AS195355","หนานซาเซิน 50 กรัม /ห่อ"
"AS195356","อวี่จู๋ 50 กรัม /ห่อ"
"AS195357","หวงจิง 50 กรัม /ห่อ"
"AS195358","ม่ายตง 50 กรัม /ห่อ"
"AS195359","เทียนตง 50 กรัม /ห่อ"
"AS195360","ไป่เหอ 50 กรัม /ห่อ"
"AS195361","นวี่เจินจื่อ 50 กรัม /ห่อ"
"AS195362","ฝูเสี่ยวม่าย 50 กรัม /ห่อ"
"AS195363","อู่เว่ยจื่อ 50 กรัม /ห่อ"
"AS195364","ซานจูอวี๋ 50 กรัม /ห่อ"
"AS195365","ซ่างเพียวเซียว 50 กรัม /ห่อ"
"AS195366","จินอิงจื่อ 50 กรัม /ห่อ"
"AS195367","ฉางซาน 50 กรัม /ห่อ"
"AS195368","โร่วฉงหลง 50 กรัม /ห่อ"
"AS195369","ตี้กู่ผี 50 กรัม /ห่อ"
"AS195370","อิ๋นฉายหู 50 กรัม /ห่อ"
"AS195371","มู่กวา 50 กรัม /ห่อ"
"AS195372","ฉินเจียว 50 กรัม /ห่อ"
"AS195373","หูหวงเหลียน 50 กรัม /ห่อ"
"AS195322","สุ่ยจื้อ 50 กรัม /ห่อ"
"AS195323","เหมิงฉง 50 กรัม /ห่อ"
"AS195324","หงฮัว 50 กรัม /ห่อ"
"AS195325","ชวนซานเจี่ย 50 กรัม /ห่อ"
"AS195326","ปั้นเซีย 50 กรัม /ห่อ"
"AS195327","เจ้าเจี๋ย 50 กรัม /ห่อ"
"AS195328","เจี๋ยเกิ่ง 50 กรัม /ห่อ"
"AS195329","เฉวียนกัวโหล 50 กรัม /ห่อ"
"AS195330","ขู่ซิ่งเหริน 50 กรัม /ห่อ"
"AS195331","ไป่ปู้ 50 กรัม /ห่อ"
"AS195332","จื๋อหว่าน 50 กรัม /ห่อ"
"AS195333","ขวั่นตงฮัว 50 กรัม /ห่อ"
"AS195334","ซางไป๋ผี 50 กรัม /ห่อ"
"AS195335","หลัวฮั่นกั่ว 50 กรัม /ห่อ"
"AS195336","ซวนเจ่าเหริน 50 กรัม 1 ห่อ /ห่อ"
"AS195337","เหอฮวนผี 50 กรัม /ห่อ"
"AS195338","เทียนหมา 50 กรัม /ห่อ"
"AS195339","ตี้หลง 50 กรัม /ห่อ"
"AS195340","เฉวียนเซีย 50 กรัม /ห่อ"
"AS195341","อูกง 50 กรัม /ห่อ"
"AS195342","เจียงฉาน 50 กรัม /ห่อ"
"AS195343","ปิงเพี่ยน 50 กรัม /ห่อ"
"AS195344","ไป๋จู๋ 50 กรัม /ห่อ"
"AS195345","ซานเย่า 50 กรัม /ห่อ"
"AS195346","ต้าเจ่า 50 กรัม /ห่อ"
"AS195347","สั่วหยาง 50 กรัม /ห่อ"
"AS195348","ปาจี้เทียน 50 กรัม /ห่อ"
"AS195349","ตู้จ้ง 50 กรัม /ห่อ"
"AS195350","ทู่ซือจื่อ 50 กรัม /ห่อ"
"AS195301","อินเฉิน 50 กรัม /ห่อ"
"AS195302","เผ้าฟู่จื่อ 50 กรัม /ห่อ"
"AS195303","เซิงฟู่จื่อ 50 กรัม /ห่อ"
"AS195304","โร่วกุ้ย 50 กรัม /ห่อ"
"AS195305","ติงเซียง 50 กรัม /ห่อ"
"AS195306","เฉินผี 50 กรัม /ห่อ"
"AS195307","อูเย่า 50 กรัม /ห่อ"
"AS195308","เซียงหยวน 50 กรัม /ห่อ"
"AS195309","เหมยกุ้ยฮัว 50 กรัม /ห่อ"
"AS195310","เหมยฮัว 50 กรัม /ห่อ"
"AS195311","ซานชี 50 กรัม /ห่อ"
"AS195312","จงลวี่ถ้าน 50 กรัม /ห่อ"
"AS195313","ตานเซิน 50 กรัม /ห่อ"
"AS195314","เถาเหริน 50 กรัม /ห่อ"
"AS195315","อี้หมูเฉ่า 50 กรัม /ห่อ"
"AS195316","หวยหนิวซี 50 กรัม /ห่อ"
"AS195317","ชวนหนิวซี 50 กรัม /ห่อ"
"AS195318","จีเซว่เถิง 50 กรัม /ห่อ"
"AS195319","ถู่เปียฉง 50 กรัม /ห่อ"
"AS195320","กู่ชุ่ยปู่ 50 กรัม /ห่อ"
"AS195321","ซานเหลิง 50 กรัม /ห่อ"
"AS195279","เชียงหัว 50 กรัม /ห่อ"
"AS195280","ซี่ซิน 50 กรัม /ห่อ"
"AS195281","ฉานทุ่ย 50 กรัม /ห่อ"
"AS195282","ต้านโต้วฉื่อ 50 กรัม /ห่อ"
"AS195283","หวงฉิน 50 กรัม /ห่อ"
"AS195284","เย่จวี๋ฮัว 50 กรัม /ห่อ"
"AS195285","ถู่ฝูหลิง 50 กรัม /ห่อ"
"AS195286","ฉินผี 50 กรัม /ห่อ"
"AS195287","เซิงตี้หวง 50 กรัม /ห่อ"
"AS195288","จื๋อเฉ่า 50 กรัม /ห่อ"
"AS195289","กานสุย 50 กรัม /ห่อ"
"AS195290","ตู๋หัว 50 กรัม /ห่อ"
"AS195291","ฝางจี่ 50 กรัม /ห่อ"
"AS195292","ฉานซา 50 กรัม /ห่อ"
"AS195293","เวยหลิงเซียน 50 กรัม /ห่อ"
"AS195294","ฮั่วเซียง 50 กรัม /ห่อ"
"AS195295","เพ่ยหลาน 50 กรัม /ห่อ"
"AS195296","ชางจู๋ 50 กรัม /ห่อ"
"AS195297","จูหลิง 50 กรัม /ห่อ"
"AS195298","เจ๋อเซียะ 50 กรัม /ห่อ"
"AS195299","อี้อี่เหริน 50 กรัม /ห่อ"
"AS195300","ฮว๋าสือ 50 กรัม /ห่อ"
"AS195278","จิงเจี้ย 50 กรัม /ห่อ"
"AS192833","โกฐจุฬาลัมพา แบบผง 500 g /กล่อง"
"AS192831","โกฐจุฬาลัมพา แบบแท่ง 10 แท่ง /กล่อง"
"AS192832","โกฐจุฬาลัมพา แบบก้อน 54 ก้อน /กล่อง"
"AS195005","Tincture of iodine 2%(ทิงเจอร์ไอโอดีน) 450 ml /ขวด"
"AS195004","Tincture of iodine 2%,(ทิงเจอร์ไอโอดีน) 30 ml /ขวด"
"AS195277","FDP-C white3 1 kg /Pack"
"AS195275","Aerosil R974 100 g /Pack"
"AS195258","Sabouraud Dextrose Agar with chloramphenicol /Solid 500 g. /ขวด"
"AS195259","Tetracycline hydrochloride ?95% ,AR Grade /Solid 5 g. /ขวด"
"AS195260","Tween 40 /Solid 100 g. /ขวด"
"AS195261","Tween 60 /Solid 100 g. /ขวด"
"AS195262","40% Acrylamide/Bis Solution (29:1) /Liquids 500 ml. /ขวด"
"AS195263","Ethanol [C2H5OH] ,HPLC grade /Liquids 4 L. /ขวด"
"AS195264","0.5 M EDTA (pH8) , Molecular grade /Liquids 500 ml. /ขวด"
"AS195265","Giemsa's stain sulution ,AR Grade /Liquids 250 ml. /ขวด"
"AS195266","Nessler's reagent ,AR Grade /Liquids 500 ml. /ขวด"
"AS195267","Olive oil /Liquids 500 ml. /ขวด"
"AS195268","Permount (mounting medium) /Liquids 500 ml. /ขวด"
"AS195269","Silane [SiH4] ,AR Grade /Liquids 50 ml. /ขวด"
"AS195270","Tetramethylethylenediamine(TMED) , Molecular grade /Liquids 100 ml. /ขวด"
"AS195271","O-toluidine solution ,AR Grade /Liquids 500 ml. /ขวด"
"AS195272","น้ำยาสำหรับชุดทดสอบ API 50CH /Liquids 10 x 10 ml. /ชุด"
"AS195273","Immersion oil ,AR Grade /Liquids 500 ml. /ขวด"
"AS195274","LJ medium (Lowenstein Jensen medium base) /Solid 500 g. /ขวด"
"AS195235","L-ornithine hydrochloride 99% [C5H12O2.HCl] ,AR grade /Solid 100 g. /ขวด"
"AS195236","Paraformaldehyde ,AR grade /Solid 1 kg. /ขวด"
"AS195237","Petrifilm Aerobic Count plate /Solid 100 ชิ้น /กล่อง"
"AS195238","Petrifilm Staph Express Plate /Solid 50 ชิ้น /กล่อง"
"AS195239","Potassium permanganate [KMnO?] ,AR grade /Solid 500 g. /ขวด"
"AS195240","Rose bengal ,AR grade /Solid 5 g. /ขวด"
"AS195241","5-Sulphosalicylic acid [C7H6O6S] , ACS reagent grade /Solid 250 g. /ขวด"
"AS195242","Safanin O [C20H19ClN4] ,AR grade /Solid 50 g. /ขวด"
"AS195243","Sodium azide [NaN3] ,AR grade /Solid 100 g. /กระปุก"
"AS195244","Sodium bicarbonate [NaHCO?] , Culture grade /Solid 1 kg. /ขวด"
"AS195245","Sodium hydrosulfite ?95% [Na2S2O4] ,Technical grade /Solid 50 g. /ขวด"
"AS195246","Sodium tetraborate decahydrate [ Na?[B?O?(OH)?]?8H?O] ,AR grade /Solid 25 g. /ขวด"
"AS195247","di-Sodium hydrogen phosphate anhydrous [Na2HPO4] ,AR grade /Solid 1 kg. /ขวด"
"AS195248","Tris-HCl [C4H11NO3ClH] ,Molecular grade /Solid 1 kg. /ขวด"
"AS195249","2,4 dinitrophenyhydrazine ,Regent Grade /Solid 25 g. /ขวด"
"AS195250","Thiourea [CH4N2S] ,AR grade /Solid 500 g. /ขวด"
"AS195251","Vitamin E (Tocopheryl Acetate?) ,Food Grade /Solid 200 g. /ขวด"
"AS195252","ผงน้ำยาฆ่าเชื้อสำหรับอุปกรณ์การแพทย์ (Virkon) /Solid 5 g. 100 ซอง /กล่อง"
"AS195253","Buffered pepton water /Solid 500 g. /ขวด"
"AS195254","Dermatophyte test agar base /Solid 500 g. /ขวด"
"AS195255","Dulcitol [C6H14O6] ,AR Grade /Solid 25 g. /ขวด"
"AS195256","Erythromycin [C37H67NO13] ,AR Grade /Solid 1 g. /ขวด"
"AS195257","Motillity test medium /Solid 500 g. /ขวด"
"AS195214","Talc and TiO2 and yellow iron oxide and dimethicone/methicone copolymer 1 kg /Pack"
"AS195215","Talc (and) Titanium dioxide (and) Dimethicone/methicone copilymer = JP-mix white 1 kg /Pack"
"AS195216","Tangerine Oil 50 ml /Bot"
"AS195217","Titanium dioxide and Alumina and simethicone [Eusolex? T-2000] 10 kg /Pack"
"AS195218","Titanium dioxide (and) Aluminium hydroxide (and)n-Octyltriethoxysilane เสนอแทนTitanium dioxide (and) Aluminium hydroxide (and)Triethoxy caprylylsilane 5 kg /Pack"
"AS195219","Titanium Dioxide (and) Iron Oxide (and) Hydrogen Dimethicone Titanium Dioxide(and) methicone 1 kg /Pack"
"AS195220","Titanium dioxide and silica (Eusolex T-AUO) 1 kg /Pack"
"AS195221","Tranexamic acid 100 g /Pack"
"AS195222","Vitamin E Acetate 500 ml /Bot"
"AS195223","Ammonium thiocyanate [NH4SCN] ,AR grade /Solid 100 g. /กระปุก"
"AS195224","L-arabinose [C5H10O5] ,AR grade /Solid 50 g. /ขวด"
"AS195225","Cellulose acetate [C12H22O11] ,AR grade /Solid 500 g. /ขวด"
"AS195226","D-(+)-Cellobiose ,AR grade /Solid 1 g. /ขวด"
"AS195227","Cresyl violet [C25H30ClN3] ,AR grade /Solid 25 g. /ขวด"
"AS195228","Glycine [C?H?NO?] ,AR grade /Solid 500 g. /ขวด"
"AS195229","GasPak (Anaerocult A) /Solid 20 ชิ้น /กล่อง"
"AS195230","Iron(II) chloride [FeCl2] ,AR grade /Solid 100 g. /กระปุก"
"AS195231","Magnesium chloride anhydrous for synthesis [MgCl] ,AR grade /Solid 100 g. /ขวด"
"AS195232","Manganese(II) chloride tetrahydrate [MnCl2 ? 4H2O] ,AR grade /Solid 500 g. /ขวด"
"AS195233","P-Nitrophenol ,AR grade /Solid 50 g. /ขวด"
"AS195234","P-Nitrophenyl phosphate disodium salt hexahydrate ,AR grade /Solid 5 g. /ขวด"
"AS195187","Lavender oil (French) 500 ml /Bot"
"AS195188","Lemon oil 500 ml /Bot"
"AS195189","Lime Oil 50 ml /Bot"
"AS195190","Mandarin Oil 50 ml /Bot"
"AS195191","Methyl paraben 100 g /Pack"
"AS195192","Methyl perfluorobutyl ether (and) methyl perfluoroisobutyl ether (Smartflow BB61) 1 kg /Pack"
"AS195193","Microcare CPH 5 kg /Pack"
"AS195194","Microcare PPD 5 kg /Pack"
"AS195195","Nutmeg oil 500 ml /Bot"
"AS195196","Orange Sweet 500 ml /Bot"
"AS195197","Patchouli Oil 50 ml /Bot"
"AS195198","PEG-12 Dimethicone = BRB526 1 kg /Bot"
"AS195199","Petitgrain orange (Citrus aurantium bigarade-Paraguay) 100 g /Pack"
"AS195200","Phenyl trimethicone 500 g /Bot"
"AS195201","Pine Oil 50 ml /Bot"
"AS195202","Polyethylene wax (Soft) 100 g /Bot"
"AS195203","Propyl paraben and phenoxyethanol = Lex guard O 500 g /Bot"
"AS195204","Riboflavin tablets 100 เม็ด /กระปุก"
"AS195205","Sandalwood Oil 50 ml /Bot"
"AS195206","Silica silylate [Oil-Fix? O (Water-in-Oil, Oil Gelling)] 100 g /Pack"
"AS195207","Soy wax 1 kg /Pack"
"AS195208","Spearmint Oil 50 ml /Bot"
"AS195209","Steareth-2 1 kg /Pack"
"AS195210","Steareth-21 1 kg /Pack"
"AS195211","sunflower seed oil 1 L /Bot"
"AS195212","Talc and TiO2 and black iron oxide and dimethicone/methicone copolymer 1 kg /Pack"
"AS195213","Talc and TiO2 and red iron oxide and dimethicone/methicone copolymer(FDP-c red 3) 1 kg /Pack"
"AS195168","Citric acid monohydrate 1 kg /กระปุก"
"AS195169","Coaco butter 1 kg /Pack"
"AS195170","Cyclomethicone and Dimethicone = BRB 1744 1 kg /Bot"
"AS195171","Cyclopentasiloxane (and) Dimethicone/Vinyl Dimethicone Crosspolymer = SFE 389 5 kg /Pack"
"AS195172","Cyclopentasiloxane (and) Dimethiconol [brb1834] 1 kg /Bot"
"AS195173","Cyclopentasiloxane (and) PEG/PPG-18/18 Dimethicone = DC5225 1 kg /Bot"
"AS195174","Diatomaceous earth and algin and calcium sulphate and tetrasodium pyrophosphate (Isagel mix mask) 1 kg /Pack"
"AS195175","Dibutyl Ethylhexanoyl Glutamide (EB-21) 1 kg /Pack"
"AS195176","Dibutyl Lauroyl Glutamide (GP-1) 1 kg /Pack"
"AS195177","Diethylamino Hydroxybenzoyl Hexyl Benzoate (DHHB) 100 g /Pack"
"AS195178","Dimethicone (and) Dimethicone/PEG-10/15 Crosspolymer 100 g /Pack"
"AS195179","Dimethicone /Vinyl Dimethicone Crosspolymer =DC9506 5 kg /Bot"
"AS195180","Ginger Oil 50 ml /Bot"
"AS195181","HEC 100 g /Pack"
"AS195182","Hydroxyeethyl Acrylate/Sodium Acryloydimethyl Taurate Copolymer and Isohexadecane and polysorbate 60 5 kg /Pack"
"AS195183","Isononyl isononanoate 1 kg /Bot"
"AS195184","Jusmin Oil 50 ml /Bot"
"AS195185","Laureth-23 500 g /Pack"
"AS195186","Laureth-4 500 g /Bot"
"AS195155","Allatoin 100 g /Pack"
"AS195156","Aluminium Starch Octenylsuccinate = Dryflo PC 22.68 kg /Pack"
"AS195157","Aluminium Zirconium Tetrachlorohydrex Gly 100 g /Pack"
"AS195158","Amodimethicone (and) Trideceth-12 (and)Cetrimonium Chloride [SeraShine EM 301-A] 20 kg /Pack"
"AS195159","Anise oil 500 ml /Bot"
"AS195160","BHT 100 g /Pack"
"AS195161","Bis-Ethylhexyloxyphenol methoxyphenyl Triazine (Tinosorb S) 1 kg /Pack"
"AS195162","CAB-O-SIL M5P 100 g /Pack"
"AS195163","CAB-O-SIL M5P 10 kg /Pack"
"AS195164","Caprylyl methicone 1 kg /Pack"
"AS195165","Cedarwood Oil 50 ml /Bot"
"AS195166","cetearyl alcohol and ceteareth 20 1 kg /Pack"
"AS195167","Cetyl PEG/PPG-10/1 Dimethicone =Serasol S3-A 5 kg /Pack"
"AS191522","Sodium bicarbonate tablets 1,000 เม็ด /กระปุก"
"AS191395","Nicotinic acid tablets  1,000 เม็ด /ขวด"
"AS194939","ชุดกรองอาหารเลี้ยงเชื้อแบบใช้แล้วทิ้ง ขนาด 0.20 ไมครอน 500 ml 12 ชิ้น /แพ็ค"
"AS195154","Masson-goldner staining kit"
"AS191025","Hiper SGOT (ASAT) Estimation Teaching kit 20 pr /กล่อง"
"AS192075","Hiper SGPT (ALAT) Estimation Teaching kit 20 pr /กล่อง"
"AS193853","ชุดสกัดดีเอ็นเอจากเลือด (DNA Extraction kit) 50 ตัวอย่าง /กล่อง"
"AS194937","Silver stain kit 30 assay /กล่อง"
"AS194938","ชุดทดสอบหาไวรัสเดนกิ (Humasis Dengue NSI Ag) 25 Card /box"
"AS195153","ชุดทดสอบหาเชื้อมาลาเรีย (Humasis Malaria Pf/Pan Ag) 25 Card /box"
"AS195151","ชุดทดสอบอะฟลาทอกซินในอาหาร 25 ตัวอย่าง /กล่อง"
"AS195150","ชุดทดสอบยาปฏิชีวนะและยาต้านจุลชีพในอาหารทะเล (กุ้ง) 50 ตัวอย่าง /ชุด"
"AS195149","ชุดทดสอบความกระด้างทั้งหมดของน้ำ 30 ตัวอย่าง /ชุด"
"AS195148","ชุดวิเคราะห์แป้งต้านทานการย่อย (Megazyme) /กล่อง"
"AS195147","ชุดทดสอบโคลิฟอร์มในน้ำ และน้ำแข็ง 20 ตัวอย่าง /กล่อง"
"AS195146","ชุดทดสอบปริมาณกรดน้ำส้มในน้ำส้มสายชู 30 ตัวอย่าง /กล่อง"
"AS195145","ชุดทดสอบยีสต์และเชื้อราในอาหารและเครื่องดื่ม 5 ตัวอย่าง /ชุด"
"AS195144","ชุดทดสอบยาปฏิชีวนะและยาต้านจุลชีพในนมและผลิตภัณฑ์นม 50 ตัวอย่าง /กล่อง"
"AS195143","ชุดทดสอบสีสังเคราะห์ในอาหารห้ามใช้สี 20 ตัวอย่าง /กล่อง"
"AS195142","ชุดทดสอบยาปฏิชีวนะและยาต้านจุลชีพในเนื้อวัว 50 ตัวอย่าง /กล่อง"
"AS195141","ชุดทดสอบยาปฏิชีวนะและสารต้านจุลชีพตกค้างในเนื้อสัตว์ (หมู) 50 ตัวอย่าง /กล่อง"
"AS195140","ชุดทดสอบยาปฏิชีวนะและสารต้านจุลชีพตกค้างในเนื้อสัตว์ (ไก่) 50 ตัวอย่าง /กล่อง"
"AS195139","ชุดทดสอบฟอร์มาลินในอาหาร 1 ตัวอย่าง /กล่อง"
"AS192116","*ยกเลิกไปใช้ AS193329* ชุดทดสอบบอแรกซ์ (ผงกรอบ) ในอาหารและสารเคมี /Liquids 1 ชุด /กล่อง"
"AS195138","ชุดทดสอบปรอทในเครื่องสำอาง 20 ตัวอย่าง /กล่อง"
"AS195137","ชุดทดสอบสเตียรอยด์ในเครื่องสำอาง 20 ตัวอย่าง /กล่อง"
"AS195136","ชุดทดสอบ E.coli ในน้ำและน้ำแข็ง 50 ตัวอย่าง /กล่อง"
"AS195135","ชุดตรวจโคลิฟอร์มแบคทีเรียในน้ำ (น้ำแดง) พร้อมอุปกรณ์ 20 ตัวอย่าง /กล่อง"
"AS195134","ชุดทดสอบไฮโดรควิโนนในเครื่องสำอาง 20 ตัวอย่าง /กล่อง"
"AS195133","ชุดตรวจคัดกรองสารเคมีกำจัดแมลง ในผัก ผลไม้และธัญพืช 10 ตัวอย่าง /กล่อง"
"AS195132","ชุดทดสอบหาชนิดสารเคมีกำจัดแมลง 4 กลุ่ม ในผัก ผลไม้และธัญพืช 10 ตัวอย่าง /กล่อง"
"AS195131","ViSafe Red Gel Stain 10000x 500 µl /หลอด"
"AS195130","RIPA Lysis Buffer (10000X in water) 50 ml /ขวด"
"AS195129","Protease Inhibitor Cocktail 1 ml /ชุด"
"AS195127","Pcr master mix 100 RXN /แพ็ค"
"AS195126","Real-time PCR (HRM) master mix 100 RXN /แพ็ค"
"AS193852","Boric acid [H3BO3]cas no.10043-35-3 ,AR Grade 500 g /ขวด"
"AS194228","*ยกเลิก*Methanol HDPE 2.5 L /bot"
"AS193313","*ยกเลิก*Clindamycin 150 mg 10 เม็ด /แผง"
"AS193307","*ยกเลิก*Dimenhydrinate 50 mg 10 เม็ด /แผง"
"AS193232","*ยกเลิก*Omeprazole 20mg 100 เม็ด/กล่อง"
"AS193185","*ยกเลิก*Diclofenac 25mg 1000 เม็ด/กล่อง"
"AS193171","*ยกเลิก*Clindamycin 300mg 100 เม็ด/กล่อง"
"AS193141","*ยกเลิก*Amoxicillin 500mg 500 เม็ด/กล่อง"
"AS195125","Ethyl Alcohol 99.9 % cas.64-17-5 ,AR Grade liquid 2.5 L /bot"
"AS195124","Sorbic acid cas.110-44-1 ,AR Grade solid 500 g /bot"
"AS195123","DL-Malic acid cas.6915-15-7 ,AR Grade solid 500 g /bot"
"AS195122","Maltose H2O 92 % cas.6363-53-7 ,AR Grade solid 100 g /bot"
"AS195121","D-Glucose anahydrous cas. 50-99-7 ,AR Grade solid 500 g /bot"
"AS193832","Triethanolamine [C6H15NO3] cas no.102716 ,AR grade 1 Kg /ขวด"
"AS191805","Glycerol 99.5% [C3H8O3] cas no.56-81-5 ,AR grade 500 ml /ขวด"
"AS191566","Alcohol gel 73% (เจลแอลกอฮอลล์) 1000 ml /แกลอน"
"AS195120","RelyX Ceramic Primer (Silane) 5 ml /ขวด"
"AS195119","Nanohybrid composite ( Filtek™ Z250 XT Universal Restorative (3g Syringe) 3 g /หลอด"
"AS195118","Nanofill composite ( Filtek Z350 XT Universal Restorative ) 4 g /หลอด"
"AS195117","โกฐกระดูก 0.5 kg /ถุง"
"AS195092","ว่านกีบแรด 0.5 kg /ถุง"
"AS195093","โกฐพุงปลา 0.5 kg /ถุง"
"AS195094","พิลังกาสา 0.5 kg /ถุง"
"AS195095","เทียบลวด 0.5 kg /ถุง"
"AS195096","คนฑา 0.5 kg /ถุง"
"AS195097","ย่านาง 0.5 kg /ถุง"
"AS195098","เปลือกแค 0.5 kg /ถุง"
"AS195099","เทียนแกลบ 0.5 kg /ถุง"
"AS195100","โกฐจุฬาลัมพา 0.5 kg /ถุง"
"AS195101","คำฝอย 0.5 kg /ถุง"
"AS195102","แก้วแกลบ 0.5 kg /ถุง"
"AS195103","โกฐชฎามังสี 0.5 kg /ถุง"
"AS195104","สมอดีงู 1 kg /ถุง"
"AS195105","สมอทะเล 1 kg /ถุง"
"AS195106","ชะลูด 0.5 kg /ถุง"
"AS195107","เบญกานี 0.5 kg /ถุง"
"AS195108","ข้าวเย็นเหนือ 0.5 kg /ถุง"
"AS195109","ข้าวเย็นใต้ 0.5 kg /ถุง"
"AS195110","กำมะถันแดง 0.5 kg /ถุง"
"AS195111","ชะมดเชียง 0.5 kg /ถุง"
"AS195112","ชาดก้อน 0.5 kg /ถุง"
"AS195113","เทียนดำ 0.5 kg /ถุง"
"AS195114","จันทน์ชะมด 0.5 kg /ถุง"
"AS195115","น้ำประสานทอง 0.5 kg /ถุง"
"AS195116","โกฐก้านพร้าว 0.5 kg /ถุง"
"AS195071","เทียนขม 0.5 kg /ถุง"
"AS195072","ดองดึง 0.5 kg /ถุง"
"AS195073","ว่านน้ำ 0.5 kg /ถุง"
"AS195074","ชิงชี่ 0.5 kg /ถุง"
"AS195075","แฝกหอม 0.5 kg /ถุง"
"AS195076","โกฐเชียง 0.5 kg /ถุง"
"AS195077","กะลัมพัก 0.5 kg /ถุง"
"AS195078","กำยาน 0.5 kg /ถุง"
"AS195079","มหาหิงค์ 0.5 kg /ถุง"
"AS195080","ยาดำ 0.5 kg /ถุง"
"AS195081","มดยอบ 0.5 kg /ถุง"
"AS195082","รงทอง 0.5 kg /ถุง"
"AS195083","ลิ้นทะเล 0.5 kg /ถุง"
"AS195084","เบี้ยจั่น 0.5 kg /ถุง"
"AS195085","ชันย้อย 0.5 kg /ถุง"
"AS195086","ครั่ง 0.5 kg /ถุง"
"AS195087","สีเสียดเทศ 0.5 kg /ถุง"
"AS195088","สีเสียดไทย 0.5 kg /ถุง"
"AS195089","ชะเอมเทศ 0.5 kg /ถุง"
"AS195090","อบเชยเทศ 0.5 kg /ถุง"
"AS195091","อบเชยไทย 0.5 kg /ถุง"
"AS195057","มะตูม 1 kg /ถุง"
"AS195058","มะเกลือ 0.5 kg /ถุง"
"AS195059","กระเบา 0.5 kg /ถุง"
"AS195060","ส้มป่อย 0.5 kg /ถุง"
"AS195061","กวาวเครือขาว 0.5 kg /ถุง"
"AS195062","กำแพงเจ็ดชั้น 1 kg /ถุง"
"AS195063","ชิงช้าชาลี 0.5 kg /ถุง"
"AS195064","แซ่ม้าทะลาย 0.5 kg /ถุง"
"AS195065","เล็บมือนาง 0.5 kg /ถุง"
"AS195066","กระดอม 0.5 kg /ถุง"
"AS195067","มะแว้งเครือ 0.5 kg /ถุง"
"AS195068","มะแว้งต้น 0.5 kg /ถุง"
"AS195069","เพชรสังฆาต 0.5 kg /ถุง"
"AS195070","กระทือ 0.5 kg /ถุง"
"AS195054","แก่นจันทน์เทศ 0.5 kg /ถุง"
"AS195055","กฤษณา 0.5 kg /ถุง"
"AS195056","มะคำดีควาย 0.5 kg /ถุง"
"AS191075","โกฐกะกลิ้ง 1 kg /ถุง"
"AS195053","Custom Oligo Syn ,5 oligos,103 mers,25 nmole /เส้น"
"AS195052","96 Well PCR Plate ,Non Skirt White 0.1 ml 25 ชิ้น /แพ็ค"
"AS195051","DNA for Validation of 2% Agarose Cassettes /แพ็ค"
"AS195050","2% Agarose,dye-free,W/internal standards 50 Test /แพ็ค"
"AS195049","1,10-phenanthroline hydrate /solid 5 g /ขวด"
"AS195048","Ammonium Ferrous sulfate [Fe(NH4)2(SO4)2·6H2O] ,AR /solid 500 g /ขวด"
"AS195047","Potassium dichromate [K2Cr2O7] /solid 500 g /ขวด"
"AS195046","Calcium chloride 2H2O [CaCl2.2H2O] ,AR /solid 500 g /ขวด"
"AS195045","Potassium Chloride [KCl] /solid 99.5% 500 g /ขวด"
"AS195044","Sodium chloride [NaCl] ,AR /solid 0.99 1 kg /ขวด"
"AS195043","Zinc chloride [ZnCl2] /solid 500 g /ขวด"
"AS195042","ชุดทดสอบบอแร็กซ์ในอาหารและสารเคมี (ผงกรอบ) 50 test /ชุด"
"AS195041","ชุดทดสอบโคลิฟอร์มขั้นต้น (SI-2) 50 test /ชุด"
"AS195040","ชุดทดสอบยีสต์และเชื้อราในอาหาร 4 test /ชุด"
"AS195039","ชุดทดสอบปริมาณบักทีเรียทั้งหมดในอาหาร 12 test /ชุด"
"AS195038","ชุดตรวจไนเตรทในอาหาร 70 test /ชุด"
"AS195037","ชุดทดสอบสแตฟฟีโรคอดคัสออเรียส 20 test /ชุด"
"AS195036","ชุดทดสอบวัตถุกันเสีย (กรดเบนโซอิก) สำหรับอาหารประเภทเส้น 20 test /ชุด"
"AS195035","ชุดทดสอบสารเร่งเนื้อแดง 20 test /ชุด"
"AS195034","ชุดทดสอบอีโคไลและโคลิฟอร์มในอาหาร 24 test /ชุด"
"AS195033","ชุดทดสอบวิบริโอ สปีชีส์ 20 test /ชุด"
"AS195032","Dexamethasone sodium phosphate 4mg/ml 1 ml /Ampoule"
"AS195031","Chlorphenirmine maleate 10mg/ml 2 ml /Ampoule"
"AS195030","Adrenaline 1mg/ml 1 ml /Ampoule"
"AS195029","Chlorpheniramine 4 mg 1000 Tablet /ขวด"
"AS195028","Doxycycline 100 mg 10 เม็ด /แผง"
"AS195027","Miconazole 10 g /หลอด"
"AS195026","Metronidazole 400 mg 10 เม็ด /แผง"
"AS195025","Clindamycin 300 mg 10 เม็ด /แผง"
"AS195024","Amoxicillin 500 mg 10 เม็ด /แผง"
"AS195023","Amoxicillin 250 mg 10 เม็ด /แผง"
"AS195022","Amoxicillin 500 mg + Clavulanic acid 375mg (Augmentin 875mg) 10 เม็ด /แผง"
"AS195021","Kamillosan 15 ml /หลอด"
"AS195020","Solcoseryl paste 10% 5 g /หลอด"
"AS195019","Tramadol 50 mg 12 เม็ด /แผง"
"AS195018","Naproxen 250 mg 11 เม็ด /แผง"
"AS195017","Paracetamon 500 mg 1000 เม็ด /ขวด"
"AS195016","Paracetamon 325 mg 1000 เม็ด /ขวด"
"AS195015","Paracetamon syrup 120mg/5ml 60 ml /ขวด"
"AS195014","Nystatin oral suspension 100,000U/ml 12 ml /ขวด"
"AS195013","Clotrimazole 10 mg 10 เม็ด /แผง"
"AS195012","Acyclovir 800 mg 5 เม็ด /แผง"
"AS195011","Gabapentin 300 mg 3 cabsules /แผง"
"AS195010","Carbamazepine 200 mg 50 Tabletten /แผง"
"AS195009","Amitriptyline 10 mg 10 เม็ด /แผง"
"AS195008","0.1% Triamcinolone acetonide orabase 5 g /หลอด"
"AS195007","Clobetasol propionate 0.05% 30 g /หลอด"
"AS194878","Acyclovir 400mg 25 เม็ด 5 แผง/กล่อง"
"AS194877","Acyclovir 200mg 25 เม็ด 5 แผง/กล่อง"
"AS193883","ผง Zinc oxide ชนิดไม่มีตัวเร่ง 100 g /ถุง"
"AS195006","ผงสี Erythrosine 100 g /ถุง"
"AS195002","น้ำยาบ้วนปาก Chlorhexidine 0.12% 180 ml /ขวด"
"AS195003","ยาสีฟัน 170 g /หลอด"
"AS194981","10% Lidocaine Spray (ยาชาเฉพาะที่ ชนิดพ่น ) 36 ml /ขวด"
"AS194982","G-Premio Bond Bottle Refill (วัสดุกาวยึดติดวัสดุฟัน ชนิดไม่ต้องล้างออก) 5 ml /ขวด"
"AS194983","Articaine Hydrochloride 4% with epinephrine 1:200000 (ยาชาเฉพาะที่สำหรับใช้ทางทันตกรรม) 1.7 ml 50 หลอด /กล่อง"
"AS194984","5% Lidocaine Gel (ยาชาเฉพาะที่ ชนิดครีม ) 15 g /หลอด"
"AS194985","Alginate (ผงพิมพ์) ชนิดเปลี่ยนสี 450 g /ซอง"
"AS194986","Alveogyl 12 g /กระปุก"
"AS194987","Biodentine 15 capsules หลอด"
"AS194988","Endo-Frost, Cold Spray Vitality Tester (สเปรย์ทดสอบการเสียวฟัน) 200 ml /กระป๋อง"
"AS194989","Disclosing wax 57 g /กระปุก"
"AS194990","Esthetic composite 4 g /หลอด"
"AS194991","High level disinfectant (น้ำยาฆ่าเชื้อประสิทธิภาพสูง) 3.8 ลิตร /แกลลอน"
"AS194992","Surface disinfectant (น้ำยาฆ่าเชื่อโรค สำหรับพื้น) Refill 3800 ml /แกลลอน"
"AS194993","Surface disinfectant spray (น้ำยาฆ่าเชื่อโรค สำหรับพื้น ชนิดสเปรย์) 709 ml /ขวด"
"AS194994","Desensitizer Systemp (ยาลดอาการเสียวฟัน) 5 ml /ขวด"
"AS194995","สเปรย์หล่อลื่นหัวกรอ พร้อมปลายสเปย์หัวกรอ ช้าและเร็ว 450 ml /กระป๋อง"
"AS194996","Handpiece Spray Nozzle (สเปรย์ล้างหัวกรอ) 550 ml /กระป๋อง"
"AS194997","High spot Indicator Arti-Spot 2 15 ml /ขวด"
"AS194998","Camphophenol (CMCP) 30 ml /ขวด"
"AS194999","1.23% Acidulated phosphate fluoride ,APF Gel (ฟลูออไรด์เจล) 50 ml /ขวด"
"AS195000","น้ำยาล้างคลองรากฟัน ชนิด EDTA 17% solution 200 ml /ขวด"
"AS195001","น้ำยาฆ่าเชื้อ สำหรับล้างมือ Chlorhexidine gluconate 4% 5000 ml /แกลลอน"
"AS191813","Hemolynac .3N (cyanide Free) Liquids 1x500 ml /กล่อง"
"AS194980","ยาชงหญ้าดอกขาว 2 g 10 ซอง /แพ็ค"
"AS194979","ยาสหัสธารา 135 เม็ด /ขวด"
"AS194978","ยาปราบชมพูทวีป 435 mg 50 แคปซูล /ขวด"
"AS194977","ยาประสะกะเพรา 250 mg 50 แคปซูล /ขวด"
"AS194976","ยาขมิ้นชัน 360 mg 60 แคปซูล /ขวด"
"AS190973","ยาเบญจกูล 425 mg 50 แคปซูล /ขวด"
"AS192944","ยาประสะไพล 500mg 100 แคปซูล/ขวด"
"AS192943","ยาประสะไพล 400mg 100 แคปซูล/ขวด"
"AS194918","ยาตรีผลา 500 mg 50 แคปซูล /ขวด"
"AS194917","ยาเขียวหอมแก้ร้อนใน 450 mg 50 แคปซูล /ขวด"
"AS194916","ยาประสะจันทน์แดง 400 mg 50 แคปซูล /ขวด"
"AS193004","ยาประสะจันทน์แดง 500mg 50 แคปซูล/ขวด"
"AS194914","ยาจันทลีลา 500 mg 50 แคปซูล /ขวด"
"AS194915","ยาแก้ไข้ห้าราก 500 mg 50 แคปซูล /ขวด"
"AS194913","ยาบำรุงโลหิต 475 mg 50 แคปซูล /ขวด"
"AS194975","Miller Luria Bertani Broth 500 g /ขวด"
"AS194974","Luria-Bertani Agar,Miller 500 g /ขวด"
"AS194973","Hydranol Composite 5 ,AR grade ,Liquid 1 ลิตร /ขวด"
"AS194972","Nylon-6 ,solid 1 kg /Pack"
"AS194971","Nylon-12 ,solid 1 kg /Pack"
"AS194970","Kaolin ,solid 1 kg /Pack"
"AS194969","Titanium Dioxide 200 Nm Easy Disperse (Titanium Dioxide Coat Dimethicone) ,solid 100 g /Pack"
"AS194968","Isagel (Mix Mask) ,solid 1 kg /Pack"
"AS194967","Titanium Dioxide (Cr50Sc23) ,solid 5 kg /Pack"
"AS194966","Mc 30 (Polyisobutene) ,solid 5 kg /GL"
"AS194965","Resin (Dc Fc-5002 Idd Resin Gum) ,solid 100 g /Bot"
"AS194964","Polymethylsilsesquioxane ,solid 1 kg /Pack"
"AS194963","Clariant (Btac) ,solid 25 kg /Drum"
"AS194962","Coal Tar ,Liquid 100 g /Bot"
"AS194961","Climbazole ,solid 100 g /Pack"
"AS194960","Zinc Pyrithione ,solid 120 g /Pack"
"AS194959","Britney ,Liquid NO.5 100 g /ขวด"
"AS194958","Linden Sl-5645 ,Liquid 100 g /ขวด"
"AS194957","Lavender Officinalis ,Liquid 100 g /ขวด"
"AS194956","Noir P-9344 ,Liquid 100 g /ขวด"
"AS194955","Honey Milk Sl-7159 ,Liquid 100 g /ขวด"
"AS194954","Coconut Milk Flavour (63.4515) ,Liquid 100 g /ขวด"
"AS194953","Golden Gate (1087270) ,Liquid 100 g /ขวด"
"AS194952","Riches P-8465 ,Liquid 100 g /ขวด"
"AS194951","Escatone Sh-12191 ,Liquid 100 g /ขวด"
"AS194950","Nive Pearl ,Liquid NO.3 100 g /ขวด"
"AS194949","Riz ,Liquid NO.1 100 g /ขวด"
"AS194948","Api ,Liquid NO.1 100 g /ขวด"
"AS194947","Match Point Sh-11612 ,Liquid 100 g /ขวด"
"AS194946","Occasion Rose Sh-11199 ,Liquid 100 g /ขวด"
"AS194945","Strawberry Flavour(63.07127) ,Liquid 100 g /ขวด"
"AS194944","Lexemul 561 ,cosmetic grade ,solid 1 kg /ถุง"
"AS194943","Fdp C111S 14 ,cosmetic grade ,Powder 1 kg /ถุง"
"AS194942","Hydranol Methanol Dry ,Ar grade ,Liquid 1 ลิตร /ขวด"
"AS194941","Stearic Acid [C18H36O2] ,Ar grade ,solid 500 g /ขวด"
"AS194940","Acetylsalicylic Acid [C₉H₈O₄] cas no.50-78-2 ,AR grade ,solid 100 g /ขวด"
"AS194936","30% Acrylamide and Bis-acrylamide solution , 29:1 500 ml /ขวด"
"AS194935","Trichloroacetic acid C2HCl3O2cas no.76-03-9 AR Grade 1 kg /ขวด"
"AS194934","Malondialdehyde tetrabutylammonium salt 1 g /ขวด"
"AS194933","MEM alpha medium 1 L/ซอง 10 ซอง /แพ็ค"
"AS194932","2-Thiobarbituric acid 25 g /ขวด"
"AS194931","น้ำยาแอนตี้ซีรั่ม CCC ,Liquids 10 ml /ขวด"
"AS194930","น้ำยาแอนตี้ซีรั่ม Call AB ,Liquids 10 ml /ชุด"
"AS194929","Ketoconazole C26H28Cl2N4O4cas no.65244-42-1 100 mg. /ขวด"
"AS194928","ชุดตรวจวัดความเป็นกรด-ด่าง Ph 0-14"
"AS194927","น้ำยาควบคุมคุณภาพ (SYM-05438619 E-CHECK (XS),LEVEL 1+SYM-05438619 E-CHECK (XS),LEVEL 2+SYM-05438619 E-CHECK (XS),LEVEL 3)"
"AS194926","SERODIA MYCOII solid 5x5 test /กล่อง"
"AS194722","น้ำยาฆ่าเชื้อสำหรับอุปกรณ์การแพทย์ (Virkon) /Liquids 5 g. 100 ซอง/กล่อง"
"AS194925","Orlistat ≥98% cas no.96829-58-2 ,AR Grade /solid 25 mg /กระปุก"
"AS194924","Bovine Serum Albumin heat shock fraction, pH 7, ≥98% cas no.9048-46-8 ,AR Grade /solid 10 g /กระปุก"
"AS194923","2,3- Dimercapto-1-propanol tributyrate 97 % cas no.58428-97-0 ,AR Grade /solid 1 g /กระปุก"
"AS194922","ยาอมสมุนไพร รสมะแว้ง 135 เม็ด /ขวด"
"AS194921","ยาชงรางจืด 2 g 10 ซอง /แพ็ค"
"AS194920","ยาสหัสธารา ชนิดแคปซูล 500 mg 50 แคปซูล /ขวด"
"AS194919","ยาอำฤควาที ชนิดผง 15 g 1 ซอง /ซอง"
"AS194912","ยาบำรุงน้ำนม ชนิดแคปซูล 450 mg 50 แคปซูล /ขวด"
"AS194911","ยาเลือดงาม ชนิดแคปซูล 450 mg 50 แคปซูล /ขวด"
"AS194910","ยามะขามแขก ชนิดแคปซูล 400 mg 10 แผง /กล่อง"
"AS194909","ยาธรณีสัณฑฆาต ชนิดแคปซูล 500 mg 50 แคปซูล /ขวด"
"AS194908","ยาเหลืองปิดสมุทร ชนิดแคปซูล 500 mg 10 แผง /กล่อง"
"AS194907","ยาประสะมะแว้ง 50 เม็ด /ซอง"
"AS194906","Liquid-Paraffin [CnH2n+2]cas no.8012951 ,Liquids 450 ml /ขวด"
"AS194905","คาร์โบโพล 940 (carbopol 940) 100 g"
"AS194904","ไดอะตอมมาเชียส เอริ์ท (Diatomaceous earth) 20 kg /กระสอบ"
"AS194903","CR2;TTCGCCCCTATACTCACGTTAT /Primer"
"AS194902","CF1;GAGTTGAACTGCAAGCTCTGG /Primer"
"AS194901","Pikovskaya's Broth (Medium) 500 g /ขวด"
"AS194900","Go Taq green master mix 1 ml /ชุด"
"AS192982","ยาหอมเทพจิตร 15g /ซอง"
"AS193290","*ยกเลิกไปใช้ AS194899* Flunarizine 5mg 500 /เม็ดกล่อง"
"AS194899","Flunarizine 5mg 500 /เม็ดกล่อง"
"AS193273","*ยกเลิกไปใช้ AS194897* ฟ้าทะลายโจร 300mg 100 เม็ด/กล่อง"
"AS193289","*ยกเลิกไปใช้ AS194898* Amitriptyline hydrochloride 10mg 500 เม็ด/กล่อง"
"AS194898","Amitriptyline 10mg 500 เม็ด/กล่อง"
"AS194897","ฟ้าทะลายโจร 300mg 100 เม็ด/กล่อง"
"AS194896","Acetylcysteine powder 200mg 3g/ซอง 30 ซอง/กล่อง"
"AS193268","*ยกเลิกไปใช้ AS194896* Acetylcysteine powder 200mg 3g/ซอง 30 ซอง/กล่อง"
"AS194895","Levothyroxine 100mcg 500 เม็ด/กล่อง"
"AS193266","*ยกเลิกไปใช้ AS194895* Levothyroxine 100mcg 500 เม็ด/กล่อง"
"AS193264","*ยกเลิกไปใช้ AS194894* Dimenhydrinate 50mg 1000 เม็ด/กล่อง"
"AS194894","Dimenhydrinate 50mg 1000 เม็ด/กล่อง"
"AS193261","*ยกเลิกไปใช้ AS194893* Vitamin B1-B6-B12 (B1 100 mg+B6 7.5 mg+B12 75 mg) 500 เม็ด/กระปุก"
"AS194893","Vitamin B1-B6-B12 (B1 100 mg+B6 7.5 mg+B12 75 mg) 500 เม็ด/กระปุก"
"AS193248","*ยกเลิกไปใช้ AS194892* Salbutamol 2mg 1000 เม็ด/กระปุก"
"AS194892","Salbutamol 2mg 1000 เม็ด/กระปุก"
"AS193246","*ยกเลิกไปใช้ AS194891* Roxithromycin 150mg 100 เม็ด/กล่อง"
"AS194891","Roxithromycin 150mg 100 เม็ด/กล่อง"
"AS193245","*ยกเลิกไปใช้ AS194890* Ranitidine 150mg 500 เม็ด/กล่อง"
"AS194890","Ranitidine 150mg 500 เม็ด/กล่อง"
"AS193243","*ยกเลิกไปใช้ AS194889* Propylthiouracil 50mg 500 เม็ด/กล่อง"
"AS194889","Propylthiouracil 50mg 500 เม็ด/กล่อง"
"AS193237","*ยกเลิกไปใช้ AS194888* Paracetamol 500mg 500 เม็ด/กล่อง"
"AS194888","Paracetamol 500mg 500 เม็ด/กล่อง"
"AS193234","*ยกเลิกไปใช้ AS194887* Ofloxacin 200mg 100 เม็ด/กล่อง"
"AS194887","Ofloxacin 200mg 100 เม็ด/กล่อง"
"AS193228","*ยกเลิกไปใช้ AS194886* Naproxen 250mg 100 เม็ด/กล่อง"
"AS194886","Naproxen 250mg 100 เม็ด/กล่อง"
"AS194885","Orphenadrine Paracetamol  (Paracetamol 450 mg + Orphenadrine citrate 35 mg) 1000 เม็ด/กล่อง"
"AS193224","*ยกเลิกไปใช้ AS194885* Orphenadrine Paracetamol  (Paracetamol 450 mg + Orphenadrine citrate 35 mg) 1000 เม็ด/กล่อง"
"AS194884","Methimazole 5mg 500 เม็ด/กล่อง"
"AS193219","*ยกเลิกไปใช้ AS194884* Methimazole 5mg 500 เม็ด/กล่อง"
"AS194883","Loratadine 10mg 500 เม็ด/กล่อง"
"AS193214","*ยกเลิกไปใช้ AS194883* Loratadine 10mg 500 เม็ด/กล่อง"
"AS194882","Ibuprofen 400mg 500 เม็ด/กล่อง"
"AS193207","*ยกเลิกไปใช้ AS194882* Ibuprofen 400mg 500 เม็ด/กล่อง"
"AS193187","*ยกเลิกไปใช้ AS194881* Dicloxacillin 500mg 500 เม็ด/กล่อง"
"AS194881","Dicloxacillin 500mg 500 เม็ด/กล่อง"
"AS193180","*ยกเลิกไปใช้ AS194880* Micronized flavonoidic fraction Micronized flavonoidic fraction equivalent to diosmine 450 mg + hesperidine 50 mg 500mg 300 เม็ด/กล่อง"
"AS194880","Micronized flavonoid fraction (equivalent diosmine 450 mg + hesperidine 50 mg) 500mg 300 เม็ด/กล่อง"
"AS193144","*ยกเลิกไปใช้ AS194879* Amoxicillin trihydrate + Potassium clavulanate (Amoxicillin trihydrate 875 mg + Potassium clavulanate 125 mg) 50 เม็ด/กล่อง"
"AS194879","Amoxicillin and Potassium clavulanate (875 mg+125 mg) 50 เม็ด/กล่อง"
"AS193132","*ยกเลิกไปใช้ AS194878* Acyclovir 400mg 25 เม็ด/กล่อง"
"AS193131","ยกเลิกไปใช้ AS194877* Acyclovir 200mg 25 เม็ด/กล่อง"
"AS194876","ผงเคมีแห้ง (Dry Chemical) สำหรับถัง 10 ปอนด์"
"AS193281","salicylic acid+phenol (25g+1.5ml/100ml) 15 ml/ขวด"
"AS194809","Gibberellic acid [C19H22O6] cas no.77065 / Molecular grade ,Solid 1 g /ขวด"
"AS194875","Chlorhexidine gluconate 2% Q-Bac2W3800 ml /แกลอน"
"AS194874","Sodium hypochlorite 2.5% 1,000 ml /ขวด"
"AS194873","Sodium hypochlorite 10% 20,000 ml /แกลอน"
"AS194872","Self-cured acrylic #white1 kg /กล่อง"
"AS194871","Porcelain etching gel 9.5% Hydrofluoric Acid5 g /ชิ้น"
"AS194870","Microfilm Die Lubricant 230 ml /ขวด"
"AS194869","Silagum putty 262 ml 2 ชิ้น /กล่อง"
"AS194868","Tempron /กล่อง"
"AS194867","COE-PAK Eugenol-free periodontal dressing 90 g 2 หลอด กล่อง"
"AS194866","Alvogyl 12 g /ขวด"
"AS194865","Mepivacaine 3% 1.8 ml 50 หลอด /กล่อง"
"AS194864","Silane Coupling Agent 8 ml /ขวด"
"AS191773","Hicrome UTI agar 500 g /ขวด"
"AS191654","ชุดสีย้อมแกรม (Gram Stain Set)"
"AS190987","Manganese (II) sulfate monohydrate (MnSO4.H2O) cas no.10034-96-5/Cosmetic grade /powder 500 g /ขวด"
"AS193337","*ยกเลิกไปใช้ AS194852* MULTISTIX-10-SG 100 ชิ้น/กล่อง"
"AS193158","*ยกเลิกไปใช้ AS194842* Cetirizine dihydrochloride 10mg 500 เม็ด/กล่อง"
"AS193145","*ยกเลิกไปใช้ AS071958* Azithromycin 250mg 6 เม็ด/กล่อง"
"AS191567","*ยกเลิกไปใช้ AS071955* Sterile water for injection /LR /Liquid 5 ml100 ขวด /กล่อง"
"AS191568","*ยกเลิกไปใช้ AS071956* Sterile water for injection /LR /Liquid 10 ml50 ขวด /กล่อง"
"AS194863","Sodium hypochlorite 10% (โซเดียมไฮโปคลอไรท์) [NaOCl]cas no.7681-52-9 ,Liquid 20 กก. /ถัง"
"AS194862","Sodium chloride 7.5% (โซเดียมคลอไรด์) [NaCl]cas no.7647-14-5 ,Liquid 20 กก. /ถัง"
"AS194861","Hydrochloric acid 9% (กรดไฮโดรคลอริก) [HCl]cas no.7647-01-0 ,Liquid 20 กก. /ถัง"
"AS194860","Sodium Carbonate (Soda Ash) (โซเดียมคาร์บอเนต) [Na2CO3] 25 กก. /กระสอบ"
"AS194859","Aluminium sulfate 16% (สารส้มขุ่นผง) [Al2(SO4)3]cas no.10043-01-3 ,Powder 25 กก. /กระสอบ"
"AS194858","Tocopheryl Acetate [C31H52O3]cas no.58-95-7 ,Cosmetic grade ,Liquid 500 g /ขวด"
"AS194856","Potassium permanganate [KMnO4] cas no.7722-64-7 ,AR grade ,Solid 500 g /ขวด"
"AS194853","Glycerol 99.5% [C3H8O3] cas no.6-81-5 ,AR grade ,Liquid 1 L /ขวด"
"AS194855","Dimenhydrinate 50 mg 10 เม็ด /แผง"
"AS193188","Dimenhydrinate 50mg 1ml /หลอด"
"AS194854","Omeprazole 20mg 100 เม็ด/กล่อง"
"AS194852","MULTISTIX-10-SG 100 ชิ้น/กล่อง"
"AS194851","Roxithromycin 150 mg 10 เม็ด /แผง"
"AS193317","*ยกเลิกไปใช้ AS194851* Roxithromycin 150 mg 10 เม็ด /แผง"
"AS194850","Ibuprofen 400 mg 10 เม็ด /แผง"
"AS193316","*ยกเลิกไปใช้ AS194850* Ibuprofen 400 mg 10 เม็ด /แผง"
"AS194849","Paracetamol 500 mg 1,000 เม็ด/กระปุก"
"AS193315","*ยกเลิกไปใช้ AS194849* Paracetamol 500 mg 1,000 เม็ด/กระปุก"
"AS194848","Clindamycin 300 mg 10 เม็ด /แผง"
"AS193314","*ยกเลิกไปใช้ AS194848* Clindamycin 300 mg 10 เม็ด /แผง"
"AS194847","Clindamycin 150 mg 10 เม็ด /แผง"
"AS194846","Amoxy 250 mg 10 เม็ด /แผง"
"AS193311","*ยกเลิกไปใช้ AS194845* Amoxicillin  500 mg 10 เม็ด /แผง"
"AS193312","*ยกเลิกไปใช้ AS194846* Amoxy 250 mg 10 เม็ด /แผง"
"AS194845","Amoxicillin  500 mg 10 เม็ด /แผง"
"AS194844","Diclofenac 25mg 1,000 เม็ด/กล่อง"
"AS194843","Chlorpheniramine meleate 4mg 1000 เม็ด/กระปุก"
"AS194842","Cetirizine dihydrochloride 10mg 500 เม็ด/กล่อง"
"AS190002","*ยกเลิกไปใช้ AS194841* 100 mM dNTP SET /Liquids 250 ul 4 หลอด/ชุด"
"AS194841","100 mM dNTP SET /Liquids 250 ul 4 หลอด/ชุด"
"AS194840","Methanol (HPLC grade) /Liquids 2.5 L/ขวด"
"AS194839","Sudan III [C22H16N4O] cas no.85-86-9 /Solid 10 g /ขวด"
"AS193702","Paraffin wax cas no.8002-74-2 /commercial grade /Solid 1 kg /ถุง"
"AS191989","Safranin O [C20H19N4] cas no.477-73-6 /Solid 100 g /ขวด"
"AS193701","Paraffin wax cas no.8002-74-2 /cosmetic, /solid, 1 kg /ถุง"
"AS191756","Paraffin wax Pionier 52/54 cas no.8002-74-2 /Cosmetic /Solid 1 kg /ถุง"
"AS193572","Hard Paraffin wax /cosmetic, /solid, 1 kg /ถุง"
"AS191421","Paraffin wax Pionier 52/54 cas no.8002-74-2 /LR grade /Solid 1 kg /ถุง"
"AS194838","Polyaniline (PANI) ,solid 25 g /ขวด"
"AS194837","Nitric acid [HNO3] ,A.R.grade ,Liquid 2.5 l /ขวด"
"AS194836","Aleksandrov agar 500 g /ขวด"
"AS193650","Pyridoxine Hydrochloride (Vitamin B6) [C8H11NO3 · HCl] cas no.58-56-2 ,standard grade ,Solid 1000 mg /ขวด"
"AS194810","Adenosine 5′-triphosphate (ATP) disodium salt hydrate [C10H14N5Na2O13P3 · xH2O] cas no.34369078 / Molecular Grade grade ,solid 1 g /ขวด"
"AS194835","δ-Tocopherol (Vitamin E) [C27H46O2] cas no.59-02-9 ,standard grade ,Solid 100 mg /ขวด"
"AS194834","Vitamin B12 [C63H88CoN14O14P] cas no.68-19-9 ,standard grade ,Solid 1000 mg /ขวด"
"AS194833","Thiamine Hydrochloride (Vitamin B1) [C12H17ClN4OS · HCl ] cas no.67-03-8 ,standard grade ,Solid 1000 mg /ขวด"
"AS194832","Riboflavin (Vitamin B2) [C17H20N4O6] cas no.83-88-5 ,standard grade ,Solid 1000 mg /ขวด"
"AS194831","Retinol (Vitamin A) synthetic, ≥95%, crystalline HPLC [C20H30O] cas no.68-26-8 ,standard grade ,Solid 500 mg /ขวด"
"AS192205","Nicotinamide (Niacinamide) : Vitamin B3 [C6H6N2O] cas no.98-92-0 ,standard grade ,Solid 1000 mg /ขวด"
"AS191785","N-Acetyl-D-glucosamine ≥99% [C8H15NO6] cas no.7512-17-6 ,Molecular grade ,solid 10 mg /ขวด"
"AS191741","D-Pantothenic acid hemicalcium salt (Vitamin B5) [HOCH2C(CH3)2CH(OH)CONHCH2CH2CO2 ·1/2Ca] cas no.137-08-6 ,AR grade ,Solid 1000 mg /ขวด"
"AS190983"," β-NADH phosphate disodium salt [ C21H26N7Na2O17P3] cas no.24292-60-2 ,Molecular grade ,solid 50 mg /ขวด"
"AS194792","tri - Sodium citrate dihydrate [HOC(COONa)(CH2COONa)2 · 2H2O] cas no.6132043 /AR grade ,Solid 500 g /ขวด"
"AS194826","Copper (II) nitrate trihydrate [Cu(NO3)2.3H2O] cas no.10031433 /AR grade ,Solid 500 g /ขวด"
"AS194827","Potassium permanganate [KMnO4] cas no.7722647 /Commercial grade ,Solid 1 kg /ขวด"
"AS194828","Ethanol 95% [C2H5OH] /Commercial grade ,Liquid 5 L /ขวด"
"AS194829","Distilled Water [H2O] ,Liquid 20 L /ถัง"
"AS194830","Detergent ,Liquid 150 ml /ขวด"
"AS194804","4-(Dimethylamino)benzaldehyde 99% [C9H11NO] cas no.100107 /AR grade ,solid 25 g /ขวด"
"AS194805","Chitinase from Streptomyces griseus [] cas no.9001063 / Molecular Grade grade ,solid 5 unit /ขวด"
"AS194806","Hexokinase and Glucose-6-phosphate Dehydrogenase from baker's yeast (S. cerevisiae) [] cas no. / Molecular Grade grade ,liquid 500 unit /ขวด"
"AS194807","2,4-dichlorophenoxyacetic acid [C8H6Cl2O3 ] cas no.94757 / Molecular Grade grade ,Solid 100 g /ขวด"
"AS194808","Indole-3-butyric acid (IBA) [C12H13NO2] cas no.133324 / Molecular Grade grade ,Solid 5 g /ขวด"
"AS194811","Hexokinase and Glucose-6-phosphate Dehydrogenase [] cas no. / Molecular Grade grade ,liquid 500 unit /ขวด"
"AS194812","Chloral hydrate [C2H3Cl3O2] cas no.302170 /AR grade ,Solid 500 g /ขวด"
"AS194813","Janus Green B [] cas no.2869832 /for biology grade grade ,Solid 5 g /ขวด"
"AS194814","Sodium Hypochlorite [NaOCl] cas no.7681529 /AR grade ,Liquid 5 L /แกลลอน"
"AS194815","Gold (III) chloride trihydrate [HAuCl4.3H2O] cas no.16961254 /AR grade ,Solid 1 g /ขวด"
"AS194816","Sodium alginate [(C6H7NaO6)n ] cas no.9005383 /AR grade ,Solid 500 g /ขวด"
"AS194817","6X Novel juice DNA staining dye Molecular Biology Grade [] cas no. /Molecular Grade grade ,Liquid 1 ml/vial /หลอด"
"AS194818","Nutrient Broth [] cas no. /AR grade ,Solid 500 g /ขวด"
"AS194819","Potato dextrose agar (PDA) [] cas no. /AR grade ,Solid 500 g /ขวด"
"AS194820","TISAB II for Fluoride ion [] cas no.1310732 /AR grade ,Liquid 500 ml /ขวด"
"AS194821","Valine [C5H11NO2] cas no.72184 /AR grade ,Solid 100 g /ขวด"
"AS194822","Ethanol 95% [C2H5OH] cas no.64175 /Commercial grade ,Liquid 18 L /ถัง"
"AS194823","Potassium iodide [KI] cas no.7681110 /AR grade ,Solid 1 kg /ขวด"
"AS194824","Glycerine soap สบู่ใส [] cas no. /Commercial grade ,Solid 1 kg /ถุง"
"AS194825","Iodine (resublimed) [I2] cas no.7553562 /AR grade ,Solid 500 g /ขวด"
"AS194793","L-Lysine [C6H14N2O2] cas no.56871 /AR grade ,Solid 100 g /ขวด"
"AS194794","Drextrin white technical grade [(C6H10O5)n•xH2O] cas no.9004539 /AR grade ,Solid 500 g /ขวด"
"AS194795","s-butyl chloride [C4H9Cl] cas no.78864 /AR grade ,Liquid 1 L /ขวด"
"AS194796","t-butyl chloride [C4H9Cl] cas no.507200 /AR grade ,Liquid 500 ml /ขวด"
"AS194797","Calcium carbide [CaC2] cas no.75207 /AR grade ,Solid 1 kg /ขวด"
"AS194798","Azocasein protease substrate [] cas no. /AR grade ,solid 1 g /ขวด"
"AS194799","Bacterial Genomic DNA Isolation Kit [] cas no. /Molecular Grade grade ,Liquid 1 kit /กล่อง"
"AS194800","DNA Gel Loading Dye (6X) [] cas no. /Molecular Grade grade ,Liquid 1 ml /หลอด"
"AS194801","DNeasy Plant Mini Kit [] cas no. /Molecular Grade grade ,Liquid 50 preps /กล่อง"
"AS194802","Agar commercial grade [] cas no. /Commercial grade ,Solid 1 kg /ถุง"
"AS194803","Calcium lactate pentahydrate [C6H10CaO6.5H2O] cas no. /AR grade ,Solid 1 kg /ขวด"
"AS194783","Methanol [CH3OH] cas no.67561 /AR grade ,Liquid 4 L /ขวด"
"AS194784","Methyl Violet [C25H30CIN3] cas no.548629 /AR grade ,Solid 100 g /ขวด"
"AS194785","Naphthalene [C10H9] cas no.91203 /AR grade ,Solid 500 g /ขวด"
"AS194786","Periodic acid [H5IO6] cas no.10450609 /AR grade ,Solid 25 g /ขวด"
"AS194787","Potassium chromate [K2CrO4] cas no.7789006 /AR grade ,Solid 500 g /ขวด"
"AS194788","Potassium ferrocyanide trihydrate [K4[Fe(CN)6]] cas no.14459951 /AR grade ,Solid 500 g /ขวด"
"AS194789","di-Potassium hydrogen phosphate [K2HPO4] cas no.7758114 /AR grade ,Solid 500 g /ขวด"
"AS194790","Sodium oxalate [(COONa)2 ] cas no.62760 /AR grade ,Solid 500 g /ขวด"
"AS194791","Sodium thiosulphate pentahydrate [Na2S2O3.5H2O] cas no.10102177 /AR grade ,Solid 500 g /ขวด"
"AS194761","1,2-Propandiol [C3H8O2] cas no.57556 /AR grade ,Liquid 1 L /ขวด"
"AS194762","1,3-Propandiol [C3H8O2] cas no.504632 /AR grade ,Liquid 1 L /ขวด"
"AS194763","1-Butanol [C4H10O] cas no.71363 /AR grade ,Liquid 2.5 L /ขวด"
"AS194764","Acetonyl acetone (Hexane-2,5-dione) [CH3COCH2COCH3] cas no.123546 /AR grade ,Liquid 1 L /ขวด"
"AS194765","Acridine orange [C17H20N3Cl3Zn] cas no.10127023 /dye content grade ,Solid 25 g /ขวด"
"AS194766","L-Alanine [C3H7NO2] cas no.56417 /AR grade ,Solid 100 g /ขวด"
"AS194767","Ammonium chloride [NH4Cl] cas no.12125029 /AR grade ,Solid 1 kg /ขวด"
"AS194768","Aspartic acid [HOOCCH(NH2)CH2COOH] cas no.56844 /AR grade ,Solid 100 g /ขวด"
"AS194769","Benzaldehyde [C7H6O] cas no.100527 /AR grade ,Liquid 1 L /ขวด"
"AS194770","Biphenyl [C12H10] cas no.92524 /AR grade ,Solid 1 kg /ขวด"
"AS194771","Cetrimonium bromide (CTAB) [CH3(CH2)15N(CH3)Br] cas no.57090 /AR grade ,Solid 100 g /ขวด"
"AS194772","Cobalt (II) chloride hexahydrate [CoCl2.6H2O] cas no.7791131 /AR grade ,Solid 500 g /ขวด"
"AS194773","Copper (ll) nitrate trihydrate [Cu(NO3)2.3H2O] cas no.10031433 /AR grade ,Solid 500 g /ขวด"
"AS194774","Copper (II) sulphate pentahydrate [CuSO4.5H2O] cas no.7758998 /AR grade ,Solid 500 g /ขวด"
"AS194775","Diacetyl [C4H6O2] cas no.431038 /AR grade ,Liquid 100 ml /ขวด"
"AS194776","Dibutylamine [C8H19N] cas no.111922 /AR grade ,Liquid 1 L /ขวด"
"AS194777","D-Sorbital [C6H14O6] cas no.50704 /AR grade ,Solid 1 kg /ขวด"
"AS194778","Ethyl acetoacetate [C6H10O3] cas no.141979 /AR grade ,Liquid 1 L /ขวด"
"AS194779","Glycerol 99.5% [C3H8O3] cas no.56815 /AR grade ,Liquid 2.5 L /ขวด"
"AS194780","Iminodiacetic acid [C4H7NO4] cas no.142734 /AR grade ,Solid 250 g /ขวด"
"AS194781","L-Leucine [C6H13NO2] cas no.61905 /AR grade ,Solid 100 g /ขวด"
"AS194782","Magnesium sulphate heptahydrate [MgSO4.7H2O] cas no.10034998 /AR grade ,Solid 500 g /ขวด"
"AS192001","Nutrient agar AR/Solid 500 g /ขวด"
"AS191515","Sodium alginate (C5H7O4COON)a cas no.9005383 /LR /Solid 1 kg /ขวด"
"AS190686","Potassium Monopersulfate [KHSO4]cas no.70693-62-8 /LR grade /powder 500 g /ขวด"
"AS190588","Methanol [MoO3]cas no.1313275 /Cosmetic grade /liquid 2.5 L /ขวด"
"AS193074","เบญกานี 1 ขีด/ถุง"
"AS193092","พริกไทยดำ 1 ขีด/ถุง"
"AS193087","มะขามป้อม 1 ขีด/ถุง"
"AS193057","บอระเพ็ด 1 ขีด/ถุง"
"AS193036","ขมิ้นชัน 1 ขีด/ถุง"
"AS194760","น้ำยาฆ่าเชื้อเครื่องมือและอุปกรณ์การแพทย์ ชนิด Hight-Level 5 L."
"AS194759","PLATINUM TAQ DNA POLYMERASE 500 u 4 หลอด /ชุด"
"AS194758","TaqMan MGB PROBE 6,000 pmol 100 ul"
"AS194757","One Mark 100 DNA Ladder 600 ul"
"AS194756","Capiclean 25 ml /ขวด"
"AS194755","ddPCR Prob Supermix,200 rxn 1 ml 2 หลอด /ชุด"
"AS194754","น้ำกลั่นบริสุทธิ์ Sterile Water for lrrigation 1000 ml /ขวด"
"AS194753","Kit Capillarys HB 4 ขวด /ชุด"
"AS194752","QIAquick Gel Extration kit (50) 50 ชิ้น /กล่อง"
"AS194751","Custom Oligos Syn,1 Oligos, 20 mers, 100 nmole, HPLC 20 base /หลอด"
"AS194750","Custom Oligos Syn,7 mers,169 mers,25 nmole 169 base /หลอด"
"AS194749","DMEM ,Liquid 1 L."
"AS1944749","Hematoxylin (C.I.75290) [C16H14O6] cas no.517-28-2 ,25 g /ขวด"
"AS194748","Trysin EDTA 100 ml /ขวด"
"AS194747","Tris SDS Buffer pH 6.8 500 ml 10 ชิ้น /แพ็ค"
"AS194746","Tris SDS Buffer pH 8.8 500 ml 10 ชิ้น /แพ็ค"
"AS194745","Kplus Dna Ladder 500 μl /หลอด"
"AS194744","Glycoblue 300 μl /หลอด"
"AS194743","เหลียนจื่อโร่ว 10 g /ห่อ"
"AS194742","เซิงกันเฉ่า 10 g /ห่อ"
"AS194726","ฉวนเชิน 10 g /ห่อ"
"AS194741","โฝโส่ว 10 g /ห่อ"
"AS194740","ฉินเจียว 10 g /ห่อ"
"AS194739","หลงต่านเฉ่า 10 g /ห่อ"
"AS194696","เชิงหมา 10 g /ห่อ"
"AS194738","Sodium Dodecyl-Sulfate /Solid 500 g /ขวด"
"AS194736","Ponceau-s Stain /Liquids 250 ml /ขวด"
"AS194737","30% Acrylamide/Bis Solution /Liquids 450 ml /ขวด"
"AS194735","2-Mercaptoethanol For Molecular Biology /Liquids 100 ml/ขวด"
"AS194734","Temed /Liquids 100 ml /ขวด"
"AS194733","Ammonium Persulphate /Solid 100 g /ขวด"
"AS194732","Genedirex Jetblue Protein Staining Solution /Liquids 500 ml /ขวด"
"AS194731","ชุดทดสอบหายาฆ่าแมลง MJPK พร้อมอุปกรณ์ 10 test /กล่อง"
"AS194730","ชุดทดสอบยาปฏิชีวนะและสารต้านจุลชีพตกค้างในเนื้อสัตว์ 50 test /กล่อง"
"AS194729","ชุดทดสอบสเตียรอยด์ในยาแผนโบราณ 20 test /กล่อง"
"AS194728","Penicillin G disc 10 ยูนิต /disc"
"AS194727","Doxycycline disc 30 μg /disc"
"AS194725","Actinomycete Isolation Agar 500 g /ขวด"
"AS194724","PBS,TABLETS cas no.1IVG4-18912-014 100x500 ml /EACH"
"AS194723","AGAROSE, TABLET cas no. 1BHC-AGT002-0500 /Liquids"
"AS194721","Quick Hyphili Strip /Liquids 100 test /set"
"AS194720","Quick HBsAg Strip /Liquids 100 test /set"
"AS194719","Quick HBsAb Strip /Liquids 100 test /set"
"AS194718","SurebBue Reserve TMB1-Component /Liquids 4x100 ml. /แพ็ค"
"AS194717","SD BIOLINE Tsutsugamushi /Solid 30 test /set"
"AS194716","น้ำยาแอนตี้ซีรั่ม CuSo4 1.053 /Liquids 450 ml /ขวด"
"AS194715","น้ำยาแอนตี้ซีรั่ม CuSo4 1.052 /Liquids 450 ml /ขวด"
"AS194714","น้ำยาแอนตี้ซีรั่ม Rh (D) cell /Liquids 10 ml /ขวด"
"AS194713","ผงขัด Pumice แบบละเอียด 1 ปอนด์ /กระปุก"
"AS194712","วัสดุอุดฟัน Amalgam 1 spill regular set 500 capsaul /กระปุก"
"AS194711","Buffer Usa Ph 10.01 20 ml /ขวด"
"AS194710","Buffer Sachets Ph 9.2120 ml /ขวด"
"AS194709","Kcl 3M Electrolyte 250 ml /ขวด"
"AS194708","Techical Buffer PH 7.00250 ml /ขวด"
"AS194706","Perfringens agar base 500 g /ขวด"
"AS194705","Brilliant green bile broth2% 500 g /ขวด"
"AS194704","Baird Parker agar base 500 g /ขวด"
"AS194703","Tryptone soya agar 500 g /ขวด"
"AS194702","Anaerocult A (Carbon dioxide) 10 ชุด /กล่อง"
"AS194701","Sodium bromide NaBr cas no. 7647-15-6 /AR 500 g /ขวด"
"AS194700","Potassium carbonate anhydrous K2CO3 cas no. 584-08-7 /AR 500 g /ขวด"
"AS194699","Nutrient broth 500 g /ขวด"
"AS194698","Potato dextrose broth 500 g /ขวด"
"AS194697","Agar cas no. 9002-18-0 /Food 500 g /ขวด"
"AS194695","Dexamethasone 4 mg/หลอด 10 หลอด /กล่อง"
"AS194694","Adrenaline 1 mg/หลอด 10 หลอด /กล่อง"
"AS194693","Tooth mousse 10 tube pack strawberry #462525 40 g 10 หลอด /กล่อง"
"AS194692","Tripleque ID Gel GC #0231F001-0000 40 g /หลอด"
"AS194691","สารห้ามเลือด Racestyptine - Haemostatic solution for gingival retraction 13 ml /ขวด"
"AS194690","กรดกัดผิวฟัน 37% Phosphoric acid 2 ml 2 หลอด /ถุง"
"AS194689","SMD-TMBM-0100-D1 TBM1 component HRP Membrane Substrate ,Molecular /Liquid 100 ml /Bot"
"AS194688","Myo-inositol [C6H12O6] cas no. 87-89-8 ,AR /Solid 25 g /Bot"
"AS194687","Agarose cas no. 9012-36-6 ,Molecular /Solid 100 g /Bot"
"AS1946876","ยาชา 2% 1:100000 Lidocaine 1.8 mg/หลอด 50 หลอด /กล่อง"
"AS190713","Potato dextrose broth [C6H3(OH)3]cas no.87661 /LR grade /powder 500 g /ขวด"
"AS194496","Agarose Molecular 500 g /ขวด"
"AS194686","Nitric acid 69% ,AR 2.5 L /ขวด"
"AS194685","Triton X-100, ml,Loba"
"AS194676","TIO2 AS 61D ,powder 1 kg /Pack"
"AS194677","Stearyl alcohol [C18H38O] cas no.112-92-5 ,solid 1 kg /Pack"
"AS194678","Span 20 cas no.1338-39-2 ,liquid 500 ml /ขวด"
"AS194679","AGARROSE cas no.1IV18-75510-019 /solid 100 g /ขวด"
"AS194680","COLCEMID SOLUTION cas no.1IVG5-15210-040 /Liquids 10 ml /ขวด"
"AS194681","PHYTOHEMAGGLUTININ M FORM ,FORM,LYO. cas no.1IVG7-10576-015 /Liquids 10 ml /ขวด"
"AS194682","PENICILLIN-STREPTOMYCIN cas no.1IVG7-15140-122 /Liquids 100 ml /ขวด"
"AS194683","CENTRIFUGE TUBE,AUTOCLAVABLE cas no.1SPL-50015:15 ML /solid 50 PKG /แพ็ค"
"AS194684","CENTRIFUGE TUBE,AUTOCLAVABLE cas no.1SPL-50050:50 ML /solid 25 PKG /แพ็ค"
"AS194668","D-Mannitol [C6H14O6] cas no.69-65-8 /AR ,solid 500 g /ขวด"
"AS194669","Gelatin solution cas no.9000-70-8 ,liquid 100 ml /ขวด"
"AS194670","Mercuric Iodide red 99% [HgI2] cas no.7774-29-0 ,solid 100 g /ขวด"
"AS194671","Saccharin sodium salt hydrate [C7H4NNaO3S ? xH2O] cas no.82385-42-0 ,solid 500 g /ขวด"
"AS194672","L-Ascorbic acid [C6H8O6] cas no.50-81-7 ,solid 1000 mg /ขวด"
"AS194673","3,5-Dinitrobenzoic acid [C7H4O6N2] cas no.99-34-3 ,solid 100 g /ขวด"
"AS194674","Silica gel ,solid 1 kg /ถุง"
"AS194641","STERILE DISC cas no.1HMD-SD067-5CT ,solid 250 ชิ้น /แพ็ค"
"AS194642","CEFOPERAZONE CPZ cas no.1HMD-SD072-5CT ,solid 75 UG. /กล่อง"
"AS194643","IMIPENEM IPM cas no.1HMD-SD073-5CT ,solid 10 UG. /กล่อง"
"AS194644","OFLOXACIN OF cas no.1HMD-SD087-5CT ,solid 5 MCG /กล่อง"
"AS194645","OXACILLIN OX cas no.1HMD-SD088-5CT ,solid 1 MCG /กล่อง"
"AS194646","CEFTIZOXIME CZX cas no.1HMD-SD110-5CT ,solid 30 UG. /กล่อง"
"AS194647","TETRACYCLINE TE cas no.1HMD-SD133-5CT ,solid 30 UG. /กล่อง"
"AS194648","GENTAMICIN cas no.1HMD-SD195-5CT ,solid 120 UG. /ขวด"
"AS194649","FOSFOMYCIN FO cas no.1HMD-SD205-5CT ,solid 200 UG. /ขวด"
"AS194650","CEFTAZIDIME/CLAVULANIC ACID cas no.1HMD-SD207-5CT ,solid 30I10 UG. /ขวด"
"AS194651","LEVOFLOXACIN LE cas no.1HMD-SD216-5CT ,solid 5 UG. /ขวด"
"AS194652","STREPTOMYCIN HLS cas no.1HMD-SD236-5CT ,solid 300 UG. /ขวด"
"AS194653","ERTAPENEM DISC cas no.1HMD-SD280-5CT ,solid 10 UG. /ขวด"
"AS194654","CEFOTAXIME/ CLAVULANIC ACID cas no.1HMD-SD724-5CT ,solid 30I10 UG. /แพ็ค"
"AS194655","CEFPODOXIME CPD cas no.1HMD-SD725-5CT ,solid 10 UG. /แพ็ค"
"AS194656","MEROPENEM DISC cas no.1HMD-SD727-5CT ,solid 10 UG. /กล่อง"
"AS194657","GATIFLOXACIN GAT cas no.1HMD-SD737-5CT ,solid 5 UG. /กล่อง"
"AS194658","L-LYSINE,CELL CULTURE TESTED cas no.1HMD-TC207-5CT ,solid 25 G. /ขวด"
"AS194659","HUMAN IgG,WHOLE MOLECULE CONTROL cas no.1TFS-AB-31154 ,solid 10 MG. 1 EACH /EACH"
"AS194660","Dimethyl sulfoxide ? 99.5%(GC),plant ceell culture tested ,Liquids 1 หน่วย"
"AS194661","Doxycycline drochloride ,Liquids 500 MG. /หน่วย"
"AS194662","SALMONELLA OMG ,Liquids 2 ML. /Bot"
"AS194663","Glucose syrup แบะแซใส 1 kg /ถุง"
"AS194664","Copper (II) acetate 99% [Cu(CH3COO)2] cas no.142-71-2 /AR ,solid 250 g /ขวด"
"AS194665","Copper (II) sulfate 5H2O [CuSO4.5H2O] cas no.7758-99-8 /AR ,solid 500 g /ขวด"
"AS194666","Coumarin [C9H6O2] cas no.91-64-5 ,solid 100 g /ขวด"
"AS194667","Dextrose H2O [C6H12O6 H2O] cas no.5996.-10-1 ,solid 500 g /ขวด"
"AS194613","XYLOSE LYSINE DEOXYCHOLATE AGAR (XLD AGAR) cas no.1HMD-M031-500G ,solid 500 G. /ขวด"
"AS194614","SABOURAUD DEXTROSE BROTH cas no.1HMD-M033-500G ,solid 500 G. /ขวด"
"AS194615","BLOOD AGAR BASE (INFUSION AGAR) cas no.1HMD-M073-500G ,solid 500 G. /ขวด"
"AS194616","MACCONKEY AGAR W/0.15% BILE SALTS CV AND NACL cas no.1HMD-M081-500G ,solid 500 G. /ขวด"
"AS194617","HICROME CANDIDA DIFFERENTIAL AGAR cas no.1HMD-M1297A-100G ,solid 100 G. /ขวด"
"AS194618","MUELLER HINTON AGAR cas no.1HMD-M173A-500G ,solid 500 G. /ขวด"
"AS194619","BRAIN HEART INFUSION AGAR cas no.1HMD-M211-500G ,solid 500 G. /ขวด"
"AS194620","STAIBS MEDIUM (BIRD DEED AGAR OR NIGER SEED AGAR) cas no.1HMD-M675-500G ,solid 500 G. /ขวด"
"AS194621","MOTILITY-INDOLE-LYSINE MEDIUM (MIL MEDIUM) cas no.1HMD-M847-500G ,solid 500 G. /ขวด"
"AS194622","AMPICILLIN AMP cas no.1HMD-SD002-5CT ,solid 10 UG. /แพ็ค"
"AS194623","AMPICILLIN cas no.1HMD-SD00A-5CT ,solid 2 UG. /แพ็ค"
"AS194624","CHLORAMPHENICOL C cas no.1HMD-SD006-5CT ,solid 30 UG. /แพ็ค"
"AS194625","CO-TRIMOXAZOLE (SULPHA/TRIMETHOPRIMCOT) cas no.1HMD-SD010-5CT ,solid 1.25/23.75 MCG /แพ็ค"
"AS194626","ERYTHROMYCIN E cas no.1HMD-SD013-5CT ,solid 15 UG. /แพ็ค"
"AS194627","GENTAMICIN GEN cas no.1HMD-SD016-5CT ,solid 10 UG. /แพ็ค"
"AS194628","NALIDIXIC ACID NA cas no.1HMD-SD021-5CT ,solid 30 UG. /กล่อง"
"AS194629","PENICILLIN-G P cas no.1HMD-SD028-5CT ,solid 10 UNITS /แพ็ค"
"AS194630","RIFAMPICIN RIF cas no.1HMD-SD030-5CT ,solid 5 UG. /แพ็ค"
"AS194631","AMIKACIN AK cas no.1HMD-SD035-5CT ,solid 30 UG. /แพ็ค"
"AS194632","CEFOTAXIME (CEPHOTAXIME) CTX cas no.1HMD-SD040-5CT ,solid 30 UG. /แพ็ค"
"AS194633","CEFOXITIN (CEPHOXITIN) CX cas no.1HMD-SD041-5CT ,solid 30 UG. /แพ็ค"
"AS194634","VANCOMYCIN VA cas no.1HMD-SD045-5CT ,solid 30 UG. /แพ็ค"
"AS194635","CLINDAMYCIN CD cas no.1HMD-SD051-5CT ,solid 2 UG. /แพ็ค"
"AS194636","CIPROFLOXACIN CIP cas no.1HMD-SD060-5CT ,solid 5 UG. /แพ็ค"
"AS194637","CEFUROXIME cas no.1HMD-SD061-5CT ,solid 30 UG. /แพ็ค"
"AS194638","CEFTAZIDIME CAZ cas no.1HMD-SD062-5CT ,solid 30 UG. /แพ็ค"
"AS194639","AMOXYCLAV (AMOXYCELLIN/CLAVULANIC ACID) cas no.1HMD-SD063-5CT ,solid 20I10 UG. /แพ็ค"
"AS194640","CEFTRIAXONE cas no.1HMD-SD065-5CT ,solid 30 UG. /แพ็ค"
"AS194609","TAQ DNA POLYMERASE cas no.1BHC-MB101-0500 ,Liquids 500 U. /KIT"
"AS194610","PETRI DISHES,PS MATERIAL DIA 90*15 MM.E.O.STERIL, cas no.1AEC-CLM-230-1090 ,solid 500 ชิ้น /CASE"
"AS194611","AGAR POWDER,BACTERIOLOGICAL cas no.GRM026-500G ,solid 500 G. /ขวด"
"AS194612","DEXTROSE ANHYDROUS, cas no.1HMD-GRM077-500G /AR ,solid 500 G. /ขวด"
"AS194608","Ethanol 70% 18 L/ถัง"
"AS194607","HDL-Cholesterol (with std.) 80 ml 4 ขวด /ชุด"
"AS194606","GPT(ALAT),IFCC 50 ml 8 ขวด /ชุด"
"AS192134","Urea UVLiquicolor 50 ml 8 ขวด /ชุด"
"AS191031","Triglycerides GPO LIQUI Mono 100 ml 4 ขวด /ชุด"
"AS194605","GOT (ASAT),IFCC 50 ml 8 ขวด /ชุด"
"AS194604","Cetrimonium bromide (CTAB) 100 g /ขวด"
"AS194603","sodium dodecyl sulfate 25 g /ขวด"
"AS194602","Oxidative-Fermentation (OF) Medium 500 g /ขวด"
"AS194601","HiChrome Candida difference agar 500 g /ขวด"
"AS194600","Luria Bertani broth 500 g /ขวด"
"AS194599","Brillant Green Lactose Blie Broth 500 g /ขวด"
"AS194598","MaConkey agar 500 g /ขวด"
"AS194597","Peptone water 500 g /ขวด"
"AS194596","sodium acetate 250 g /ขวด"
"AS194595","Prestrained protein marker -10-250 kDa 500 µl /หลอด"
"AS194594","100 bp DNA Ladder (Ready to load)100 Lanes /หลอด"
"AS194593","PCR master mix 200 reactions /หลอด"
"AS194592","L-Typtophan 25 g /ขวด"
"AS194591","Bird seed agar 500 g /ขวด"
"AS194590","Benet's agar 500 g /ขวด"
"AS194588","Real-time PCR mastermix สำหรับ probe 100 reactions /แพ็ค"
"AS194587","Annexin V & Dead Cell Kit สำหรับ flow cytometry 100 test /กล่อง"
"AS194586","ชุดสกัด DNA จากเลือด 50 ตัวอย่าง /กล่อง"
"AS194585","Plant DNA extraction kit 100 reactions /หลอด"
"AS194584","Pennicillin-Streptomycin (10,000U/ml)100 ml /ขวด"
"AS194583","1 kb DNA Ladder (Ready to load) 100 Lanes /หลอด"
"AS194582","6X Loading dye 1 ml /หลอด"
"AS194581","2-propanol 2.5 L /ขวด"
"AS194580","Urine strip 11 parameters 100 test /กล่อง"
"AS194579","Human Turmor Necrosis factor α ELISA kit milipore /กล่อง"
"AS194578","SspDI(Kas I)"
"AS194577","Tru II (Msel) 300 unit /แพ็ค"
"AS194576","Nhe I 500 unit /แพ็ค"
"AS194575","Eco RI 5000 unit /แพ็ค"
"AS194574","Restriction enzme Hhal 2000 unit /vial"
"AS194573","Pct I (Bsm I) 100 unit /vial"
"AS194572","BlueCross HBsAb Strip 100 ตัวอย่าง /กล่อง"
"AS194571","BlueCross HBsAg Strip 100 ตัวอย่าง /กล่อง"
"AS194570","BlueCross hCG Cassette 25 ตัวอย่าง /กล่อง"
"AS194569","BlueCross hCG Strip 100 ตัวอย่าง /กล่อง"
"AS194568","Humasis Infiuenza A/B Strip 25 ตัวอย่าง /กล่อง"
"AS194567","ชุดทดสอบปรอทแอมโมเนีย 20 ตัวอย่าง /กล่อง"
"AS194566","ชุดทดสอบสเตอรอยด์ 20 ตัวอย่าง /กล่อง"
"AS194565","ชุดคัดกรองสารเคมีกำจัดแมลง ในผัก ผลไม้และธัญพืช 10 ตัวอย่าง /กล่อง"
"AS194564","ชุดทดสอบ อีโคไล (E.coli Test kit) /กล่อง"
"AS194563","ชุดตรวจโคลิฟอร์มแบคเรียในน้ำและน้ำแข็ง 20 ตัวอย่าง /กล่อง"
"AS194562","ชุดทดสอบไฮโดรควิโนน 20 ตัวอย่าง /กล่อง"
"AS194561","ชุดทดสอบยาฆ่าแมลงพร้อมอุปกรณ์ 10 ตัวอย่าง /กล่อง"
"AS194560","Congo red Labchem [C32H22N6Na2O6S2] cas no.573-58-0 25 g /bot"
"AS194559","Hydrogen peroxide 30% [H2O2] cas no.7722-84-1 1 L /bot"
"AS194558","O F Basal medium 500 g /bot"
"AS194557","Malachite green oxalate [C23H25CIN2] cas no.569-64-2 /solid 25 g /bot"
"AS194556","Thiamine HCL (Vitamin B1) Lab [C12H17CIN4OS] cas no.59-43-8 /solid 50 g /bot"
"AS194555","Cobalt(II)chloride 6-hydrate [CoCl2] cas no.7646-79-9 /solid 500 g /bot"
"AS194554","Cobalt (II) chloride 6H2O [CoCl2*6H2O] cas no.7791-13-1 /solid 500 g /bot"
"AS194553","NAA [C10H7CH2COOH] cas no.86-87-3 /solid 25 g /bot"
"AS194552","6-Benzylaminopurine [C12H11N5] cas no.1214-39-7 /solid 1 g /bot"
"AS194551","Copper(II)sulphate 5-hydrate AR [CuSO4] cas no.7758-98-7 /solid 500 g /bot"
"AS194550","Pyridoxine hydrochloride [C8H11NO3] cas no.65-23-6 /solid 25 g /bot"
"AS194549","Thiamine HCL (Vitamin B1) [C12H17CIN4OS] cas no.59-43-8 /solid 50 g /bot"
"AS194548","Nicotinic acid [C6H5NO2] cas no.59-67-6 /solid 100 g /bot"
"AS194547","Glycine [C2H5NO2] cas no.56-40-6 /AR/solid 500 g /bot"
"AS194546","Potassium dihydrogen phosphate(ANH) [KH2PO4] cas no.7778-77-0 /AR /solid /bot"
"AS194544","Potassium nitrate [KNO3] /AR /solid 500 g /bot"
"AS194543","2,4-D [ C8H6Cl2O3] cas no.94-75-7 /solid 250 mg /bot"
"AS194542","Agar bacto [C12HC12H18O918O9] cas no.9009002-18-0 /solid 500 g /bot"
"AS194541","Hydrochloric acid 37% A.R. Grade Liquid 2.5 L /ขวด"
"AS194528","Potassium thiocyanate A.R. Grade 500 g /ขวด"
"AS194529","Silicone Grease 100 g /หลอด"
"AS194530","Silver nitrate A.R. Grade 500 g /ขวด"
"AS194531","Sodium acetate trihydrate A.R. Grade 500 g /ขวด"
"AS194532","Sodium Chloride A.R. Grade 1 kg /ขวด"
"AS194533","Sodium phosphate monobasic A.R. Grade 1 kg /ขวด"
"AS194534","Sodium sulfate A.R. Grade 1 kg /ขวด"
"AS194535","Sucrose A.R. Grade 500 g /ขวด"
"AS194536","Sulfanilic acid A.R. Grade 100 g /ขวด"
"AS194537","Trichloroacetic acid A.R. Grade 250 g /ขวด"
"AS194538","Trypan blue powder 25 g /ขวด"
"AS194539","Zinc 99.9% A.R. Grade 100 g /ขวด"
"AS194540","Zinc acetate dihydrate A.R. Grade 500 g /ขวด"
"AS194510","Gallic acid monohydrate A.C.S reagent Grade 100 g /ขวด"
"AS194511","Inositol 50 g /ขวด"
"AS194512","L - Tyrosine A.R. Grade 25 g /ขวด"
"AS194513","Lactose A.R. Grade 1 kg /ขวด"
"AS194514","L-Ornithine 25 g /ขวด"
"AS194515","Malachite Green 25 g /ขวด"
"AS194516","Methylene blue 25 g /ขวด"
"AS194517","Skimmed milk powder 500 g /ขวด"
"AS194518","Orcinol (3,5-Dihydroxytoluene-1 hydrate) A.R. Grade 500 g /ขวด"
"AS194519","Paraformaldehyde Reagent Grade 1 kg /ขวด"
"AS194520","Phenol Crystal A.R. Grade 1 kg /ขวด"
"AS194521","Phenolphthalein [C20H14O4]cas no.77098 500 g /ขวด"
"AS194522","Potassium chloride A.R. Grade 1 kg /ขวด"
"AS194523","Potassium ferrocyanide A.R. Grade 500 g /ขวด"
"AS194524","Potassium hydrogen phthalate A.R. Grade 100 g /ขวด"
"AS194525","Potassium iodate A.R. Grade 500 g /ขวด"
"AS194526","Potassium persulfate A.R. Grade 500 g /ขวด"
"AS194527","Potassium phosphate monobasic A.R. Grade 1 kg /ขวด"
"AS194497","Alpha-naphthol A.R. Grade 100 g /ขวด"
"AS194498","Aluminium chloride hexahydrate A.R. Grade 1 kg /ขวด"
"AS194499","Ammonium iron (III) sulfate hexahydrate A.R. Grade 500 g /ขวด"
"AS194500","Atropine Alkaloid Standard Grade 5 g /ขวด"
"AS194501","Blue Silica gel 1 kg /ถุง"
"AS194502","Bromocresol green 25 g /ขวด"
"AS194503","BSA fraction V A.R. Grade 100 g /ขวด"
"AS194504","Carboxymethylcellulose 100 g /ขวด"
"AS194505","Cholesterol A.R. Grade 25 g /ขวด"
"AS194506","Copper sulfate anhydrous A.R. Grade 500 g /ขวด"
"AS194507","Dipotassium hydrogenphosphate A.R. Grade 1 kg /ขวด"
"AS194508","Ferric (III) chloride hexahydrate A.R. Grade 500 g /ขวด"
"AS194509","Fructose A.R. Grade 1 kg /ขวด"
"AS194493","(+)-Catechin A.R. Grade 5 g /ขวด"
"AS194494","AAPH (2,2'-Azobis (2-methylpropionamidine) dihydrochloride A.R. Grade 25 g /ขวด"
"AS194495","ABTS (2,2'-azino-bis (3-ethylbenzthiazoline-6-sulphonic acid) 1 g /ขวด"
"AS194477","Buffer Solution pH 4.0 Liquid 1000 ml /ขวด"
"AS194478","Buffer Solution pH 7.0 Liquid 1000 ml /ขวด"
"AS194479","Diethyl ether A.R. Grade Liquid 2.5 L /ขวด"
"AS194480","Dimethyl sulfoxide 99.9% A.R. Grade Liquid 2.5 L /ขวด"
"AS194481","Dimethyl sulfoxide (Cell culture Grade) Liquid 250 ml /ขวด"
"AS194482","Ethanol (HPLC grade) HPLC grade Liquid 2.5 L /ขวด"
"AS194483","Hydrogen peroxide 30% Liquid 500 ml /ขวด"
"AS194484","Kovac 's Reagent Liquid 100 ml /ขวด"
"AS194485","Lactophenol Cotton Blue Liquid 100 ml /ขวด"
"AS194486","Nitric acid 65-70% A.R. Grade Liquid 500 ml /ขวด"
"AS194487","Petroleum ether A.R. Grade Liquid 2.5 L /ขวด"
"AS194488","Sulfuric acid 95-98% A.R. Grade Liquid 2.5 L /ขวด"
"AS194489","Trifluoroacetic acid HPLC grade Liquid 100 ml /ขวด"
"AS194490","Tween 80 Liquid 500 ml /ขวด"
"AS194491","ชุดน้ำยาสำเร็จรูปสำหรับ Real-time PCR และ High-resolution melting analysis Liquid 200 reaction /ชุด"
"AS194492","Formaldehyde 35-40% A.R. Grade Liquid 2.5 L /ขวด"
"AS194475","Acetonitrile (HPLC grade) HPLC grade Liquid 2.5 L /ขวด"
"AS194476","Buffer Solution pH 10.0 Liquid 1000 ml /ขวด"
"AS194473","3 M Potassium Chloride Electrolyte Standard Solution Liquid 250 ml /ขวด"
"AS194474","Absolute ethanol 99.9% A.R. Grade Liquid 2.5 L /ขวด"
"AS194472","Tetracycline disc 30 μg/disc /หลอด"
"AS194471","Penicillin disc 25 μg/disc /หลอด"
"AS194470","Kanamycin disc 30 μg/disc /หลอด"
"AS194469","Imipenem disc 10 μg/disc /หลอด"
"AS194468","Gentamicin disc 10 μg/disc /หลอด"
"AS194467","Deoxycycline disc 30 μg/disc /หลอด"
"AS194466","Colistin 1 g /ขวด"
"AS194465","Colistin disc 10 μg/disc /หลอด"
"AS194464","Ciprofloxacin disc 5 μg/disc /หลอด"
"AS194463","Ceftazidime disc 30 μg/disc /หลอด"
"AS194462","Cefotaxime disc 30 μg/disc /หลอด"
"AS194461","Cefepime disc 30 μg/disc /หลอด"
"AS192021","Ampicillin disc 10 μg/disc /หลอด"
"AS191971","Imipenem Disc cas no.1028635 /Liquids 5 ml 5หลอด/กล่อง"
"AS190057","Trichloroacetic acid [CCl3COOH] /Solid 250 g /ขวด"
"AS191467","Potassium iodide KI cas no.7681110 /LR grade /Solid 500 g /ขวด"
"AS192012","Phenolphthalein [C20H14O4]cas no.77098 /Liquids 125 ml /ขวด"
"AS192011","Phenolphthalein [C20H14O4]cas no.77098 /Solid 100 g /ขวด"
"AS193587","Inositol /food/solid, 1 kg /ถุง"
"AS190032","Methanol [CH3OH] cas no.67561 /Liquids 2.5 L /ขวด"
"AS194460","Custom oligo syn, 52 mers,100 nmole /mers"
"AS194459","dNTP Set 100 mM Solution 0.25 ml. 4 Vials /Pack"
"AS194458","CEFLAROLINE /Liquids 30 ug. /Box"
"AS194457","GRAM'S STAIN /Liquids 475 ml /LB"
"AS194456","VITOX (INCLUDING DILUENT) SUPPLYMENT VX /Liquids /Bot"
"AS194455","SALMONELLA OMF /Liquids /Bot"
"AS194454","SALMONELLA OME /Liquids /Bot"
"AS194453","SALMONELLA OMD /Liquids /Bot"
"AS194452","SALMONELLA OMC /Liquids /Bot"
"AS194451","SALMONELLA OMB /Liquids /Bot"
"AS194450","SALMONELLA OMA /Liquids /Bot"
"AS194449","SALMONELLA O GROUP H /Liquids /Bot"
"AS194448","SALMONELLA O GROUP G /Liquids /Bot"
"AS194447","SALMONELLA O GROUP F /Liquids /Bot"
"AS194446","SALMONELLA O GROUP E /Liquids /Bot"
"AS194445","SALMONELLA O GROUP C /Liquids /Bot"
"AS194444","SALMONELLA O GROUP B /Liquids /Bot"
"AS194443","SALMONELLA O GROUP A /Liquids /Bot"
"AS194442","SALMONELLA O POLYVALENT H (PHASE 1&2) /Liquids /Bot"
"AS194441","SALMONELLA VI /Liquids /Bot"
"AS194440","SALMONELLA O GROUP D /Liquids /Bot"
"AS194439","SALMONELLA O POLYVALENT A-I /Liquids /Bot"
"AS194438","GeneJET Plasmid Maxiprep kit /Liquids 100 react /kit"
"AS194437","น้ำยาแอนตี้ซีรั่ม O1 O2 cell /Liquids 10 ml /ชุด"
"AS194436","Propylene glycol [C3H8O2] cas no.57556 /LR ,liquid 1 l /ขวด"
"AS194435","Glycerine [C3H8O3] cas no.56543 /LR ,liquid 500 ml /ขวด"
"AS194434","Zinc oxide /LR ,liquid 500 g /ขวด"
"AS194433","Liquid paraffin [CnH2n+2 (n=16~24)] cas no.8012951 /LR ,liquid 450 ml /ขวด"
"AS194432","Sorbitol 70% [C6H14O6] cas no.50704 /LR ,liquid 450 ml /ขวด"
"AS194431","Methyl salicylate (น้ำมันระกำ) /LR ,liquid 450 g /ขวด"
"AS194403","Calcium chloride 2H2O AR grade /solid, 500 g. /Bot"
"AS194430","ชุดทดสอบความกระด้างทั้งหมดของน้ำ 30 TEST"
"AS194429","Catechin cas no.154-23-4 /AR 1 g /ขวด"
"AS194428","Starch 1500 [C6H10O5] cas no.68412293 /LR solid 50 Kg /ถัง"
"AS194427","B-Sitosterol cas no.83-46-5 /AR /solid 10 mg /ขวด"
"AS194426","Zinc oxide [ZnO] cas no.1314132 /COM 1 Kg /ขวด"
"AS194425","Polyethylene glycol 6000 cas no.7778509 /COM /solid 1 Kg /ขวด"
"AS194424","Polyethylene glycol 6000 cas no.7778509 /BP /solid 1 Kg /ขวด"
"AS194234","Tartaric acid [C4H6O6] cas no.87694 /COM /solid 1 Kg /ขวด"
"AS194067","Tartaric acid [C4H6O6] cas no.87694 /BP /solid 1 Kg /ขวด"
"AS193580","Corn starch [C6H10O5] cas no.68412293 /Food /solid 1 Kg /ขวด"
"AS191946","Hydroxy propyl methyl cellulose (HPMC) cas no.9004653 /LR /solid 500 g /ขวด"
"AS191899","Sennoside [C42H38O20] cas no.517-43-1 /AR /solid 5 mg /ขวด"
"AS191856","Sennoside A cas no.81-27-6 /AR 5 mg /ขวด"
"AS191715","Sodium benzoate /cosmetic grade 1 kg bot"
"AS191662","Sodium Saccharine /cosmetic grade 1 kg /bot"
"AS191649","Sodium Lauryl sulfate(SLS) /cosmetic grade 1 kg /bot"
"AS191646","sodium citrate monobasic [HOC(COONa)(CH2COOH)2] /AR 250 g /ขวด"
"AS191297","sodium citrate dibasic sesquihydrate [HOC(COOH)(CH2COONa)2 · 1.5H2O] /AR /solid 250 g /ขวด"
"AS191146","น้ำมันหอมระเหยไพล /cosmetic grade /solid 250 g /ขวด"
"AS191093","น้ำมันหอมระเหยขิง /cosmetic grade /liquid 250 g /ขวด"
"AS190935","น้ำมันหอมระเหยขิง /Food grade /liquid 250 g /ขวด"
"AS190497","GC Caviton #White 30 g"
"AS194410","Glycerol AR /liquid, 500 ml. /Bot"
"AS194411","L-Arginine hydrochloride /solid, 25 g. /Bot"
"AS194412","Magnesium chloride 6H2O /AR grade /solid, 500 g. /Bot"
"AS194413","Magnesium sulfate 7H2O /AR grade /solid, 500 g. /Bot"
"AS194414","L-Ornithine /solid, 100 g. /Bot"
"AS194415","Phenol solution /liquid, 100 ml. /Bot"
"AS194416","Potassium hydrogen carbonate /solid, 500 g. /Bot"
"AS194417","Potassium chloride AR /solid, 1 kg. /Bot"
"AS194418","Potassium dihydrogen phosphate(ANH) /AR grade /solid, 500 g. /Bot"
"AS194419","Sodium hydrogen carbonate /AR grade /solid, 1 kg. /Bot"
"AS194420","Starch azure /solid, 1 g. /Bot"
"AS194421","Bacto Tryptone /solid, 500 g. /Bot"
"AS194422","Wright's eosin Methylene Blue /solid, 25 g. /Bot"
"AS194423","Xylene cyanol FF /solid, 25 g. /Bot"
"AS194404","คลอรีนน้ำ 6% /liquid, ,Clorox1.89 L."
"AS194405","Dichloromethan /AR grade /liquid, 2.5 L. /Bot"
"AS194406","Dimethyl sulphoxide /AR grade /liquid, 1 L. /Bot"
"AS194407","Ferrozine /solid, 1 g. /Bot"
"AS194408","Iron II sulphate 7H2O /AR grade /solid, 500 g. /Bot"
"AS194409","Giemsa's azur eosin methylene blue /solid, 25 g. /Bot"
"AS194394","Dextran /solid, 100 g. /Bot"
"AS194395","Hexane /liquid, 2.5 L /Bot"
"AS194396","n-Buthyl alcohol /liquid, 2.5 L /Bot"
"AS194397","Sodium diethyl barbiturate acid /solid, 25 g. /Bot"
"AS194398","ABTS /solid, 1 g. /Bot"
"AS194399","Denatured alcohol 95% ALCO-AI /liquid, 14.5 (18L) kg. /Drum"
"AS194400","Methanol GR /liquid, 2.5 L. /Bot"
"AS194401","Acetylthiocholine iodide /solid, 5 g. /Bot"
"AS194402","Acrylamide /solid, 100 g. /Bot"
"AS194379","Cholesterol /Liquicolor , HUMAN4x100 ml. /Set"
"AS194380","Creatinine /Liquicolor , HUMAN 2x100 ml. /Set"
"AS194381","Glucose /Liquicolor , HUMAN1000 ml. /Set"
"AS194382","Lipase Liquicolor Reagent Kit /Liquicolor , HUMAN2x100 ml. /Set"
"AS194383","ASO Latex /liquid, 100 test /Set"
"AS194384","CRP Latex /liquid, 100 S /Set"
"AS194385","RA Latex /liquid, 100 test /Set"
"AS194386","SLE Test Kit (Anti-DNA) /liquid, 100 test /Set"
"AS194387","Proteus OX19 /liquid, 5 ml. /Bot"
"AS194388","Proteus OX2 /liquid, 5 ml. /Bot"
"AS194389","Proteus OXK /liquid, 5 ml. /Bot"
"AS194390","Salmonella Typhi H /liquid, 5 ml. /Bot"
"AS194391","Salmonella Typhi O /liquid, 5 ml. /Bot"
"AS194392","Isoprep (ficoll-hypaque) /liquid, 500 ml. /Bot"
"AS194393","Bovine serum albumin /solid, 100 g. /Bot"
"AS194377","Bilirubin Toit/Direct /Liquicolor , HUMAN 2x100 ml. /Set"
"AS194378","Calcium /Liquicolor , HUMAN 2x100 ml. /Set"
"AS190374","Coomassie&reg Brilliant blue R-250 [C3H6N2O2]cas no.68417 /LR grade /powder 25 g /ขวด"
"AS190373","Coomassie brilliant blue G 250 [C15H23NO4]cas no.66819 /Cosmetic grade /powder 25 g /ขวด"
"AS193672","MYS 40 / Cosmetic grade/solid, 1 kg /ขวด"
"AS194376","Sodium CMC /Cosmetic grade, 1 kg /bot"
"AS194375","OCTYL SALICYLATE (OS)(CHEM OS) / Cosmetic ,1 kg /bot"
"AS194374","Carbopol Ultrez 20 /Cosmetic grade /solid, 0.5 kg /bot"
"AS194373","CARBOPOL@ULTREZ 10 /Cosmetic grade/solid, 0.5 kg /bot"
"AS194372","Formocresol 30 ml /ขวด"
"AS194371","2% Mepivacaine 1.7 ml 50 หลอด /กล่อง"
"AS193318","pH 10.01 Buffer /AR, /liquid, 20 ml 30 ซอง/กล่อง"
"AS193084","pH 7.00 Buffer /AR, /liquid, 20 ml 30 ซอง/กล่อง"
"AS192727","pH 4.01 Buffer /AR, /liquid, 20 ml 30 ซอง/กล่อง"
"AS194362","20% benzocaine ointment กลิ่นผลไม้ 30 g /ขวด"
"AS194365","Sodiumhypochloride 2.5% 500 g /ขวด"
"AS194364","Zinc oxide powder without accelerator 50 g /ขวด"
"AS194363","วัสดุปิดคลองราก ในการรักษารากฟัน (Vitaprex) /หลอด"
"AS194361","น้ำยาบ้วนปาก Chlorhexidine 0.12% 250 ml /ขวด"
"AS191237","Ethyl acetate [CH3COOC2H5] cas no.141786 /AR grade /Liquid 2.5 L /ขวด"
"AS191238","Ethyl acetate [CH3COOC2H5] cas no.141786 /Liquid 20 L /แกลลอน"
"AS193535","Ethyl acetate [C4H8O2] cas no.141-78-6 /AR, /liquid, 2.5 L /ขวด"
"AS193412","Boric acid [H3BO3]cas no.10043-35-3 /AR, solid, 500 g /ถุง"
"AS194370","Metronidazole 400 mg 1000 เม็ด /กระปุก"
"AS194366","self-cured acrylic resin clear สีใส (ผง 1 kg.+น้ำ 500 cc.) /ขวด"
"AS194367","Fluoride Gel"
"AS194368","Fluoride varnish 10 ml /หลอด"
"AS194369","Patern resin (ผง 100 g+น้ำ 100 g)"
"AS194352","Self cure acrylic resin สีชมพู (pink) (ผง1,000 g น้ำ500 ml) /ชุด"
"AS194353","Temporary filling material"
"AS194354","Impression Material - addition silicone - heavy body"
"AS194355","Impression Material - addition silicone - putty"
"AS194356","Impression Material - addition silicone -light body & mixing pad /ชุด"
"AS194357","GI cement"
"AS194358","วัสดุรองพื้น Resin modified glass ionomer cement 6.5 ml /ชุด"
"AS194359","Acrylic resin - Self cured, tooth colored (Powder + Liquid) สีต่างๆ (ผง100 g.น้ำ 125 ml) 1 ชุด ชุด"
"AS194360","Luting cement resin (Panavia-F) 1 ชุด ชุด"
"AS194337","วัสดุอุดฟัน Resin composite Estelite สี A1"
"AS194338","วัสดุอุดฟัน Resin composite Estelite สี A2"
"AS194339","วัสดุอุดฟัน Resin composite Estelite สี A3"
"AS194340","วัสดุอุดฟัน Resin composite Estelite สี A3.5"
"AS194341","วัสดุอุดฟัน Resin composite Estelite สี A4"
"AS194342","วัสดุ Glass ionomer ชนิดผสมมือ (Fuji IX) ชนิดผสมมือ (สียูนิเวอร์ซัล 10 g ,Liquid 6 g. ,Vanish 5 g.)"
"AS194343","วัสดุ Glass ionomer ชนิดแคปซูล (Fuji IX)"
"AS194344","วัสดุ Glass ionomer ชนิดผสม (GI base) ชนิดผสมมือ (ผง15 g. น้ำ 5 g.)"
"AS194345","สารป้องกันการเสียวฟัน 5 ml"
"AS194346","Impression Material - alginate - fast set 500 g /ถุง"
"AS194347","Polysulfide : Light Body พร้อม adhesive (Base 95g. Catalyst 130g.)"
"AS194348","Tissue Conditioner (ผง 100 g. น้ำ 97 ml.)"
"AS194349","Impression Material - zinc oxide Eugenol impression paste & mixing pad"
"AS194350","Arti-spot 15 ml /กล่อง"
"AS194351","seperating medium 500 ml /ขวด"
"AS194336","Metronidazole 400 mg 10 เม็ด 1 /แผง"
"AS194335","NITROGEN GAS UHP 99.99% min. 6 kg /ถัง"
"AS194334","AIR ZERO 6 kg /ถัง"
"AS194333","ACETYLENE GAS INSTUMENT 99.5% min. 6 kg /ถัง"
"AS194332","Chlorhexidine gluconate 4% 5,000 ml /ขวด"
"AS194308","Cartridge for Oil Mist Filter"
"AS192837","Labovac 10 1 L"
"AS194331","Self cure acrylic resin สีชมพู (ผง 1,000 g น้ำ 500 ml)"
"AS194330","Heat cure acrylic resin สีชมพู (ผง 1,000 g น้ำ 500 ml)"
"AS194329","น้ำยาแช่เครื่องมือแพทย์ 2.5 L /ขวด"
"AS194328","GI Fuji 7 self-cure"
"AS194327","GI Fuji 9 self-cure"
"AS194326","สารป้องกันการเสียวฟัน 5 ml /ขวด"
"AS194325","วัสดุชั่วคราว 28 g /ขวด"
"AS194324","Erythrosine 6% 15 ml /ขวด"
"AS194323","Talbot's solution 15 ml /ขวด"
"AS194322","น้ำยาล้างสาย Suction ยูนิตทำฟัน 5 l /แกลอน"
"AS194321","Glass ionomer ชนิดผสมมือ"
"AS194320","Glass ionomer ชนิดแคปซูล (48 แคปซูลต่อกล่อง) พร้อมปืน"
"AS194319","สารสกัดขิง /Food /Powder 1 Kg /Bag"
"AS194309","ORTHOPHOSPHORIC ACID 85 % /AR 2.5 L /bot"
"AS194310","Coumarin [C9H6O2] cas no.91-64-5 /HPLC 50 g /ขวด"
"AS194311","Sennoside A [C42H38O20] cas no.81-27-6 /AR /Solid, 25 mg /ขวด"
"AS194312","Sennoside B [C42H38O20] cas no.128-57-4 /AR /Solid, 25 mg /ขวด"
"AS194313","Sennoside C [C42H40O19] cas no.37271-16-2 /AR /Solid, 25 mg /ขวด"
"AS194314","Sennoside D [C42H40O19] cas no.37271-17-3 /AR /Solid, 25 mg /ขวด"
"AS194315","EMCOMPRESS? (Calcium Hydrogen Phosphate Dihydrate) [CaHPO4 ? 2H2O] cas no. 7789-77-7 /LR 500 g /ขวด"
"AS194316","Chlorpheniramine maleate [C16H19ClN2 ? C4H4O4] cas no.113-92-8 /AR 5 g /ขวด"
"AS194317","Hydrochlorothiazide [C7H8ClN3O4S2]  cas no.200-403-3 /AR 5 g /ขวด"
"AS194318","สารสกัดมะขามป้อม /Food /Powder 1 Kg /Bag"
"AS194301","COCAMIDE MONO .ETIANOLAMINE (CME) /cosmetic 1 KG /bot"
"AS194302","LAURETH 23 100 GM /bot"
"AS194303","PMMA POWDER CREAM. /cosmetic 100 GM /bot"
"AS194304","POLOXAMER 407 /Commercial 200 GM /bot"
"AS194305","POLYVINYL PYRROLIDONE (PVP) 1 PKG /bot"
"AS194306","PROPYLENE GLYCOL /Food 1 KG /bot"
"AS194307","SODIUM SACCHARIN /Food 1 LB /bot"
"AS194280","Tea Tree (Melaleuca alternifolia-Australia) 100 ml /bot"
"AS194281","TEA TREE OIL-PG 100 g /bot"
"AS194282","Tetrahydrofuran 2.5 L /bot"
"AS194283","TEXAPON N-70 5 kg /bot"
"AS194284","Texapon N-8000 5 kg /bot"
"AS194285","TGI-20 1 kg /bot"
"AS194286","Thioglycolic acid 250 ml /bot"
"AS194287","Thyme White (Thymus vulgaris-England) 50 ml /bot"
"AS194288","TRIFAT S-308 1 kg /bot"
"AS194289","Tween 80 1 kg /bot"
"AS194290","UV SPERSE T40/TN 1 kg /bot"
"AS194291","Vetiver (Vetiveria zizanoides-Indonesia) 50 ml /bot"
"AS194292","White bee wax 100% USP 1 kg /Pcs"
"AS194293","WHITE PETROLEUM JELLY PIONIER 3476 1 kg /bot"
"AS194294","Xylitol 1 kg /bot"
"AS194295","Ylang Ylang Oil (Flower) 100 ml /bot"
"AS194296","Zoharlab 60 1 kg /bot"
"AS194297","น้ำมันมะพร้าว (COCONUTOIL) 500 GM /bot"
"AS194298","สารสกัดกุหลาบ (ROSE EXTRACT) 1 KG /bot"
"AS194299","ACTIVATED CHARCOAL ( ผงถ่าน ) 500 GM /bot"
"AS194300","CETYLPYRIDINIUM CHLORIDE 100 GM /bot"
"AS194258","SAW PALMETTO EXTRACT 1 kg /bot"
"AS194259","SG-CIO 1 kg /bot"
"AS194260","SG-KH4000(HCO-40) 1 kg /bot"
"AS194261","Shea butter 1 kg /bot"
"AS194262","SILBLEND 91 (SFE839) 1 kg /bot"
"AS194263","SILICONE 1501 1 kg /bot"
"AS194264","SILICONE DC 344(STV-5) 1 kg /bot"
"AS194265","SODIUM BICARBONATE(J) 1 kg /bot"
"AS194266","Sodium borohydride 100 g /bot"
"AS194267","Sodium carboxymethyl cellulose(cmc) 1 kg /bot"
"AS194268","Sodium hyaluronate (High M.W.) 100 g /bot"
"AS194269","Sodium lauryl sulfate (powder) 1 kg /แพ็ค"
"AS194270","Sodium metabisulphite /Food 1 kg /bot"
"AS194271","Sodium PCA 50% (Aqueous solution) 1 kg /bot"
"AS194272","Sodium Sulfate anhydrous /AR 500 g /bot"
"AS194273","Sorbitol 70% solution 1 kg /bot"
"AS194274","SPECTRASTATE BHL 1 kg /bot"
"AS194275","Stearic acid NAA-175 1 kg /bot"
"AS194276","STRAWBERRY RED R2002 (สีแดงอมชมพู ละลายน้า) 50 g /แพ็ค"
"AS194277","Sulfuric acid 98% 2.5 L /bot"
"AS194278","Sumatra Benzoin Resinoid 100 ml /bot"
"AS194279","SupGuard GM-BP 1 kg /bot"
"AS194235","NOVEMER EC-1 POLYMER 1 kg /bot"
"AS194236","NOVEMER EC-2 POLYMER 1 kg /bot"
"AS194237","Octanal 100 ml 100 ml /bot"
"AS194238","OCTYL SALICYLATE (OS) (Chem OS) 1 kg /bot"
"AS194239","Olive oil 1 L /bot"
"AS194240","Orange sweet (Citrus sinensis-South Africa) 100 ml /bot"
"AS194241","Palmarosa Oil (Gingergrass Oil) 100 ml /bot"
"AS194242","Peppermint Oil 100 ml /bot"
"AS194243","PEPPERMINT OIL EXTRA 100 g /bot"
"AS194244","Petitgrain orange (Citrus aurantium bigarade-Paraguay) 50 ml /bot"
"AS194245","Plantacare 1200 1 kg /bot"
"AS194246","Plantacare 2000 1 kg /bot"
"AS194247","POLYSYNLANE 1 kg /bot"
"AS194248","Potassium citrate 1 kg /bot"
"AS194249","Potassium dichromate 500 g /bot"
"AS194250","Prodew 500 1 kg /Pcs"
"AS194251","PROPYL PARABEN 1 kg /bot"
"AS194252","PUREACT WS CONC (TAURANOL WS CONC) 1 kg /bot"
"AS194253","PVA K90 1 kg /bot"
"AS194254","Rheopearl MKL2 1 kg /แพ็ค"
"AS194255","Rosemary Oil (Leaf) 100 ml /bot"
"AS194256","Rosewood (Aniba rosaeodora-Brazil) 50 ml /bot"
"AS194257","Salicylic acid 100 g /แพ็ค"
"AS194233","Neroli Abs.10% (Citrus aurantium-Morocco) 50 ml /bot"
"AS194229","METHYL PARABEN (ISRAEL) 1 kg /bot"
"AS194230","Monopropylene glycol 1 kg /bot"
"AS194231","MULBERRY EXTRACT BG-10 100 g /bot"
"AS194232","Myrrh (Commiphora myrrha-Kenya) 100 ml /bot"
"AS194210","Isododecane 1 kg /bot"
"AS194211","ISP XG 80(XANTHAN GUM COSMETIC GRADE) 0.5 kg /bot"
"AS194212","LACTIC ACID 88%EXEL 1 kg /bot"
"AS194213","LALIT STEARIC ACID SA 1850 1 kg /bot"
"AS194214","Lavender french H.A.(Lavandula angustifolia-France) 50 ml /bot"
"AS194215","Lemongrass (Cymbopogon Flexuosus) Oil 100 ml /bot"
"AS194216","Lemon Oil (Peel) 100 ml /bot"
"AS194217","LEMON YELLOW R555 (สีเหลืองละลายน้า) 50 g /แพ็ค"
"AS194218","Lexgard E 1 kg /Pcs"
"AS194219","Lexol GT-865 1 kg /bot"
"AS194220","LEXOL GT-865 (CAPRYLIC/CAPRIC TRIGLYCERIDE) 1 kg /bot"
"AS194221","LIPSI BLACK 65EB 1 kg /bot"
"AS194222","LIQUID PARAFFIN PIONIER 2071 (HEAVY) 1 kg /bot"
"AS194223","LIQUID PARAFFIN PIONIER 2076(LIGHT) 1 kg /bot"
"AS194224","LIQUID PARAFFIN PIONIER 2076 LIGHT (MINERAL OIL) 1 kg /bot"
"AS194225","MACADAMIA NUT OIL 1 kg /bot"
"AS194226","Marjoram Oil (Sweet) 100 ml /bot"
"AS194227","MEGASSANE (CAPRYLIC/CAPRIC TRIGLYCERIDE) 100 g /bot"
"AS194189","D-PANTHENOL 1 kg /bot"
"AS194190","Emulgin O5-V 1 kg /bot"
"AS194191","Eucalyptus Globulus Oil (China) 100 ml /bot"
"AS194192","EUMULGIN B 25 (Ceteareth-25) 1 kg /bot"
"AS194193","EUTANOL G 1 kg /Pcs"
"AS194194","Fennel Seed Oil (Sweet, India) 100 ml /bot"
"AS194195","Filter paper No.1 15 cm 100 ชิ้น /Box"
"AS194196","FINSOLV TN 1 kg /bot"
"AS194197","Folin-Ciocalteu's phenol 500 ml /bot"
"AS194198","Frankincense(Boswellia carterii-Kenya) 50 ml /bot"
"AS194199","Gallic acid 100 g /bot"
"AS194200","Geraniol 25 g /bot"
"AS194201","Geranium Egypt (Pelargonium graveolens-Egypt) 50 ml /bot"
"AS194202","Glycolic Acid 70% 1 kg /bot"
"AS194203","Guar Hydroxypropyltrimonium Chloride 100 g /แพ็ค"
"AS194204","Heptanoic acid 100 ml /bot"
"AS194205","Hydroxycitronellal 1k kg /bot"
"AS194206","IPA 1 kg /bot"
"AS194207","IPM(ISOPROPYL MYRISTATE) 1 kg /bot"
"AS194208","IPP(ISOPROPYL PALMITATE) 1 kg /bot"
"AS194209","Isoamyl alcohol 2.5 L /bot"
"AS194170","Clove Bud Oil 100 ml /bot"
"AS194171","COLORLESS ODORLESS JOJOBA OIL 1 kg /bot"
"AS194172","COMPERLAN KD 1 kg /bot"
"AS194173","COSMETIC RICE POWDER-100 (CPR-100) 1 kg /bot"
"AS194174","CREMOPHOR A-6 (Ceteareth-25) 1 kg /bot"
"AS194175","CRISTALHYAL(Hyaluronic acid) 1 kg /bot"
"AS194176","CUTINA AGS 1 kg /Pcs"
"AS194177","Cutina EGMST 1 kg /แพ็ค"
"AS194178","Cyclomethicone 1 kg /bot"
"AS194179","cypress French (Cupressus sempervirens-France) 50 ml /bot"
"AS194180","DC 9045 1 kg /bot"
"AS194181","DEB 100 23 kg /Drum"
"AS194182","DEB 96 23 kg /Drum"
"AS194183","Denatured alcohol 95% 18 L /bot"
"AS194184","Dimethicone 350 1 kg /bot"
"AS194185","DIMETHISIL DM-100 (Dimethicone 100 cs) 1 kg /bot"
"AS194186","DIPOTASSIUM GLYCYRRHIZINATE 1 kg /bot"
"AS194187","DL-ALPHA TOCOPHERYL ACETATE 100 g /bot"
"AS194188","DMDM HYDANTOIN 1 kg /bot"
"AS194150","Blue Solar (สีน้ำเงินละลายน้ำ) 50 g /แพ็ค"
"AS194151","Borax 1 kg /แพ็ค"
"AS194152","Carbopol Aqua SF-1 Polymer 1 kg /bot"
"AS194153","carbopol Aqua SF-1 Polymer (EUDRAGIT L 100-55) 1 kg /bot"
"AS194154","CARBOPOL@ULTREZ 10 1 kg /bot"
"AS194155","Carbopol Ultrez 20 1 kg /bot"
"AS194156","CARBOPOL ULTREZ 30 POLYMER 1 kg /bot"
"AS194157","Cetearyl alcohol 1 kg /แพ็ค"
"AS194158","Cetiol HE 1 kg /bot"
"AS194159","Cetiol OE 1 kg /Pcs"
"AS194160","CETO STEARYL ALCOHOL 50:50 (Cetearyl Alcohol) 1 kg /bot"
"AS194161","Cetyl alcohol (95%MINO.) 1 kg /bot"
"AS194162","Chamomile oil 0.5 kg /bot"
"AS194163","Chamomile Oil (Roman) 50 ml /bot"
"AS194164","CHEM HMS (Homosalate) 1 kg /bot"
"AS194165","CHEMSOL HS 1 kg /bot"
"AS194166","Cinnamon Bark Oil 100 ml /bot"
"AS194167","Cinnamon oil อบเชย 800 g /bot"
"AS194168","CITRIC ACID AMHYDROUS /Food 1 kg /Pcs"
"AS194169","Clary Sage Oil 100 ml /bot"
"AS194133","Acetic acid 2.5 L /bot"
"AS194134","Alcohol (Denatured) 1 kg /bot"
"AS194135","Alcohol (Denatured alcohol 95%) 1 kg /bot"
"AS194136","Alkox E-100 1 kg /bot"
"AS194137","Almond oil (Refine) 1 L /bot"
"AS194138","Aluminium Chlorohydrate 50% 1 kg /bot"
"AS194139","Amilite GCK-12H 1 kg /bot"
"AS194140","Amilite GCK-12K 1 kg /bot"
"AS194141","Amisoft HS-11P 1 kg /bot"
"AS194142","APPLE GREEN R2001 (สีเขียวแอปเปิ้ล ละลายน้ำ) 50 g /แพ็ค"
"AS194143","a-Terpineol 50 ml /bot"
"AS194144","Baycusan C1004 1 kg /bot"
"AS194145","Benzyl acetate 1 kg /Pcs"
"AS194146","Bergamot Essential Oil (italy, Fruit) 100 ml /bot"
"AS194147","Biosol 0.5 kg /Pcs"
"AS194148","BLACK GALINGALE EXTRACT POWDER 1 kg /Pcs"
"AS194149","Blackpepper (Piper nigrum-Indonesia) 100 ml /bot"
"AS194129","ชุด GPO M Kit 1 ชุด /กล่อง"
"AS194130","1,3-Butylene Glycol 1 kg /bot"
"AS194131","ABC 35% 1 kg /bot"
"AS194132","ABC 45% (Dehyton K) 1 kg /bot"
"AS194128","Biochemistry calibrator 5 ml 1 ขวด /แพ็ค"
"AS194127","Lipid control serum level II 1 ml 1 ขวด /แพ็ค"
"AS194126","Lipid control serum level I 1 ml 1 ขวด /แพ็ค"
"AS194125","Biochemistry control serum level II 5 ml 1 ขวด /แพ็ค"
"AS194124","Biochemistry control serum level I 5 ml 1 ขวด /แพ็ค"
"AS194123","High hematology control 3 ml 1 อัน /แพ็ค"
"AS194122","Narmal hematology control 3 ml 1 อัน /แพ็ค"
"AS194121","Low hematology control 3 ml 1 อัน /แพ็ค"
"AS194120","GD 100BP DNA LADDER H3 RTU 500 µl /ชุด"
"AS194119","Taq DNA Polymerase ,recombinant 500 u /ชุด"
"AS194118","Primers (FHF GTTTTTTAGTTGTTTGGGGTTTG, FGFTGTTATGATTCATTGTTTGTAG, FHGR ATAAGAACCGACCTGGCTCAC) 3 เส้น /ชุด"
"AS194117","Trizol reagent Liquids 100 ml /ขวด"
"AS194116","chlohexidine 2% 60 ml /ขวด"
"AS194115","Temporary cement - ชนิดที่มี Zinc Oxide Eugenal 65 g/ชุด"
"AS194114","ยาชาเฉพาะที่ (Topical) 30 g /กล่อง"
"AS194113","luting cement - polycarboxylate cement ผง 60 / น้ำ 33 g/ชุด"
"AS194112","luting cement - glass ionomer cement ผง 15 / น้ำ 5 g/ชุด"
"AS194111","luting cement - zinc phosphate cement ผง 60 / น้ำ 25 g /ชุด"
"AS194110","luting cement - resin cement (unicem) 50 capsual /ชุด"
"AS194109","Temporary cement - ชนิดที่ไม่มี Zinc Oxide Eugenal 65 g /ชุด"
"AS194108","Disclosing paste 57 g /กล่อง"
"AS194107","tray adhesive 10 ml /ขวด"
"AS194106","Polysulfide : Light Body พร้อม adhesive 225 g +60ml /ชุด"
"AS191834","Sennoside cas no.81-27-6 /AR /Solid 25 mg ขวด /ขวด"
"AS194105","Impression Material - alginate - normal set 500 g /ถุง"
"AS194104","Pumice แบบหยาบ 450 g /กระปุก"
"AS194103","Talbot' solution 30 ml /ขวด"
"AS194102","Hb301 Control High /Liquids, 3 ml 2 ขวด /Box"
"AS194101","Hb301 Control Normal /Liquids, 3 ml 2 ขวด /Box"
"AS194100","Hb301 Control Low /Liquids, 3 ml 2 ขวด /Box"
"AS1940125","KKU OF /Liquids, 100 Test /set"
"AS1940123","Hemostat Thromboplastin-si (PT) /Liquids, ""HUMAN"" 6x2 ml /set"
"AS1940124","Hemostat Thrombin Time /Liquids, ""HUMAN""3x3 ml /set"
"AS1940122","KKU DCIP /Liquids, 100 Test /set"
"AS1940121","Uric Acid Liquicolor /Liquids, ""HUMAN"" 4x100 ml /set"
"AS1940120","Urea Liquicolor /Liquids, ""HUMAN"" 2x100 ml /set"
"AS1940119","Trglyceride Liquicolor GPO Mono /Liquids, ""HUMAN"" 4x100 ml /set"
"AS1940118","Total protein Liquicolor /Liquids, ""HUMAN"" 4x100 ml /set"
"AS1940117","Phosphorus Liquicolor Complete /Liquids, ""HUMAN"" 2x100 ml /set"
"AS1940116","Pancreas-Amylase Liquicolor /Liquids, ""HUMAN"" 6x20 ml /set"
"AS1940115","Serodos Control Serum (Normal) /Solid, ""HUMAN"" 6x5 ml /set"
"AS1940114","Magnesium liquicolor /Liquids, ""HUMAN"" 2x100 ml /set"
"AS1940113","Lipasa Liquicolor Reagent Kit /Liquids, ""HUMAN"" 2x100 ml /set"
"AS1940112","LDL-Cholesterol Liquicolor Complete Kit /Liquids, ""HUMAN"" 200 ml /set"
"AS1940111","HDL-Cholesterol Liquicolor Complete Kit /Liquids, ""HUMAN"" 200 ml /set"
"AS1940110","Gamma-GT Liquicolor /Liquids, ""HUMAN"" 10x10 ml /set"
"AS1940109","CK.Nac Liquicolor UV /Liquids, ""HUMAN"" 10x10 ml /set"
"AS1940108","CK.MB Liquicolor UV /Liquids, ""HUMAN"" 10x10 ml /set"
"AS1940107","Btlirubin Total+Direct /Liquids, ""HUMAN"" 2x100 ml /set"
"AS1940106","Alkaline phosphatase Liquicolor /Liquids, ""HUMAN"" 10x10 ml /set"
"AS1940105","Albumin Liquicolor /Liquids, HUMAN,4x100 ml /set"
"AS1940104","Serodos Plus Control Serum (Abnormal) /Solid, HUMAN,6x5 ml /set"
"AS1940103","SERODIA TP (PA) /Liquids, 55x4 Test /กล่อง"
"AS1940102","SD BIOLINE Leptospira IgG/IgM /Solid, 30 Test /set"
"AS1940101","SD BIOLINE Malaria Ag P.f/Pan /Solid, 25 Test /set"
"AS1940100","SD BIOLINE HIV 1/2 3.0 Cassette /Solid, 30 Test /set"
"AS194099","WH accu HCG Pregnancy Strip 3 mm. /Solid, 100 Test /set"
"AS194098","SD BIOLINE HBsAg Fast /Solid, 100 Test /set"
"AS194097","SD BIOLINE Anti-HBs Fast /Solid, 100 Test /set"
"AS194096","SD BIOLINE Rota/Adeno Rapid /Liquids, 20 Test /set"
"AS194095","ANA GLOBAL TEST HEp-20-10 /Liquids, 10x10 Liver /Pack"
"AS194094","Quick Syphilis Strip /Liquids, 100 Test /set"
"AS194093","WONDFO Diagnostic kit for HIV 1+2 25 Test /กล่อง"
"AS193070","น้ำมันระกำ /ปอนด์"
"AS193513","Vitamin C tablets /ยา/Solid, 100 เม็ด/กระปุก"
"AS193279","ยาบรรเทาอาการริดสีดวงทวารหนัก 1,300 g 100 เม็ด/กล่อง"
"AS193277","ยาอมมะแว้ง รสบ๊วย 20เม็ด/ซอง 20 ซอง/กล่อง"
"AS194092","Ultrasound Gel 5 L"
"AS194091","Betadine Solution 500 ml"
"AS194089","Benzoin Tincture 450 ml"
"AS193413","Borneol (พิมเสน) [C10H18O]cas no.507-70-0 /cosmetic, /solid, 1 kg /ถุง"
"AS194088","น้ำยาล้างตา 120 ml /ขวด"
"AS193310","Alcohol 70% 180 cc /ขวด"
"AS193319","Alcohol 70% 450 cc /ขวด"
"AS194087","น้ำยาแอนตี้ซีรั่ม Rh (0) cell /Liquids, 10 ml. /ขวด"
"AS194086","น้ำยาแอนตี้ซีรั่ม Panel cell /Liquids, 10 ml. /ชุด"
"AS194085","น้ำยาแอนตี้ซีรั่ม Screeing cell /Liquids, 10 ml. /ชุด"
"AS194084","น้ำยาแอนตี้ซีรั่ม Copper 90% /Liquids, 450 ml. /ขวด"
"AS194083","น้ำยาแอนตี้ซีรั่ม Copper 80% /Liquids, 450 ml. /ขวด"
"AS194082","น้ำยาแอนตี้ซีรั่ม AHG /Liquids, 1 ml. /ขวด"
"AS194081","น้ำยาแอนตี้ซีรั่ม N /Liquids, 1 ml. /ขวด"
"AS194080","น้ำยาแอนตี้ซีรั่ม M /Liquids, 1 ml. /ขวด"
"AS194079","น้ำยาแอนตี้ซีรั่ม A1 /Liquids, 1 ml. /ขวด"
"AS194078","น้ำยาแอนตี้ซีรั่ม AB /Liquids, 1 ml. /ขวด"
"AS194077","น้ำยาแอนตี้ซีรั่ม B /Liquids, 1 ml. /ขวด"
"AS194076","น้ำยาแอนตี้ซีรั่ม A /Liquids, 10 ml. /ขวด"
"AS194075","Calcium Hypochlorite (Chlorine 65%) [ Ca(OCl)2] cas no.7778-54-3"
"AS194068","Sodium carbonate anhydrous /solid, Sodium carbonate500 g /Bot"
"AS194069","Gallic acid /solid, Galic acid100 g /Bot"
"AS194070","DPPH /solid, 1,1diphenyl2picrylhydrazyl radical (DPPH)1 g /Bot"
"AS194071","Trolox /solid, 6hydroxy2,5,7,8tetramethylchlorman2carboxylic acid (trolox)1 g /Bot"
"AS194072","L-DOPA /solid, l3,4dihydroxyphenylalanine (lDOPA)5 g /Bot"
"AS194073","Tyrosinase from mushroom /liquid, Tyrosinase25 KU /Bot"
"AS194074","Phosphate buffer saline /liquid, Phosphate Buffered Saline (PBS)1 L /Bot"
"AS194058","White Thyme Oil /liquid, 10 g /ขวด"
"AS194059","Wintergreen Oil /liquid, 10 g /ขวด"
"AS194060","Ylang Extra (Cananga odorata genuina-Comores) /liquid, 2 g /ขวด"
"AS194061","Ylang Ylang Oil (Flower) /liquid, 10 g /ขวด"
"AS194062","1LLD-MBL-BIO-32005 : SENSIFAST HRM KIT, 500 RXN /liquid, /KIT"
"AS194063","1KGB-KG2531 : 0.2 ML., 8-STRIP TUBES, WITH CLEAR CAP (qPCR), 125/PKG, CLEAR /solid, /แพ็ค"
"AS194064","1KGB-KG2543 : 0.2 ML., qPCR 8-STRIPS WITH ATTACHED FLAT CAPS, WHITE, 125/PKG /solid, /แพ็ค"
"AS194065","5x HOT FIREPol EvaGreen qPCR Mix Plus (no ROX) /liquid, /แพ็ค"
"AS194066","1KGB-KG2542 : 0.1 ML., qPCR 8-STRIPS WITH ATTACHED FLAT CAPS, WHITE, 125/PKG /solid, /แพ็ค"
"AS194039","Rosewood (Aniba rosaeodora-Brazil) /liquid, 5 g /ขวด"
"AS194040","Sandalwood (Santalum album-Mysore-India) /liquid, 1 g /ขวด"
"AS194041","SAW palmello extract /liquid, 10 g /ขวด"
"AS194042","Spearmint Oil /liquid, 10 g /ขวด"
"AS194043","Spikenard Oil /liquid, 10 g /ขวด"
"AS194044","Styrax Resinoid /liquid, 10 g /ขวด"
"AS194045","Sugar Fix? /liquid, 50 g /ขวด"
"AS194046","Sumatra Benzoin Resinoid /liquid, 10 g /ขวด"
"AS194047","Sweet Basil Oil /liquid, 10 g /ขวด"
"AS194048","Tagetes Oil /liquid, 10 g /ขวด"
"AS194049","Tangerine (Citrus reticulata-South Africa) /liquid, 5 g /ขวด"
"AS194050","Tea Tree (Melaleuca alternifolia-Australia) /liquid, 5 g /ขวด"
"AS194051","TEA TREE OIL-PG /liquid, 100 g /ขวด"
"AS194052","Thyme White (Thymus vulgaris-England) /liquid, 5 g /ขวด"
"AS194053","Tolu Balsam Oil (South America) /liquid, 10 g /ขวด"
"AS194054","Tuberose Abs.10% (Polianthes tuberosa-India) /liquid, 1 g /ขวด"
"AS194055","Turmeric Oil /liquid, 10 g /ขวด"
"AS194056","Vanilla Oil /liquid, 10 g /ขวด"
"AS194057","Vetiver (Vetiveria zizanoides-Indonesia) /liquid, 2 g /ขวด"
"AS194024","Peppermint (Mentha piperita-England) /liquid, 5 g /ขวด"
"AS194025","Peppermint Oil /liquid, 10 g /ขวด"
"AS194026","Peru Balsam Oil /liquid, 10 g /ขวด"
"AS194027","Petitgrain orange (Citrus aurantium bigarade-Paraguay) /liquid, 5 g /ขวด"
"AS194028","Pine Needle Oil (Scotch, Pinus Sylvestris) /liquid, 10 g /ขวด"
"AS194029","Pine Scotch (Pinus sylvestris-Bulgaria) /liquid, 5 g /ขวด"
"AS194030","Plai (Zingiber cassumunar roxb-Thailand) /liquid, 5 g /ขวด"
"AS194031","Ravensara (Ravensara aromtica-Madagascar) /liquid, 5 g /ขวด"
"AS194032","Rock Rose (Cistus ladaniferus-spain) /liquid, 1 g /ขวด"
"AS194033","Rose Bulgarian Abs. (Rosa damascena-Bularia) /liquid, 2 g /ขวด"
"AS194034","Rose Geranium Oil (Flower) /liquid, 10 g /ขวด"
"AS194035","Rosemary French (Rosmarinus ct. verbenone-France) /liquid, 5 g /ขวด"
"AS194036","Rosemary Oil (Leaf) /liquid, 10 g /ขวด"
"AS194037","Rosemary (Rosmarinus officinalis ct.cineole-Tunisia) /liquid, 5 g /ขวด"
"AS194038","Rose Otto (Rosa damascena-Bulgaria) /liquid, 10 g /ขวด"
"AS194013","Oakmoss Absolute /liquid, 10 g /ขวด"
"AS194014","Olibanum (Frankincense) Oil /liquid, 10 g /ขวด"
"AS194015","Opoponax (Commiphora erythraea-Somalia) /liquid, 2 g /ขวด"
"AS194016","Orange Oil Terpenes /liquid, 10 g /ขวด"
"AS194017","Orange sweet (Citrus sinensis-South Africa) /liquid, 10 g /ขวด"
"AS194018","Oregano (Origanum vulgare-Turkey) /liquid, 5 g /ขวด"
"AS194019","Osmanthus Abs. (Osmanthus fragrans-China) /liquid, 2 g /ขวด"
"AS194020","Palmarosa (Cymbopogon martini-Nepal) /liquid, 5 g /ขวด"
"AS194021","Palmarosa Oil (Gingergrass Oil) /liquid, 10 g /ขวด"
"AS194022","Patchouli Oil /liquid, 10 g /ขวด"
"AS194023","Patchouli (Pogostemon cablin-Indonesia) /liquid, 5 g /ขวด"
"AS194007","Neroli Abs.10% (Citrus aurantium-Morocco) /liquid, 2 g /ขวด"
"AS194008","Neroli (Citrus aurantium-Egypt) /liquid, 10 g /ขวด"
"AS194009","Niaouli (Melaleuca quniquenervid-Madagascar) /liquid, 5 g /ขวด"
"AS194010","Niaouli Oil (Leaf) /liquid, 10 g /ขวด"
"AS194011","Nutmeg (Myristica fragrans-Indonesia) /liquid, 5 g /ขวด"
"AS194012","Nutmeg Oil (Fruit) /liquid, 10 g /ขวด"
"AS193990","Lime (Citrus Aurantifolia) Oil /liquid, 10 g /ขวด"
"AS193991","Lime (Citrus aurantifolia-South Africa) /liquid, 10 g /ขวด"
"AS193992","Litsea Cubeba (May Chang) Oil /liquid, 10 g /ขวด"
"AS193993","Lotus blue 10% (Nymphaea caerulea-Thailand) /liquid, 1 g /ขวด"
"AS193994","MACADMIA NUT OIL /liquid, 1 kg /ขวด"
"AS193995","Mace Oil (Kernel) /liquid, 10 g /ขวด"
"AS193996","Malt Extract /liquid, 10 g /ขวด"
"AS193997","Mandarin Green (Citrus reticulata-Brazil) /liquid, 5 g /ขวด"
"AS193998","Mandarin Red (Citrus reticulata-South Africa) /liquid, 5 g /ขวด"
"AS193999","Marjoram Oil (Sweet) /liquid, 10 g /ขวด"
"AS194000","Marjoram sweet (Origanum majorana-France) /liquid, 5 g /ขวด"
"AS194001","May Chang (Litsea cubeba-China) /liquid, 5 g /ขวด"
"AS194002","Melissa Oil (Leaf) /liquid, 10 g /ขวด"
"AS194003","Melissa True(Melissa officinalis-England) /liquid, 1 g /ขวด"
"AS194004","Myrrh Absolute /liquid, 10 g /ขวด"
"AS194005","Myrrh (Commiphora myrrha-Kenya) /liquid, 1 g /ขวด"
"AS194006","Myrtle (Myrtus communis-Morocco) /liquid, 5 g /ขวด"
"AS193974","Juniper Berry Oil /liquid, 10 g /ขวด"
"AS193975","Kaffir Lime Leaf (Citrus hystrix DC.-Indonesia) /liquid, 5 g /ขวด"
"AS193976","Kaffir Lime Peel (Citrus hystrix DC.-Thailand) /liquid, 5 g /ขวด"
"AS193977","Labdanum Absolute /liquid, 10 g /ขวด"
"AS193978","Last Fix? /liquid, 100 g /ขวด"
"AS193979","Lavander Provence (Lavandula angustifolai-France) /liquid, 2 g /ขวด"
"AS193980","Lavander Spike (Lavandula latifolia-France) /liquid, 5 g /ขวด"
"AS193981","Lavandin Abrialis Oil /liquid, 10 g /ขวด"
"AS193982","Lavandin (Lavandula hybrida grosso-France) /liquid, 5 g /ขวด"
"AS193983","Lavender french H.A.(Lavandula angustifolia-France) /liquid, 5 g /ขวด"
"AS193984","Lavender French (Lavandula angustifolia-France) /liquid, 5 g /ขวด"
"AS193985","Lemon (Citrus limon-South Africa) /liquid, 10 g /ขวด"
"AS193986","Lemongrass(Cymbopogoh citratus-Tghailand) /liquid, 10 g /ขวด"
"AS193987","Lemongrass (Cymbopogon Flexuosus) Oil /liquid, 10 g /ขวด"
"AS193988","Lemon Oil (Peel) /liquid, 10 g /ขวด"
"AS193989","Lemon Verbena Oil /liquid, 10 g /ขวด"
"AS193957","Geranium Egypt (Pelargonium graveolens-Egypt) /liquid, 5 g /ขวด"
"AS193958","GERANIUM OIL EXTRA /liquid, 100 g /ขวด"
"AS193959","Geranium Rose (Pelargonium roseum-France) /liquid, 5 g /ขวด"
"AS193960","GINGER OIL EXTRA /liquid, 100 g /ขวด"
"AS193961","Ginger Root Oil /liquid, 10 g /ขวด"
"AS193962","Ginger Dried(Zingiber offinale-Indonesia) /liquid, 5 g /ขวด"
"AS193963","Grapefruit (Citrus paradisi-Madagascar) /liquid, 5 g /ขวด"
"AS193964","Grapefruit Oil /liquid, 10 g /ขวด"
"AS193965","Guaiacwood Oil /liquid, 10 g /ขวด"
"AS193966","Guava Leaf (Psidium guajava-Thailand) /liquid, 5 g /ขวด"
"AS193967","Ho Oil (Leaf) /liquid, 10 g /ขวด"
"AS193968","Hyssop (Hyssopus officinalis-England) /liquid, 2 g /ขวด"
"AS193969","Immortelle French (Helichrysum italicum-France) /liquid, 1 g /ขวด"
"AS193970","Immortelle (Helichrysum splendidum-Madagascar) /liquid, 10 g /ขวด"
"AS193971","Jasmine Egypt (Jasminum officinale-Egypt) /liquid, 10 g /ขวด"
"AS193972","Jasmine (Jasminum sambac-China) /liquid, 1 g /ขวด"
"AS193973","Juniper Berry(Juniperus communis-Bulgaria) /liquid, 5 g /ขวด"
"AS193942","Elemi (Canarium Iuzonicum-Philippines) /liquid, 5 g /ขวด"
"AS193943","Elemi Gum /liquid, 10 g /ขวด"
"AS193944","Elemi Oil /liquid, 10 g /ขวด"
"AS193945","Eucalyptus (Eucalyptus globulus-China) /liquid, 10 g /ขวด"
"AS193946","Eucalyptus Globulus Oil (China) /liquid, 10 g /ขวด"
"AS193947","Eucalyptus Lemon (Eucalyptus citriodora-Masagascar) /liquid, 10 g /ขวด"
"AS193948","EUCALYPTUS OIL (CHINA) /liquid, 100 g /ขวด"
"AS193949","Fennel Seed Oil (Sweet, India) /liquid, 10 g /ขวด"
"AS193950","Fennel Sweet (Foeniculum vulgare-France) /liquid, 5 g /ขวด"
"AS193951","Fingerroot (Boesengergia pandurata-Thailand) /liquid, 2 g /ขวด"
"AS193952","Fir Needle Oil (Canada) /liquid, 10 g /ขวด"
"AS193953","Flora Fix? /liquid, 100 g /ขวด"
"AS193954","Frankincense(Boswellia carterii-Kenya) /liquid, 2 g /ขวด"
"AS193955","Galbanum Oil /liquid, 10 g /ขวด"
"AS193956","Geranium Bourbon (Pelargonium graveolens-France) /liquid, 2 g /ขวด"
"AS193926","CINNMON LEAF OIL EXTRA /liquid, 10 g /ขวด"
"AS193927","Citronella (Cymbopogen nardus-Thailand) /liquid, 10 g /ขวด"
"AS193928","Citronella Oil (Java) /liquid, 10 g /ขวด"
"AS193929","Clary Sage Oil /liquid, 10 g /ขวด"
"AS193930","Clary Sage (Salarea-France) /liquid, 5 g /ขวด"
"AS193931","Clove bud (Eugenia caryphyllus-Indonesia) /liquid, 5 g /ขวด"
"AS193932","Clove Bud Oil /liquid (น้ำมันสกัดเย็น) 1 L /ขวด"
"AS193933","Coconut oil (น้ำมันมะพร้าวสกัดเย็น) /liquid, 1 L /ขวด"
"AS193934","Coffee Extract /liquid, 10 g /ขวด"
"AS193935","Coriajder (Coriandrum sativum-Russia) /liquid, 5 g /ขวด"
"AS193936","Coriander Seed Oil /liquid, 10 g /ขวด"
"AS193937","Corn Mint Oil (Leaf) /liquid, 10 g /ขวด"
"AS193938","CUMIN, OIL (CUMINUM CYMINUM L.) /liquid, 10 g /ขวด"
"AS193939","cypress French (Cupressus sempervirens-France) /liquid, 5 g /ขวด"
"AS193940","Cypress Oil (Leaf) /liquid, 10 g /ขวด"
"AS193941","Dill Seed Oil /liquid, 10 g /ขวด"
"AS193911","Caraway Seed Oil /liquid, 10 g /ขวด"
"AS193912","Cardamom Seed Oil /liquid, 10 g /ขวด"
"AS193913","Carrot Seed (Daucus carota-France) /liquid, 5 g /ขวด"
"AS193914","Carrot Seed Oil /liquid, 10 g /ขวด"
"AS193915","Cassia Oil /liquid, 10 g /ขวด"
"AS193916","Cedarwood Atlas (Cedurus atlantica-Morocco) /liquid, 5 g /ขวด"
"AS193917","Cedarwood (Blood, China) /liquid, 10 g /ขวด"
"AS193918","Celery Seed Oil /liquid, 10 g /ขวด"
"AS193919","Chamomile German (Matricaria recutita-England) /liquid, 1 g /ขวด"
"AS193920","Chamomile Oil (Roman) /liquid, 10 g /ขวด"
"AS193921","Chamomile Roman (Chamaemelum nobile-England) /liquid, 1 g /ขวด"
"AS193922","Champaca Leaf Absolute /liquid, 10 g /ขวด"
"AS193923","Champacp White (Michelia alba D.C.-China) /liquid, 1 g /ขวด"
"AS193924","Cinnamon Bark (Cinnamomum burmani-Indonesia) /liquid, 5 g /ขวด"
"AS193925","Cinnamon Bark Oil /liquid, 10 g /ขวด"
"AS193895","Basil Sweet (Ocimum basilicum ct.linalool-Egypt) /liquid, 10 g /ขวด"
"AS193896","Bay Oil, Bay West Indies Oil (Leaf) /liquid, 10 g /ขวด"
"AS193897","Bay west Indian (Pimenta racemosa-India) /liquid, 10 g /ขวด"
"AS193898","Bergamot (Citrus bergamia-Italy) /liquid, 10 g /ขวด"
"AS193899","Bergamot Essential Oil (italy, Fruit) /liquid, 10 g /ขวด"
"AS193900","Bergamot FCF (Citrus bergamia-Italy) /liquid, 5 g /ขวด"
"AS193901","Birch Sweet Oil /liquid, 10 g /ขวด"
"AS193902","Black Pepper Oil /liquid, 10 g /ขวด"
"AS193903","Blackpepper (Piper nigrum-Indonesia) /liquid, 10 g /ขวด"
"AS193904","Bois De Rose (Rosewood) Oil Brazil /liquid, 10 g /ขวด"
"AS193905","Cade Oil /liquid, 10 g /ขวด"
"AS193906","Cajeput / Cajuput / Cajaput Oil /liquid, 10 g /ขวด"
"AS193907","Cajeput (Melaleuca Leucadendron var.cajuputi-Indonesia) /liquid, 10 g /ขวด"
"AS193908","calendula 10% (Calendula officinalis-South Africa) /liquid, 10 g /ขวด"
"AS193909","Camphor Oil (Brown) /liquid, 10 g /ขวด"
"AS193910","Cananga (Cananga odorata macrophylla-Indonesia) /liquid, 5 g /ขวด"
"AS193880","Xylitol /food, /liquid, 1 kg /ขวด"
"AS193881","Zeodent 113 (Precipitated amorphous silica) /cosmetic, /powder, 500 g /ถุง"
"AS193882","Zeodent 165 (Precipitated amorphous silica) /cosmetic, /powder, 500 g /ถุง"
"AS193884","Zinc Pyrithione [C10H8N2O2S2Zn]cas no.13463-41-7 /cosmetic, /liquid, 100 g /ขวด"
"AS193885","ZINC STEARATE J /cosmetic, /solid, 1 kg /ถุง"
"AS193886","ZOHAR EDGS 771,Euperlan PK 771 (Glycol Distearate) /cosmetic, /semi-solid, 1 kg /ขวด"
"AS193887","ZOHAR GLST SE (GMS SE),(Glyceryl Stearate SE) /cosmetic, /solid, 1 kg /ถุง"
"AS193888","Zoharlab 60 (Sosium Linear Alkyl Benzene Sulphonate) /cosmetic, /liquid, 1 kg /ขวด"
"AS193889","Amyris Wood Oil /liquid, 10 g /ขวด"
"AS193890","Angelica Root Oil /liquid, 10 g /ขวด"
"AS193891","Anise Seed Oil /liquid, 10 g /ขวด"
"AS193892","Anise Star (Illicium verum-China) /liquid, 10 g /ขวด"
"AS193893","Armoise Oil /liquid, 10 g /ขวด"
"AS193894","Basil Holy (Ocimum sanctum-Thailand) /liquid, 10 g /ขวด"
"AS193864","UREA /cosmetic, /solid, 0.5 kg /ขวด"
"AS193865","UVINUL MS-40 (Benzophenone 4) /cosmetic, /solid, 100 g /ถุง"
"AS193866","UV SPERSE T40/TN (40% TITANIUM DIOXIDE IN C15-15 ALKYL BENZOATE) /cosmetic, /liquid, 1 kg /ขวด"
"AS193867","Vasaline (Petrolatum) /cosmetic, /solid, 1 kg /ขวด"
"AS193868","VISCOLAM AT 100 P (Sodium polyacryloyldimethyl taurate and hydrogenated polydecene and trideceth-10) /cosmetic, /liquid, 3 kg /แกลลอน"
"AS193869","Viscolam CK-1 (Acrylates Copolymer) /cosmetic, /liquid, 1 kg /แกลลอน"
"AS193870","Vitamin B3 /cosmetic, /solid, 1 kg /ถุง"
"AS193871","Vitamin C /cosmetic, /solid, 1 kg /ถุง"
"AS193872","WAX-S(CETO STEARYL ALCOHOL) /cosmetic, /solid, 1 kg /ถุง"
"AS193873","White bee wax 100% USP (Cera Alba) /cosmetic, /solid, 1 kg /ถุง"
"AS193874","WHITE PETROLEUM JELLY PIONIER 3476 /cosmetic, /solid, 1 kg /ขวด"
"AS193875","WITCH HAZEL DISTILLATE /cosmetic, /liquid, 1 kg /ขวด"
"AS193876","XANTHAN GUM /cosmetic, /solid, 1 kg /ถุง"
"AS193877","XIAMETER MEM-0949 Emulsion (Amodimethicone and cetrimonium chloride and trideceth-12) /cosmetic, /semi-solid, 250 g /ขวด"
"AS193878","Xiameter MEM-1784 Emulsion (Dimethiconol (and) TEA-Dodecylbenzeneslfonate) /cosmetic, /liquid, 1 kg /ขวด"
"AS193879","Xiameter MEM-1785 Emulsion (Dimethiconol (and) TEA-Dodecylbenzenesulfonate) /cosmetic, /liquid, 1 kg /ขวด"
"AS193854","TRIFAT S-308 (Triethylhexanoin) /cosmetic, /liquid, 1 kg /แกลลอน"
"AS193855","TRISODIUM CITRATE [Na3C6H5O7]cas no.1545801 /AR, /solid, 500 g /ขวด"
"AS193856","Tri-Sodium orthophosphate cas no.7601-54-9 /AR, /solid, 500 g /ขวด"
"AS193857","Tween 20 (Polysorbate 20) /cosmetic, /semi-solid, 1 kg /แกลลอน"
"AS193858","Tween 40 (Polysorbate 40) /cosmetic, /semi-solid, 1 kg /แกลลอน"
"AS193859","Tween 60 (Polysorbate 60) /cosmetic, /semi-solid, 1 kg /แกลลอน"
"AS193860","Tween 60 (Nonion ST 60),(Polysorbate 60) /cosmetic, /semi-solid, 1 kg /แกลลอน"
"AS193861","Tween 80 (Polysorbate 80) /cosmetic, /semi-solid, 1 kg /แกลลอน"
"AS193862","Unigerm G-2 (Propylene Glycol (and) Diazolidinyl Urea (and) Methylparaben (and) Propylparaben) /cosmetic, /liquid, 1 kg /แกลลอน"
"AS193863","UNILEX PEA GREEN /food, /solid, 100 g /ถุง"
"AS193847","Titanium dioxide [TiO2]cas no.13463-67-7 /AR, /powder, 500 g /ขวด"
"AS193848","Tospearl 3000A (POLYMETHYLSILSESQUIOXANE) /cosmetic, /solid, 1 kg /ถุง"
"AS193849","TRACACANTH GUM POWDER /commercial, /solid, 500 g /ถุง"
"AS193850","Tranexamic acid [C8H15NO2]cas no.1977-18-8 /cosmetic, /solid, 1 kg /ถุง"
"AS193851","Trehalose /cosmetic, /powder, 100 g /ถุง"
"AS193833","TEA TREE OIL-PG /cosmetic, /liquid, 100 g /ขวด"
"AS193834","Tegocare 450 (Polyglyceryl-3 Methylglucose Distearate) /cosmetic, /liquid, 1 kg /ขวด"
"AS193835","Tegosoft GMC 6 (PEG-6 Caprylic/Capric Glycerides) /cosmetic, /liquid, 1 kg /ขวด"
"AS193836","TEXAPON N-70 (Sodium laureth sulfate) /cosmetic, /semi-solid, 1 kg /แกลลอน"
"AS193837","Texapon N-8000 /cosmetic, /semi-solid, 1 kg /แกลลอน"
"AS193838","TGI-20 (PEG-20 glyceryl triisostearate) /cosmetic, /liquid, 1 kg /แกลลอน"
"AS193839","Thioglycolic acid [C2H4O2H]cas no.68-11-1 /AR, /liquid, 1 kg /ขวด"
"AS193840","Thioglycolic acid 80% [C2H4O2H]cas no.68-11-2 /cosmetic, /liquid, 500 g /ขวด"
"AS193841","Thymol [C10H14O]cas no.89-83-8 /LR, /solid, 100 g /ขวด"
"AS193842","Tinosorb S cas no.C38H49N3O5 /cosmetic, /solid, 500 g /ขวด"
"AS193843","Tinosorb S Aqua cas no.C38H49N3O5 /cosmetic, /liquid, 500 g /ขวด"
"AS193844","Tinsorb s cas no.C38H49N3O5 /cosmetic, /solid, 500 g /ขวด"
"AS193845","TiO2 CR50SC23 (Titanium Dioxide (and) Aluminium hydroxide (and) n-Octyltriethoxysilane) /cosmetic, /powder, 1 kg /ถุง"
"AS193846","Tipaque A-100 (Titanium Dioxide) /cosmetic, /powder, 1 kg /ขวด"
"AS193829","Talc DS /cosmetic, /powder, 1 kg /ถุง"
"AS193830","TALC LS-61 D /cosmetic, /powder, 1 kg /ถุง"
"AS193831","Talcum (Aluminum Starch Octenylsuccinate) /cosmetic, /powder, 1 kg /ถุง"
"AS193810","Span 60 (Nonion SPA 60),(Sorbitan Stearate) /cosmetic, /solid, 1 kg /ถุง"
"AS193811","Span 80 (Nonion OP 80R),(Sorbitan Oleate) /cosmetic, /liquid, 1 kg /ขวด"
"AS193812","SPECTRASTATE BHL (Caprylhydroxamic Acid (and) 1,2-Hexanediol (and) Butylene Glycol) /cosmetic, /liquid, 1 kg /แกลลอน"
"AS193813","SPERMACETI,BP /cosmetic, /solid, 1 kg /ถุง"
"AS193814","Splash Fiber 2 7T-4MM (Nylon-6 (and) lron Oxides (Cl 77499) (and) Silica) /cosmetic, /solid, 1 kg /ถุง"
"AS193815","SQUALANE NATURAL /cosmetic, /liquid, 1 kg /ขวด"
"AS193816","STARCH RICE cas no.9005-25-8 /powder, 1 kg /ขวด"
"AS193817","Stearic acid [C18H36O2]cas no.57-11-4 /cosmetic, /solid, 1 kg /ถุง"
"AS193818","Stearic acid NAA-175 [C18H36O3]cas no.57-11-5 /cosmetic, /solid, 1 kg /ถุง"
"AS193819","Stylene Acrylate copolymer (OPM 504) /cosmetic, /liquid, 250 g /ขวด"
"AS193820","SUCRALOSE [C12H19CI3O8]cas no.56038-13-2 /cosmetic, /liquid, 1 kg /ขวด"
"AS193821","Sufuric acid [H2SO4]cas no.7664-93-9 /AR, /liquid, 2.5 L /ขวด"
"AS193822","Sulfer [S]cas no.7704-34-9 /solid, 1 kg /ขวด"
"AS193823","SulFoam (Disodium laureth Sulfosuccinate) /cosmetic, /liquid, 100 g /ขวด"
"AS193824","Sulfuric acid 98% [H2SO4]cas no.7664-93-9 /AR, /liquid, 2.5 L /ขวด"
"AS193825","Sunsphere H-53 /cosmetic, /solid, 1 kg /ถุง"
"AS193826","SUPER CITRIMAX HCA600-SXM /cosmetic, /liquid, 1 kg /ถุง"
"AS193827","SupGuard GM-BP (Diazolidinyl Urea (and) Iodopropynyl Butylcarbamate (and) Propylene Glycol) /cosmetic, /liquid, 1 kg /แกลลอน"
"AS193828","Sweet almond oil /cosmetic, /liquid, 1 kg /ขวด"
"AS193793","Sodium cocoyl isethionate [C6H11NaO5S]cas no.61789-32-0 /solid, 500 g /ขวด"
"AS193794","Sodium hyaluronate (High M.W.) /cosmetic, /solid, 100 g /ขวด"
"AS193795","SODIUM HYDROSULPHITE /commercial, /solid, 1 kg /ขวด"
"AS193796","SODIUM HYDROXIDE BP (NaOH) [NaOH]cas no.1310-73-2 /cosmetic, /solid, 1 kg /ขวด"
"AS193797","SODIUM L-ASCORBATE [C6H7O6Na]cas no.0134-03-02 /solid, 1 kg /ขวด"
"AS193798","Sodium lauroamphoacetate (Mild-wash) [C18H34N2NaO3]cas no.156028-14-7 /cosmetic, /liquid, 100 g /ขวด"
"AS193799","Sodium lauryl sulfate (powder) [CH3(CH2)11(OCH2CH2)nOSO3Na]cas no.9004-82-4 /cosmetic, /powder, 1 kg /ขวด"
"AS193800","Sodium metabisulfite [Na2S2O5]cas no.7681-57-4 /, /solid, 1 kg /ขวด"
"AS193801","Sodium metabisulphite [Na2S2O6]cas no.7681-57-5 /solid, 1 kg /ขวด"
"AS193802","Sodium nitrate [NaNO3]cas no.7631-99-4 /AR, /solid, 500 g /ขวด"
"AS193803","Sodium PCA 50% (Aqueous solution) cas no.28874-51-2 /liquid, 1 kg /ขวด"
"AS193804","Sodium PCA (Nalidone) cas no.28874-51-2 /liquid, 1 kg /ขวด"
"AS193805","Sodium saccharin [C7H4NO3SNa?2H2O]cas no.6155-57-4 /, /solid, 1 kg /ถุง"
"AS193806","Sodium sesquicarbonate [Na3H(CO3)2]cas no.533-69-0 /solid, 1 kg /ขวด"
"AS193807","Sodium Sulfate anhydrous [Na2SO4] /solid, 1 kg /ขวด"
"AS193808","SOFTOUCH CC6069 (BORON NITRIDE POEDER) /cosmetic, /powder, 1 kg /ถุง"
"AS193809","Sorbitol 70% solution /food, /liquid, 500 g /ขวด"
"AS193774","Shea butter (Butyrospermum parkii) /cosmetic, /solid, 1 kg /ขวด"
"AS193775","SI01-2 Mica No.5500 /cosmetic, /solid, 1 kg /ถุง"
"AS193776","SI01-2 Sericite FSE /cosmetic, /solid, 1 kg /ถุง"
"AS193777","SI-2 TiO2 MT-500SA /cosmetic, /solid, 1 kg /ถุง"
"AS193778","SI-5 Sildex H-52 /cosmetic, /solid, 1 kg /ถุง"
"AS193779","SILICONE 1501 (CYCLOPENTASILOXANE (AND) DIMETHICONOL) /cosmetic, /liquid, 1 kg /ขวด"
"AS193780","SILICONE DC 344(STV-5) /cosmetic, /liquid, 1 kg /แกลลอน"
"AS193781","Silicone elastomer (DC 2-3040 BLEND) /cosmetic, /semi-solid, 1 kg /ขวด"
"AS193782","Silicone fluid (1000 cs viscosity) /cosmetic, /liquid, 5 kg /แกลลอน"
"AS193783","Silicone Hi-Cond (Aminopropyl dimethicone) /cosmetic, /liquid, 100 g /ขวด"
"AS193784","SIMUGEL INS100 /cosmetic, /semi-solid, 5 kg /ขวด"
"AS193785","SM3330P (Serasol SC83-A) /cosmetic, /liquid, 1 kg /ขวด"
"AS193786","Sodium alginate [C6H7NaO6]cas no.532-32-1 /cosmetic, /solid, 500 g /ขวด"
"AS193787","Sodium benzoate NF/FCC Powder [C7H5NaO2]cas no. /cosmetic, /powder, 1 kg /ขวด"
"AS193788","Sodium bicarbonate [NaCHO3]cas no.114-55-8 /AR, /solid, 500 g /ขวด"
"AS193789","Sodium borohydride [NaBH4]cas no.16940-66-2 /AR, /solid, 100 g /ขวด"
"AS193790","Sodium carboxymethyl cellulose(cmc) [C28H30Na8O27]cas no.9004-32-4 /food, /solid, 500 g /ขวด"
"AS193791","Sodium carboxymethyl cellulose(cmc) [C28H30Na8O28]cas no.9004-32-5 /food, /solid, 1 kg /ขวด"
"AS193792","Sodium chloride [NaCL]cas no.7647-14-5 /food, /solid, 1 kg /ขวด"
"AS193754","RHEOLEX XP /cosmetic, /liquid, 1 kg /ขวด"
"AS193755","Rheopearl MKL2 (Dextrin Palmitate) /cosmetic, /solid, 1 kg /ถุง"
"AS193756","Rhesperse RM100 (Sodium Polyacrylate) /cosmetic, /solid, 100 g /ถุง"
"AS193757","Rhesperse RM100 (Sodium Polyacrylate) /cosmetic, /solid, 500 g /ถุง"
"AS193758","Rice vitamin /cosmetic, /solid, 1 kg /ถุง"
"AS193759","Ropearl-4000 /cosmetic, /solid, 1 kg /ถุง"
"AS193760","Rose extract /cosmetic, /liquid, 100 g /ขวด"
"AS193761","ROSEMARY OIL EXTRA /cosmetic, /liquid, 100 g /ขวด"
"AS193762","ROSE MILK /cosmetic, /liquid, 100 g /ขวด"
"AS193763","Salicylic acid [C7H6O3]cas no.69-72-7 /cosmetic, /solid, 100 g /ขวด"
"AS193764","Salisol 4 (Benzophenone-4) /cosmetic, /solid, 1 kg /ถุง"
"AS193765","SEPIGEL 305 (POLYACRYLAMIDE (AND) C13-14 ISOPARAFF (AND) LAURETH-7) /cosmetic, /semi-solid, 5 kg /ขวด"
"AS193766","Sepiplus 265 (Polyacrylate-13 (and) Polyisobutene (and) Polysorbate 20) /cosmetic, /liquid, 1 kg /ขวด"
"AS193767","Sera Sense SF PTM /cosmetic, /liquid, 50 g /ขวด"
"AS193768","SeraSol EL92 /cosmetic, /solid, 50 g /ขวด"
"AS193769","Sesame oil /cosmetic, /liquid, 1 kg /ขวด"
"AS193770","SFE839 (Cyclopentasiloxane (and) Dimethicone (and) Dimethicone/Vinyl Dimethicone Crosspolymer) /cosmetic, /semi-solid, 1 kg /ขวด"
"AS193771","SG-KH4000(HCO-40) /cosmetic, /semi-solid, 1 kg /แกลลอน"
"AS193772","SG-KH 4000 (RH-40) /cosmetic, /semi-solid, 1 kg /แกลลอน"
"AS193773","SG-KH6000(HCO-60) /cosmetic, /semi-solid, 1 kg /แกลลอน"
"AS193736","Potassium iodide [KI]cas no.7681-11-0 /AR, /solid, 500 g /ขวด"
"AS193737","PowderCream (PMMA ผงโพลิเมอร์ให้ครีมเนื้อแป้ง) /cosmetic, /solid, 5 g /ขวด"
"AS193738","PRIME YELLOW CARNAUBA WAX FLAKE /cosmetic, /solid, 1 kg /ถุง"
"AS193739","Prodew 500 (Sodium PCA (and) Sodium Lactate (and) Arginine (and) Aspartic Acid (and) PCA (and) Glycine (and) Alanine (and) Serine (and) Valine (and) Proline (and) Threonine (and) Isoleucine (and) Hist"
"AS193740","PROPYLENE GLYCOL /cosmetic, /liquid, 1 kg /แกลลอน"
"AS193741","Propyl paraben /commercial, /solid, 1 kg /ถุง"
"AS193742","Purasal S/HQ60 (Sodium Lactate) /cosmetic, /liquid, 500 ml /ขวด"
"AS193743","Pureact Gluco L (Lauryl Glucoside) /cosmetic, /semi-solid, 1 kg /ขวด"
"AS193744","PUREACT I-78C (TAURANOL I-78C) /cosmetic, /solid, 1 kg /ถุง"
"AS193745","PUREACT WS CONC (TAURANOL WS CONC) /cosmetic, /solid, 1 kg /ขวด"
"AS193746","PURETOSE L /cosmetic, /liquid, 1 kg /ขวด"
"AS193747","PURE WHITE BEES WAX 100% /cosmetic, /solid, 1 kg /ถุง"
"AS193748","PVA /cosmetic, /solid, 1 kg /ถุง"
"AS193749","PVA K90 /cosmetic, /solid, 1 kg /ถุง"
"AS193750","PVP /cosmetic, /solid, 1 kg /ถุง"
"AS193751","PVP K90 /cosmetic, /solid, 1 kg /ถุง"
"AS193752","PYRIDOXINE HCI (VITAMIN B6) /cosmetic, /solid, 1 kg /ถุง"
"AS193753","REFINED GLYCERINE 99.5% MIN USP /cosmetic, /liquid, 5 kg /แกลลอน"
"AS193734","POTASSIUM HYDROXIDE BP [KOH]cas no.1310-58-3 /cosmetic, /solid, 1 kg /แกลลอน"
"AS193735","potassium iodate [KIO3]cas no.2139718 /AR, /solid, 500 g /ขวด"
"AS193720","Piroctone olamine /cosmetic, /liquid, 1 kg /แกลลอน"
"AS193721","Plantacare 1200 /cosmetic, /semi-solid, 1 kg /แกลลอน"
"AS193722","Plantacare 1200 UP (Lauryl Glucoside) /cosmetic, /semi-solid, 1 kg /แกลลอน"
"AS193723","Plantacare 2000 (Decyl Glucoside) /cosmetic, /liquid, 1 kg /แกลลอน"
"AS193724","Plastic Powder D-400 (HDI/Trimethylol Hexyllactone Crosspolymer (and) Silica) /cosmetic, /powder, 1 kg /ถุง"
"AS193725","Poloxamer 407 /cosmetic, /solid, 10 g /ขวด"
"AS193726","Polyox WSR (PEG-90M) /cosmetic, /solid, 100 g /ถุง"
"AS193727","Polyquaternium-10 /cosmetic, /liquid, 1 kg /ขวด"
"AS193728","Polysynlane /cosmetic, /liquid, 1 kg /ขวด"
"AS193729","Polysynlane V (Hydrogenated polyisobutene) /cosmetic, /liquid, 1 kg /ขวด"
"AS193730","Polyvinyl alcohol (P.V.A.) /cosmetic, /solid, 500 g /ขวด"
"AS193731","POLYVINYLPYRROLIDONE [(C6H9NO)n]cas no.9003-39-8 /cosmetic, /solid, 1 kg /ขวด"
"AS193732","Potassium citrate [K3C6H5O7]cas no.866-84-2 /cosmetic, /solid, 1 kg /ขวด"
"AS193716","Phosphoric acid [H3PO4]cas no.7664-38-2 /LR, /liquid, 450 ml /ขวด"
"AS193717","Phosphoric acid [H3PO5]cas no.7664-38-3 /LR, /liquid, 1 L /ขวด"
"AS193718","Photolite LY SSC31 (Titanium Dioxide (and) Iron Oxide (and) hydrogen dimethicone) /cosmetic, /solid, 1 kg /ถุง"
"AS193719","PHYTOSQUALAN /cosmetic, /liquid, 1 kg /แกลลอน"
"AS193704","PARSOL 1789 (DSM / SWITZERLAND) /cosmetic, /liquid, 1 kg /ขวด"
"AS193705","Parsol HMS (Homosalate) /cosmetic, /liquid, 1 kg /ขวด"
"AS193706","Parsol MCX /cosmetic, /liquid, 1 kg /ขวด"
"AS193707","PEG 400 (POLYETHYLENE GLYCOL NO.400 /cosmetic, /liquid, 1 kg /แกลลอน"
"AS193708","PEG 6000 DI (NONION DS60HN) /cosmetic, /solid, 1 kg /ถุง"
"AS193709","PEG-7 glyceryl cocoate (Cetiol HE) /cosmetic, /liquid, 1 kg /แกลลอน"
"AS193710","PEMULEN EZ-4U (Acrylates/C10-30 Alkyl Acrylate Crosspolymer) /cosmetic, /solid, 1 kg /ถุง"
"AS193711","Pentavitin (Saccharide Isomerate (and) Aqua (and) Citric Acid (and) Sodium Citrate) /cosmetic, /liquid, 1 kg /ขวด"
"AS193712","PEPPERMINT OIL EXTRA /liquid, 100 g /ขวด"
"AS193713","petrolatum white /cosmetic, /liquid, 1 kg /ขวด"
"AS193714","PHENOXY ETHANOL /cosmetic, /liquid, 1 kg /แกลลอน"
"AS193715","Phenyl ethyl alcohol /cosmetic, /liquid, 1 kg /แกลลอน"
"AS193687","OCTYLDODECANOL /commercial, /liquid, 1 kg /แกลลอน"
"AS193688","Octyl palmitate /cosmetic, /liquid, 1 kg /แกลลอน"
"AS193689","OCTYL SALICYLATE (OS) (Chem OS) /cosmetic, /liquid, 1 kg /แกลลอน"
"AS193690","Octyl stearate /cosmetic, /liquid, 1 kg /แกลลอน"
"AS193691","OLEIC ACID [C18H34O2]cas no.112-80-1 /commercial, /liquid, 1 kg /แกลลอน"
"AS193692","OLIVE OIL REFINED /cosmetic, /liquid, 1 kg /แกลลอน"
"AS193693","OMC (Octyl methoxycinnamate/Ethylhexyl Methoxycinnamate) /cosmetic, /liquid, 1 kg /แกลลอน"
"AS193694","Opulyn 301 (Styrene/Acrylates Copolymer (and) Aqua) /cosmetic, /solid, 1 kg /ถุง"
"AS193695","OTS-2 Mica Y-2300 /cosmetic, /solid, 1 kg /ถุง"
"AS193696","OTS-2 Sericite FSE /cosmetic, /solid, 1 kg /ถุง"
"AS193697","OTS-2 Talc JA-46R /cosmetic, /solid, 1 kg /ถุง"
"AS193698","OZOKERITE WAX 7488 /cosmetic, /solid, 1 kg /ถุง"
"AS193699","Palm oil /food, /liquid, 500 g /ขวด"
"AS193700","palm oil /food, /liquid, 1 kg /ขวด"
"AS193703","PARLEAM V (POLYSYNLANE V) /cosmetic, /semi-solid, 1 kg /ขวด"
"AS193670","Nikkol CIO /cosmetic, /solid, 1 kg /ขวด"
"AS193671","Nikkol Muless WO-NS (Polyglyceryl-6 polyricinoleate, Polyglyceryl-2 isostearate (and) Disteardimonium hectorite) /cosmetic, /solid, 1 kg /ขวด"
"AS193673","Nikkol Nikkomulese WO (Cyclopentasiloxane (and) PEG-10 Dimethicone (and) Disteardimonium Hectorite) /cosmetic, /solid, 500 g /ขวด"
"AS193674","NIKKO MULESE LC /cosmetic, /solid, 1 kg /ขวด"
"AS193675","NIKKOMULESE WO /cosmetic, /solid, 1 kg /ขวด"
"AS193676","Nikkomuless 41 /cosmetic, /solid, 1 kg /ขวด"
"AS193677","Nikkomuless LH /cosmetic, /solid, 1 kg /ขวด"
"AS193678","Nikkomuless-SE-W /cosmetic, /solid, 1 kg /ขวด"
"AS193679","Nitric acid 65% [HNO3]cas no.7697-37-2 /AR, /liquid, 2.5 L /ขวด"
"AS193680","Nitrocellulose cas no.9004-70-0 /commercial, /solid, 100 g /ขวด"
"AS193681","Nitrocellulose cas no.9004-70-1 /commercial, /solid, 1 kg /ขวด"
"AS193682","NOVEMER EC-1 POLYMER /cosmetic, /liquid, 1 kg /แกลลอน"
"AS193683","NOVEMER EC-2 POLYMER /cosmetic, /liquid, 1 kg /แกลลอน"
"AS193684","Nylon-12 /cosmetic, /solid, 100 g /ขวด"
"AS193685","Octocrylene /cosmetic, /liquid, 1 kg /แกลลอน"
"AS193686","OCTOCRYLENE /cosmetic, /liquid, 500 g /แกลลอน"
"AS193655","Microcare PHC /cosmetic, /liquid, 1 kg /ขวด"
"AS193656","Microcare PPD /cosmetic, /liquid, 100 g /ขวด"
"AS193657","MICROCRYSTALLINE WAX PHC 3691 /cosmetic, /solid, 1 kg /ถุง"
"AS193658","Microscrub 50 PC /cosmetic, /solid, 250 g /ถุง"
"AS193659","MINERAL OIL /cosmetic, /liquid, 1 kg /แกลลอน"
"AS193660","monoethanolamine /cosmetic, /liquid, 1 kg /ขวด"
"AS193661","Monopropylene glycol /cosmetic, /liquid, 1 kg /แกลลอน"
"AS193662","Montanov 68 (Cetearyl Alcohol and Cetearyl Glucoside) /cosmetic, /solid, 1 bot /ถุง"
"AS193663","MULBERRY EXTRACT BG-10 /cosmetic, /liquid, 100 g /ถุง"
"AS193664","Multifruit extract /cosmetic, /liquid, 100 g /ขวด"
"AS193665","Myristic Acid /cosmetic, /solid, 1 kg /ถุง"
"AS193666","Myristic acid 1499 /cosmetic, /solid, 1 kg /ถุง"
"AS193667","NATURAL ALPHA BISABOLOL (Bisabolol) /cosmetic, /liquid, 1 kg /ขวด"
"AS193668","N-BUTYL ACETATE 99.5% /AR, /liquid, 2.5 L /ขวด"
"AS193669","Niacinamide BP (Niacinamide ) /cosmetic, /solid, 1 kg /ถุง"
"AS193651","Methyl paraben /commercial, /solid, 1 kg /ถุง"
"AS193652","MICA 500 /cosmetic, /solid, 1 kg /ถุง"
"AS193653","Miconium STMS (30%Steartrimonium Methosulfate) /cosmetic, /solid, 1 kg /ถุง"
"AS193654","Microcare PHC /cosmetic, /liquid, 100 g /ขวด"
"AS193639","Mackine 301 (Stearamidopropyl Dimethylamine) /cosmetic, /solid, 1 kg /ถุง"
"AS193640","MAGNESIUM CARBONATE [MgCO3]cas no.546-93-0 /commercial, /solid, 1 kg /ถุง"
"AS193641","Magnesium Myristate /cosmetic, /solid, 1 kg /ถุง"
"AS193642","MAGNESIUM STEARATE (J) /cosmetic, /solid, 1 kg /ถุง"
"AS193643","Makibeads 250 /cosmetic, /solid, 1 kg /ถุง"
"AS193644","Makibeads SP10 /cosmetic, /solid, 1 kg /ถุง"
"AS193645","Makibind 17 /cosmetic, /solid, 1 kg /ถุง"
"AS193646","Makifix SBM /cosmetic, /solid, 1 kg /ถุง"
"AS193647","Masester E1160 (IPP),(Isopropyl Palmitate) /cosmetic, /liquid, 1 kg /แกลลอน"
"AS193648","Matte Silica (silica ดูดซับความมันผิว) /cosmetic, /solid, 5 g /ขวด"
"AS193649","MENTHOL [C10H20O]cas no.2216-61-5 /commercial, /solid, 1 kg /ถุง"
"AS193623","LEXFEEL NATURAL /cosmetic, /liquid, 1 kg /แกลลอน"
"AS193624","Lexgard E (Ethylhexylglycerin) /cosmetic, /liquid, 100 g /ขวด"
"AS193625","LEXGARD NATURAL /cosmetic, /liquid, 1 kg /แกลลอน"
"AS193626","Lexgard O (Caprylyl Glycol) /cosmetic, /liquid, 100 g /ขวด"
"AS193627","Lexgard PE 9010 (Phenoxyethanol (and) Ethylhexylglycerin) /cosmetic, /liquid, 100 g /ขวด"
"AS193628","LEXOL EHP (Ethylhexyl palmitate) /cosmetic, /liquid, 1 kg /แกลลอน"
"AS193629","Lexol GT-865 (Caprylic/Capric Triglyceride) /cosmetic, /liquid, 1 kg /แกลลอน"
"AS193630","L-GLUTATHIONE /cosmetic, /solid, 1 kg /ถุง"
"AS193631","L-GLUTATHIONE OXIDIZED HEXAHYDRATE /cosmetic, /solid, 1 kg /ถุง"
"AS193632","LIGHT MINERAL OIL (WHITE MINERAL OIL USP GRADE 15) /cosmetic, /liquid, 1 kg /แกลลอน"
"AS193633","LIQUID PARAFFIN PIONIER 2071 (HEAVY),(Heavy mineral oil) /cosmetic, /liquid, 1 kg /แกลลอน"
"AS193634","LIQUID PARAFFIN PIONIER 2076(LIGHT),(Mineral oil) /cosmetic, /liquid, 1 kg /แกลลอน"
"AS193635","Lithium hydroxide (LiOH) [LiOH]cas no.1310-65-2 /AR, /solid, 250 g /ขวด"
"AS193636","Barium sulfate (BaSO4) cas no.7727-43-7 /commercial, /solid, 500 g /ขวด"
"AS193637","L-METHIONINE /cosmetic, /solid, 1 kg /ขวด"
"AS193638","MACADAMIA NUT OIL /cosmetic, /liquid, 1 kg /ขวด"
"AS193606","LACTIC ACID 88%EXEL [C3H6O3]cas no.50-21-5 /cosmetic, /solid, 1 kg /แกลลอน"
"AS193607","LALIT LAURIC ACID 1299 (Lauric acid) /cosmetic, /solid, 1 kg /ถุง"
"AS193608","LALIT MYRISTIC ACID 1499 /cosmetic, /solid, 1 kg /ถุง"
"AS193609","LALIT PALMITIC ACID 1698 /cosmetic, /solid, 1 kg /ถุง"
"AS193610","LALIT STEARIC ACID SA 1850 /cosmetic, /solid, 1 kg /ถุง"
"AS193611","Lanolin /cosmetic, /solid, 1 kg /ถุง"
"AS193612","LANOLIN ANHYDROUS USP /cosmetic, /solid, 1 kg /ถุง"
"AS193613","LANOLIN PEG 75 FLAKE /cosmetic, /solid, 1 kg /ถุง"
"AS193614","L-ASCORBIC ACID /food, /solid, 1 kg /ถุง"
"AS193615","LAURETH 23 /cosmetic, /solid, 100 g /ขวด"
"AS193616","Lauric acid /cosmetic, /solid, 1 kg /ถุง"
"AS193617","L-CARNITINE L-TARTRATE /food, /solid, 1 kg /ถุง"
"AS193618","L-CYSTEINE FREE BASE /food, /solid, 50 g /ถุง"
"AS193619","L-cysteine hydrochloride , monohydrate [C3H8NO2SCI.H2O]cas no.1880366 /AR, /solid, 25 g /ขวด"
"AS193620","LEXAMINE S-13 /cosmetic, /solid, 1 kg /ขวด"
"AS193621","LEXAMUL 561 (Glyceryl Stearate (and) PEG-100 Stearate) /cosmetic, /solid, 1 kg /ถุง"
"AS193622","LexFeel D5 (Neopentyl Glycol Diheptanoate (and) Isododecane) /cosmetic, /liquid, 1 kg /แกลลอน"
"AS193589","IPM (ISOPROPYL MYRISTATE) /cosmetic, /liquid, 1 kg /แกลลอน"
"AS193590","IPP (ISOPROPYL PALMITATE) /cosmetic, /liquid, 1 kg /แกลลอน"
"AS193591","ISELUX LQ CLR-SB (Sodium Lauroyl Methyl Isethionate) /cosmetic, /liquid, 1 kg /แกลลอน"
"AS193592","ISELUX ULTRA MILD (Aqua (and) Sodium Lauroyl Methyl Isethionate (and) Cocamidopropyl Betaine (and) Sodium Methyl Oleoyl Taurate (and) Lauryl Glucoside (and) Coco-Glucoside) /cosmetic, /liquid, 1 kg /แ"
"AS193593","Isoamyl alcohol /AR, /liquid, 2.5 L /แกลลอน"
"AS193594","Isododecane /cosmetic, /liquid, 1 kg /แกลลอน"
"AS193595","ISP XG 80 (XANTHAN GUM) /commercial, /solid, 1 kg /ถุง"
"AS193596","Jeenate 4H (Polyethylene wax) /cosmetic, /solid, 100 g /ถุง"
"AS193597","JP - mix SB /cosmetic, /powder, 100 g /ถุง"
"AS193598","JP-mix SW /cosmetic, /powder, 100 g /ถุง"
"AS193599","JR mix white /cosmetic, /powder, 100 g /ถุง"
"AS193600","KAEMPFERIA PARVIFLORA EXTRACT POWDER /cosmetic, /powder, 1 kg /ถุง"
"AS193601","KAK-99 (Isononyl isononanoate) /cosmetic, /liquid, 1 kg /ขวด"
"AS193602","KAOLIN LUGHT BP /BP, /solid, 1 kg /ขวด"
"AS193603","Kemaben 2 (PROPYLENE GLYCOL, DIAZOLIDINYL UREA, METHYL PARABEN, PROPYL PARABEN) /cosmetic, /solid, 1 kg /ขวด"
"AS193604","KF 995 (Cyclopentasiloxane & Cyclohexasiloxane) /cosmetic, /liquid, 1 kg /แกลลอน"
"AS193605","Kojic Acid dipalmitate /cosmetic, /solid, 1 kg /ถุง"
"AS193573","Hydrogen chloride [HCI]cas no.7647-01-0 /AR, /liquid, 2.5 L /ขวด"
"AS193574","HCO-40 (PEG-40 Hydrogenated Castor oil) /cosmetic, /liquid, 1 kg /แกลลอน"
"AS193575","HCO-60 (PEG-60 Hydrogenated Castor oil) /cosmetic, /liquid, 1 kg /แกลลอน"
"AS193576","Hexane 99% [C6H14]cas no.110-54-3 /AR, /liquid, 2.5 L /ขวด"
"AS193577","Homosalate /cosmetic, /liquid, 1 kg /ขวด"
"AS193578","Hyaluronic acid [(C14H21NO11)n]cas no.9004-61-9 /cosmetic, /powder, 100 g /ขวด"
"AS193579","Hydrated silica /cosmetic, /powder, 100 g /ขวด"
"AS193581","Hydrogenated olive oil /cosmetic, /liquid, 1 kg /ขวด"
"AS193582","Hydrogenated polyisobutene (Panalane L-14E) /cosmetic, /liquid, 1 kg /ขวด"
"AS193583","HYDROGEN PERXOIDE 35% [H2O2]cas no.7722-84-1 /food, /liquid, 1 kg /ขวด"
"AS193584","Hydroxyethyl cellulose (HEC) /cosmetic, /powder, 1 kg /ถุง"
"AS193585","Hydroxy propyl methyl cellulose (HPMC) /cosmetic, /solid, 1 kg /ถุง"
"AS193586","Imex 2EHP (Octyl Palmitate) /cosmetic, /liquid, 1 kg /ขวด"
"AS193588","IPA /cosmetic, /liquid, 1 kg /แกลลอน"
"AS193557","GENAMIN BTMS (80% Behentrimonium methosulfate) /cosmetic, /solid, 100 g /ขวด"
"AS193558","GENAMIN CTAC (51% Cetrimonium chloride) /cosmetic, /liquid, 100 g /ขวด"
"AS193559","GENAMIN KDMP (80% Behentrimonium chloride) /cosmetic, /solid, 100 g /ขวด"
"AS193560","GERANIUM OIL EXTRA /cosmetic, /liquid, 100 g /ขวด"
"AS193561","Glycerin 99% /cosmetic, /liquid, 1 kg /แกลลอน"
"AS193562","GLYCERINE /cosmetic, /liquid, 1 kg /แกลลอน"
"AS193563","Glycerin G 99.5% USP /cosmetic, /liquid, 5 kg /แกลลอน"
"AS193564","Glyceryl monostearate (GMS) /cosmetic, /solid, 1 kg /ถุง"
"AS193565","Glyceryl monostearate (GMS SE) /cosmetic, /solid, 1 kg /ถุง"
"AS193566","Glyceryl monothioglycolate /cosmetic, /solid, 500 g /ถุง"
"AS193567","Glycolic Acid 70% /cosmetic, /liquid, 1 kg /ขวด"
"AS193568","Guanidine carbonate /cosmetic, /solid, 1 kg /ถุง"
"AS193569","Guanidine hydroxide /cosmetic, /solid, 1 kg /ถุง"
"AS193570","GUM ARABIC (ACACIA POWDER),BP /BP, /solid, 500 g /ถุง"
"AS193571","HARD PARAFFIN /commercial, /solid, 1 kg /ถุง"
"AS193541","EUDRAGIT L100-55 /AR, /powder, 400 g /ขวด"
"AS193542","EUTANOL G (OCTYLCODECANOL) /cosmetic, /liquid, 1 kg /แกลลอน"
"AS193543","FDP C111S14 /cosmetic, /powder, 0.5 kg /ถุง"
"AS193544","Fentacare 1631 30 (C-TAC),(Cetrimonium chloride) /cosmetic, /solid, 100 g /ขวด"
"AS193545","Fentacare BTMAC (B-TAC),(Behentrimonium chloride) /cosmetic, /solid, 100 g /ขวด"
"AS193546","FHS-3A Talc JA-13R /cosmetic, /solid, 1 kg /ถุง"
"AS193547","FHS-3 Sericite FSE /cosmetic, /solid, 1 kg /ถุง"
"AS193548","FHS-3 TiO2 CR-50 /cosmetic, /solid, 1 kg /ถุง"
"AS193549","FHS-BLACK BL 100P /cosmetic, /solid, 1 kg /ถุง"
"AS193550","FINSOLV TN (C12-15 ALKYL BENZOATE) /cosmetic, /liquid, 1 kg /แกลลอน"
"AS193551","FME 5225 C (Cyclopentasiloxane and PEG/PPG-18/18 Dimethicone) /cosmetic, /liquid, 5 kg /แกลลอน"
"AS193552","FME 9040 (Cyclopentasiloxane (and) Dimethicone Crosspolymer) /cosmetic, /liquid, 1 kg /แกลลอน"
"AS193553","FOS-P POWDER /food, /solid, 1 kg /ถุง"
"AS193554","GELAID CPE /cosmetic, /liquid, 1 kg /ขวด"
"AS193555","GELAID CPE (Cyclopentasiloxane (and) Dimethicone/Vinyl Dimethicone Crosspolymer (and) Hydroxyethyl Acrylate/Sodium Acryloyldimethyl Taurate Copolymer) /cosmetic, /liquid, 1 kg /ขวด"
"AS193556","Gelatin Lab /LR, /solid, 500 g /ขวด"
"AS193536","ETHYLENE GLYCOL DISTEARATE /commercial, /liquid, 1 kg /ขวด"
"AS193537","ETHYLHEXYL PALMITATE /cosmetic, /liquid, 1 kg /ขวด"
"AS193538","EtoAc (Ethyl acetate) [C4H8O2]cas no.141-78-6 /cosmetic, /liquid, 100 g /ขวด"
"AS193539","Et-VC (3-O-Ethyl Ascorbic Acid) /cosmetic, /solid, 100 g /ขวด"
"AS193540","EUCALYPTUS OIL(CHINA) /cosmetic, /liquid, 100 g /ขวด"
"AS193525","Dutasteride /cosmetic, /powder, 100 g /ขวด"
"AS193526","EDTA/2NA (Disodium Ethylene Diamine Tetra Acetic) /cosmetic, /powder, 1 kg /ถุง"
"AS193527","EDTA/4NA (Tetrasodium Ethylene Diamine Tetra Acetic) /cosmetic, /powder, 0.5 kg /ถุง"
"AS193528","Elastomer DC 2-3040 BLEND /cosmetic, /semi-solid, 1 kg /ขวด"
"AS193529","Emal AD-25 (Ammonium Lauryl Sulfate) /cosmetic, /liquid, 1 kg /ขวด"
"AS193530","Emulgin O5-V /cosmetic, /liquid, 1 kg /ขวด"
"AS193531","ESFLOR EC 4 BN2016070009 (Guar hydroxypropyl trimonium chloride) /cosmetic, /solid, 1 kg /ขวด"
"AS193532","ETHANOL 95% [C2H6O]cas no.64-17-6 /commercial, /liquid, 18 L /แกลลอน"
"AS193533","Ethanolamine /cosmetic, /liquid, 1 kg /แกลลอน"
"AS193534","Ethanol (DEB) [C2H6O]cas no.64-17-6 /cosmetic, /liquid, 1 kg /แกลลอน"
"AS193509","DI-SODIUM EDTA (DISODIUM Ethylene Diamine Tetra Acetic) /cosmetic, /solid, 100 g /ถุง"
"AS193510","DI-SODIUM EDTA (DISODIUM Ethylene Diamine Tetra Acetic) /cosmetic, /solid, 1 kg /ถุง"
"AS193511","DL-ALPHA TOCOPHERYL ACETATE (Tocopheryl Acetate) /cosmetic, /liquid, 1 kg /ขวด"
"AS193512","DL-ALPHA TOCOPHERYL ACETATE (Tocopheryl Acetate) /cosmetic, /liquid, 100 g /ขวด"
"AS193514","DL-MALIC ACID /food, /solid, 1 kg /ถุง"
"AS193515","DL-panthenol (Panthenol) /cosmetic, /semi-solid, 100 g /ขวด"
"AS193516","DMDM HYDANTOIN /cosmetic, /liquid, 1 kg /แกลลอน"
"AS193517","Dow corning 344 (Cyclotetrasiloxane (and) Cyclopentasiloxane) /cosmetic, /liquid, 1 kg /แกลลอน"
"AS193518","Dow corning 3901 /cosmetic, /liquid, 400 g /แกลลอน"
"AS193519","Dow corning 5225 C (Cyclopentasiloxane (and) PEG/PPG-18/18 Dimethicone) /cosmetic, /liquid, 1 kg /แกลลอน"
"AS193520","Dow corning 9506 Powder /cosmetic, /powder, 1 kg /ถุง"
"AS193521","Dow corning 9509 Silicone /cosmetic, /liquid, 1 kg /ขวด"
"AS193522","Dow corning product No: XIAMETER DMX-344 (Cyclosiloxane ) /cosmetic, /liquid, 1 kg /แกลลอน"
"AS193523","D-PANTHENOL (Panthenol) /cosmetic, /semi-solid, 1 kg /แกลลอน"
"AS193524","DRYFIO PC (MODIFIED CORN STARCH ) /cosmetic, /powder, 100 g /ถุง"
"AS193493","DENASIL PQ-7 (Polyquaternium-7) /cosmetic, /liquid, 1 kg /ขวด"
"AS193494","DENASIL PQ-8 (Polyquaternium-8) /cosmetic, /liquid, 1 kg /ขวด"
"AS193495","DENASIL TM /cosmetic, /liquid, 1 kg /ขวด"
"AS193496","Denetured Ethanol B (DEB) [C2H6O]cas no.64-17-6 /commercial, /liquid, 18 L /แกลลอน"
"AS193497","DHHB (Diethylamino Hydroxybenzoyl Hexyl Benzoate) /cosmetic, /solid, 10 g /ขวด"
"AS193498","Diammonium Dithiodiglycolate /cosmetic, /liquid, 500 g /ขวด"
"AS193499","Diammonium Dithioglycolate /cosmetic, /liquid, 500 g /ขวด"
"AS193500","Diammonium thioglycolate /cosmetic, /liquid, 500 g /ขวด"
"AS193501","Dicalcium phosphate dehydrate /cosmetic, /liquid, 1 L /ขวด"
"AS193502","DICAPRYLYL ETHER /cosmetic, /liquid, 1 L /ขวด"
"AS193503","Dichloromethane /cosmetic, /liquid, 1 L /ขวด"
"AS193504","DIETHYLENE GLYCOL MONOETHYL ETHER /AR, /liquid, 1 L /ขวด"
"AS193505","Dimethicone 100 cs /cosmetic, /liquid, 1 kg /ขวด"
"AS193506","Dimethicone 350 (Dimethicone) /cosmetic, /liquid, 1 kg /ขวด"
"AS193507","Dimethisil DM-350 (Dimethicone) /cosmetic, /liquid, 1 kg /ขวด"
"AS193508","DIPOTASSIUM GLYCYRRHIZINATE /cosmetic, /solid, 1 kg /ถุง"
"AS193486","DC 9701 (Dimethicone/Vinyl Dimethicone Crosspolymer (and) Silica) /cosmetic, /solid, 1 kg /ขวด"
"AS193487","D-CALCIUM PANTOTHENATE /cosmetic, /solid, 1 kg /ขวด"
"AS193488","DC VM-2270 (Silica Silylate) /cosmetic, /powder, 100 g /ขวด"
"AS193489","DEB 100 (Denatured Ethanol B 100) [C2H6O]cas no.64-17-5 /cosmetic, /liquid, 23 kg /แกลลอน"
"AS193490","DEB 96 (Denatured Ethanol B 96) [C2H6O]cas no.64-17-6 /cosmetic, /liquid, 23 kg /แกลลอน"
"AS193491","Dehyton K (ABC 45),(Cocamidopropyl Betaine) /cosmetic, /liquid, 1 kg /แกลลอน"
"AS193492","DENASIL PQ-11 (Polyquaternium-11) /cosmetic, /liquid, 1 kg /ขวด"
"AS193478","Cutina EGMST (Glycol Stearate) /cosmetic, /solid, 1 kg /ถุง"
"AS193479","Cyclomethicone (Cyclotetrasiloxane, cyclopentasiloxane) /cosmetic, /liquid, 1 kg /แกลลอน"
"AS193480","Cyclopentasiloxane /cosmetic, /liquid, 1 kg /แกลลอน"
"AS193481","CYSTEINE HYDROCHLORIDE /cosmetic, /solid, 1 kg /ขวด"
"AS193482","DC-593 Fluid /cosmetic, /liquid, 1 kg /ขวด"
"AS193483","DC 9045 (Cyclopentasiloxane (and) Dimethicone Crosspolymer) /cosmetic, /solid, 1 kg /ขวด"
"AS193484","DC 9506 (Dimethicone / Vinyl Dimethicone Crosspolymer) /cosmetic, /solid, 1 kg /ขวด"
"AS193485","DC 9509 (Dimethicone/Vinyl Dimethicone Crosspolymer (and) C12-14 Pareth-12) /cosmetic, /solid, 1 kg /ขวด"
"AS193463","Coar tar /cosmetic, /solid, 1 kg /ขวด"
"AS193464","Cocamide mono ethanolamine /cosmetic, /solid, 500 g /ขวด"
"AS193465","Cocoa butter /cosmetic, /solid, 1 kg /ขวด"
"AS193466","Coco-Foam (cocamidopropyl hydroxysultaine) /cosmetic, /liquid, 100 g /ขวด"
"AS193467","Coconut oil /cosmetic, /liquid, 1 kg /แกลลอน"
"AS193468","COLORLESS ODORLESS JOJOBA OIL /cosmetic, /liquid, 1 kg /แกลลอน"
"AS193469","Comperlan 100 (Cocamide MEA) /cosmetic, /liquid, 1 kg /แกลลอน"
"AS193470","COMPERLAN KD (Cocamide DEA) /cosmetic, /solid, 1 kg /แกลลอน"
"AS193471","Corn starch /food, /powder, (แป้งข้าวโพด)1 ปอนด์ /ขวด"
"AS193472","COSMETIC RICE POWDER-100 (CPR-100) /cosmetic, /powder, 1 kg /ถุง"
"AS193473","Cremophor A25 /cosmetic, /solid, 1 kg /ถุง"
"AS193474","CREMOPHOR A6 /cosmetic, /solid, 1 kg /ถุง"
"AS193475","CREMOPHOR A6 /cosmetic, /solid, 500 g /ถุง"
"AS193476","CRISTALHYAL /cosmetic, /liquid, 1 kg /ขวด"
"AS193477","Cutina AGS T (Gylcol Distearate) /cosmetic, /solid, 1 kg /ถุง"
"AS193447","Cetiol CC ,(Dicaprylyl Carbonate) /cosmetic, /liquid, 1 kg /แกลลอน"
"AS193448","Cetiol HE ,(PEG-7 Glyceryl Cocoate) /cosmetic, /liquid, 1 kg /แกลลอน"
"AS193449","Cetiol OE ,(Dicaprylyl Ether) /cosmetic, /liquid, 1 kg /แกลลอน"
"AS193450","CETO STEARYL ALCOHOL 50:50 (Cetearyl Alcohol) /cosmetic, /solid, 1 kg /ถุง"
"AS193451","Cetraryl ACG /cosmetic, /solid, 1 kg /ถุง"
"AS193452","Cetrimonium Chloride [C19H42CIN]cas no.0112-02-07 /cosmetic, /solid, 1 kg /ถุง"
"AS193453","Cetyl alcohol (95%MINO.) (Cetyl Alcohol) /cosmetic, /solid, 1 kg /ถุง"
"AS193454","Cetyl PEG/PPG10-1 dimethicone /cosmetic, /liquid, 1 kg /แกลลอน"
"AS193455","Cetylpyridinium chloride /cosmetic, /solid, 1 kg /ขวด"
"AS193456","CHEMSOL HS (Phenylbenzimidazole Sulfonic Acid) /cosmetic, /powder, 1 kg /ถุง"
"AS193457","CHROMIUM OXIDE (สีเขียว) /cosmetic, /powder, 1 kg /ถุง"
"AS193458","CINNAMON LEAF OIL /cosmetic, /liquid, 1 kg /ขวด"
"AS193459","CITRIC ACID AMHYDROUS [C6H8O7]cas no.77-92-9 /cosmetic, /solid, 500 g /ขวด"
"AS193460","CITRIC ACID AMHYDROUS [C6H8O8]cas no.77-92-10 /cosmetic, /solid, 1 kg /ขวด"
"AS193461","Climbazole /cosmetic, /solid, 1 kg /ขวด"
"AS193462","CM3K40T4 (Cyclopentasiloxane (and) Titanium Dioxide (and) PEG-10 Dimethicone (and) Alumina (and) Methicone) /cosmetic, /solid, 1 kg /ขวด"
"AS193431","Carbopol Aqua SF-1 Polymer ,( Acrylates Copolymer) /cosmetic, /liquid, 1 kg /แกลลอน"
"AS193432","CARBOPOL@ULTREZ 10 ,(Carbomer) /cosmetic, /powder, 1 kg /ถุง"
"AS193433","Carbopol Ultrez 20 ,(Acrylates/C10-30 Alkyl Acrylate Crosspolymer) /cosmetic, /powder, 1 kg /ถุง"
"AS193434","Carbopol Ultrez 21 ,(Acrylates/C10-30 Alkyl Acrylate Crosspolymer) /cosmetic, /powder, 0.5 kg /ถุง"
"AS193435","CARBOPOL ULTREZ 30 POLYMER,(Carbomer) /cosmetic, /powder, 1 kg /ถุง"
"AS193436","Castor oil /cosmetic, /liquid, 1 /แกลลอน"
"AS193437","Cerasin /cosmetic, /solid, 5 kg /ถุง"
"AS193438","Ceresin wax /commercial, /solid, 1 kg /ถุง"
"AS193439","CERESIN WAX 64 DEGREE /cosmetic, /solid, 1 kg /ถุง"
"AS193440","Ceteareth-12 cas no.68439-49-6 /cosmetic, /solid, 1 kg /ถุง"
"AS193441","ceteareth-20 cas no.68439-49-6 /cosmetic, /solid, 1 kg /ถุง"
"AS193442","Ceteareth-25 cas no.68439-49-6 /cosmetic, /solid, 1 kg /ถุง"
"AS193443","CREMOPHOR A-6 ,(Ceteareth-6 (and) stearyl alcohol) /cosmetic, /solid, 1 kg /ถุง"
"AS193444","Cetearyl Alcohol /cosmetic, /solid, 1 kg /ถุง"
"AS193445","cetearyl alcohol (and) cetereth-20 /cosmetic, /solid, 1 kg /ถุง"
"AS193446","Cetiol AB /cosmetic, /liquid, 1 kg /แกลลอน"
"AS193414","BPD-500 /cosmetic, /solid, 1 kg /ถุง"
"AS193415","BRB 526 ,(PEG-12 Dimethicone) /cosmetic, /liquid, 1 kg /ขวด"
"AS193416","BRB 6373 ,(CYCLOPENTASILOXANE, PEG/PPG-18/18 DIMETHICONE) /cosmetic, /liquid, 5 kg /ขวด"
"AS193417","Bronidox-L ,(Propylene glycol (and) 5-Bromo-5-Nitro-1,3-Dioxane) /cosmetic, /solid, 500 g /ขวด"
"AS193418","Butyl Methoxydibenzoylmethane(BMDM) /cosmetic, /solid, 1 kg /ถุง"
"AS193419","CALAMINE cas no. /commercial, /Powder, 1 kg /ถุง"
"AS193420","CALCIUM CARBONATE LIGHT [CaCO3]cas no.471-34-1 /commercial, /Powder, 1 kg /ถุง"
"AS193421","Calcium hydroxide [Ca(OH)2]cas no.1305-62-0 /cosmetic, /solid, 1 kg /ถุง"
"AS193422","CAMOMILE OIL /cosmetic, /liquid, 25 g /ขวด"
"AS193423","CAMPHOR (การบูร) /cosmetic, /solid, 1 kg /ถุง"
"AS193424","Candelialla wax /cosmetic, /solid, 1 kg /ถุง"
"AS193425","CAPRYLIC/CAPRIC TRIGLYCERIDE /cosmetic, /liquid, 1 kg /แกลลอน"
"AS193426","Caprylyl methicone /cosmetic, /liquid, 50 g /ขวด"
"AS193427","Carbamide peroxide [CH6N2O3] /cosmetic, /liquid, 1 kg /ขวด"
"AS193428","CARBOPOL 934 ,(Carbomer) /cosmetic, /powder, 1 kg /ถุง"
"AS193429","Carbopol 940 ,(Carbomer) /cosmetic, /powder, 450 g /ถุง"
"AS193430","Carbopol 941 ,(Carbomer) /cosmetic, /powder, 1 kg /ถุง"
"AS193399","Baycusan C1004 ,(polyurethane-34) /cosmetic, /liquid, 1 kg /ขวด"
"AS193400","Baycusan C1010, (polyurethane-35) /cosmetic, /liquid, 1 kg /ขวด"
"AS193401","BEHENYL ALCOHOL 65 /cosmetic, /solid, 1 kg /แกลลอน"
"AS193402","Bentonite cas no.1302789 /LR, /solid, 1 kg /ถุง"
"AS193403","Benzalkonium Chloride 80 ,(Benzalkonium Chloride) /cosmetic, /solid, 1 kg /ขวด"
"AS193404","Benzophenone 3 /cosmetic, /solid, 1 kg /ถุง"
"AS193405","Benzophenone-4 /cosmetic, /solid, 1 kg /ถุง"
"AS193406","Benzyl acetate [C9H10O2]cas no.0140-11-4 /synthesis , /liquid, 500 ml /ขวด"
"AS193407","BETA-ARBUTIN /cosmetic, /solid, 100 g /ถุง"
"AS193408","BHT /cosmetic, /solid, 100 g /ขวด"
"AS193409","Bismuth Oxychloride (Make Glow) /cosmetic, /solid, 10 g /ขวด"
"AS193410","BMDM ,(Avobenzone) ,(Butyl Methoxydibenzoylmethane) /cosmetic, /solid, 1 kg /ถุง"
"AS193411","Borax /commercial, /solid, 1 kg /ถุง"
"AS193383","Ammonia solution (30%) [NH3]cas no.7664417 /AR, /liquid, 2.5 L /ขวด"
"AS193384","Ammonium Acryloyldimethyltaurate/VP copolymer /cosmetic, /solid, 1 kg /ถุง"
"AS193385","Amisoft HS-11P ,(Sodium Stearoyl Glutamate) /commercial, /solid, 1 kg /ขวด"
"AS193386","Ammonium bisufite [(NH4)HSO4]cas no.10192-30-0 /AR, /solid, 1 kg /ขวด"
"AS193387","Ammonium bisulfite [(NH4)HSO5]cas no.10192-30-1 /commercial, /solid, 1 kg /ขวด"
"AS193388","Ammonium hydroxide (28%) [NH4OH]cas no.1336216 /AR, /liquid, 2.5 L /ขวด"
"AS193389","Ammonium lauryl sulfate,(Texapon ALS IST) /cosmetic, /solid, 1 kg /ขวด"
"AS193390","Ammonium molybdate [(NH4)2MoO4]cas no.13106768 /AR, /solid, 500 g /ขวด"
"AS193391","AMMONIUM PERSULFATE [(NH4)2S2O8]cas no.7727540 /AR, /solid, 500 g /ขวด"
"AS193392","Ammonium sulfate [(NH4)2SO4]cas no.7783-20-2 /commercial, /solid, 1 kg /ขวด"
"AS193393","Anti-Sweat (Aluminium chlorohydrate) /cosmetic, /solid, 50 g /ขวด"
"AS193394","APPLE EXTRACT POWDER (HE-EP01-MAD) ,(APPLE EXTRACT POWDER) /cosmetic, /solid, 1 kg /ถุง"
"AS193395","APPLE FL(HL) K-00140 /cosmetic, /solid, 1 kg /ถุง"
"AS193396","Aristoflex AVC, (Ammonium Acryloyldimethyltaurate/VP Copolymer) /cosmetic, /solid, 1 kg /ถุง"
"AS193397","ASCORBIC ACID [C6H8O6]cas no.50-81-7 /AR, /solid, 1 kg /ขวด"
"AS193398","L-Ascorbic acid [C6H8O6]cas no.50-81-7 /AR, /solid, 500 g /ขวด"
"AS193368","ALOEVERA GEL SPRAY DRIED-LC /cosmetic, /liquid, 1 kg /ขวด"
"AS193369","ALOEVERA GEL SPRAY DRIED-LC /cosmetic, /solid, 1 kg /ขวด"
"AS193370","Alpha Arbutin /cosmetic, /solid, 20 g /ถุง"
"AS193371","Aluminium Chlorohydrate 50%, (Aluminium Chlorohydrate) /cosmetic, /liquid, 1 kg /แกลลอน"
"AS193372","AMIHOPE LL, (LAUROYL LYSINE) /cosmetic, /powder, 1 kg /ถุง"
"AS193373","Amilite GCK-12H ,(Potassium Cocoyl Glycinate (and) Potassium Cocoate (and) Aqua ) /cosmetic, /liquid, 1 kg /แกลลอน"
"AS193374","Amilite GCK-12K, (Potassium Cocoyl Glycinate (and) Aqua) /cosmetic, /liquid, 1 kg /แกลลอน"
"AS193375","Amilite GCS-11 ,(Sodium Cocoyl Glycinate) /cosmetic, /liquid, 1 kg /แกลลอน"
"AS193376","Aminomethylpropanol /cosmetic, /liquid, 1 kg /แกลลอน"
"AS193377","Aminon, (Cocamide) /cosmetic, /liquid, 1 kg /แกลลอน"
"AS193378","Amisoft CS-22 ,(Sodium Cocoyl Glutamate (and) Disodium Cocoyl Glutamate (and) Water) /cosmetic, /liquid, 1 kg /แกลลอน"
"AS193379","Amisoft ECS-22W ,(Disodium Cocoyl Glutamate (and) Water) /cosmetic, /liquid, 1 kg /แกลลอน"
"AS193380","Amisoft HS-11P ,(Sodium Stearoyl Glutamate) /cosmetic, /solid, 1 kg /ขวด"
"AS193381","Amisoft LS-11 /cosmetic, /solid, 1 kg /ขวด"
"AS193382","Amisoft MS- 11, (Sodium Myristoyl Glutamate) /cosmetic, /solid, 1 kg /ขวด"
"AS193353","ABC 35%,(Cocamidopropyl Betain ) /Cosmetic, /Liquid, 1 kg /แกลลอน"
"AS193354","ABC 45% (Dehyton K),(Cocamidopropyl Betain ) /Cosmetic, /Liquid, 1 kg /แกลลอน"
"AS193355","Acetone [C6H6O]cas no.67641 /AR, /Liquid, 2.5 L /ขวด"
"AS193356","ACTIVATED CHARCOAL,POWDER, (CARBON) [C]cas no.7440440 /LR, /solid, 1 kg /ขวด"
"AS193357","ACTIVESOFT C-17, (Guar Hydroxypropyltrimonium Chloride) /Cosmetic, /solid, 1 kg /ถุง"
"AS193358","Alcohol (Denatured),(Ethanol 95%) [C2H6O]cas no.64-17-5 /commercial, /Liquid, 18 L /แกลลอน"
"AS193359","Alcohol (Denatured alcohol 95%),(Ethanol 95%) [C2H6O]cas no.64-17-6 /cosmetic, /liquid, 1 kg /แกลลอน"
"AS193360","Alkox E-100, (PEG-65M) /cosmetic, /solid, 1 kg /ถุง"
"AS193361","Allantoin /cosmetic, /solid, 100 g /ถุง"
"AS193362","Allantoin (ZHIHUA) /cosmetic, /solid, 1 kg /ถุง"
"AS193363","Almond oil,Refined /cosmetic, /liquid, 1 kg /แกลลอน"
"AS193364","Aloe vera extract /cosmetic, /liquid, 100 g /ขวด"
"AS193365","Aloe vera extract /cosmetic, /solid, 100 g /ขวด"
"AS193366","Aloe vera extract /cosmetic, /liquid, 1 kg /ขวด"
"AS193367","Aloe vera extract /cosmetic, /solid, 1 kg /ขวด"
"AS193352","1,3-Butylene Glycol, (Butylene Glycol) [C4H10O2]cas no.107880 /Cosmetic, /Liquid, 1 kg /แกลลอน"
"AS193343","Isotonac.3 Diluent ,Liquids 1*18 l /กล่อง3"
"AS191240","Ethylendiamine NH2CH2CH2NH2cas no.107153 /Liquid 2.5 L /ขวด"
"AS191236","Ethanol Absolute CH3CH2OHcas no.64175 /AR grade /Liquid 2.5 L /ขวด"
"AS191235","Ethanol 95% CH3CH2OHcas no.64175 /Com grade /Liquid 18 L /แกลลอน"
"AS191234","Erythrosin extra bluish C20H6I4Na2O5cas no.16423680 /AR grade /Solid 10 g /ขวด"
"AS191233","Erythrosine B C20H6I4Na2O5cas no.16423680 /AR grade /Solid 25 g /ขวด"
"AS191232","Eriochrom black T C20H12N3NaO7Scas no.1787617 /AR grade /Solid 25 g /ขวด"
"AS191231","EmLRpress (Calcium phosphate dibasic) CaHPO4.2(H2O)cas no.7789777 /LR grade /Solid 500 g /ขวด"
"AS191229","Electrolyte solution (KCL 3 mol/l) /AR grade /Liquid 250 ml /ขวด"
"AS191228","EDTA-disodium salt C10H14N2O8Na2.2H2Ocas no.6381926 /AR grade /Solid 500 g /ขวด"
"AS191226","Docusate sodium salt C20H37NaO7Scas no.577117 /AR grade /Solid 10 g /ขวด"
"AS191225","Ditrizone C13H12N4Scas no.60106 /AR grade /Solid 5 g /ขวด"
"AS191224","Ditrizone C13H12N4Scas no.60106 /AR grade /Solid 10 g /ขวด"
"AS191222","Di-sodium hydrogen phosphate dihydrate, Na2HPO4 · 2H2Ocas no.10028247 /AR grade /Solid 500 g /ขวด"
"AS191220","Dioctyl sodium sulphosuccinate C20H37NaO7Scas no.577117 /AR grade /Solid 500 g /ขวด"
"AS191221","Di-sodium hydrodrogen phosphate Na2HPO4 · 12H2Ocas no.10039324 /AR grade /Solid 500 g /ขวด"
"AS191218","Dichloromethane CH2Cl2cas no.75092 /LR grade /Liquid 25 L /ถัง"
"AS191217","Dichloromethane CH2Cl2cas no.75092 /LR grade /Liquid 18 L /แกลลอน"
"AS191216","Dichloromethane CH2Cl2cas no.75092 /AR grade /Liquid 2.5 L /ขวด"
"AS191215","Dexamethazone 98% C22H28FNa2PO8cas no.50022 /AR grade /Solid 100 mg /ขวด"
"AS191214","Denatured alcohol 96.5 DB CH3CH2OHcas no.64175 /LR grade /Liquid 18 kg /แกลลอน"
"AS191213","Denatured alcohol 95% CH3CH2OHcas no.64175 /AR grade /Liquid 18 L /แกลลอน"
"AS191209","Cyclohexane C6H12cas no.110827 /AR grade /Liquid 2.5 L /ขวด"
"AS191208","Curcumin C21H20O6cas no.458377 /AR grade /Solid 10 g /ขวด"
"AS191206","Corn starch (แป้งข้าวโพด) cas no.9005849 /COM grade /Powder 1 ปอนด์ /แพ็ค"
"AS191205","Corn starch (C6H10O5)ncas no.68412293 /LR grade /Solid 1 kg /ขวด"
"AS191204","Coriander oil cas no.8008524 /LR grade /Liquid 450 ml /ขวด"
"AS191203","Copper (II) sulfate pentahydrate CuSO4.5H2Ocas no.7758998 /AR grade /Solid 500 g /ขวด"
"AS191202","Copper (II) acetate monohydrate Cu(CO2CH3)2cas no.142712 /AR grade /Solid 500 g /ขวด"
"AS191201","COMPERLAN KD CH3(CH2)nC(=O)N(CH2CH2OH)2cas no.68603429 /Cosmetic grade /Liquid /Cocamide DEA1 kg /ขวด"
"AS191200","Citric acid monohydrate HOC(COOH)(CH2COOH)2 · H2Ocas no.5949291 /LR grade /Solid 1 kg /ขวด"
"AS191199","Citric acid anhydrous HOC(COOH)(CH2COOH)2cas no.77929 /AR grade /Solid 500 g /ขวด"
"AS191197","Cinnamon oil cas no.8015916 /LR grade /Liquid 450 ml /ขวด"
"AS191196","Cinnamon oil cas no.8015916 /LR grade /Liquid 100 g /ขวด"
"AS191195","Cinchonine 85% C19H22N2Ocas no.118105 /AR grade /Solid 25 g /ขวด"
"AS191194","Chromium oxide (สีเขียว) Cr2O3cas no.1308389/Com grade /Powder 1 kg /ถุง"
"AS191193","Chlorpheniramine maleate salt C16H19ClN2 ? C4H4O4cas no.113928 /AR grade /Solid 500 g /ขวด"
"AS191192","Chloroform CHCl3cas no.67663 /AR grade /Liquid 2.5 L /ขวด"
"AS191191","Chloral hydrate C2H3Cl3O2cas no.302170 /AR grade /Solid 500 g /ขวด"
"AS191190","Cherry flavour /LR grade /Liquid 1 L /ขวด"
"AS191187","Cetyl alcohol C16H34Ocas no.36653824 /LR grade /Liquid 1 kg /ถุง"
"AS191186","CETO STEARYL ALCOHOL 50:50 CH3(CH2)nCH2OHcas no.67762270 /Cosmetic grade /Flakes 1 kg /ขวด"
"AS191185","Cetostearyl alcohol C16H34Ocas no.36653824 /AR grade /Solid 1 kg /ขวด"
"AS191183","CERESIN WAX 64 DEGREE cas no.8001750 /Cosmetic grade /Solid 1 kg /ถุง"
"AS191182","CERESIN WAX cas no.8001750 /Com grade /Solid 1 kg /ถุง"
"AS191180","Cellulose microcrystalline 50µm (C6H10O5)cas no. n9004346 /AR grade /Solid 1 kg /ขวด"
"AS191179","Cedar wood cas no.8000279 /LR grade /Liquid 25 g /ขวด"
"AS191176","Castor oil C57H104O9cas no.8001794 /LR grade /Liquid 450 ml /ขวด"
"AS191175","Carnauba wax cas no.8015869 /LR grade /Solid 500 g /ขวด"
"AS191174","Carboxy Methyl Cellulose (C.M.C.) cas no.9000117 /LR grade /Solid 1 kg /ขวด"
"AS191172","Carbopol 940 /Com grade /Powder 450 g /แพ็ค"
"AS191171","Carbopol 940 POLYMER (C3-H4-O2)xcas no.9003014 /LR grade /Solid 1 kg /ถุง"
"AS191170","Carbopol 940 POLYMER (C3-H4-O2)xcas no.9003014 /LR grade /Solid 500 g /ถุง"
"AS191169","CARBOPOL 934 cas no.2594322 /Cosmetic grade /Powder 1 kg /ถุง"
"AS191168","Carbopol 934 POLYMER (C3-H4-O2)xcas no.9003014 /LR grade /Solid 500 g /ถุง"
"AS191167","Candelialla wax 8006-44-8cas no.8002742 /Cosmetic grade /Solid 1 kg /ขวด"
"AS191166","CAMPHOR (การบูร) C10H16Ocas no.76222 /Cosmetic grade /Solid 1 kg /ถุง"
"AS191164","Camphor C10H16Ocas no.76222 /LR grade /Solid 1 kg /ถุง"
"AS191162","Calcium hydroxide Ca(OH)2cas no.1305620 /LR grade /Solid 1 kg /ถุง"
"AS191161","Calcium gluconate C12H22CaO14cas no.299285 /AR grade /Solid 1 kg /ขวด"
"AS191159","Calcium carbonate Light CaCO3cas no.471341/Com grade /Powder 1 kg /ถุง"
"AS191158","Calcium carbonate CaCO3cas no.471341 /LR grade /Solid 450 g /ขวด"
"AS191157","Calamine cas no.8011969 /Com grade /Powder 1 kg /ถุง"
"AS191156","Calamine W99cas no.8011969 /LR grade /Solid 450 g /กล่อง"
"AS191155","Cajuput oil cas no.8008988 /LR grade /Liquid 450 ml /ขวด"
"AS191665","Butyrospermum parkii (Shea butter) cas no.194043-92-0 /Cosmetic grade/Solid 1 kg /ขวด"
"AS191152","Brucine C23H26N2O4cas no.357573 /AR grade /Solid 10 g /ขวด"
"AS191151","Bromocresol green indicator C21H14Br4O5Scas no.76608 /AR grade /Solid 25 g /ขวด"
"AS191150","Brilliant blue G-250 C47H48N3NaO7S2cas no.6104581 /AR grade /Solid 25 g /ขวด"
"AS191149","Brilliant blue C47H48N3NaO7S2cas no.6104581 /AR grade /Solid 25 g /ขวด"
"AS191148","Bornneol  C10H18Ocas no.464459 /LR grade /Solid 1 kg /ขวด"
"AS191147","Borneol C10H18Ocas no.507700 /LR grade /Solid 1 kg /ขวด"
"AS191145","Boric acid H3BO3cas no.10043353 /LR grade /Solid 100 g /ขวด"
"AS191143","Borax (Anhydrous) Na2B4O7 casno.1330434/AR grade/Solid 100g  /ขวด"
"AS193351","Borax  (Decahydrate) Na2B4O7 cas no.1303964/AR grade/Solid 100g /ขวด"
"AS191142","Bismuth subnitrate Bi5O(OH)9(NO3)4cas no.1304854 /LR grade /Solid 100 g /ขวด"
"AS193350","Bismuth subnitrate Bi5O(OH)9(NO3)4cas no.1304854 /AR grade /Solid 100 g /ขวด"
"AS191141","Bismuth(III) nitrate, pentahydrate Bi(NO3)3?5H2Ocas no.10035060 /AR grade /Solid 100 g /ขวด"
"AS191140","Bismuth (III) nitrate Bi(NO3)3?5H2O cas no.10035060 /AR grade /Solid 100 g /ขวด"
"AS191139","Benzyl benzoate C7H6O2cas no.65850 /AR grade /Liquid 250 ml /ขวด"
"AS191138","Benzoic acid C7H6O2cas no.65850 /AR grade /Solid 250 g /ขวด"
"AS191137","Benzoic acid C7H6O2cas no.65850 /LR grade /Solid 500 g /ขวด"
"AS191136","Benzalkonium chloride C6H5CH2N(CH3)2RCl (R=C8H17 to C18H37)63449412 /AR grade/Solid /100g  /ขวด"
"AS191135","Bentonite cas no.1302789 /LR grade /Solid 450 g /กล่อง"
"AS191133","Basil oil cas no.8015734 /LR grade /Liquid 25 g /ขวด"
"AS191131","Avicel PH 102 (C6H10O5)ncas no.9004346 /LR grade /Solid 1 kg /แพ็ค"
"AS191130","Avicel PH 101 (C6H10O5)ncas no.9004346 /LR grade /Solid 1 kg /แพ็ค"
"AS191129","Atropine monohydrate sulfate 5908996 ARSolid 1g  /ขวด"
"AS191128","Atropine monohydrate sulfate (C17H23NO3)2 H2SO4 H2O cas no.5908996 /AR grade /Solid 5 g /ขวด"
"AS191127","Aspirin  2-(CH3CO2)C6H4CO2Hcas no.50782 /LR grade /Solid 500 g /ขวด"
"AS191126","Aspirin  2-(CH3CO2)C6H4CO2Hcas no.50782 /AR grade /Solid 500 g /ขวด"
"AS191125","Ascorbic acid C6H8O6cas no.50817 /AR grade /Solid 100 g /ขวด"
"AS191124","Arsenic Trioxide As2O3cas no.1327533 /AR grade /Solid 100 g /ขวด"
"AS191123","Aristoflex AVC /Cosmetic grade /Powder (Ammonium Acryloyldimethyltaurate/VP Copolymer) 1 kg /ขวด"
"AS191122","AQUA FLORAL C-7078 /Cosmetic grade /Liquid 1 kg /ขวด"
"AS191121","Anise oil cas no.8007703 /LR grade /Liquid 450 ml /ขวด"
"AS191120","Anisaldehyde C8H8O2cas no.123115 /AR grade /Liquid 250 ml /ขวด"
"AS191119","Aniline sulfate (C6H5NH2)2 ? H2SO4cas no.542165 /AR grade /Solid 50 g /ขวด"
"AS191118","Andrographolide cas no.226-852-5 /AR grade /Solid 100 mg /ขวด"
"AS191117","AMMONIUM PERSULFATE (NH4)2S2O8cas no.7727540/AR grade /Solid 500 g /ขวด"
"AS191116","Ammonium molybdate (NH4)6Mo7O24.4H2Ocas no.12054852 /AR grade /Powder 500 g /ขวด"
"AS191115","Ammonium molybdate (NH4)2MoO4cas no.13106768 /AR grade /Solid 500 g /ขวด"
"AS191114","Ammonium Hydroxide NH4OH cas no.1336216 /AR grade /Liquid 2.5 L /ขวด"
"AS191113","Ammonium chloride NH4Cl cas no.12125029 /AR grade /Liquid 500 g /ขวด"
"AS191112","Ammonium carbonate (NH4)2CO3cas no.506876 /AR grade /Solid 500 g /ขวด"
"AS191111","Ammonium bicabonate NH4HCO3cas no.1066337 /com grade /Solid 1 kg /ถุง"
"AS191110","Ammonium acetate CH3COONH4cas no.631618 /AR grade /Solid 500 g /ขวด"
"AS191109","Ammonia 30% NH3cas no.7664417 /AR grade /Liquid 2.5 L /ขวด"
"AS191107","Amaranth C20H11N2Na3O10S3cas no.915673 /AR grade /Solid 100 g /ขวด"
"AS191105","ALUMINIUM CHLOROHYDATE 50% AlClHOcas no.1327419 /Cosmetic grade/solid 1 kg /ขวด"
"AS191106","Alum milk 240 ml /ขวด"
"AS191104","Aluminium chloride hydrated AlCl3?xH2Ocas no.7784137 /AR grade /Solid 500 g /ขวด"
"AS191103","Aluminium chloride AlCl3cas no.7446700 /AR grade /Solid 500 g /ขวด"
"AS191101","Almond oil sweet cas no.8007690 /LR grade /Liquid 1 L /ขวด"
"AS191098","Aerosil 200 SIO2cas no.7631869 /LR grade /Solid 1 kg /ขวด"
"AS191097","Activated charcoal Ccas no.7440440 /LR grade /Solid 1 kg /ขวด"
"AS191096","Acne bee (สารสกัดจากน้ำผึ้ง) /LR grade /Liquid 1 L /ขวด"
"AS191095","Acetylsalicylic acid  2-(CH3CO2)C6H4CO2Hcas no.50782 /AR grade /Solid 250 g /ขวด"
"AS191094","Acetonitrile CH3CNcas no.75058 /HPLC /Liquid 2.5 L /ขวด"
"AS191092","Acetic anhydride (CH3CO)2 cas no.108247 /AR grade /Liquid 500 ml /ขวด"
"AS191091","Acetic acid C2H4O2cas no.64197 /AR grade /Liquid 2.5 L /ขวด"
"AS191090","Acetamenophen reference standard cas no.103902 /AR grade /Solid 1 g /ขวด"
"AS191089","Acetamenophen C8H9NO2cas no.103902 /AR grade /Solid 500 g /ขวด"
"AS191088","Acetamenophen C8H9NO2cas no.103902 /AR  grade /Solid 100 g /ขวด"
"AS191087","Acacia cas no.9000015 /AR grade /Solid 500 g /ขวด"
"AS191085","Benzene C6H6cas no.71432 /AR grade /Liquid 4 L /ขวด"
"AS191084","Benzene C6H6cas no.71432 /AR grade /Liquid 2.5 L /ขวด"
"AS191082","สารสกัดจากหอมแดง /LR grade /Liquid 1 kg /ถุง"
"AS191081","สารสกัดจากว่านหางจระเข้ /LR grade /Liquid 1 kg /ถุง"
"AS191080","สารสกัดจากมะขามป้อม /LR grade /Liquid 1 kg /ถุง"
"AS191079","สารสกัดจากมะกรูด /LR grade /Liquid 1 kg /ถุง"
"AS191078","สารสกัดจากดอกอัญชัน /LR grade /Liquid 1 kg /ถุง"
"AS191077","ยาเม็ดโซดามินท์ 1,000เม็ด/กระปุก"
"AS190944","แอลกอฮอล์บริสุทธิ์ 95 /Food grade /liquid 18 L /แกลลอน"
"AS191083","แอนตาซิลเยล 240มล./ขวด"
"AS193349","HBGOLD Reagent kit P/N ,Solid 014-080W/T colum /แพ็ค"
"AS193348","SD BIOLINE Influenza Ag A/B/A (H1N1) Pandemic Rapid test kit ,Solid 25 Test /Set"
"AS193347","SD BIOLINE Dengue Duo ,Solid 10 Test /Set"
"AS193346","DG Gel Coombs Cards) ,Gel 2*25 cards 400 columns /กล่อง"
"AS193345","G6PD UV test kit ,Solid 5*50 s /Set"
"AS193344","Hemolynac 5 Lysing-HB reagent ,Liquids 1*500 ml /กล่อง"
"AS193342","Cleanac.3 (cyanide Free) ,Liquids 1*500 ml /กล่อง"
"AS193341","Hematology control Hight ,Liquids 1*3 ml /กล่อง"
"AS193340","Hematology control Normal ,Liquids 1*3 ml /กล่อง"
"AS193339","Hematology control Low ,Liquids 1*30 ml /กล่อง"
"AS193338","Cleanac-3 detergenthypochlorite solution ,Liquids 1*5 l /กล่อง"
"AS193336","HEMOLYNAC.5 LYSING-HB REAGEN 500 ml"
"AS193335","HEMOLYNAC.3 500 ml"
"AS193334","CLEANAC-3 DETERGENT 5 L"
"AS193333","CLEANAC DETERGENT 5 L"
"AS193332","ISOTONIC.3 DILUENT 18 L"
"AS193331","Malathion /solid/ 1 mg /ขวด"
"AS193330","ชุดทดสอบสารโพลาร์ในน้ำมันทอดซ้ำ (25 ตัวอย่าง/กล่อง) /Liquids/ 25 ตัวอย่าง/กล่อง"
"AS193329","ชุดทดสอบบอแรกซ์ในอาหาร /Liquids/ 50 ตัวอย่าง /กล่อง"
"AS193328","ชุดทดสอบฟอร์มาลีนในอาหาร /Liquids"
"AS193327","ชุดทดสอบโซเดียมไฮโดรซัลไฟต์ (สารฟอกสีขาว) ในอาหาร /Liquids/ 100 ตัวอย่าง/กล่อง"
"AS193326","ชุดทดสอบกรดซาลิซิลิค (สารกันรา) ในอาหาร /Liquids/ 50 ตัวอย่าง/กล่อง"
"AS193325","ชุดทดสอบหายาฆ่าแมลงพร้อมอุปกรณ์ /Liquids/ 10 ตัวอย่าง/กล่อง"
"AS193324","ชุดทดสอบความสะอาดของภาชนะสัมผัสอาหารและมือ /Liquids/ 20 ตัวอย่าง/กล่อง"
"AS193323","Egg yolk agar (อาหารเลี้ยงเชื้อ) grade AR/Solid/500 g"
"AS193322","Tryptose sulfite cycloserine agar grade AR/Solid/ 500 g"
"AS193321","Polymyxin B sulfate [C56 H 100 N16 O17 S] cas no. 1405205 grade AR/Solid/ 1 g"
"AS193320","MYP agar base grade AR /Solid / 500 g"
"AS190969","Alcohol 70% (V/V) /AR grade /liquid 450 ml /ขวด"
"AS193309","น้ำเกลือล้างแผล 100 ml /ขวด"
"AS193308","น้ำยาล้างตา 12 ml /ขวด"
"AS192187","Normal Saline 1000 ml /Liquids 1000 ml /ขวด"
"AS192188","Normal Saline 100 ml /Liquids 100 ml /ขวด"
"AS193306","Sodium Tungstate dihydrate  500 g /ขวด"
"AS193007","ชามะตูม 2g 10 ซอง/แพ็ค"
"AS192997","ยาหอมเนาวโกฐชนิดผง 15g /ซอง"
"AS192996","ยาหอมอินทจักร์ชนิดผง 15g /ซอง"
"AS192995","ยาหอมทิพโอสถชนิดผง 15g / ซอง"
"AS193301","Light green SF 25 g  /ขวด"
"AS193302","L-Glutamine 25 g  /ขวด"
"AS193303","Casein Digest 500 g  /ขวด"
"AS193304","Tris-Base 1 kg  /ขวด"
"AS193305","Albumin egg powder 500 g  /ขวด"
"AS193282","Phenylephrine+Brompheniramine syrup (phenylephrine 10 mg +brompheniramine 4 mg )/5ml 60ml 1 /ขวด"
"AS193283","Sterile wate for irrigation 1000ml 1 /ขวด"
"AS193284","Sterile wate for injection 10ml 100 /หลอด"
"AS193285","Fenoterol + Ipratropium nebulizing solution (Fenoterol 1.25 mg + Ipratropium nebulizing solution 0.5 mg)/4ml 4ml 20 ซอง/กล่อง"
"AS193286","Salbutamol sulphate nebulizing solution 2.5ml 20 หลอด/กล่อง"
"AS193287","Sodium chloride solution 0.9% 5ml 100 หลอด/กล่อง"
"AS193288","Cloxacillin sodium dry syrup 125 mg/5ml 60ml 1 /ขวด"
"AS193291","Doxycycline 100mg 500 /เม็ดกล่อง"
"AS193292","Gallic Acid monohydrate 100 g  /ขวด"
"AS193293","Dipotassium Hydrogen Phosphate anhydrous 500 g  /ขวด"
"AS193294","Phenol Crystal 1 kg  /ขวด"
"AS193295","L-Trptophan 25 g  /ขวด"
"AS193296","Basic Fuchsin Dye 100 g  /ขวด"
"AS193297","3,5-Dinitrosalicylic acid 100 g  /ขวด"
"AS193298","Ammonium ferric citrate 500 g  /ขวด"
"AS193299","Caffeine 5 g  /ขวด"
"AS193300","Bromophenol blue 25 g  /ขวด"
"AS193278","ยาแก้ไอขับเสมหะผสมชะเอม 60ml 1 /ขวด"
"AS193280","Povidone-iodine solution 10% 450ml 1 /ขวด"
"AS193274","ยาคุมกำเนิดชนิดเม็ด 28 เม็ด Norgestrel 0.50 mg + Ethinylestradiol 0.05 mg 1 /แผง"
"AS193275","ยาน้ำแก้ไอมะแว้ง 60ml 1 /ขวด"
"AS193276","ยาหม่องพญายอ 20 % 15g 1 /ขวด"
"AS193265","Hyoscine-N-butlylbromide 20mg/ml 1ml /หลอด"
"AS193267","Metoclopramide 10mg/2ml 2ml 1 /หลอด"
"AS193269","Mupirocin cream 2 % 5g /หลอด"
"AS193270","Tramadol hydrochloride 100mg/2ml 2ml /หลอด"
"AS193271","Triamcinolone cream 0.1 % 5g /หลอด"
"AS193272","ขมิ้นชัน 500mg 100 เม็ด/กล่อง"
"AS193262","Vitamin c 100mg 1000 เม็ด/กระปุก"
"AS193263","Dextromethorphan hydrobromide 15mg 1000 เม็ด/กระปุก"
"AS193259","Sodium chloride solution for enema 15 % 20ml /หลอด"
"AS193260","Urea cream 10% 35g /หลอด"
"AS193244","Piroxicam 10mg 500 เม็ด/กระปุก"
"AS193247","Salbutamol syrup 2mg/5ml 60ml /ขวด"
"AS193249","Silver sulfadiazine 1 % 25g /หลอด"
"AS193250","Simethicone 40mg/0.6ml 15ml /ขวด"
"AS193251","Brompheniramine maleate + Glyceryl guaiacolate + Phenylephrine HCl 250 เม็ด/กล่อง"
"AS193252","Simethicone 80mg 500 เม็ด/กล่อง"
"AS193253","Tetanus toxoid vaccine 0.5ml  /หลอด"
"AS193254","Tolperisone HCl 50mg 1000 เม็ด/กล่อง"
"AS193255","Tranexamic acid 250mg 500 เม็ด/กระปุก"
"AS193256","Triamcinolone cream 0.02% 5g /หลอด"
"AS193257","Triamcinolone acetonide injection 10 mg/1ml 1ml /หลอด"
"AS193258","Triamcinolone ป้ายแผลในปาก 1 % 1g 30 ซอง/กล่อง"
"AS193240","Polymycin + Neomycin sulfate + Gramicidin eye drop (Polymycin 5000 unit + Neomycin sulfate 2 mg + Gramicidin 0.025 mg) / ml eye drop 5ml /ขวด"
"AS193241","Prednisolone 5mg 500 เม็ด/กระปุก"
"AS193242","Propranolol 10mg 1000 เม็ด/กล่อง"
"AS193238","Paracetamol + Lidocaine HCl injection (Paracetamol 300 mg + Lidocaine HCl 20 mg)/2ml 2ml /หลอด"
"AS193239","Paracetamol syrup 120mg/5ml 60ml /ขวด"
"AS193235","Omeprazole injection 40mg /หลอด"
"AS193236","Hydroxypropyl methyl cellulose eye drop 5mg/1ml 10ml /ขวด"
"AS193233","ORS 5.5g 50 ซอง/กล่อง"
"AS193225","Sodium chloride solution 0.9% sterile solution 100ml /ถุง"
"AS193226","Sodium chloride solution 0.9% 100ml /ถุง"
"AS193227","Sodium chloride solution 0.9% for irrigation 1000ml /ขวด"
"AS193229","Norethisterone BP 5mg 100 กล่อง/กล่อง"
"AS193230","Sodium chloride solution 0.9% 500ml /ถุง"
"AS193231","Nystatin vaginal tab Nystatin 100,000 IU + Diiodohydroxyquin 100 mg + Benzalkonium chloride 7 mg 100 เม็ด/กล่อง"
"AS193221","Multivitamin 1000 เม็ด/ขวด"
"AS193222","Mebendazole 100mg 500 เม็ด/กระปุก"
"AS193223","Norfloxacin 400mg 100 เม็ด/กล่อง"
"AS193220","Metronidazole 400mg 500 เม็ด/กล่อง"
"AS193215","Mixture of carminative 180ml /ขวด"
"AS193216","Milk of magnesia 60ml /ขวด"
"AS193217","Mebendazole syrup 100mg/5ml 30ml /ขวด"
"AS193218","Mefenamic acid 250mg 500 เม็ด/กระปุก"
"AS193208","Ibuprofen suspension 100mg/5ml 60ml 1 /ขวด"
"AS193209","Ketoconazole 200mg 100 เม็ด/กล่อง"
"AS193210","เจลหล่อลื่น Water soluble + Vaseline free 50g /หลอด"
"AS193211","Lidocaine hydrochloride 2%w/v 20ml /ขวด"
"AS193212","Lidocaine hydrochloride 2%w/v 50ml /ขวด"
"AS193213","Lincomycin injection 600mg/2ml 2ml /หลอด"
"AS193203","Hyoscine-N-butylbromide syrup 5mg,5ml 30ml /ขวด"
"AS193204","Hydroxyzine 10mg 1000 เม็ด/กระปุก"
"AS193205","Hyoscine 10mg 500 เม็ด/กล่อง"
"AS193206","Hydrogen peroxide solution 20% 450ml /ขวด"
"AS193189","Domperidone 5mg/5ml 30ml /ขวด"
"AS193190","Domperidone 10mg 500 เม็ด/กล่อง"
"AS193191","Hydrocortisone acetate + Benzocaine + Zinc oxide suppository (Hydrocortisone acetate 7.5 mg + Benzocaine 40 mg + Zinc oxide 250 mg suppository) 1เม็ด 10 เม็ด/กล่อง"
"AS193192","Dexamethasone injection 4mg/ml 1ml /หลอด"
"AS193193","Diclofanac injection 75mg/3ml 3ml /หลอด"
"AS193194","Erythromycin dry syrup 125mg/5ml 60mg /ขวด"
"AS193195","Folic acid 5mg 1000 เม็ด/กระปุก"
"AS193196","Furosemide 20mg/2ml 2ml /หลอด"
"AS193197","Glucose injection 50 % 20ml /หลอด"
"AS193198","Guaifenesin syrup 100mg/5ml 60ml /ขวด"
"AS193199","Gentamicin sulfate cream 0.1% 5g /หลอด"
"AS193200","Chlorhexidine gluconate 4% 500ml /ขวด"
"AS193201","Hydrochlorothiazide 25mg 500 เม็ด/กล่อง"
"AS193202","Antazoline HCl + Tetrahydrozoline HCl eye drop (Antazoline HCl 0.05% + Tetrahydrozoline HCl 0.04%) 10ml /ขวด"
"AS193186","Diclofenac gel 1 % 30g /หลอด"
"AS193169","Chlorpheniramine meleate syrup 2mg/5ml 60ml /ขวด"
"AS193170","Clindamycin gel 1% 5g /หลอด"
"AS193181","Serratiopeptidase 5mg 500 เม็ด/กล่อง"
"AS193182","Dexamethasone + Neomycin eye drop (Dexamethasone 1 mg + Neomycin sulfate 3.5 mg) /1ml 5ml /ขวด"
"AS193183","Diazepam 10mg/2ml 2ml /หลอด"
"AS193184","Diazepam 5mg 1000 เม็ด/กระปุก"
"AS193172","Clotrimazole cream 1% 15g /หลอด"
"AS193173","5% Dextrose in 0.9% Sodium chloride solution 1000ml /ถุง"
"AS193174","5% Dextrose in 0.45% Sodium chloride solution 1000ml /ถุง"
"AS193175","5% Dextrose in 0.45% Sodium chloride solution 500ml /ถุง"
"AS193176","5% Dextrose in sterile water solution 1000ml /ถุง"
"AS193177","5% Dextrose in 0.9% Sodium chloride solution 500ml /ถุง"
"AS193178","5% Dextrose in sterile water solution 100ml /ถุง"
"AS193179","5% Dextrose in sterile water solution 500ml /ถุง"
"AS193151","Bromhexine 8mg 1000 เม็ด/กล่อง"
"AS193152","Betathasone-Neomycin cream (Betathasone 0.1%-Neomycin 0.5%) 5g /หลอด"
"AS193153","Betahistine 6mg 500 เม็ด/กล่อง"
"AS193154","Ergotamine tartrate + Caffeine (Ergotamine tartate 1 mg + Caffeine 100 mg) 500 เม็ด/กล่อง"
"AS193155","Calamine lotion 10 % 60ml /ขวด"
"AS193156","Calcium gluconate (0.45 mEq of calcium ion/ml)/10ml 10ml /หลอด"
"AS193157","Ceftriaxone sodium 1g /ขวด"
"AS193159","Chloramphenicol ear drop 1 % 10ml /ขวด"
"AS193160","Chloramphenicol eye drop 0.5 % 5ml /ขวด"
"AS193161","Chloramphenicol eye ointment 1% 5g /หลอด"
"AS193162","Cinnaricine 25mg 500 เม็ด/กล่อง"
"AS193163","Ciprofloxacin 500mg 500 เม็ด/กล่อง"
"AS193164","Ciprofloxacin 250mg 100 เม็ด/กล่อง"
"AS193165","Clobetasol cream 0.05% 5g /หลอด"
"AS193166","Clotrimazole vaginal 100mg 6 เม็ด/กล่อง"
"AS193167","Chlorpheniramine meleate 4mg 1000 เม็ด/กระปุก"
"AS193168","Chlorpheniramine meleate 10m/ml 1ml /หลอด"
"AS193146","Sulfamethoxazole + Trimethoprim syrup (sulfamethoxazole 200 mg + trimethoprim 40 mg)/5ml 60ml /ขวด"
"AS193147","Balm 25g /หลอด"
"AS193148","Vitamin B complex 1000 เม็ด/กระปุก"
"AS193149","Betamethasone cream 0.1 % 5g /หลอด"
"AS193150","Bisacodyl 5mg 1000 เม็ด/กระปุก"
"AS193142","Amoxicillin dry syrup 125mg/5ml 60ml /ขวด"
"AS193143","Atropine sulfate 0.60ml/ml 1ml /หลอด"
"AS193133","Acyclovir cream 5 % 1g 25 ซอง/กล่อง"
"AS193134","Adrenaline injection 1 mg 1ml /หลอด"
"AS193135","Albendazole suspension 100mg/5ml 20ml /ขวด"
"AS193136","Albendazole 200mg 100 เม็ด/กล่อง"
"AS193137","Ethyl alcohol solution 70 % 450ml /ขวด"
"AS193138","Aluminium hydroxide + Magnesium hydroxide suspension (Aluminium hydroxide 750 MG + Magnesium hydroxdie 300 MG)/15 ML 240ml /ขวด"
"AS193139","Aluminium hydroxide + Magnesium hydroxide + Simethicone (Aluminium hydroxide 320 mg + Magnesium hydroxide 100 mg + Simethicone 50 mg) 1เม็ด 1000 เม็ด/กระปุก"
"AS193140","Amlodipine besylate 5mg 100 เม็ด/กล่อง"
"AS193108","รากระย่อม 1 kg/ถุง"
"AS193109","รากสะเดา 1 kg/ถุง"
"AS193110","รากหญ้านาง 1 kg/ถุง"
"AS193111","ลำเจียก 1 kg/ถุง"
"AS193112","ลูกจันทน์ 1 kg/ถุง"
"AS193113","ลูกใต้ใบ 1 kg/ถุง"
"AS193114","ลูกสมอเทศ 1 kg/ถุง"
"AS193115","ลูกสมอไทย 1 kg/ถุง"
"AS193116","ลูกสมอพิเภก 1 kg/ถุง"
"AS193117","ว่านชักมดลูก 1 kg/ถุง"
"AS193118","ว่านนางคำ 1 kg/ถุง"
"AS193119","ว่านน้ำ 1 kg/ถุง"
"AS193120","สีเสียดเทศ 1 kg/ถุง"
"AS193121","สีเสียดไทย 1 kg/ถุง"
"AS193122","ไส้หมาก 1 kg/ถุง"
"AS193123","หญ้าคา 1 kg/ถุง"
"AS193124","หญ้าหนวดแมว 1 kg/ถุง"
"AS193125","เหง้าขิงแห้ง 1 kg/ถุง"
"AS193126","เหงือกปลาหมอ 1 kg/ถุง"
"AS193127","แห้วหมู 1 kg/ถุง"
"AS193128","อบเชยเทศ 1 kg/ถุง"
"AS193129","อบเชยไทย 1 kg/ถุง"
"AS193130","อัญชัน 1 kg/ถุง"
"AS193093","รกมะดัน 1 kg/ถุง"
"AS193094","รงทอง 1 kg/ถุง"
"AS193095","ผลกระดอม 1 kg/ถุง"
"AS193096","รากกล้วยตีบ 1 kg/ถุง"
"AS193097","รากคนทา 1 kg/ถุง"
"AS193098","รากจำปาทอง 1 kg/ถุง"
"AS193099","ราชดัด 1 kg/ถุง"
"AS193100","รากชิงชี่ 1 kg/ถุง"
"AS193101","รากช้าพลู 1 kg/ถุง"
"AS193102","รากต้นทองเครือ 1 kg/ถุง"
"AS193103","รากทองกวาว 1 kg/ถุง"
"AS193104","รากทองพันชั่ง 1 kg/ถุง"
"AS193105","รากท้าวยายม่อม 1 kg/ถุง"
"AS193106","รากมะกอก 1 kg/ถุง"
"AS193107","รากมะเดื่อชุมพร 1 kg/ถุง"
"AS193088","มะคำดีควาย 1 kg/ถุง"
"AS193089","มะแว้งเครือ 1 kg/ถุง"
"AS193090","มะแว้งต้น 1 kg/ถุง"
"AS193091","เมนทอล 1 kg/ถุง"
"AS193066","เทียนตาตั๊กแตน 1 kg/ถุง"
"AS193067","เทียนเยาวพาณี 1 kg/ถุง"
"AS193068","เทียนสัตตบุษย์ 1 kg/ถุง"
"AS193069","น้ำมันยูคาลิปตัส 1000ml /ขวด"
"AS193071","เนื้อในฝักคูน 1 kg/ถุง"
"AS193072","เนื้อไม้กฤษณา 1 kg/ถุง"
"AS193073","เนื้อไม้ขันทองพยาบาท 1 kg/ถุง"
"AS193085","ไพล 1 kg/ถุง"
"AS193086","มหาหิงคุ์ 1 kg/ถุง"
"AS193075","ใบชะมวง 1 kg/ถุง"
"AS193076","ใบมะกา 1 kg/ถุง"
"AS193077","ปลาไหลเผือก 1 kg/ถุง"
"AS193078","เปราะหอม 1 kg/ถุง"
"AS193079","เปลือกขี้อ้าย 1 kg/ถุง"
"AS193080","เปลือกแค 1 kg/ถุง"
"AS193081","เปลือกฝิ่นต้น 1 kg/ถุง"
"AS193082","ผลมะตูม 1 kg/ถุง"
"AS193083","แฝกหอม 1 kg/ถุง"
"AS193058","เถาสะค้าน 1 kg/ถุง"
"AS193059","ทอนพันชั่ง 1 kg/ถุง"
"AS193060","เทียนเกล็ดหอย 1 kg/ถุง"
"AS193061","เทียนขาว 1 kg/ถุง"
"AS193062","เทียนข้าวเปลือก 1 kg/ถุง"
"AS193063","เทียนดำ 1 kg/ถุง"
"AS193064","เทียนแดง 1 kg/ถุง"
"AS193065","เทียนตากบ 1 kg/ถุง"
"AS193045","ชะเอมไทย 1 kg/ถุง"
"AS193046","ดอกกระดังงา 1 kg/ถุง"
"AS193047","ดอกจันทน์ 1 kg/ถุง"
"AS193048","ดอกจำปา 1 kg/ถุง"
"AS193049","ดอกดีปลี 1 kg/ถุง"
"AS193050","ดอกบุนนาค 1 kg/ถุง"
"AS193051","ดอกพิกุล 1 kg/ถุง"
"AS193052","ดอกมะลิ 1 kg/ถุง"
"AS193053","ดอกลำเจียก 1 kg/ถุง"
"AS193054","ดอกลำดวน 1 kg/ถุง"
"AS193055","ดอกสารภี 1 kg/ถุง"
"AS193056","ดินสอพอง 1 kg/ถุง"
"AS193037","ขมิ้นอ้อย 1 kg/ถุง"
"AS193038","ข้าวเย็นใต้ 1 kg/ถุง"
"AS193039","ข้าวเย็นเหนือ 1 kg/ถุง"
"AS193040","ขอนดอก 1 kg/ถุง"
"AS193041","คำไทย 1 kg/ถุง"
"AS193042","คำฝอย 1 kg/ถุง"
"AS193043","เจตมูลเพลิงแดง 1 kg/ถุง"
"AS193044","ชะเอมเทศ 1 kg/ถุง"
"AS193021","เก๊กฮวย 1 kg/ถุง"
"AS193022","แก่นจันทน์ขาว 1 kg/ถุง"
"AS193023","แก่นจันทน์ชะมด 1 kg/ถุง"
"AS193024","แก่นจันทน์แดง 1 kg/ถุง"
"AS193025","แก่นจันทน์เทศ 1 kg/ถุง"
"AS193026","แก่นจันทนา 1 kg/ถุง"
"AS193027","แก่นฝาง 1 kg/ถุง"
"AS193028","โกฐก้านพร้าว 1 kg/ถุง"
"AS193029","โกฐเขมา 1 kg/ถุง"
"AS193030","โกฐจุฬาลัมพา 1 kg/ถุง"
"AS193031","โกฐเชียง 1 kg/ถุง"
"AS193032","โกฐน้ำเต้า 1 kg/ถุง"
"AS193033","โกพุงปลา 1 kg/ถุง"
"AS193034","โกฐสอ 1 kg/ถุง"
"AS193035","โกฐหัวบัว 1 kg/ถุง"
"AS193008","ยาชงกระเจี๊ยบ 1g 15 ซอง/แพ็ค"
"AS193009","ยาแคปซูล เถาเอ็นอ่อน 300mg 30 แคปซูล/กล่อง"
"AS193010","ยา ลีลา ชนิดเม็ด 500g 30 แคปซูล/กล่อง"
"AS193011","น้ำมันไพล 60ml 1 /ขวด"
"AS193012","น้ำมันไพล 100ml 1 /ขวด"
"AS193013","กระเจี๊ยบแห้ง 1 kg/ถุง"
"AS193014","กระทือ 1 kg/ถุง"
"AS193015","กระวาน 1 kg/ถุง"
"AS193016","กะลำพัก 1 kg/ถุง"
"AS193017","การบูร 1 kg/ถุง"
"AS193018","กานพลู 1 kg/ถุง"
"AS193019","กำแพง 7 ชั้น 1 kg/ถุง"
"AS193020","เกสรบัวหลวง 1 kg/ถุง"
"AS193002","ยาแคปซูลบำรุงน้ำนม 500mg 50 แคปซูล/ขวด"
"AS193003","ยาเหลืองปิดสมุทร 500mg 100 แคปซูล/ขวด"
"AS193005","ยาแคปซูลเพชรสังฆาตสูตร 2 500mg 50 แคปซูล/ขวด"
"AS193006","ยาบรรเทาริดสีดวงทวาร 500mg 50 แคปซูล/ขวด"
"AS192991","ชาขิง 2g 10 ซอง/ห่อ"
"AS192992","รางจืด ชาชง 1.5g 10 ซอง/ห่อ"
"AS192993","ชาชงชุมเห็ดเทศ 3g 10 ซอง/ห่อ"
"AS192994","โคคลาน 300mg 200 แคปซูล/กล่อง"
"AS192998","ยาประสะกานพลูชนิดแคปซูล 500mg 50 แคปซูล/ขวด"
"AS192999","ยาประสะกะเพราชนิดแคปซูล 500mg 50 แคปซูล/ขวด"
"AS193000","ยาเลือดงามชนิดแคปซูล 500mg 50 แคปซูล/ขวด"
"AS193001","ยาปลูกไฟธาตุชนิดแคปซูล 500mg 50 แคปซูล/ขวด"
"AS192990","ชาหญ้าหนวดแมว 2g 30 ซอง/กล่อง"
"AS192983","ยาหอมอินทจัทร 15g 1 /ขวด"
"AS192984","ยาหอมทิพโอสถ 15g 1 /ขวด"
"AS192985","ชารางจืด 2g 30 ซอง/กล่อง"
"AS192986","ชามะขามแขก 2g 30 ซอง/กล่อง"
"AS192987","ชาคำฝอย 2g 30 ซอง/กล่อง"
"AS192988","ชาหญ้าดอกขาว 2g 30 ซอง/กล่อง"
"AS192989","ชาหญ้าดอกขาว 2g 10 ซอง/ห่อ"
"AS192975","ครีมไพล 25g 1 /หลอด"
"AS192976","ลูกประคบ 200g /ลูก"
"AS192977","ชุดยาอบสมุนไพร 100g /ห่อ"
"AS192978","ยาธาตุอบเชย 100ml 1 /ขวด"
"AS192979","ยาแก้ไอมะขามป้อม 120ml 1 /ขวด"
"AS192980","ยาหอมนวโกฐ 30g 1 /ขวด"
"AS192981","ยาหอมนวโกฐ 15g 1 /ขวด"
"AS192955","เถาวัยล์เปรียง 300mg 200 แคปซูล/กล่อง"
"AS192956","มธุรเมหะ 300mg 200 แคปซูล/กล่อง"
"AS192957","ยาธาตุบรรจบ 300mg 200 แคปซูล/กล่อง"
"AS192958","ยาเขียวหอม 500mg 200 แคปซูล/กล่อง"
"AS192959","ยาหอมเทพจิตร 500mg 200 แคปซูล/กล่อง"
"AS192960","ตรีผลา 300mg 200 แคปซูล/กล่อง"
"AS192961","อัมฤควาที 300mg 200 แคปซูล/กล่อง"
"AS192962","ประสะมะแว้ง 300mg 200 แคปซูล/กล่อง"
"AS192963","ยาบำรุงโลหิต 300mg 200 แคปซูล/กล่อง"
"AS192964","เบญจกูล 300mg 200 แคปซูล/กล่อง"
"AS192965","ยาปราบชมพูทวีป 400mg 200 แคปซูล/กล่อง"
"AS192966","ยาจิตรารมณ์ 300mg 200 แคปซูล/กล่อง"
"AS192967","ยาอมบ๊วย 1ขวด 1 /ขวด"
"AS192968","ยาอมมะนาว 1ขวด 1 /ขวด"
"AS192969","ยาหม่องเสลดพังพอน 15g 1 /ขวด"
"AS192970","ทองพันชั่งทิงเจอร์ 30ml 1 /ขวด"
"AS192971","ครีมพญายอ 10g 1 /หลอด"
"AS192972","พญายอ กลีเซอรีน 5ml 1 /ขวด"
"AS192973","ครีมบัวบก 10g 1 /หลอด"
"AS192974","ครีมบัวบก 15g 1 /หลอด"
"AS192938","TA cloning kit 1 ml 4 หลอด /แพ็ค"
"AS192939","Trizol reagent 100 ml  /ขวด"
"AS192940","Target clone- plus 10 ul 3 หลอด /ชุด"
"AS192941","Astaxanthin [(C40H52O4)]cas no. 472617   1 mg  /ขวด"
"AS192942","ธรณีสัณฑฆาต 400mg 100 แคปซูล/ขวด"
"AS192945","มะขามแขก 330mg 100 แคปซูล/ขวด"
"AS192946","เทพธารา 350mg 100 แคปซูล/ขวด"
"AS192947","หญ้าหนวดแมว 400mg 100 แคปซูล/ขวด"
"AS192948","บอระเพ็ด 350mg 100 แคปซูล/ขวด"
"AS192949","มะระขี้นก 350mg 100 แคปซูล/ขวด"
"AS192950","สหัสธารา 400mg 100 แคปซูล/ขวด"
"AS192951","บัวบก 300mg 100 แคปซูล/ขวด"
"AS192952","หญ้าปักกิ่ง 300mg 100 แคปซูล/ขวด"
"AS192953","ยาห้าราก 300mg 100 แคปซูล/ขวด"
"AS192954","ยาจันทลีลา 350mg 100 แคปซูล/ขวด"
"AS192927","4x LAEMMLI sample buffer 10 ml  1 หลอด /ชุด"
"AS192928","KOD one PCR master mix  1 ml  1 หลอด /แพ็ค"
"AS192929","KOD plus Neo  200 ul หลอด /แพ็ค"
"AS192930","xylan cas no.9014-63-5  10 g  /ขวด"
"AS192931","FastDigest KpnI, 300 react  1 ml  1 หลอด /แพ็ค"
"AS192932","FastDigest EcoRI, 800 react  1 ml 1 หลอด /แพ็ค"
"AS192933","Ligation high 750 ul  หลอด /แพ็ค"
"AS192934","Plasmid mini kit  100 ml 3 ขวด /แพ็ค"
"AS192935","BRADFORT reagent  1000 ml  /ขวด"
"AS192936","cDNA synthesis kit  1 ml 4 หลอด /แพ็ค"
"AS192937","T4 DNA ligase 1 ml  หลอด /แพ็ค"
"AS190388","D-(-)-Salicin cas no.9013347 /LR grade /powder 5 g /ขวด"
"AS192912","Sodium nitrate cas no. 68988-92-1/LR /Solid 450 g /ขวด"
"AS192913","Sodium thiosulfate ( C6H4(CH3)2 cas no. 1330-20-7 /AR /Solid 500 g /ขวด"
"AS192914","Strontium chloride (Zn(NO3) )cas no.7779-88-6 /LR /Solid 50 g /ขวด"
"AS192915","Sucrose ( ZnSO4)cas no.7733-02-0 /LR /Solid 450 g /ขวด"
"AS192916","Sulfur (ZnSO4.2H2O)cas no.7733-02-0 /LR /Solid 350 g /ขวด"
"AS192917","Sulfuric acid /LR /Solid 450 ml /ขวด"
"AS192918","Sulfuric acid /LR /Liguid 450 ml /ขวด"
"AS192919","Talcum /LR /Solid 450 g /ขวด"
"AS192920","Titanium Dioxide /LR /Solid 450 g /ขวด"
"AS192921","Toluene /LR /Liguid 450 ml /ขวด"
"AS192922","Wright's stain /LR /Liguid 100 ml /ขวด"
"AS192923","Xylenes /LR /Liguid 2.5 L /ขวด"
"AS192924","Zinc Nitrate /AR /Solid 500 g /ขวด"
"AS192925","Zinc sulfate ZnSO4cas no.7733-02-0 /LR /Solid 450 g /ขวด"
"AS192926","Zinc sulphate ZnSO4.2H2Ocas no.7733-02-0 /AR /Solid 500 g /ขวด"
"AS192893","Potassium carbonate (AgNO3)cas no. 7761-88-8 /LR /Solid 450 g /ขวด"
"AS192894","Potassium dichromate ( AgNO3 )cas no.7761-88-8 /LR /Solid 100 g /ขวด"
"AS192895","Potassium Hexacyanoferricyanide (CH3COONa.3H2O)cas no.127-09-3 /AR /Solid 100 g /ขวด"
"AS192896","Potassium hydroxide (C7-H5-O2-Na)cas no.532-32-1/LR /Solid 350 g /ขวด"
"AS192897","Potassium iodide (Na2CO3)cas no.497-19-8 /AR /Solid 500 g /ขวด"
"AS192898","Potassium iodide (NaCl)cas no.7647-14-5 /LR /Solid 100 g /ขวด"
"AS192899","Potassium nitrate (NaOH)cas no.1310-73-2 /LR /Solid 450 g /ขวด"
"AS192900","Potassium nitrate cas no.7440-23-5 /LR /Solid 100 g /ขวด"
"AS192901","Potassium permanganate (Na2MoO4)cas no.7631-95-0 /LR /Solid 100 g /ขวด"
"AS192902","Safranin ( NaNO3)cas no. 7631-99-4 /LR /Liguid 100 ml /ขวด"
"AS192903","Silver nitrate (Na2O3S2 )cas no.7772?98?7 /LR /Solid 10 g /ขวด"
"AS192904","Silver(I) nitrate (SrCl2.6H2O)cas no.10476-85-4 /AR /Solid 25 g /ขวด"
"AS192905","Sodium acetrate (C12H22O11)cas no.57-50-1/LR /Solid 500 g /ขวด"
"AS192906","Sodium benzoate (S8) cas no.7704-34-9 /LR /Solid 450 g /ขวด"
"AS192907","Sodium Carbonate (H2O4S)cas no.7664-93-9 /LR /Solid 350 g /ขวด"
"AS192908","Sodium chloride (H2SO4)cas no.7664-93-9/LR /Solid 450 g /ขวด"
"AS192909","Sodium hydroxide (3MgO.4SiO2.H2O)cas no.14807-96-6 /LR /Solid 350 g /ขวด"
"AS192910","Sodium metal (TiO2)cas no.13463-67-7/AR /Solid 500 g /ขวด"
"AS192911","Sodium molybdate ( C6-H5-CH3 or C7-H8)cas no.108-88-3 /AR /Solid 500 g /ขวด"
"AS192874","Hydrochloric acid 12 mol (C15-H15-N3-O2)cas no.493-52-7 /LR /Liguid 450 ml /ขวด"
"AS192875","Hydrogen peroxide 12 % (C10H8)cas no.91-20-3 /LR /Liguid 450 ml /ขวด"
"AS192876","Iodine crystal (C15H17ClN4)cas no.553-24-2/ LR /Solid 50 g /ขวด"
"AS192877","Iodine solution (HNO3)cas no.7697-37-2 / LR /Liguid 450 ml /ขวด"
"AS192878","Iron(III) Nitrate ( C19H14O5S)cas no.143-74-8 /AR /Solid 500 g /ขวด"
"AS192879","Lead (C20H14O4 )cas no.Mixture./AR /Solid 100 g /ขวด"
"AS192880","Lead(II) Nitrate (H3PO4)cas no.7664-38-2 /AR /Solid 500 g /ขวด"
"AS192881","Magnesium sulfate (KAl(SO4)2 ) /LR /Solid 450 g /ขวด"
"AS192882","Manganese sulfate dehydrate ( KBr)cas no. 7758-02-3 /AR /Solid 500 g /ขวด"
"AS192883","Methyl orange (K2CO3)cas no.584-08-7 /LR /Liguid 100 ml /ขวด"
"AS192884","Methyl red (Cr2K2O7)cas no.7778-50-9 /LR /Liguid 100 ml /ขวด"
"AS192885","Naphthalene(K3Fe(CN)6)cas no.13746-66-2 /LR /Solid 250 g /ขวด"
"AS192886","Neutral red ( KOH )cas no.1310-58-3 /AR /Solid 25 g /ขวด"
"AS192887","Nitric acid (KI)cas no.7681-11-0 /LR /Liguid 450 ml /ขวด"
"AS192888","Phenol red (KI) cas no.7681-11-0 /LR /Liguid 100 ml /ขวด"
"AS192889","Phenolphthalein (KNO3)cas no. 7757-79-1 /LR /Liguid 100 ml /ขวด"
"AS192890","phosphoric acid (KNO3)cas no. 7757-79-1 /LR /Liguid 450 ml /ขวด"
"AS192891","Potassium alum ( KMnO4) cas no.7722-64-7 /LR /Solid 450 g /ขวด"
"AS192892","Potassium bromide (C20H19ClN4)cas no.477-73-6 /LR /Solid 100 g /ขวด"
"AS192853","calcium carbonate (C-25-H30-Cl-N3)cas no.548-62-9 /LR /Solid 250 g /ขวด"
"AS192854","Calcium chloride cas no.64-17-5 /LR /Solid 450 g /ขวด"
"AS192855","Calcium sulfate (CH3 - CH2 - OH)cas no.64-17-5 /AR /Solid 500 g /ขวด"
"AS192856","Camphor (C2H5OC2H5)cas no. 60-29-7 /LR /Solid 1 kg /ถุง"
"AS192857","Charcoal wood (C37H34N2Na2O10S3)cas no. 2353-45-9 /LR /Solid 150 g /ขวด"
"AS192858","Chloroform ( C37H34N2Na2O10S3)cas no.2353-45-9 /LR /Liguid 2.5 L /ขวด"
"AS192859","Citric acid cas no.50-00-0 /LR /Solid 1 kg /ขวด"
"AS192860","cobalt II chloride cas no.64-18-6 /LR /Solid 100 g /ขวด"
"AS192861","Copper(II) sulfate ( C6H12O6)cas no.50-99-7 /LR /Solid 450 g /ขวด"
"AS192862","Copper(II)chloride : ( C3H5(OH)3)cas no.56-81-5 /LR /Solid 250 g /ขวด"
"AS192863","Crystal Violet (C6H12)cas no.110-82-7 /LR /Solid 25 g /ขวด"
"AS192864","Ethanol absolute 99.8% (HCl)cas no.7647-01-0 /LR /Liguid 1 L /ขวด"
"AS192865","Ethyl Alcohol (H2O2)cas no.7722-84-1 /AR /Liguid 20 L /ถัง"
"AS192866","Ethyl ether (I2)cas no. 7553-56-2 /LR /Liguid 2.5 L /ขวด"
"AS192867","Fast green cas no.Mixture. /AR /Solid 10 g /ขวด"
"AS192868","Fast green (Fe(NO3)3)cas no.7782-61-8 /LR /Liguid 100 ml /ขวด"
"AS192869","FORMALDEHYDE 40% ( Pb(NO3)2)cas no.10099-74-8 /LR /Liguid 2.5 L /ขวด"
"AS192870","Formic acid 85 % (Pb(NO3)2)cas no.10099-74-8 /LR /Liguid 450 ml /ขวด"
"AS192871","Glucose (MgSO4)cas no.7487-88-9 /LR /Solid 250 g /ขวด"
"AS192872","Glycerol (MnSO4.2H2O)cas no.7785-87-7 /LR /Liguid 500 ml /ขวด"
"AS192873","Hexahydrobenzene (C14H14N3NaO3S)cas no.547-58-0 /AR /Liguid 500 ml /ขวด"
"AS192838","เจลทำความสะอาดมือ 3.8 L /แกลอน"
"AS192839","Acetic acid ( Na2B4O7?5H2O)cas no.1330-43-4 /LR /Liguid 2.5 L /ขวด"
"AS192840","Acetone (H3BO3)cas no.10043-35-3 /LR /Liguid 2.5 L /ขวด"
"AS192841","Aluminum Sulfate (C10 H18 O )cas no.6627-72-1 /AR /Solid 500 g /ขวด"
"AS192842","Ammonium chloride (C27H28Br2O5S)cas no. 76-59-5 /AR /Solid 500 g /ขวด"
"AS192843","Ammonium Iron (II) Sulfate (CaCO3)cas no.471-34-1 /AR /Solid 500 g /ขวด"
"AS192844","Ammonium thiocyanate (CaCl2)cas no.10043-52-4 /AR /Solid 450 g /ขวด"
"AS192845","Ascorbic acid (CaSO4*0,5H2O)cas no.7778-18-9 /LR /Solid 50 g /ขวด"
"AS192846","Barium chloride (C10H16O)cas no.72-22-2 /LR /Solid 450 g /ขวด"
"AS192847","Benedict solution /LR /Liguid 450 ml /ขวด"
"AS192848","Benzoic acid( CHCl3)cas no. 67-66-3 /LR /Solid 100 g /ขวด"
"AS192849","Borax (C6H8O7)cas no.77-92-9 /LR /Solid 450 g /ขวด"
"AS192850","Boric acid (CoCl2.6H2O)cas no.7646-79-9 /AR /Liguid 500 ml /ขวด"
"AS192851","Borneol flakes (CuSO4 )cas no.7758-98-7 /LR /Solid 500 g /ถุง"
"AS192852","Bromothymol blue(CuCl2)cas no.7447-39-4 /AR /Solid 5 g /ขวด"
"AS192834","Old Ginger oil 220 ml /ขวด"
"AS192835","Artemisia argyi 220 ml /ขวด"
"AS192836","สบู่เหลวล้างมือ 3.8 L /แกลอน"
"AS192812","อู๋กง 10 g /ห่อ"
"AS192813","อู๋จูหยู 10 g /ห่อ"
"AS192814","อู่เจียผี 10 g /ห่อ"
"AS192815","อูเซียวเสอ 10 g /ห่อ"
"AS192816","อูเย้า 10 g /ห่อ"
"AS192817","อู่เว่ยจื่อ 10 g /ห่อ"
"AS192818","อู่หลิงจื่อ 10 g /ห่อ"
"AS192819","อูเหมย 10 g /ห่อ"
"AS192820","เอ้อจู๋ 10 g /ห่อ"
"AS192821","เอ๋อฉา 10 g /ห่อ"
"AS192822","แอลกอฮอล์ บริสุทธิ์ 95% 0.45 l /ขวด"
"AS192823","โอ่วเจี๋ย 10 g /ห่อ"
"AS192824","ฮวาเจียว 10 g /ห่อ"
"AS192825","ฮั่นเหลียนเฉ่า 10 g /ห่อ"
"AS192826","ฮั่วเซียง 10 g /ห่อ"
"AS192827","ฮั่วหมาเหริน 10 g /ห่อ"
"AS192828","เฮยจือหม่า 10 g /ห่อ"
"AS192829","โฮ้วผู่ 10 g /ห่อ"
"AS192830","ไฮ๋วฮวา 10 g /ห่อ"
"AS192794","เหอถาวเหริน 10 g /ห่อ"
"AS192795","เหอโส่วอู 10 g /ห่อ"
"AS192796","เหอฮวนผี 10 g /ห่อ"
"AS192797","ไห่เก๋อเขอ 10 g /ห่อ"
"AS192798","ไห่จ่าว 10 g /ห่อ"
"AS192799","ไห่จินซา 10 g /ห่อ"
"AS192800","ไห่ถงผี 10 g /ห่อ"
"AS192801","ไห่เพียวเซียว 10 g /ห่อ"
"AS192802","ไห่เฟิงเถิง 10 g /ห่อ"
"AS192803","ไหลฟู่จื่อ 10 g /ห่อ"
"AS192804","ไห่หม่า 10 g /ห่อ"
"AS192805","อาเจียว 10 g /ห่อ"
"AS192806","อ้ายเย่ 10 g /ห่อ"
"AS192807","อิ๋งหยางโฮ่ว 10 g /ห่อ"
"AS192808","อินเฉินเฮา 10 g /ห่อ"
"AS192809","อี้จือเหริน 10 g /ห่อ"
"AS192810","อี้มู่เฉ่า 10 g /ห่อ"
"AS192811","อี้อี่เหริน 10 g /ห่อ"
"AS192773","หวงไป๋ 10 g /ห่อ"
"AS192774","หวงเย้าจื่อ 10 g /ห่อ"
"AS192775","หวงเหลียน 10 g /ห่อ"
"AS192776","หวางปู้หลิวสิง 10 g /ห่อ"
"AS192777","หว่าเหลิงจื่อ 10 g /ห่อ"
"AS192778","หัวสือ 10 g /ห่อ"
"AS192779","หู่จ้าง 10 g /ห่อ"
"AS192780","หูเจียว 10 g /ห่อ"
"AS192781","หู่โผว 10 g /ห่อ"
"AS192782","หูลู๋ 10 g /ห่อ"
"AS192783","หูหลูปา 10 g /ห่อ"
"AS192784","หูหวงเหลียน 10 g /ห่อ"
"AS192785","เหยียนหูสั่ว 10 g /ห่อ"
"AS192786","เหยียนฮวา 10 g /ห่อ"
"AS192787","เหรินเซิน 10 g /ห่อ"
"AS192788","เหล่ยกงเถิง 10 g /ห่อ"
"AS192789","เหลียนจื่อ 10 g /ห่อ"
"AS192790","เหลียนจื่อซิน 10 g /ห่อ"
"AS192791","เหลียนเชี่ยว 10 g /ห่อ"
"AS192792","เหลียนซู 10 g /ห่อ"
"AS192793","เหอจื่อ 10 g /ห่อ"
"AS192750","หนิวป้างจื่อ 10 g /ห่อ"
"AS192751","หนิวหวง 10 g /ห่อ"
"AS192752","หมางเซียว 10 g /ห่อ"
"AS192753","หม่าเฉียนจื่อ 10 g /ห่อ"
"AS192754","หมาหวง 10 g /ห่อ"
"AS192755","หมาหวงเกิน 10 g /ห่อ"
"AS192756","หมู่ตันผี 10 g /ห่อ"
"AS192757","หยวนจื้อ 10 g /ห่อ"
"AS192758","หยางฉี่สือ 10 g /ห่อ"
"AS192759","หรูเซียง 10 g /ห่อ"
"AS192760","หลงกู่ 10 g /ห่อ"
"AS192761","หลงต่าน 10 g /ห่อ"
"AS192762","หลงเหยี่ยนโร่ว 10 g /ห่อ"
"AS192763","หลัวกู 10 g /ห่อ"
"AS192764","หลัวฮั่นกั่ว 10 g /ห่อ"
"AS192765","หลิงจื่อ 10 g /ห่อ"
"AS192766","หลิงหยางเจี่ยว 10 g /ห่อ"
"AS192767","หลิวหวง 10 g /ห่อ"
"AS192768","หลู่เกิน 10 g /ห่อ"
"AS192769","หลู่ฮุ่ย 10 g /ห่อ"
"AS192770","หวงจิง 10 g /ห่อ"
"AS192771","หวงฉิน 10 g /ห่อ"
"AS192772","หวงฉี 10 g /ห่อ"
"AS192729","สั่วหยาง 10 g /ห่อ"
"AS192730","สือเกา 10 g /ห่อ"
"AS192731","สื่อจฺวินจื่อ 10 g /ห่อ"
"AS192732","สือเจวี๋ยหมิง 10 g /ห่อ"
"AS192733","สือเว่ย 10 g /ห่อ"
"AS192734","สือหู 10 g /ห่อ"
"AS192735","สุ่ยจื้อ 10 g /ห่อ"
"AS192736","สุ่ยเพี่ยน 10 g /ห่อ"
"AS192737","สุ่ยหนิวเจี๋ยว 10 g /ห่อ"
"AS192738","สูตี้หวง 10 g /ห่อ"
"AS192739","เสวียนเซิน 10 g /ห่อ"
"AS192740","เสวี่ยะเจีย 10 g /ห่อ"
"AS192741","เสอชวงจื่อ 10 g /ห่อ"
"AS192742","เสินฉวู่ 10 g /ห่อ"
"AS192743","เสี่ยวจี้ 10 g /ห่อ"
"AS192744","เสี่ยวหุยเซียง 10 g /ห่อ"
"AS192745","หงจิ่งเทียน 10 g /ห่อ"
"AS192746","หงฮวา 10 g /ห่อ"
"AS192747","หนานกวาจื่อ 10 g /ห่อ"
"AS192748","หนานซาเซิน 10 g /ห่อ"
"AS192749","หนิวซี 10 g /ห่อ"
"AS192709","ยวู้จู๋ 10 g /ห่อ"
"AS192710","ยวู่หลี่เหริน 10 g /ห่อ"
"AS192711","ยาต่านจื่อ 10 g /ห่อ"
"AS192712","ยาหม่อง 50 g กระปุก"
"AS192713","ยาหม่องเย็น 50 g /กระปุก"
"AS192714","ยินไช๋หู 10 g /ห่อ"
"AS192715","ยู้วจิน 10 g /ห่อ"
"AS192716","ยฺหวีซิงเฉ่า 10 g /ห่อ"
"AS192717","เย่จวี่ฮวา 10 g /ห่อ"
"AS192718","โร่วกุ้ย 10 g /ห่อ"
"AS192719","โร่วฉงหลง 10 g /ห่อ"
"AS192720","โร่วโต้วโค่ว 10 g /ห่อ"
"AS192721","ลวี่โต่ว 10 g /ห่อ"
"AS192722","ลั่วสือเถิง 10 g /ห่อ"
"AS192723","ลี่จือเหอ 10 g /ห่อ"
"AS192724","ลู่เจี่ยวเจียว 10 g /ห่อ"
"AS192725","ลู่ลู่ทง 10 g /ห่อ"
"AS192726","เวยหลิงเซียน 10 g /ห่อ"
"AS192728","สสือชางผู่ 10 g /ห่อ"
"AS192689","ฝูเสิน 10 g /ห่อ"
"AS192690","ฝูเสี่ยวม่าย 10 g /ห่อ"
"AS192691","ฝูหลิง 10 g /ห่อ"
"AS192692","เฝิงมี้ 10 g /ห่อ"
"AS192693","โฝวโส่ว 10 g /ห่อ"
"AS192694","พ้างต้าไห่ 10 g /ห่อ"
"AS192695","พ้าวเจียง 10 g /ห่อ"
"AS192696","เพ่ยหลาน 10 g /ห่อ"
"AS192697","ฟานเซี่ยเยี่ย 10 g /ห่อ"
"AS192698","ฟู่จื่อ 10 g /ห่อ"
"AS192699","ม่านจิงจื่อ 10 g /ห่อ"
"AS192700","ม่ายตง 10 g /ห่อ"
"AS192701","ม่ายหยา 10 g /ห่อ"
"AS192702","มู่กวา 10 g /ห่อ"
"AS192703","มู่เซียง 10 g /ห่อ"
"AS192704","มู่ทง 10 g /ห่อ"
"AS192705","มู่ลี่ 10 g /ห่อ"
"AS192706","เม่ยกุยฮวา 10 g /ห่อ"
"AS192707","โม่วเย้า 10 g /ห่อ"
"AS192708","ยวี่หมี่ซู 10 g /ห่อ"
"AS192672","ไป๋เซียนผี 10 g /ห่อ"
"AS192673","ไป๋โถ่วเวิง 10 g /ห่อ"
"AS192674","ไป๋ปู้ 10 g /ห่อ"
"AS192675","ไป๋เปียนโต้ว 10 g /ห่อ"
"AS192676","ไป๋ฟู่จื่อ 10 g /ห่อ"
"AS192677","ไป๋เวย 10 g /ห่อ"
"AS192678","ไป๋เสา 10 g /ห่อ"
"AS192679","ไป่เหมาเกิน 10 g /ห่อ"
"AS192680","ไป๋เหลียน 10 g /ห่อ"
"AS192681","ไป๋เหอ 10 g /ห่อ"
"AS192682","ไป๋ฮวาเสอเสอเช่า 10 g /ห่อ"
"AS192683","ผีผาเย่ 10 g /ห่อ"
"AS192684","ผู่กงอิง 10 g /ห่อ"
"AS192685","ผู่หวง 10 g /ห่อ"
"AS192686","ฝางเฟิง 10 g /ห่อ"
"AS192687","ฝางอี่ 10 g /ห่อ"
"AS192688","ฝู่เผินจื่อ 10 g /ห่อ"
"AS192655","ป้านเซี่ย 10 g /ห่อ"
"AS192656","ป่านหลานเกิน 10 g /ห่อ"
"AS192657","ป้ายเจี้ยงเช่า 10 g /ห่อ"
"AS192658","ปิงหลาง 10 g /ห่อ"
"AS192659","ปิ๊ป๋อ 10 g /ห่อ"
"AS192660","ปี้เซี่ย 10 g /ห่อ"
"AS192661","ปู่กู่จือ 10 g /ห่อ"
"AS192662","เป่ยซาเซิน 10 g /ห่อ"
"AS192663","เปียเจี่ย 10 g /ห่อ"
"AS192664","เปียนซวี่ 10 g /ห่อ"
"AS192665","ไป๋กั่ว 10 g /ห่อ"
"AS192666","ไป๋จี๋ 10 g /ห่อ"
"AS192667","ไป๋จื่อ 10 g /ห่อ"
"AS192668","ไป๋จื่อเหริน 10 g /ห่อ"
"AS192669","ไป๋จู๋ 10 g /ห่อ"
"AS192670","ไป๋เจี้ยจื่อ 10 g /ห่อ"
"AS192671","ไป๋เฉียน 10 g /ห่อ"
"AS192633","ตู๋หัว 10 g /ห่อ"
"AS192634","เต้าหย่า 10 g /ห่อ"
"AS192635","เติงซินเฉ่า 10 g /ห่อ"
"AS192636","โต้วโค่ว 10 g /ห่อ"
"AS192637","ไต้เจ่อสือ 10 g /ห่อ"
"AS192638","ถาวเหริน 10 g /ห่อ"
"AS192639","ถิงลี่จื่อ 10 g /ห่อ"
"AS192640","ถู่เปียฉง 10 g /ห่อ"
"AS192641","ถู่ฝูหลิง 10 g /ห่อ"
"AS192642","ทงเฉ่า 10 g /ห่อ"
"AS192643","ทานเซียง 10 g /ห่อ"
"AS192644","ทู่ซือจื่อ 10 g /ห่อ"
"AS192645","เทียนตง 10 g /ห่อ"
"AS192646","เทียนหนานซิง 10 g /ห่อ"
"AS192647","เทียนหมา 10 g /ห่อ"
"AS192648","เทียนฮวาเฟิ่น 10 g /ห่อ"
"AS192649","ไท่จื่อเซิน 10 g /ห่อ"
"AS192650","นวู่เจินจื่อ 10 g /ห่อ"
"AS192651","น้ำมันไพล 50 g /ขวด"
"AS192652","ป๋อเหอ 10 g /ห่อ"
"AS192653","ปาจี่เทียน 10 g /ห่อ"
"AS192654","ปาโต่ว 10 g /ห่อ"
"AS192612","ดซ่วอูเถิง 10 g /ห่อ"
"AS192613","ตงกวาผี 10 g /ห่อ"
"AS192614","ตงฉงเซี่ยฉ่าว 10 g /ห่อ"
"AS192615","ตังกุย 10 g /ห่อ"
"AS192616","ตังขุ่ยจี้ 10 g /ห่อ"
"AS192617","ตั่งเซิน 10 g /ห่อ"
"AS192618","ตันเซิน 10 g /ห่อ"
"AS192619","ต้าจี้ 10 g /ห่อ"
"AS192620","ต้าเจ่า 10 g /ห่อ"
"AS192621","ต้าชิงเย่ 10 g /ห่อ"
"AS192622","ต้านจูเย่ 10 g /ห่อ"
"AS192623","ต้านโต้วฉื่อ 10 g /ห่อ"
"AS192624","ต้าฟู่ผี 10 g /ห่อ"
"AS192625","ต้าเสวี่ยะเถิง 10 g /ห่อ"
"AS192626","ต้าหวง 10 g /ห่อ"
"AS192627","ติงเซียง 10 g /ห่อ"
"AS192628","ตี้กู่ผี 10 g /ห่อ"
"AS192629","ตี้ฟู่จื่อ 10 g /ห่อ"
"AS192630","ตี้ยวู่ 10 g /ห่อ"
"AS192631","ตี้หลง 10 g /ห่อ"
"AS192632","ตู่จ้ง 10 g /ห่อ"
"AS192592","ซีหย่างเซิน 10 g /ห่อ"
"AS192593","ซือกวาลั่ว 10 g /ห่อ"
"AS192594","ซื่อตี้ 10 g /ห่อ"
"AS192595","ซูมู่ 10 g /ห่อ"
"AS192596","ซูเหอะเซียง 10 g /ห่อ"
"AS192597","เซวียนฟู่ฮวา 10 g /ห่อ"
"AS192598","เซ่อกาน 10 g /ห่อ"
"AS192599","เซ่อเซียง 10 g /ห่อ"
"AS192600","เซิงเจียง 10 g /ห่อ"
"AS192601","เซิงตี้หวง 10 g /ห่อ"
"AS192602","เซิงหมา 10 g /ห่อ"
"AS192603","เซินจินเช่า 10 g /ห่อ"
"AS192604","เซี่ยคูเฉ่า 10 g /ห่อ"
"AS192605","เซียงเจียผี 10 g /ห่อ"
"AS192606","เซียงฟู่ 10 g /ห่อ"
"AS192607","เซียงหยวน 10 g /ห่อ"
"AS192608","เซียงหรู 10 g /ห่อ"
"AS192609","เซียนเหมา 10 g /ห่อ"
"AS192610","เซียนเฮ้อเฉ่า 10 g /ห่อ"
"AS192611","เซี่ยะไป๋ 10 g /ห่อ"
"AS192574","ซังไป่ผี 10 g /ห่อ"
"AS192575","ซังเยี่ย 10 g /ห่อ"
"AS192576","ซางจี้เซิง 10 g /ห่อ"
"AS192577","ซางเซิ่น 10 g /ห่อ"
"AS192578","ซางเพียวเซียว 10 g /ห่อ"
"AS192579","ซางลู่ 10 g /ห่อ"
"AS192580","ซานจา 10 g /ห่อ"
"AS192581","ซานชี 10 g /ห่อ"
"AS192582","ซานโต้วเกิน 10 g /ห่อ"
"AS192583","ซานหยูโร่ว 10 g /ห่อ"
"AS192584","ซานเหย้า 10 g /ห่อ"
"AS192585","ซานเหลิง 10 g /ห่อ"
"AS192586","ซาหวางจื่อ 10 g /ห่อ"
"AS192587","ซาเหริน 10 g /ห่อ"
"AS192588","ซิ่งเหริน 10 g /ห่อ"
"AS192589","ซินอี๋ 10 g /ห่อ"
"AS192590","ซีเชียนเช่า 10 g /ห่อ"
"AS192591","ซี่ซิน 10 g /ห่อ"
"AS192554","ชังจู๋ 10 g /ห่อ"
"AS192555","ชังเอ๋อจื่อ 10 g /ห่อ"
"AS192556","ชิงไต้ 10 g /ห่อ"
"AS192557","ชิงผี 10 g /ห่อ"
"AS192558","ชิงมู่เซียง 10 g /ห่อ"
"AS192559","ชิงเฮา 10 g /ห่อ"
"AS192560","ชื่อจี๋ลี่ 10 g /ห่อ"
"AS192561","ชื่อเสา 10 g /ห่อ"
"AS192562","เชอเฉียนจื่อ 10 g /ห่อ"
"AS192563","เช่อไป๋เย่ 10 g /ห่อ"
"AS192564","เชียงหัว 10 g /ห่อ"
"AS192565","เชี่ยนเฉ่า 10 g /ห่อ"
"AS192566","เชี่ยนสือ 10 g /ห่อ"
"AS192567","เชียนหนิวจื่อ 10 g /ห่อ"
"AS192568","เชียนเหนี่ยนเจี้ยน 10 g /ห่อ"
"AS192569","ซงจื่อเหริน 10 g /ห่อ"
"AS192570","ซงเจี๋ย 10 g /ห่อ"
"AS192571","ซวนจ่าวเหริน 10 g /ห่อ"
"AS192572","ซวู้ต้วน 10 g /ห่อ"
"AS192573","ซังจือ 10 g /ห่อ"
"AS192534","ฉินจิ่ว 10 g /ห่อ"
"AS192535","ฉินผี 10 g /ห่อ"
"AS192536","ฉีเสอ 10 g /ห่อ"
"AS192537","ฉื่อเช่า 10 g /ห่อ"
"AS192538","ฉื่อถาง 10 g /ห่อ"
"AS192539","ฉุยเพินเฉ่า 10 g /ห่อ"
"AS192540","เฉวียนกวาโหลว 10 g /ห่อ"
"AS192541","เฉวียนเซีย 10 g /ห่อ"
"AS192542","เฉ่ากั่ว 10 g /ห่อ"
"AS192543","เฉินเซียง 10 g /ห่อ"
"AS192544","เฉินผี 10 g /ห่อ"
"AS192545","เฉียนหู 10 g /ห่อ"
"AS192546","ไฉ๋หู 10 g /ห่อ"
"AS192547","ชวนซานเจี่ย 10 g /ห่อ"
"AS192548","ชวนซินเหลียน 10 g /ห่อ"
"AS192549","ชวนซฺยง 10 g /ห่อ"
"AS192550","ชวนเป้ยหมู่ 10 g /ห่อ"
"AS192551","ชวนเลี่ยนจื่อ 10 g /ห่อ"
"AS192552","ชวนหนิวซี 10 g /ห่อ"
"AS192553","ชวนอู 10 g /ห่อ"
"AS192512","จื้อสือ 10 g /ห่อ"
"AS192513","จือหมู่ 10 g /ห่อ"
"AS192514","จื่อหว่าน 10 g /ห่อ"
"AS192515","จื่อเหอเชอ 10 g /ห่อ"
"AS192516","จูซา 10 g /ห่อ"
"AS192517","จูเย่ 10 g /ห่อ"
"AS192518","จู้หมาเกิน 10 g /ห่อ"
"AS192519","จูหลิง 10 g /ห่อ"
"AS192520","จู๋หลู 10 g /ห่อ"
"AS192521","เจวี่ยหมิงจื่อ 10 g /ห่อ"
"AS192522","เจ๋อชี๋ 10 g /ห่อ"
"AS192523","เจ๋อเซี่ย 10 g /ห่อ"
"AS192524","เจ้อเป้ยหมู่ 10 g /ห่อ"
"AS192525","เจ๋อหลาน 10 g /ห่อ"
"AS192526","เจินจู 10 g /ห่อ"
"AS192527","เจินจูหมู่ 10 g /ห่อ"
"AS192528","เจี๋ยเกิ่ง 10 g /ห่อ"
"AS192529","เจียงฉาน 10 g /ห่อ"
"AS192530","เจียงหวง 10 g /ห่อ"
"AS192531","ฉวีม่าย 10 g /ห่อ"
"AS192532","ฉานซา 10 g /ห่อ"
"AS192533","ฉานทุ้ย 10 g /ห่อ"
"AS192492","ขู่เซิน 10 g /ห่อ"
"AS192493","ครีมบัวหิมะ 50 g /กระปุก"
"AS192494","คุนปู้ 10 g /ห่อ"
"AS192495","จงหลู่ถาน 10 g /ห่อ"
"AS192496","จวี๋ฮวา 10 g /ห่อ"
"AS192497","จ้าวเจี่ยว 10 g /ห่อ"
"AS192498","จิงเจี้ย 10 g /ห่อ"
"AS192499","จิงต้าจี่ 10 g /ห่อ"
"AS192500","จินเฉียนเฉ่า 10 g /ห่อ"
"AS192501","จินอิงจื่อ 10 g /ห่อ"
"AS192502","จินอิ๋นฮวา 10 g /ห่อ"
"AS192503","จี๋ไช่ 10 g /ห่อ"
"AS192504","จีเซวี่ยเถิง 10 g /ห่อ"
"AS192505","จีเน่ยจิน 10 g /ห่อ"
"AS192506","จื่อเข่อ 10 g /ห่อ"
"AS192507","จื่อจวี่จึ 10 g /ห่อ"
"AS192508","จือจื่อ 10 g /ห่อ"
"AS192509","จื่อซูจื่อ 10 g /ห่อ"
"AS192510","จื่อซูเย่ 10 g /ห่อ"
"AS192511","จื่อสือ 10 g /ห่อ"
"AS192472","You gui wan 10 g /ห่อ"
"AS192473","Yu ping feng san 10 g /ห่อ"
"AS192474","Zedoray Rhizome 10 g /ห่อ"
"AS192475","Zingiber 10 g /ห่อ"
"AS192476","กันเฉ่า 10 g /ห่อ"
"AS192477","กานเจียง 10 g /ห่อ"
"AS192478","กานซง 10 g /ห่อ"
"AS192479","กานสุ่ย 10 g /ห่อ"
"AS192480","กุ้ยจือ 10 g /ห่อ"
"AS192481","กุยเจี่ย 10 g /ห่อ"
"AS192482","กู่ซุ่ยปู่ 10 g /ห่อ"
"AS192483","กู่หย่า 10 g /ห่อ"
"AS192484","เก๋อเกิน 10 g /ห่อ"
"AS192485","เก๋อเจี้ย 10 g /ห่อ"
"AS192486","เกาเปิ่น 10 g /ห่อ"
"AS192487","เกาเหลียงเจียง 10 g /ห่อ"
"AS192488","โก่วจี๋ 10 g /ห่อ"
"AS192489","โก่วฉีจื่อ 10 g /ห่อ"
"AS192490","โกวเถิง 10 g /ห่อ"
"AS192491","ข่วนตงฮวา 10 g /ห่อ"
"AS192453","Tong xie yao fang 10 g /ห่อ"
"AS192454","Tree Peony Bark 10 g /ห่อ"
"AS192455","Trogopterus Dung 10 g /ห่อ"
"AS192456","Tuber Fleeceflower Stem and Leaf 10 g /ห่อ"
"AS192457","Turmeric Root Tuber 10 g /ห่อ"
"AS192458","Turtle Shell 10 g /ห่อ"
"AS192459","Twotoothed Achyranthes Root 10 g /ห่อ"
"AS192460","Uniflower Swisscentaury Root 10 g /ห่อ"
"AS192461","Villous Amomum Fruit 10 g /ห่อ"
"AS192462","Virgate Wormwood Herb 10 g /ห่อ"
"AS192463","Weeping Forsythia Capsule 10 g /ห่อ"
"AS192464","White Mulberry Root-bark 10 g /ห่อ"
"AS192465","White Peony Root 10 g /ห่อ"
"AS192466","Wild Chrysanthemum Flower 10 g /ห่อ"
"AS192467","Xiao yao wan 10 g /ห่อ"
"AS192468","Xue fu zhu yu tang 10 g /ห่อ"
"AS192469","Yanhusuo 10 g /ห่อ"
"AS192470","Yerbadetajo Herb 10 g /ห่อ"
"AS192471","Yin qiao san 10 g /ห่อ"
"AS192435","Smoked Plum 10 g /ห่อ"
"AS192436","Snakegourd Peel 10 g /ห่อ"
"AS192437","Snakegourd Root 10 g /ห่อ"
"AS192438","Solomonseal Rhizome 10 g /ห่อ"
"AS192439","Spine Date Seed 10 g /ห่อ"
"AS192440","Spreading Hedyotis Herb 10 g /ห่อ"
"AS192441","Stir-fried Ovate Atractylodes Root 10 g /ห่อ"
"AS192442","Stringy Stonecrop Herb 10 g /ห่อ"
"AS192443","Suberect Spatholobus Stem 10 g /ห่อ"
"AS192444","Sweet Wormwood Herb 10 g /ห่อ"
"AS192445","Szechwan Chinaberry Fruit 10 g /ห่อ"
"AS192446","Szechwan Lovage Rhizome 10 g /ห่อ"
"AS192447","Talc 10 g /ห่อ"
"AS192448","Tall Gastrodia Tuber 10 g /ห่อ"
"AS192449","Tangshen 10 g /ห่อ"
"AS192450","Thinleaf Milkwort Root 10 g /ห่อ"
"AS192451","Thunberg Fritillary Bulb 10 g /ห่อ"
"AS192452","Tian ma gou teng yin 10 g /ห่อ"
"AS192418","Ren shen yang rong tang 10 g /ห่อ"
"AS192419","Safflower 10 g /ห่อ"
"AS192420","Sanchi 10 g /ห่อ"
"AS192421","Sandalwood 10 g /ห่อ"
"AS192422","Sea-ear Shell 10 g /ห่อ"
"AS192423","Seaweed 10 g /ห่อ"
"AS192424","Sevenlobed Yam Rhizome 10 g /ห่อ"
"AS192425","Shao fu zhu yu tang 10 g /ห่อ"
"AS192426","Sharpleaf Glangal Fruit 10 g /ห่อ"
"AS192427","Shen ling bai zhu san 10 g /ห่อ"
"AS192428","Sheng mai san 10 g /ห่อ"
"AS192429","Shrub Chastetree Fruit 10 g /ห่อ"
"AS192430","Si jun zi tang 10 g /ห่อ"
"AS192431","Si wu tang 10 g /ห่อ"
"AS192432","Siberian Cocklebur Fruit 10 g /ห่อ"
"AS192433","Siegesbeckia Herb 10 g /ห่อ"
"AS192434","Silktree albizia bark 10 g /ห่อ"
"AS192399","Oriental Waterplantain Rhizome 10 g /ห่อ"
"AS192400","Oyster Shell 10 g /ห่อ"
"AS192401","Oyster Shell(calcined) 10 g /ห่อ"
"AS192402","Peach Seed 10 g /ห่อ"
"AS192403","Peppermint 10 g /ห่อ"
"AS192404","Perilla Fruit 10 g /ห่อ"
"AS192405","Pinellia Tuber 10 g /ห่อ"
"AS192406","Ping wei san 10 g /ห่อ"
"AS192407","Plantain Seed 10 g /ห่อ"
"AS192408","Platycodon Root 10 g /ห่อ"
"AS192409","Prepared Common Monkshood Daughter Root 10 g /ห่อ"
"AS192410","Prepared Fleeceflower Root 10 g /ห่อ"
"AS192411","Prepared Liquorice Root 10 g /ห่อ"
"AS192412","Prepared Rehmannia Root 10 g /ห่อ"
"AS192413","Qi ju di huang wan 10 g /ห่อ"
"AS192414","Radish Seed 10 g /ห่อ"
"AS192415","Red Peony Root 10 g /ห่อ"
"AS192416","Reed Rhizome 10 g /ห่อ"
"AS192417","Rehmannia Root 10 g /ห่อ"
"AS192381","Lotus Leaf 10 g /ห่อ"
"AS192382","Malaytea Scurfpea Fruit 10 g /ห่อ"
"AS192383","Manchurian Wildginger 10 g /ห่อ"
"AS192384","Medicated Leaven 10 g /ห่อ"
"AS192385","Medicated Leaven(stir-fried) 10 g /ห่อ"
"AS192386","Medicinal Evodia Fruit 10 g /ห่อ"
"AS192387","Medicine Terminalia Fruit 10 g /ห่อ"
"AS192388","Milkvetch Root 10 g /ห่อ"
"AS192389","Millet Sprout 10 g /ห่อ"
"AS192390","Morinda Root 10 g /ห่อ"
"AS192391","Motherwort Herb 10 g /ห่อ"
"AS192392","Mulberry Leaf 10 g /ห่อ"
"AS192393","Mulberry Twig 10 g /ห่อ"
"AS192394","Myrrh 10 g /ห่อ"
"AS192395","Nacre 10 g /ห่อ"
"AS192396","Nutgrass Galingale Rhizome 10 g /ห่อ"
"AS192397","Officinal Magnolia Bark 10 g /ห่อ"
"AS192398","Orange Fruit 10 g /ห่อ"
"AS192369","Jin kui shen qi wan 10 g /ห่อ"
"AS192370","Kelp or Tangle 10 g /ห่อ"
"AS192371","Kudzuvine Root 10 g /ห่อ"
"AS192372","Lalang Grass Rhizome 10 g /ห่อ"
"AS192373","Largehead Atractylodes Rhizome 10 g /ห่อ"
"AS192374","Largeleaf Gentian Root 10 g /ห่อ"
"AS192375","Largetrifoliolious Bugbane Rhizome 10 g /ห่อ"
"AS192376","Lightyellow Sophora Root 10 g /ห่อ"
"AS192377","Lilac Pink Herb 10 g /ห่อ"
"AS192378","Liquorice Root 10 g /ห่อ"
"AS192379","Liu wei di huang wan 10 g /ห่อ"
"AS192380","Longan Aril 10 g /ห่อ"
"AS192361","Hogfennel Root 10 g /ห่อ"
"AS192362","Honeysuckle Flower 10 g /ห่อ"
"AS192363","Immature Orange Fruit 10 g /ห่อ"
"AS192364","Incised Notopterygium Rhizome or Root 10 g /ห่อ"
"AS192365","Indian Bread 10 g /ห่อ"
"AS192366","Indian Bread With Hostwood 10 g /ห่อ"
"AS192367","Indian Madder Root 10 g /ห่อ"
"AS192368","Jackin- thepulpit Tuber 10 g /ห่อ"
"AS192341","Fragrant Solomonseal Rhizome 10 g /ห่อ"
"AS192342","Frankincense 10 g /ห่อ"
"AS192343","Fresh Ginger 10 g /ห่อ"
"AS192344","Gambir Plant 10 g /ห่อ"
"AS192345","Germinated Barley 10 g /ห่อ"
"AS192346","Giant typhonium rhizome 10 g /ห่อ"
"AS192347","Glossy Privet Fruit 10 g /ห่อ"
"AS192348","Golden Thread 10 g /ห่อ"
"AS192349","Gordon Euryale Seed 10 g /ห่อ"
"AS192350","Grassleaf Sweetflag Rhizome 10 g /ห่อ"
"AS192351","Green Tangerine Peel 10 g /ห่อ"
"AS192352","Ground Beetle 10 g /ห่อ"
"AS192353","Gui pi tang 10 g /ห่อ"
"AS192354","Gui zhi long gu mu li tang 10 g /ห่อ"
"AS192355","Hawthorn Fruit 10 g /ห่อ"
"AS192356","Hawthorn Fruit (charred) 10 g /ห่อ"
"AS192357","Hematite 10 g /ห่อ"
"AS192358","Hemp Seed 10 g /ห่อ"
"AS192359","Heterophylly Falsestarwort Root 10 g /ห่อ"
"AS192360","Himalayan Teasel Root 10 g /ห่อ"
"AS192321","Dodder Seed 10 g /ห่อ"
"AS192322","Doubleteeth Pubescent Angelica Root 10 g /ห่อ"
"AS192323","Dragon's Bones 10 g /ห่อ"
"AS192324","Dragon's Bones (calcined) 10 g /ห่อ"
"AS192325","Dried Tangerine Peel 10 g /ห่อ"
"AS192326","Du huo ji sheng tang 10 g /ห่อ"
"AS192327","Dwarf Lilyturf Tuber 10 g /ห่อ"
"AS192328","Dyers Woad Leaf 10 g /ห่อ"
"AS192329","Earthworm 10 g /ห่อ"
"AS192330","Ephedra 10 g /ห่อ"
"AS192331","Epimedium Herb 10 g /ห่อ"
"AS192332","Er chen tang 10 g /ห่อ"
"AS192333","Er long zuo ci wan 10 g /ห่อ"
"AS192334","Eucommia Bark 10 g /ห่อ"
"AS192335","Fe3O4 10 g /ห่อ"
"AS192336","Figwort Root 10 g /ห่อ"
"AS192337","Fineleaf Schizonepeta Herb 10 g /ห่อ"
"AS192338","Finger Citron 10 g /ห่อ"
"AS192339","Fleeceflower Root 10 g /ห่อ"
"AS192340","Fourstamen Stephania Root 10 g /ห่อ"
"AS192302","Cochinchinese Asparagus Root 10 g /ห่อ"
"AS192303","Coix Seed 10 g /ห่อ"
"AS192304","Common Clubmoss Herb 10 g /ห่อ"
"AS192305","Common Anemarrhena Rhizome 10 g /ห่อ"
"AS192306","Common Aucklandia Root 10 g /ห่อ"
"AS192307","Common Coltsfoot Flower 10 g /ห่อ"
"AS192308","Common Curculigo Rhizome 10 g /ห่อ"
"AS192309","Common Floweringquince Fruit 10 g /ห่อ"
"AS192310","Common Selfheal Fruit -spike 10 g /ห่อ"
"AS192311","Common Yam Rhizome 10 g /ห่อ"
"AS192312","Cowherb Seed 10 g /ห่อ"
"AS192313","Dahurian Angelica Root 10 g /ห่อ"
"AS192314","Dan zhi xiao yao san 10 g /ห่อ"
"AS192315","Dandelion 10 g /ห่อ"
"AS192316","Danshen Root 10 g /ห่อ"
"AS192317","Dendrobium 10 g /ห่อ"
"AS192318","Densefruit Pittany Root-bark 10 g /ห่อ"
"AS192319","Desertliving Cistanche 10 g /ห่อ"
"AS192320","Divaricate Saposhnikovia Root 10 g /ห่อ"
"AS192282","Cassia Twig 10 g /ห่อ"
"AS192283","Cattail Pollen 10 g /ห่อ"
"AS192284","Centipede 10 g /ห่อ"
"AS192285","Chai hu su gan tang 10 g /ห่อ"
"AS192286","Chicken's Gizzard-skin 10 g /ห่อ"
"AS192287","Chinese Angelica 10 g /ห่อ"
"AS192288","Chinese Arborvitae Kernel 10 g /ห่อ"
"AS192289","Chinese Arborvitae Twig And Leaf 10 g /ห่อ"
"AS192290","Chinese Clematis Root 10 g /ห่อ"
"AS192291","Chinese Date 10 g /ห่อ"
"AS192292","Chinese Magnoliavine Fruit 10 g /ห่อ"
"AS192293","Chinese Taxillus Herb 10 g /ห่อ"
"AS192294","Chinese Thorowax Root 10 g /ห่อ"
"AS192295","Chinese Wolfberry Root-bark 10 g /ห่อ"
"AS192296","Christina Loosestrife 10 g /ห่อ"
"AS192297","Chrysanthemun Flower 10 g /ห่อ"
"AS192298","Chuling 10 g /ห่อ"
"AS192299","Cibot Rhizome 10 g /ห่อ"
"AS192300","Cicada Slough 10 g /ห่อ"
"AS192301","Coastal Glehnia Root 10 g /ห่อ"
"AS192263","Atractylodes Rhizome 10 g /ห่อ"
"AS192264","Ba zhen tang 10 g /ห่อ"
"AS192265","Baby oil 50 ml /ขวด"
"AS192266","Baical Skullcap Root 10 g /ห่อ"
"AS192267","Bamboo Shavings 10 g /ห่อ"
"AS192268","Barbary Wolfberry Fruit 10 g /ห่อ"
"AS192269","Beautiful Sweetgum Fruit 10 g /ห่อ"
"AS192270","Belvedere Fruit 10 g /ห่อ"
"AS192271","Betelnutpalm pericarp 10 g /ห่อ"
"AS192272","Bi yuan tang 10 g /ห่อ"
"AS192273","Bile Arisaema 10 g /ห่อ"
"AS192274","Biond Magnolia Flower 10 g /ห่อ"
"AS192275","Bitter Apricot Seed 10 g /ห่อ"
"AS192276","Blackberrylily Rhizome 10 g /ห่อ"
"AS192277","Boat-fruited Stercrlia Seed 10 g /ห่อ"
"AS192278","Bu yang huan wu tang 10 g /ห่อ"
"AS192279","Cape Jasmine Fruit 10 g /ห่อ"
"AS192280","Cassia Bark 10 g /ห่อ"
"AS192281","Cassia Seed 10 g /ห่อ"
"AS192244","Cyclohexane /Liquids 4000 ml /ขวด"
"AS192245","n-Heptane /Liquids 4000 ml /ขวด"
"AS192246","Methylcyclohexane /Liquids 4000 ml /ขวด"
"AS192247","n-Octane /Liquids 4000 ml /ขวด"
"AS192248","n-Decane /Liquids 4000 ml /ขวด"
"AS192249","n-Dodecane /Liquids 4000 ml /ขวด"
"AS192250","Ethylbenzene /Liquids 4000 ml /ขวด"
"AS192251","Xylene /Liquids 4000 ml /ขวด"
"AS192252","Suffer dioxide tube /Solid 10 หลอด /กล่อง"
"AS192253","Carbondioxide tube /Solid 10 หลอด /กล่อง"
"AS192254","Carbonmonoxide tube /Solid 10 หลอด /กล่อง"
"AS192255","Ammonia tube /Solid 10 หลอด /กล่อง"
"AS192256","Nitric oxide tube /Solid 10 หลอด /กล่อง"
"AS192257","ชุดทดสอบยาฆ่าแมลงในพืชผัก ผลไม้ /Liquids 100 ชุด /กล่อง"
"AS192258","ชุดทดสอบโคลีนเอสเตอเรสในเลือด /Liquids 100 ชุด /กล่อง"
"AS192259","Amur Cork-tree 10 g /ห่อ"
"AS192260","Armand Clematis Stem 10 g /ห่อ"
"AS192261","Ash Bark 10 g /ห่อ"
"AS192262","Asiatic Cornelian Cherry Fruit 10 g /ห่อ"
"AS192225","Formaldehyde /AR /Liquids 4000 ml /ขวด"
"AS192226","Acetronitrile /HPLC /Liquids 4000 ml /ขวด"
"AS192227","Formaldehyde-sodium bisulfite /AR /Solid 2000 g /ขวด"
"AS192228","Deionized water /AR /Liquids 4000 ml /ขวด"
"AS192229","Nitric acid /AR /Liquids 4000 ml /ขวด"
"AS192230","Actic acid /AR /Liquids 4000 ml /ขวด"
"AS192231","Formic acid /AR /Liquids 4000 ml /ขวด"
"AS192232","Hydrocholric acid /AR /Liquids 4000 ml /ขวด"
"AS192233","Sodium hydroxide /AR /Solid 1000 g /ขวด"
"AS192234","Zinc /AR /Solid 25 g /ขวด"
"AS192235","Dichloromethane /AR /Liquids 4000 ml /ขวด"
"AS192236","Ethyl acetate /AR /Liquids 4000 ml /ขวด"
"AS192237","Diethyl ether /AR /Liquids 4000 ml /ขวด"
"AS192238","N,N-Dimethylformamide /AR /Liquids 4000 ml /ขวด"
"AS192239","Cholroform /AR /Liquids 4000 ml /ขวด"
"AS192240","Carbondisulfile /AR /Liquids 4000 ml /ขวด"
"AS192241","Styrene /Reagent Plus? /Liquids 4000 ml /ขวด"
"AS192242","n-Hexane /Liquids 4000 ml /ขวด"
"AS192243","n-Pentane /HPLC /Liquids 4000 ml /ขวด"
"AS192207","อาซิโตไนไตรล์ CAS Number 75-05-8 เกรด HLC (Sigma Aldrich, Singapore) /Liquids 2.5 L L /ขวด"
"AS192208","สารมาตรฐาน Citronella /Sigma /Liquids 250 ml /ขวด"
"AS192209","Ethanol /AR /Liquids 2.5 L L /ขวด"
"AS192210","สารส้ม /Solid 1 kg /ขวด"
"AS192211","ปูนขาว /Solid 1 kg /ขวด"
"AS192212","methyl orange /Solid 100 g /ขวด"
"AS192213","Potassium hexachloroplatinate (IV) powder /Solid 1 g /ขวด"
"AS192214","Cobalt (II) chloride /Solid 500 g /ขวด"
"AS192215","Calcium Carbonate /AR /Solid 500 g /ขวด"
"AS192216","Hexane /AR /Liquids 4000 ml /ขวด"
"AS192217","Acetone /AR /Liquids 4000 ml /ขวด"
"AS192218","Methanol /HPLC /Liquids 4000 ml /ขวด"
"AS192219","Ethanol /AR /Liquids 4000 ml /ขวด"
"AS192220","Toluene /AR /Liquids 4000 ml /ขวด"
"AS192221","Benzene /AR /Liquids 4000 ml /ขวด"
"AS192222","Xylene /AR /Liquids 4000 ml /ขวด"
"AS192223","Isopropanol /HPLC /Liquids 4000 ml /ขวด"
"AS192224","Ultra pure water /HPLC /Liquids 4000 ml /ขวด"
"AS192189","K-Y Gel Lubrificaqnte Esterril 82g /Solid 82 g1 หลอด /กล่อง"
"AS192190","Q-C Lubricating Jelly 50 grams /Solid 50 g2 หลอด /กล่อง"
"AS192191","Ethyl Alcohol 70% /Liquids 450 ml6 ขวด /แพ็ค"
"AS192192","Ethyl Alcohol 70% /Liquids 30 ml12 ขวด /แพ็ค"
"AS192193","Lauryl sulfate broth (Tryptose) /Solid 500 g /ขวด"
"AS192194","EC medium with mug /Solid 500 g /ขวด"
"AS192195","EMB agar /Solid 500 g /ขวด"
"AS192196","Tryptose broth /Solid 500 g /ขวด"
"AS192197","MR-VP medium /Solid 500 g /ขวด"
"AS192198","Simmon citrate agar /Solid 500 g /ขวด"
"AS192199","Kovacs'indole reagent /Liquids 100 ml /ขวด"
"AS192200","Crystal violet /Solid 25 g /ขวด"
"AS192201","Iodine Resublimed /Solid 100 g /ขวด"
"AS192202","Acetone /Liquids 2.5 L /ขวด"
"AS192203","Safranine O /Solid 25 g /ขวด"
"AS192204","สารมาตรฐาน Caffeine 99% /Liquids Sigma250 ml /ขวด"
"AS192206","ฟอร์มาลีน /Liquids Sigma Aldrich, Singapore2.5 L L /ขวด"
"AS192169","Menthol cas no.9001-78-9 /Unionsci /Solid 1 kg /ถุง"
"AS192170","Methly salicylate /Unionsci /Liquids 450 ml /ขวด"
"AS192171","Sodium Chloride (Nacl) cas no.811102 /Rcilahscan /Solid 1 kg /ขวด"
"AS192172","Peppermint oil cas no.116-63-2 /Unionsci /Liquids 450 ml /ขวด"
"AS192173","Parafin wax [NH3]cas no.7664-41-7 /Unionsci /Solid 1 kg /ถุง"
"AS192174","Refined Glycerine [NH4Cl]cas no.12125-02-9 /Srichand /Liquids 450 g /ขวด"
"AS192175","Texapon N 70 [NH4OH]cas no.1336-21-6 /Unionsci /Liquids 1 kg /ขวด"
"AS192176","Tween 60 [(NH4)6Mo7O24.4H2O ]cas no.12027-67-7 /Unionsci /Liquids 1 kg /แกลลอน"
"AS192177","Vasevine [(NH4)6Mo7O24]cas no.909447 /Unionsci /Liquids 1 kg /ถุง"
"AS192178","Normal saline solution/NSS 2 ml /Liquids 2 ml50 หลอด /กล่อง"
"AS192179","Normal saline solution/NSS 10 ml /Liquids 10 ml50 หลอด /กล่อง"
"AS192180","Normal saline solution/NSS 100 ml /Liquids 100 ml12 ขวด /กล่อง"
"AS192181","Normal saline solution/NSS 1000 ml /Liquids 1000 ml12 ขวด /กล่อง"
"AS192182","Lactated ringer's 1000 ml /Liquids 1000 ml12 ขวด /กล่อง"
"AS192183","Acetate ringer's 1000 ml /Liquids 1000 ml12 ขวด /กล่อง"
"AS192184","Dextrose 5% (D5S) 1000 ml /Liquids 1000 ml12 ขวด /กล่อง"
"AS192185","Povidine 450 ml /Liquids 450 ml12 ขวด /กล่อง"
"AS192186","Povidine 30 ml /Liquids 30 ml12 ขวด /กล่อง"
"AS192152","Cetyl alcohol [NH2CH2CH2OH]cas no.141-43-5 /Unionsci /Solid 1 kg /ถุง"
"AS192153","Cinnamon oil cas no.RT007 /Unionsci /Liquids 800 g /ขวด"
"AS192154","Citric acid 500 cas no.4264-83-9 /Unionsci /Solid 500 g /ถุง"
"AS192155","Coconut oil [C7H6O6S ?2H2O]cas no.5965-83-3 /Hong Huat /Liquids 250 ml /ขวด"
"AS192156","Comperland KD /Unionsci /Liquids 1 kg /แกลลอน"
"AS192157","Covitol 250 ml /Unionsci /Liquids 250 ml /ขวด"
"AS192158","Eucalyptus oil /Unionsci /Liquids 450 ml /ขวด"
"AS192159","Fragrance oil (ดอกโมก) cas no.107-85 /Liquids 20 ml /ขวด"
"AS192160","Fragrance oil (น้ำมันมะพร้าว) [C2H4O2]cas no.64-19-7 /Liquids 20 ml /ขวด"
"AS192161","Fragrance oil (มะขาม) [C3-H6-O]cas no.67-64-1 /Liquids 20 ml /ขวด"
"AS192162","Fragrance oil (ลิลลี่) [CH3COSCH2CH2N(CH3)3Cl]cas no.60-31-1 /Liquids 20 ml /ขวด"
"AS192163","Glycerine [CH3COOH]cas no.64-19-7 /Unionsci /solid 3 kg /ถุง"
"AS192164","Glycrely monoststearate cas no.9002-18-0 /Unionsci /Solid 1 kg /ถุง"
"AS192165","Glydant /Unionsci /Liquids 1 kg /แกลลอน"
"AS192166","Iso Propyl Myristate /Unionsci /Liquids 250 ml /แกลลอน"
"AS192167","Lanolin /Unionsci /Solid 1 kg /ถุง"
"AS192168","Liquid paraffin cas no.9001-78-9 /Srichand /Liquids 450 ml /ขวด"
"AS192135","สบู่เหลว /Liquids 450 ml /ขวด"
"AS192136","สารละลาย 1413 /Liquids 480 ml /ขวด"
"AS192137","สารละลาย KCl 3 mol/l /Liquids 250 ml /ขวด"
"AS192138","สารละลายมาตรฐาน pH 10 /Liquids 250 ml /ขวด"
"AS192139","สารละลายมาตรฐาน pH 4 /Liquids 250 ml /ขวด"
"AS192140","สารละลายมาตรฐาน pH 7 /Liquids 250 ml /ขวด"
"AS192141","สารละลายมาตรฐานความขุ่น 0.2 NTU /Liquids 50 ml /ขวด"
"AS192142","สารละลายมาตรฐานความขุ่น 100 NTU /Liquids 50 ml /ขวด"
"AS192143","สารละลายมาตรฐานความขุ่น 2.0 NTU /Liquids 50 ml /ขวด"
"AS192144","สารละลายมาตรฐานความขุ่น 800 NTU /Liquids 50 ml /ขวด"
"AS192145","Amphitol /Hong Huat /Liquids 1 kg /แกลลอน"
"AS192146","Bee wax /Unionsci /Solid 1 kg /ถุง"
"AS192147","Bronidox /Unionsci /Liquids 1 kg /แกลลอน"
"AS192148","Borneol flakes /Unionsci /Solid 500 g /ถุง"
"AS192149","Cajupul oil [C12H8N2.H2O]cas no. 5144-89-8 /Unionsci /Liquids 800 ml /ขวด"
"AS192150","Camphor /Unionsci /Solid 3 kg /ถุง"
"AS192151","Cetiol HE cas no.RD001 /Unionsci /Liquids 500 ml /ถุง"
"AS192133","น้ำยาสำเร็จรูปใช้สำหรับย้อมเม็ดเลือด /Liquids 1 ชุด /กล่อง"
"AS192112","ชุดทดสอบโคลิฟอร์มในอาหาร /Liquids 1 ชุด /กล่อง"
"AS192113","ชุดทดสอบซัลโมเนล่า ภาชนะสัมผัสอาหาร /Liquids 1 ชุด /กล่อง"
"AS192114","ชุดทดสอบโซเดียมไฮโดรซัลไฟต์ (สารฟอกขาว) ในอาหาร /Liquids 1 ชุด /กล่อง"
"AS192115","ชุดทดสอบไนเตรท ในอาหาร /Liquids 1 ชุด /กล่อง"
"AS192117","ชุดทดสอบปริมาณบักเตรีทั้งหมดในอาหาร /Liquids 1 ชุด /กล่อง"
"AS192118","ชุดทดสอบฟอร์มาลิน (น้ำยาดองศพ) /Liquids 1 ชุด /กล่อง"
"AS192119","ชุดทดสอบยาฆ่าแมลงในอาหาร (กลุ่มฟอสเฟต, คาร์บาเมต) /Liquids 1 ชุด /กล่อง"
"AS192120","ชุดทดสอบยีสต์และเชื้อราในอาหารและเครื่องดื่ม /Liquids 1 ชุด /กล่อง"
"AS192121","ชุดทดสอบวิบริโอ สปีชีส์ /Liquids 1 ชุด /กล่อง"
"AS192122","ชุดทดสอบสแตฟฟี่โลคอคคัส ออเรียส /Liquids 1 ชุด /กล่อง"
"AS192123","ชุดทดสอบสารพิษแอฟลาทอกซิน /Liquids 1 ชุด /กล่อง"
"AS192124","ชุดทดสอบสารโพลาร์ในน้ำมันทอดซ้ำ Polar Blue /Liquids 1 ชุด /กล่อง"
"AS192125","ชุดทดสอบสีสังเคราะห์ในอาหาร /Liquids 1 ชุด /กล่อง"
"AS192126","ชุดทดสอบไอโอดีนในเกลือบริโภค /Liquids 1 ชุด /กล่อง"
"AS192127","น้ำยาใช้สำหรับย้อมแกรมแบคทีเรีย /Liquids 1 ชุด /กล่อง"
"AS192128","น้ำยาตรวจหาเชื้อโคลิฟอร์มขั้นต้น (SI-2) /Liquids 1 ชุด /กล่อง"
"AS192129","น้ำยาสำเร็จรูปใช้ตรวจทางภูมิคุ้มกันวิทยา /Liquids 1 ชุด /กล่อง"
"AS192130","น้ำยาสำเร็จรูปใช้สำหรับตรวจทางเคมีคลินิค /Liquids 1 ชุด /กล่อง"
"AS192131","น้ำยาสำเร็จรูปใช้สำหรับตรวจทางธนาคารเลือด /Liquids 1 ชุด /กล่อง"
"AS192132","น้ำยาสำเร็จรูปใช้สำหรับตรวจทางโลหิตวิทยา /Liquids 1 ชุด /กล่อง"
"AS192092","Tris-base cas no.77-68-1 /Solid 500 g /ขวด"
"AS192093","Tri-sodium citrate.2H2O [C6H9Na3O9] /Solid 500 g /ขวด"
"AS192094","Trypicase soy broth (Soyabean Casein) /Solid 500 g /ขวด"
"AS192095","TSI Agar /Solid 500 g /ขวด"
"AS192096","Tubocurarine hydrochloride ?97% [C37H42Cl2N2O6 ] /Solid 100 mg /ขวด"
"AS192097","Turk's solution /Liquids 100 ml /ขวด"
"AS192098","Urea ACS reagent, 99.0-100.5% /Solid 500 g /ขวด"
"AS192099","Urea liquid [57-13-6 ]cas no.CH4N2O /Liquids 100 ml /ขวด"
"AS192100","Uric Acid [ 69-93-2]cas no.C5H4N4O3 /Liquids 100 ml /ขวด"
"AS192101","Uristix SG /Solid 100 stripe /ขวด"
"AS192102","Washing solution /Liquids 2.5 L /แกลลอน"
"AS192103","Wright stain cas no.K047B10 /Solid 25 g /ขวด"
"AS192104","XLD Agar /Solid 500 g /ขวด"
"AS192105","Xylene [C8H10, C6H4(CH3)2 or C6H4C2H6]cas no.1330-20-7 /Liquids 4000 ml /ขวด"
"AS192106","Xylene [C8H10, C6H4(CH3)2 or C6H4C2H6]cas no.1330-20-7 /Liquids 2.5 L /ขวด"
"AS192107","Yeast extract /Solid 100 g /ขวด"
"AS192108","ชุดทดสอบกรดแร่อิสระ (น้ำส้มสายชูปลอม) /Liquids 1 ชุด /กล่อง"
"AS192109","ชุดทดสอบคลอรีน /Liquids 1 ชุด /กล่อง"
"AS192110","ชุดทดสอบความสะอาดของภาชนะสัมผัสอาหารและมือ /Liquids 1 ชุด /กล่อง"
"AS192111","ชุดทดสอบโคลิฟอร์มในน้ำและน้ำแข็ง /Liquids 1 ชุด /กล่อง"
"AS192076","Test kit for cholinesterase (ชุดทดสอบสารโคลินเอสเตอร์เรส) /Liquids 1 ชุด ชุด /กล่อง"
"AS192077","Test kit for Cleanliness of food contact Article and hand /Liquids 1 ชุด /กล่อง"
"AS192078","Test kit for Coliform Bacteria /Liquids 1 ชุด /กล่อง"
"AS192079","Test kit for Colifrom in Water and Ice /Liquids 1 ชุด /กล่อง"
"AS192080","Test kit for Formalin in food /Liquids 1 ชุด /กล่อง"
"AS192081","Test kit for Iodine in salt /Liquids 1 ชุด /กล่อง"
"AS192082","Test kit for Pesticide Residue /Liquids 1 ชุด /กล่อง"
"AS192083","Test kit for Polar /Liquids 1 ชุด /กล่อง"
"AS192084","Test kit for Salicylic Acid (Antifungal Agent) in food /Liquids 1 ชุด /กล่อง"
"AS192085","Test kit for Sodium Hydrosulfite (Bleaching Agent) in food /Liquids 1 ชุด /กล่อง"
"AS192086","Tetraethylammonium Chloride Hydrate [C8H20ClN] /Solid 25 g /ขวด"
"AS192087","Tetrationett Both /Solid 500 g /ขวด"
"AS192088","Thiosulphate [S2O32?]cas no.62-56-6 /Solid 500 g /ขวด"
"AS192089","Total Protein /Liquids 120 ml1 ขวด /กล่อง"
"AS192090","Triglyceride /Liquids 100 ml /ขวด"
"AS192091","Tris (hydroxymethyl)-aminomethane cas no.77-68-1 /Solid 1000 g /ขวด"
"AS192073","Sulfuric acid [H2SO4]cas no. 7664-93-10 /AR /Liquids 2.5 L /ขวด"
"AS192074","TCBS Agar /Solid 500 g /ขวด"
"AS192055","Sodium iodide [NaI]cas no.7681-82-5 /LR /Solid 100 g /ขวด"
"AS192056","Sodium nitrite [NaNO2]cas no.7632-00-0 /LR /Solid 500 g /ขวด"
"AS192057","Sodium nitroprusside [Na2[Fe(CN)5NO]?2H2O]cas no.13755-38-9 /Solid 100 g /ขวด"
"AS192058","Sodium phosphate, dibasic heptahydrate [Na2HPO4.7H2O]cas no. 7782-85-6 /LR /Solid 500 g /ขวด"
"AS192059","Sodium sulfite anhydrous [Na2SO3]cas no.7757-83-7 /LR /Solid 500 g /ขวด"
"AS192060","Sodium sulphate anhydrous [Na2SO4]cas no. 7757-82-6 /Solid 500 g /ขวด"
"AS192061","Sodium tartrate [C4H8Na2O8]cas no.912479 /AR /Solid 500 g /ขวด"
"AS192062","Sodium thiosulfate pentahydrate [Na2S2O3.5H2O]cas no.10102-17-7 /AR /Solid 500 g /ขวด"
"AS192063","Sodium thiosulphate [Na2S2O3]cas no.7772-98-7 /AR /Solid 500 g /ขวด"
"AS192064","SS Agar /Solid 500 g /ขวด"
"AS192065","Standard Cell O1, O2 /Liquids 10 ml /ขวด"
"AS192066","Startsoluble cas no.9005-84-9 /Solid 500 g /ขวด"
"AS192067","Sterile water /Liquids 1000 ml /ขวด"
"AS192068","Sterile Water Injection (น้ำกลั่นชนิดฉีด) /Liquids 10 ml /ขวด"
"AS192069","Streptomycin sulphate /Solid 25 g /ขวด"
"AS192070","Sucrose [C12H22O11]cas no.1005102 /Solid 500 g /ขวด"
"AS192071","Sulfamic acid [H2NSO3H]cas no. 5329-14-6 /AR /Solid 500 g /ขวด"
"AS192072","Sulfanilamide [C6H8N2SO2]cas no.63-74-1 /LR /Solid 500 g /ขวด"
"AS192036","SGOT SET /Solid 400 test /ขวด"
"AS192037","SGPT SET /Solid 400 test /ขวด"
"AS192038","Silver nitrate [AgNO3]cas no.K42231912 126 /AR /Solid 100 g /ขวด"
"AS192039","Silver sulfate [Ag2SO4]cas no.10294-26-5 /LR /Solid 100 g /ขวด"
"AS192040","Soap Solution /Liquids 8 oz /ขวด"
"AS192041","Sodium acetate anhydrous [CH3COONa]cas no.127-09-3 /Solid 1000 g /ขวด"
"AS192042","Sodium arsenite [NaAsO2]cas no. 7784-46-5 /AR /Solid 500 g /ขวด"
"AS192043","Sodium azide [NaN3]cas no. 26628-22-8 /AR /Solid 500 g /ขวด"
"AS192044","Sodium carbonate anhydrous [Na2CO3]cas no.497-19-8 /AR /Solid 1000 g /ขวด"
"AS192045","Sodium chloride [NaCl]cas no.7647-14-5 /AR /Solid 500 g /ขวด"
"AS192046","Sodium Chloride [NaCl]cas no.7647-14-5 /AR /Solid 1000 g /ขวด"
"AS192047","sodium citrate [Na3C6H5O7.2H2O]cas no.6132-04-3 /AR /Liquids 1000 g /ขวด"
"AS192048","Sodium desoxycholate [C24H39NaO4]cas no.302-95-4 /AR /Solid 100 g /ขวด"
"AS192049","Sodium Dodecyl Sulphate [SDS]cas no.1002101 /AR /Solid 500 g /ขวด"
"AS192050","Sodium fluoride [NaF]cas no.1003553 /AR /Solid 500 g /ขวด"
"AS192051","Sodium Hydrogen Phosphate [Na2HPO4]cas no.7558-79-4 /AR /Solid 500 g /ขวด"
"AS192052","Sodium hydrogen phosphate .2H2O [Na2HPO4.2H2O]cas no. 10028-24-7 /Solid 500 /ขวด"
"AS192053","Sodium hydroxide [NaOH]cas no.1310-73-2 /AR /Solid 1 kg /ขวด"
"AS192054","Sodium hydroxide pellets [NaOH]cas no.1310-73-2 /GR /Solid 1000 g /ขวด"
"AS192018","Potassium dihydrogen phosphate (ANH) [KH2PO4]cas no.7778-77-0 /Solid 500 g /ขวด"
"AS192019","Potassium hydrogen phthalate [KHC8H4O4]cas no.877-24-7 /AR /Solid 500 g /ขวด"
"AS192020","Potassium hydroxide [KOH]cas no.1310-58-3 /Liquids 500 ml /ขวด"
"AS192022","Potassium Nitrate [KNO3]cas no.7757-79-1 /AR /Solid 500 g /ขวด"
"AS192023","Potassium phosphate monobasic [KH2PO4]cas no.7778-77-0 /LR /Solid 500 g1 /ขวด"
"AS192024","Potato Dextose Both /Solid 500 g /ขวด"
"AS192025","Povidone Iodine (โพวิโดนไอโอดีน) /Liquids 15 ml /ขวด"
"AS192026","Povidone Iodine (โพวิโดนไอโอดีน) /Liquids 30 ml /ขวด"
"AS192027","Povidone Iodine (โพวิโดนไอโอดีน) /Liquids 450 ml /ขวด"
"AS192028","Povidone Iodine Scub (โพวิโดนไอโอดีน สครัป) /Liquids 500 ml /ขวด"
"AS192029","Restriction enz BamHI /Solid 2000 unit /ขวด"
"AS192030","Restriction enz EcoRI /Solid 5000 unit /ขวด"
"AS192031","Restriction enz XbaI /Solid 2000 unit /ขวด"
"AS192032","Rh(D) negative cell /Liquids 10 ml /ขวด"
"AS192033","Ribose [C5H10O5]cas no.50-69-1 /Solid 5 g /ขวด"
"AS192034","Rosebengal Agar /Solid 500 g /ขวด"
"AS192035","Salicylic acid [C7H6O3]cas no.69-72-7 /LR /Solid 500 g /ขวด"
"AS192013","Phosphoric acid [H3PO4]cas no.7664-38-42 /LR /Liquids 2.5 L /ขวด"
"AS192014","Plate count agar /Solid 500 g /ขวด"
"AS192015","Polymyxin B Disc /Solid 500 g /ขวด"
"AS192016","Potassium cyanide [KCN]cas no.151-50-8 /Solid 250 g /ขวด"
"AS192017","Potassium dichromate (anhydrous) [K2Cr2O7]cas no.7778-50-9 /LR /Solid 500 g /ขวด"
"AS191998","Ninhydrin cas no.903055 /AR /Liquids 25 g /ขวด"
"AS191999","NOREPINEPHRINE ?98%, crystalline /Liquids 500 mg /ขวด"
"AS192000","Nutrein Both /Solid 500 g /ขวด"
"AS192002","Orcinol [C7H8O2] /Solid 25 g /ขวด"
"AS192003","Panel Cell /Liquids 10 ml1 /ขวด"
"AS192004","Paraplast /Solid 1000 g1 /ขวด"
"AS192005","Pepsin A /Solid 25 g1 /ขวด"
"AS192006","Peptone cas no.73049-73-7 /Solid 500 g /ขวด"
"AS192007","Peptone cas no.73049-73-7 /Solid 100 g /ขวด"
"AS192008","Permal (Toluene solution) cas no.108-88-3 /Liquids 500 ml /ขวด"
"AS192009","Phenol [C6H6O]cas no.1B748011C /AR /Solid 1000 g /ขวด"
"AS192010","Phenol red [C19H14O5S]cas no.1002709 /Solid 25 g /ขวด"
"AS191990","Mettyl Orange [ C14H14N3NaO3S]cas no. 547-58-0 /Solid 25 g /ขวด"
"AS191991","M-FC broth cas no.7647-14-5 /Solid 500 g /ขวด"
"AS191992","Miller Hinton Both /Solid 500 g /ขวด"
"AS191993","MRS Both /Solid 500 g /ขวด"
"AS191994","MRVP Medium /Solid 500 g /ขวด"
"AS191995","N-(1-Naphthyl)-Ethylenediamine Dihydrochloride [C10H7NHCH2CH2NH2 ? 2HCl]cas no.1465-25-4 /LR /Solid 500 mg /ขวด"
"AS191996","N-Control serum /Liquids 3 ml /ขวด"
"AS191997","N-Hexane [C6H14]cas no.110-54-3 /AR /Liquids 2.5 L /ขวด"
"AS191978","L-Adrenaline cas no.51-43-4 /Solid 5 g /ขวด"
"AS191979","Levonorgestrel (ยาเม็ดคุมกำเนิดฉุกเฉิน) /Solid /แผง"
"AS191980","Macconggy Agar /Solid 500 g /ขวด"
"AS191981","Magnesium chloride hexahydrate [MgCl2.6H2O]cas no.7791-18-6 /LR /Solid 500 g /ขวด"
"AS191982","Magnesium sulfate heptahydrate [MgSO4.7H2O]cas no.10034-99-8 /AR /Solid 500 g /ขวด"
"AS191983","Manganese sulfate monohydrate [MnSO4.H2O]cas no.10034-96-5 /LR /Solid 500 g /ขวด"
"AS191984","Manganese sulphate tatrahydrate [MnSO4.4H2O]cas no.10101-68-5 /LR /Solid 500 g /ขวด"
"AS191985","Manital Salt Agar /Solid 500 g /ขวด"
"AS191986","Medroxyprogesterone (ยาฉีดคุมกำเนิด) /Liquids 3 ml10 ขวด /กล่อง"
"AS191987","M-Endo broth cas no.64-17-5 /Solid 500 g /ขวด"
"AS191988","Mercuric sulfate [HgSO4]cas no.7783-35-9 /AR /Solid 100 g /ขวด"
"AS191960","Crystal violet /Liquids 15 ml /ขวด"
"AS191961","Ethyl alcohal 95% /Liquids 20 L /แกลลอน"
"AS191962","Iodine /Liquids 15 ml /ขวด"
"AS191963","Safranin O /Liquids 15 ml /ขวด"
"AS191964","HBsAg (Hepatitis B strip) cas no.ADG833 /Liquids 1 ml50 แพ็ค /กล่อง"
"AS191965","HDL-C plus /Liquids 5 ml2 ขวด /กล่อง"
"AS191966","Hematoxylin cas no.517-28-2 /Liquids 450 ml /ขวด"
"AS191967","Hydrochloric 37 % [HCl]cas no.7647-01-0 /AR /Liquids 2500 ml /ขวด"
"AS191968","Hydrochloric acid [HCl]cas no.7647-01-0 /AR /Liquids 2.5 L /ขวด"
"AS191969","Hydrochloric acid (Conc.) [HCl]cas no.7647-01-0 /AR /Liquids 2.5 L /ขวด"
"AS191970","Hydroxylamine hydrochloride [H2NOH.HCl]cas no.5470-11-1 1 /LR /Solid 500 g /ขวด"
"AS191972","Immersion oil /Liquids 10 ml2 ขวด /กล่อง"
"AS191973","Iodine [I2]cas no.7553-56-2 /AR /Liquids 500 g /ขวด"
"AS191974","K.Y. yelly /Gel 82 g /หลอด"
"AS191975","L- Polene cas no.147-85-3 /Solid 10 g /ขวด"
"AS191976","Lactose [C12H22O11.H2O]cas no.63-42-3 /Solid 500 g /ขวด"
"AS191977","Lactose broth cas no.Mixture. /Solid 500 g /ขวด"
"AS191947","Ethyl alcohol 70% [C2H6O]cas no.64-17-5 /Liquids 450 ml /ขวด"
"AS191948","EVA broth cas no.Mixture. /Solid 500 g /ขวด"
"AS191949","Ferric chloride hexahydrate [FeCl3.6H2O]cas no. 10025-77-1 /LR /Solid 500 g /ขวด"
"AS191950","Ferrous ammonium sulfate, hexahydrate [Fe(NH4)2(SO4)2.6H2O]cas no.7783-85-9 /LR /Solid 1000 g /ขวด"
"AS191951","Ferrous Sulfate Heptahydrate [FeSO4.7H2O]cas no.7782-63-0 /AR /Solid 500 g /ขวด"
"AS191952","Fluid Lactose Medium /Solid 500 g /ขวด"
"AS191953","Formaldehyde [CH2O]cas no.50-00-0 /Liquids 2500 ml /ขวด"
"AS191954","Fructose [C6H12O6]cas no.1006242 /Solid 100 g /ขวด"
"AS191955","Gelatin cas no.1007250 /Solid 500 g /ขวด"
"AS191956","Gentamicin Disc cas no.1023935 /Solid 1 g5 หลอด /กล่อง"
"AS191957","Glucose /Solid 400 g /กระป๋อง"
"AS191958","Glycerol [C3H8O3]cas no.56-81-5 /Liquids 2500 ml /ขวด"
"AS191959","Goat Antihuman C 3 cas no.Goat Antihuman C 3 /Liquids 1000 ml /ขวด"
"AS191940","Eosin cas no.17372-87-1 /Liquids 450 ml /ขวด"
"AS191941","Eriochrome Black T [C20-H12-N3-Na-O7-S]cas no. 1787-61-7 /AR /Solid 25 g /ขวด"
"AS191942","Ethanol [C2H5OH]cas no.64-17-5 /LR /Liquids 2.5 L /ขวด"
"AS191943","Ethanol Absolute [C2H6O]cas no.K41764383 050 /Liquids 2.5 L /ขวด"
"AS191944","Ethidiumbromide cas no.1239-45-8 /Liquids 10 ml /ขวด"
"AS191945","Ethinyl (ยาเม็ดคุมกำเนิด) /Solid 1 g12 แผง /กล่อง"
"AS191920","Copper sulfate [CuSO4]cas no.7758-99-8 /Solid 500 g /ขวด"
"AS191921","Creatinine Plus /Liquids 500 ml /ขวด"
"AS191922","Cristal violet cas no.548-82-9 /Solid 25 g /ขวด"
"AS191923","D51/2S /Liquids 1000 ml /ขวด"
"AS191924","D-5-S /Liquids 1000 ml /ขวด"
"AS191925","Deionized water [H2O]cas no.7732-18-5 /Liquids 2.5 L /ขวด"
"AS191926","Detergen [NaOH] /Liquids 100 ml1 หลอด /กล่อง"
"AS191927","DG gel coomb /Liquids 101 ml1 หลอด /กล่อง"
"AS191928","D-Glucose [C6H12O6]cas no.1009378 /Solid 500 g /ขวด"
"AS191929","Di- Sodium hydrogen phosphate .2H2O [Na2HPO4?2H2O]cas no.10028-24-7 /Solid 500 g /ขวด"
"AS191930","Dimehyl sulphoxide (DMSO) [C2H6OS]cas no.67-68-5 /AR /Liquids 2.5 ml /ขวด"
"AS191931","Diphenylalamine cas no.122-39-4 /Solid 100 g /ขวด"
"AS191932","Dipotassium hydrogen phosphate [K2HPO4]cas no. 7758-11-4 /LR /Solid 500 g /ขวด"
"AS191933","Dish wash /Liquids 3800 ml /ขวด"
"AS191934","Disodium Salt of EthyleDiamine Tetraacetic Acid Dihydrate [C10H14N2O8Na2?2H2O]cas no.6381-92-6 /LR /Solid 500 ml /ขวด"
"AS191935","distilled water, DW cas no.7732-18-5 /Liquids 2.5 L /ขวด"
"AS191936","DNA extraction set cas no.AC22716-1000 /Solid 50 prep /ขวด"
"AS191937","DNA Ladder 100 bp cas no.N3231S /Solid 50 ug /ขวด"
"AS191938","EC broth (EC Medium) cas no.Mixture. /Solid 500 g /ขวด"
"AS191939","EDTA Sodium salt cas no.139-33-3 /Solid 500 g /ขวด"
"AS191901","Brilliant green bile broth 2% /Solid 500 g /ขวด"
"AS191902","Bromine [Br]cas no.161199.2209 /Solid 500 g /ขวด"
"AS191903","Bromocresol purple cas no.62625-30-3 /Solid 25 g /ขวด"
"AS191904","Brucine Sulphate [C46H54N4O12S]cas no. 4845-99-2 /AR /Solid 100 g /ขวด"
"AS191905","Buffer pH 10 /Liquids 500 ml /ขวด"
"AS191906","Buffer pH 4 /Liquids 500 ml /ขวด"
"AS191907","Buffer pH 7 /Liquids 500 ml /ขวด"
"AS191908","Calcium chloride (anhydrous) [CaCl2]cas no. 10043-52-4 /LR /Solid 500 g /ขวด"
"AS191909","Cephalothin Disc cas no.1009132 /Solid 1 g5 หลอด /กล่อง"
"AS191910","Ceptazidime Disc cas no.1031510 /Solid 1 g5 หลอด /กล่อง"
"AS191911","Chloramphenicol cas no.56-75-7 /Solid 25 g /ขวด"
"AS191912","Chloroform [CHCl3]cas no.67-66-3 /AR /Liquids 2.5 L /ขวด"
"AS191913","Chocolate agar /Solid 500 g /ขวด"
"AS191914","Ciprofloxacin Disc cas no.1043799 /Solid 1 g5 หลอด /กล่อง"
"AS191915","Cleaner /Liquids 100 ml /ขวด"
"AS191916","Colistin Disc cas no.989009 /Solid 1 g5 หลอด /กล่อง"
"AS191917","Conductivity Solution 1413 uS /Liquids 480 ml1 /ขวด"
"AS191918","Copper (II) Sulphate [CuSO4]cas no.7758-98-7 /AR /Solid 500 g /ขวด"
"AS191919","Copper II sulphate 5- hydrate [CuSO4]cas no.7758-99-8 /Solid 500 g /ขวด"
"AS191882","Anti-D (IgM/IgG) /Liquids 10 ml /ขวด"
"AS191883","Antihuman globulin A (Anti-A) /Liquids 10 ml /ขวด"
"AS191884","Antihuman globulin AB (Anti-AB) /Liquids 10 ml /ขวด"
"AS191885","Antihuman globulin B (Anti-B) /Liquids 10 ml /ขวด"
"AS191886","Antihuman globulin D (Anti-D) /Liquids 10 ml /ขวด"
"AS191887","Antimony potassium tartrate [C8H4K2O12Sb2.3H2O]cas no. 28300-74-5 /LR /Solid 500 g /ขวด"
"AS191888","API 20 E /Solid 1 g1 แพ็ค /กล่อง"
"AS191889","API 20 E Reagent Kit /Solid 1 g1 แพ็ค /กล่อง"
"AS191890","Ascorbic Acid [C6H8O6]cas no.50-81-7 /LR /Solid 500 g /ขวด"
"AS191891","ASPARTATE AMINOTRANSFERASE (AST/GOT) /Liquids 100 ml /ขวด"
"AS191892","Atropine ?99% (TLC) [C17H23NO3]cas no.51-55-8 /Solid 5 g /ขวด"
"AS191893","Azide dextrose broth /Solid 500 g /ขวด"
"AS191894","Bacitracin Disc cas no.1405-87-4 /Solid 1 g5 หลอด /กล่อง"
"AS191895","Baird parker agar cas no.B0221-06 /Solid 500 g /ขวด"
"AS191896","Basolyse II /Liquids 500 g /ขวด"
"AS191897","Bile salts /Solid 500 g /ขวด"
"AS191898","Blood Agar cas no.B0140 /Solid 500 g /ขวด"
"AS191900","Brilliant cresyl blue [(C17H20ClN3O)2?ZnCl2]cas no.81029-05-2 /Liquids 30 ml - /ขวด"
"AS191862","Alk Phosphatase (ALP) /Liquids 50 ml /ขวด"
"AS191863","Alkaline phosphatase cas no.9001-78-9 /Liquids 100 test1 ชุด /กล่อง"
"AS191864","Alkaline phosphatase enzyme cas no.9001-78-9 /Solid 1 g /ขวด"
"AS191865","Alphalyse /Liquids 250 ml /ขวด"
"AS191866","Alphanaptal (1-Napthol) cas no.811102 /Solid 100 g /ขวด"
"AS191867","Aminonaptalsulphonic Acid cas no.116-63-2 /Solid 25 g /ขวด"
"AS191868","Ammonia [NH3]cas no.7664-41-7 /Liquids 450 ml /ขวด"
"AS191869","Ammonium chloride [NH4Cl]cas no.12125-02-9 /LR /Solid 500 g /ขวด"
"AS191870","Ammonium hydroxide [NH4OH]cas no.1336-21-6 /LR /Liquids 1 L /ขวด"
"AS191871","Ammonium molybdate tetrahydrate [(NH4)6Mo7O24.4H2O ]cas no.12027-67-7 /LR /Solid 500 g /ขวด"
"AS191872","Ammonium molybdenum [(NH4)6Mo7O24]cas no.909447 /Solid 500 g /ขวด"
"AS191873","Ammonium oxalate [C2H8N2O.2H2O]cas no.6009-70-7 /Solid 500 g /ขวด"
"AS191874","Ampicillin Disc cas no.1018045 /Solid 5 g1 แพ็ค /กล่อง"
"AS191875","Ampicillin Sodium salt cas no.69-52-3 /Solid 25 g /ขวด"
"AS191876","Amylase /Liquids 5 ml1 แพ็ค /กล่อง"
"AS191877","Anaerocult A (Carbon dioxide) Gas pack cas no.1.13829.0001 /Solid 5 g1 แพ็ค /กล่อง"
"AS191878","Anti A /Liquids 10 ml /ขวด"
"AS191879","Anti B /Liquids 10 ml /ขวด"
"AS191880","Anti human glubulin /Liquids 10 ml /ขวด"
"AS191881","Anti-D (IgG) /Liquids 10 ml /ขวด"
"AS191842","0.9%Normal saline (NSS) /Liquids 1000 ml /ขวด"
"AS191843","1,10-Phenanthroline monohydrate [C12H8N2.H2O]cas no. 5144-89-8 /LR /Solid 5 g /ขวด"
"AS191844","10% Povidine-iodine /Liquids 500 ml /ขวด"
"AS191845","10%Normal saline (NSS) 100 ml /ขวด"
"AS191846","1kb DNA Ladder 1kb cas no.RD001 /Solid 50 ug /หลอด"
"AS191847","2-Aminoetthanol [NH2CH2CH2OH]cas no.141-43-5 /LR /Solid 500 g /ขวด"
"AS191848","2x Blue mix DNA polymerase Master mix cas no.RT007 /Liquids 1 ml1 ชุด /กล่อง"
"AS191849","4-Nitrophenyl-phosphate disodium salt cas no.4264-83-9 /Solid 1 g /ขวด"
"AS191850","5-Sulphosalicylic acid dihydrate [C7H6O6S ?2H2O]cas no.5965-83-3 /Solid 250 g /ขวด"
"AS191851","70% Alcohol /Liquids 15 ml /ขวด"
"AS191852","70% Alcohol /Liquids 60 ml /ขวด"
"AS191853","70% Alcohol /Liquids 400 ml /ขวด"
"AS191854","AB-Control serum cas no.107-85 /Liquids 2 ml /ขวด"
"AS191855","Acetic acid [C2H4O2]cas no.64-19-7 /AR /Liquids 2500 ml /ขวด"
"AS191857","Acetylcholine Chloride ?99% (TLC) [CH3COSCH2CH2N(CH3)3Cl]cas no.60-31-1 /Solid 25 g /ขวด"
"AS191858","Acitic acid [CH3COOH]cas no.64-19-7 /AR /Liquids 2.5 L /ขวด"
"AS191859","Agar cas no.9002-18-0 /Solid 500 g /ขวด"
"AS191860","ALANINE AMINOTRANSFERASE (ALT/GPT) /Liquids 250 ml /ขวด"
"AS191861","Albumin /Liquids 50 ml /ขวด"
"AS191835","pH Buffer 10 /AR /Liquid 250 ml ขวด /ขวด"
"AS191836","pH Buffer 4 cas no.877247 /AR /Liquid 250 ml ขวด /ขวด"
"AS191837","pH Buffer 7 cas no.7778770 /AR /Liquid 250 ml ขวด /ขวด"
"AS191838","ชุดทดสอบไฮโดรควิโนน /LR /Liquid /ชุด"
"AS191839","0.9%Normal saline (NSS) /Liquids 2 ml /ขวด"
"AS191840","0.9%Normal saline (NSS) /Liquids 100 ml /ขวด"
"AS191841","0.9%Normal saline (NSS) /Liquids 500 ml /ขวด"
"AS191825","Mefenamic acid /ยา /Solid 250 mg /กล่อง"
"AS191826","Span 20 cas no.1338-39-2 /LR /Liquid 450 ml ขวด /ขวด"
"AS191827","Clove oil W99cas no.8000-34-8 /LR /Solid 450 ml ขวด /ขวด"
"AS191828","Carboxy Methyl Cellulose 1500 cas no.9004-32-4 /LR /Solid 500 g ขวด /ขวด"
"AS191829","Clindamycin Hcl capsules /ยา /Solid 150 mg /กล่อง"
"AS191830","Ketoconazole tablet /ยา /Solid 200 mg /กล่อง"
"AS191831","beta-Sitosterol cas no.83-46-5 /AR /Solid 5 mg ขวด /ขวด"
"AS191832","Catechin cas no.154-23-4 /AR /Solid 10 mg ขวด /ขวด"
"AS191833","Cumarin cas no.91-64-5 /HPLC /Solid 50 g ขวด /ขวด"
"AS191814","ZINC STEARATE J /Cosmetic /Solid 1 kg /ขวด"
"AS191815","ZOHAR GLST SE /Cosmetic /Flakes /Glyceryl Stearate SE1 kg /ถุง"
"AS191816","Sodium thiosulfate pentahydrate Na2S2O3.5H2Ocas no.10102-17-7 /AR /Solid 1 kg /ขวด"
"AS191817","Antacil gel /ยา /liquid 240 ml /ขวด"
"AS191818","Erythrosine C20H6I4Na2O5cas no.16423-68-0 /AR /Solid 100 g ขวด /ขวด"
"AS191819","Magnesium hydroxide Mg(OH)2cas no.1309-42-8 /AR /Solid 500 g ขวด /ขวด"
"AS191820","Acyclovir tablet /ยา /Liquid 250 mg ขวด /ขวด"
"AS191821","Light Mineral oil cas no.92062-35-6 /AR /Solid 450 ml ขวด /ขวด"
"AS191822","Calcium gluconate C12H22CaO14cas no.299-28-5 /AR /Solid 500 g ขวด /ขวด"
"AS191823","Disodium edetate C10H18N2Na2O10cas no.6381-92-6 /ยา /Solid 500 g /กล่อง"
"AS191824","Mefenamic acid /ยา /Solid 500 mg /กล่อง"
"AS191806","Tri-Sodium orthophosphate Na3PO4.12H2Ocas no.7601-54-9 /AR /Solid 500 g /Bot"
"AS191807","TWEEN 60 (NONION ST 60) cas no.9005-67-8 /Cosmetic /Liquid 1 kg /ขวด"
"AS191808","UREA CH4N2Ocas no.57-13-6 /Cosmetic /Solid 0.5 kg /ขวด"
"AS191809","UVINUL MC 80 C18H26O3cas no.5466-77-3 /Cosmetic /Liquid /Ethylhexyl Methoxycinnamate1 kg /ขวด"
"AS191810","Viscolam AT 100 P /Cosmetic /Semi solid 1 kg /ขวด"
"AS191811","WITCH HAZEL DISTILLATE cas no.84696-19-5 /Cosmetic /Liquid 1 kg /ขวด"
"AS191812","Xylitol HOCH2[CH(OH)]3CH2OHcas no.87-99-0 /Food /Liquid 1 kg /ขวด"
"AS191786","Sodium benzoate NF/FCC Powder C7H5NaO2cas no.532-32-1 /Cosmetic /Powder 1 kg /ขวด"
"AS191787","SODIUM HYDROSULPHITE Na2S2O4cas no.7775-14-6 /COM /Solid 1 kg /ถุง"
"AS191788","SODIUM HYDROXIDE BP NaOHcas no.1310-73-2 /ฺBP /Solid 1 kg /ขวด"
"AS191789","Sodium nitrate NaNO3cas no.7631-99-4 /AR /Liquid 500 h /Bot"
"AS191790","SOFTOUCH CC6069 (BORON NITRIDE POWDER) cas no.2974480 /Cosmetic /Powder /Boron nitride1 kg /ถุง"
"AS191791","Sorbitan oleate (Span 80) cas no.1338-43-8 /Cosmetic /Solid 1 kg /ขวด"
"AS191792","Sorbitan stearate (Span 60) cas no.1338-41-6 /Cosmetic /Solid 1 kg /ขวด"
"AS191793","SORBITOL 70 C6H14O6cas no.50-70-4 /Cosmetic /Liquid 1 kg /ขวด"
"AS191794","Sorbitol 70% solution C6H14O6cas no.50-70-4 /Cosmetic /Liquid 1 kg /ขวด"
"AS191795","SPERMACETI /Cosmetic /Solid 1 kg /ถุง"
"AS191796","STARCH RICE cas no.9005-84-9 /Cosmetic /Powder 1 kg /ถุง"
"AS191797","Sulfuric acid 98% H2SO4cas no.7664-93-9 /AR /Liquid 2.5 L /Bot"
"AS191798","Supguard GM-BP /Cosmetic /Liquid /Diazolidinyl Urea (and) Iodopropynyl Butylcarbamate (and) Propylene Glycol1 kg /ขวด"
"AS191799","TALC LS-61 D /Cosmetic /Powder 1 kg /ถุง"
"AS191800","TEXAPON N-70 cas no.68891-38-3 /Cosmetic /Liquid /Sodium Laureth Sulfate1 kg /ถุง"
"AS191801","TGI-20 cas no.86846-21-1 /Cosmetic /Liquid /PEG-20 GLYCERYL TRIISOSTEARATE1 kg /ขวด"
"AS191802","Titanium dioxide TiO2cas no.13463-67-7 /AR /Solid 500 g /Bot"
"AS191803","TRACACANTH GUM POWDER cas no.9000-65-1 /COM /Solid 500 g /ถุง"
"AS191804","TRANEXAMIC ACID H2NCH2C6H10CO2Hcas no.1197-18-8 /Cosmetic /Solid /Magnesium Aluminum Silicate1 kg /ขวด"
"AS191774","POTASSIUM HYDROXIDE BP KOHcas no.1310-58-3 /Cosmetic /Solid 1 kg /ขวด"
"AS191775","PRIME YELLOW CARNAUBA WAX FLAKE cas no.8015-86-9 /Cosmetic /Solid 1 kg /ถุง"
"AS191776","Propylene glycol C3H8O2cas no.57-55-6 /Cosmetic /Liquid 1 kg /ขวด"
"AS191777","PUREACT I-78C (TAURANOL I-78C) cas no.61789-32-0 /Cosmetic /Solid 1 kg /ขวด"
"AS191778","PURE WHITE BEES WAX 100% cas no. 8012-89-3 /Cosmetic /Solid 1 kg /ถุง"
"AS191779","PVA cas no.9002-89-5 /Cosmetic /Solid 1 kg /ขวด"
"AS191780","PVP K90 cas no.9003-39-8 /Cosmetic /Solid 1 kg /ถุง"
"AS191781","REFINED GLYCERINE 99.5% MIN USP C3H8O3cas no.56-81-5 /Cosmetic /Liquid 1 kg /แกลลอน"
"AS191782","SHEA BUTTER cas no.194043-92-0 /Cosmetic /Solid 1 kg /ขวด"
"AS191783","Silicone fluid (1000 cs viscosity) cas no. 63148-62-9 /Cosmetic /Liquid 5 kg /แกลลอน"
"AS191784","SIMUGEL INS100 /Cosmetic /Liquid /Hydroxyethyl Acrylate/Sodium Acryloyldimethyl Taurate Copolymer (and) Isohexadecane (and) Polysorbate 605 kg /ขวด"
"AS191766","PLASTIC POWDER D-400 /Cosmetic /Powder 1 kg /ถุุง"
"AS191767","POLYSORBATE 20 C58H114O26cas no.9005-64-5 /Cosmetic /Liquid /Tween 201 kg /ขวด"
"AS191768","POLYSORBATE 80 C64H124O26cas no.9005-65-6 /Cosmetic /Liquid /Tween 801 kg /ขวด"
"AS191769","Polysynlane V (Hydrogenated polyisobutene) cas no.69837-10-0 /Cosmetic /Semi Solid 1 kg /ขวด"
"AS191770","Polyvinyl alcohol (P.V.A.) (CH2CHOH)ncas no.9002-89-5 /LR /Solid 500 g /Bot"
"AS191771","Potassium citrate K3C6H5O7cas no.866-84-2 /Cosmetic /Solid 1 kg /ขวด"
"AS191772","POTASSIUM CITRATE K3C6H5O7cas no.866-84-2 /Cosmetic /Powder 1 kg /ขวด"
"AS191757","PARLEAM V (POLYSYNLANE V) cas no.68937-10-0 /Cosmetic /Semi Solid 1 kg /ขวด"
"AS191758","PARSOL 1789 C20H22O3cas no.25003286 /Cosmetic /Powder /Butyl Methoxydibenzoylmethane1 kg /ขวด"
"AS191759","PEG-20 glyceryl triisostearate (Nikkol TGI-20) cas no.86846-21-1 /Cosmetic /Liquid 1 kg /ขวด"
"AS191760","PEG 400 (POLYETHYLENE GLYCOL NO.400 cas no.25322-68-3 /Cosmetic /Liquid 1 kg /แกลลอน"
"AS191761","PHENOXY ETHANOL C8H10O2cas no.122-99-6 /Cosmetic /Liquid 1 kg /แกลลอน"
"AS191762","PHENOXY ETHANOL C8H10O2cas no.122-99-6 /Cosmetic /Liquid 1 kg /ขวด"
"AS191763","PHYTOSQUALAN cas no.0111-01-03 /Cosmetic /Liquid /Squalane1 kg /ขวด"
"AS191764","PHYTOWAX OLIVE 18L57 cas no.2778-96-3 /Cosmetic /Solid /Hydrogenated Olive Oil Stearyl Esters1 kg /ขวด"
"AS191765","PLANTACARE 1200 UP C18H36O6cas no.110615-47-9 /Cosmetic /Semi solid /Lauryl Glucoside1 kg /ขวด"
"AS191745","MONTANOV 68 /Cosmetic /Flakes /Cetearyl Alcohol (and) Cetearyl Glucoside1 kg /ขวด"
"AS191746","Natural squalane C30H62cas no.0111-01-03 /Cosmetic /Liquid 1 kg /ขวด"
"AS191747","N-BUTYL ACETATE 99.5% C6H12O2cas no.123-42-2 /AR /Liquid 2.5 L /ขวด"
"AS191748","NIACINAMIDE B.P cas no.98-92-0 /Cosmetic /Solid 1 kg /ขวด"
"AS191749","NIKKOMULESE WO /Cosmetic /Solid 1 kg /ขวด"
"AS191750","Nitric acid 65% HNO3cas no.7697-37-2 /AR /Liquid 2.5 L /Bot"
"AS191751","NOVEMER EC-1 POLYMER /Cosmetic /Liquid /Acrylates/Acrylamide Copolymer (and) Mineral Oil (and) Polysorbate 851 kg /ขวด"
"AS191752","OCTOCRYLENE cas no.6197-30-4 /Cosmetic /Liquid 1 kg /ขวด"
"AS191753","OCTYLDODECANOL cas no.5333-42-6 /COM /Liquid 1 kg /ขวด"
"AS191754","OLEIC ACID C18H34O2cas no.112-80-1 /COM /Liquid 1 kg /ขวด"
"AS191755","OZOKERITE WAX 7488 cas no.8002-74-2 /Cosmetic /Solid 1 kg /ถุง"
"AS191742","MICA 500 cas no.	12001-26-2 /Cosmetic /Solid 1 kg /ถุง"
"AS191743","MICROCRYSTALLINE WAX PHC 3691 cas no.63231-60-7 /Cosmetic /Solid 1 kg /ถุง"
"AS191744","Monopropylene glycol cas no.57-55-6 /Cosmetic /Liquid 1 kg /ขวด"
"AS191725","LALIT MYRISTIC ACID 1499 C14H28O2cas no.544-63-8 /Cosmetic /Solid 1 kg /ขวด"
"AS191726","LALIT PALMITIC ACID 1698 C16H32O2cas no.57-10-3 /Cosmetic /Solid 1 kg /ขวด"
"AS191727","LALIT STEARIC ACID SA 1850 cas no.57-11-4 /Cosmetic /Solid 1 kg /ถุง"
"AS191728","LANOLIN ANHYDROUS USP cas no.8006-54-0 /Cosmetic /Semi Solid 1 kg /ขวด"
"AS191729","LANOLIN PEG 75 FLAKE cas no.2242474 /Cosmetic /Solid 1 kg /ขวด"
"AS191730","LAURETH 23 /Cosmetic /Solid 100 g /ขวด"
"AS191731","LEXAMINE S-13 cas no.2100549 /Cosmetic /Solid 1 kg /ขวด"
"AS191732","LEXAMUL 561 cas no.67701-33-1 /Cosmetic /Solid 1 kg /ถุง"
"AS191733","LEXOL EHP C24H48O2cas no.29806-73-3 /Cosmetic /Liquid /Ethylhexyl Palmitate1 kg /ขวด"
"AS191734","LEXOL GT-865 C21H39O6cas no.73398-61-5 /Cosmetic /Liquid /Caprylic/Capric Triglyceride1 kg /ขวด"
"AS191735","L-Glutathione C20H32N6O12S2cas no.27025-41-8 /Cosmetic /Solid 1 kg /ขวด"
"AS191736","LIQUID PARAFFIN PIONIER 2071(HEAVY) cas no.8012-95-1 /Cosmetic /Liquid 1 kg /ขวด"
"AS191737","LIQUID PARAFFIN PIONIER 2076(LIGHT) cas no.7439-93-2 /Cosmetic /Liquid 1 kg /แกลลอน"
"AS191738","MAGNABRITE HS Al2Mg3O18Si6cas no.66456-45-9 /Cosmetic /Flakes /BENTONITE1 kg /ขวด"
"AS191739","MAGNESIUM CARBONATE MgCO3cas no.39409-82-0 /COM /Powder 1 kg /ถุง"
"AS191740","MAGNESIUM STEARATE (J) Mg(C18H35O2)2cas no.557-04-0 /Cosmetic /Solid 1 kg /ขวด"
"AS191716","HYDROGEN PERXOIDE 35% H2O2cas no.7722-84-1 /Food /Liquid 1 L /ขวด"
"AS191717","Hydroxy propyl methyl cellulose (HPMC) cas no.9004-65-3 /Cosmetic /Solid 1 kg /ขวด"
"AS191718","IPA C3H8Ocas no.67-63-0 /Cosmetic /Liquid 1 kg /แกลลอน"
"AS191719","IPM (ISOPROPYL MYRISTATE) C17H34O2cas no. 110-27-0 /Cosmetic /Liquid 1 kg /ถุง"
"AS191720","KAOLIN LUGHT BP cas no.1332-58-7 /Cosmetic /Solid 1 kg /ขวด"
"AS191721","Kojic Acid dipalmitate C38H66O6cas no.79725-98-7 /Cosmetic /Solid 1 kg /ขวด"
"AS191722","Kojic dipalmitate cas no.79725-98-7 /Cosmetic /Solid /Kojic Dipalmitate10 g /ขวด"
"AS191723","LACTIC ACID 88%EXEL C3H6O3cas no.50-21-5 /Cosmetic /Liquid 1 kg /ขวด"
"AS191724","LALIT LAURIC ACID 1299 C12H24O2cas no.0143-07-07 /Cosmetic /Solid 1 kg /ขวด"
"AS191706","Finsoln TN cas no.68411-27-8 /Cosmetic /Liquid /C12-15 Alkyl Benzoate1 kg /ขวด"
"AS191707","FLORA SH-11264 cas no.67762-38-3 /Cosmetic /Liquid 100 g /ขวด"
"AS191708","Glyceryl monostearate (GMS) cas no.31566-31-1 /COM /Solid 1 kg /แพ็ค"
"AS191709","GLYCOLIC ACID 70% C2H4O3cas no.79-14-1 /Cosmetic /Liquid 1 kg /ขวด"
"AS191710","GUM ARABIC (ACACIA POWDER) cas no.2593228 /Cosmetic /Solid 500 g /ถุง"
"AS191711","HARD PARAFFIN cas no.8002-74-2 /COM /Solid 1 kg /ถุง"
"AS191712","Heavy mineral oil (White oil 2071) cas no.8042-47-5 /Cosmetic /Liquid 1 kg /ขวด"
"AS191713","Hexane 99% C6H14cas no.110-54-3 /AR /Liquid 2.5 L /ขวด"
"AS191714","HH-CP CLOVE OIL EXTRA 032059 cas no. 8000-34-8 /Cosmetic /Liquid 200 g /ขวด"
"AS191686","Corn starch (แป้งข้าวโพด) cas no.9005-84-9 /COM /Powder 1 ปอนด์ /แพ็ค"
"AS191687","CREMOPHOR A6 cas no.85941-44-2 /Cosmetic /Solid 1 kg /ถุง"
"AS191688","CYSTEINE HYDROCHLORIDE cas no.1880366 /Cosmetic /Solid 1 kg /ขวด"
"AS191689","DENASIL PQ-11 cas no.53633-54-8 /Cosmetic /Liquid 1 kg /ขวด"
"AS191690","DENASIL PQ-7 cas no.9017965 /Cosmetic /Liquid 1 kg /ขวด"
"AS191691","DIETHYLENE GLYCOL MONOETHYL ETHER C6H14O3cas no.111-96-6 /AR /Liquid 1 L /ขวด"
"AS191692","DMDM HYDANTOIN cas no.6440-58-0 /Cosmetic /Liquid 1 kg /ขวด"
"AS191693","EDTA/4NA cas no.13235-36-4 /Cosmetic /Solid 0.5 kg /ถุง"
"AS191694","EMAL AD25 cas no.	2235-54-3 /Cosmetic /Liquid /Ammonium lauryl sulfate1 kg /ขวด"
"AS191695","ETHYLENE GLYCOL DISTEARATE C38H74O4cas no.627-83-8 /COM /Solid 1 kg /ถุง"
"AS191696","Ethylhexyl Methoxycinnamate (OMC) C18H26O3cas no.5466-77-3 /Cosmetic /Liquid 1 kg /แกลลอน"
"AS191697","ETHYLHEXYL PALMITATE cas no.29806-73-3 /Cosmetic /Solid 1 kg /ขวด"
"AS191698","EUMULGIN B 25 cas no.68439-49-6 /Cosmetic /Solid /Ceteareth-251 kg /ขวด"
"AS191699","Eumulgin B 25 (Cremophor A25) cas no.68439-49-6 /Cosmetic /Solid /CETEARETH-251 kg /ขวด"
"AS191700","EUTANOL G (OCTYLCODECANOL) /Cosmetic /Liquid 1 kg /แกลลอน"
"AS191701","EXCITEMENT SH-11247 /Cosmetic /Liquid 100 g /ขวด"
"AS191702","FDP C111S14 /Cosmetic /Powder 0.5 kg /ถุง"
"AS191703","FDP-C BLACK 3 /Cosmetic /Powder 1 kg /ถุง"
"AS191704","FDP-C RED 3 /Cosmetic /Powder 1 kg /ถุง"
"AS191705","FDP-C YELLOW 3 /Cosmetic /Powder 1 kg /ถุง"
"AS191667","CALCIUM CARBONATE LIGHT CaCO3cas no.471-34-1 /COM /Powder 1 kg /ถุง"
"AS191668","Camphor C10H16Ocas no.76-22-2 /Cosmetic /Solid 1 kg /ขวด"
"AS191669","Camphor (การบูร) C10H16Ocas no.76-22-2 /Cosmetic /Solid 1 kg /ถุง"
"AS191670","Candelialla wax 8006-44-8cas no.8002-74-2 /Cosmetic /Solid 1 kg /ขวด"
"AS191671","CARBOPOL 934 cas no.2594322 /Cosmetic /Powder 1 kg /ถุง"
"AS191672","Carbopol 940 /COM /Powder 450 g /แพ็ค"
"AS191673","Carbopol Ultrez 20 /Cosmetic /Powder /Acrylates/C10-30 Alkyl Acrylate Crosspolymer1 kg /ขวด"
"AS191674","CASTOR OIL C57H104O9cas no.8001-78-3 /Cosmetic /Liquid 1 kg /ขวด"
"AS191675","CASTOR OIL (น้ำมันระหุ่ง) cas no.8001-79-4 /Cosmetic /Liquid 1 kg /แกลลอน"
"AS191676","Cerasin 810 cas no.8001-75-0 /Cosmetic /Solid 5 kg /ขวด"
"AS191677","CERESIN WAX cas no.8001-75-0 /COM /Solid 1 kg /ถุง"
"AS191678","CERESIN WAX 64 DEGREE cas no.8001-75-0 /Cosmetic /Solid 1 kg /ถุง"
"AS191679","Ceteareth-25 cas no.68439-49-6 /Cosmetic /Solid 1 kg /ขวด"
"AS191680","CETO STEARYL ALCOHOL 50:50 CH3(CH2)nCH2OHcas no.67762-27-0 /Cosmetic /Flakes 1 kg /ขวด"
"AS191681","CETYL ALCOHOL (95%MINO.) C16H34Ocas no.36653-82-4 /Cosmetic /Solid 1 kg /ถุง"
"AS191682","CETYL ALCOHOL(95%MINO.) C16H34Ocas no.36653-82-4 /Cosmetic /Flakes 1 kg /ขวด"
"AS191683","CHROMIUM OXIDE (สีเขียว) Cr2O3cas no.1308-38-9 /COM /Powder 1 kg /ถุง"
"AS191684","CITRIC ACID AMHYDROUS C6H8O7cas no.77-92-9? /Cosmetic /Solid 1 kg /ขวด"
"AS191685","COMPERLAN KD CH3(CH2)nC(=O)N(CH2CH2OH)2cas no.68603-42-9 /Cosmetic /Liquid /Cocamide DEA1 kg /ขวด"
"AS191650","Gelatin Lab cas no.9000-70-8 /LR /Powder 500 g /Bot"
"AS191651","ABC 35% /Cosmetic /Liquid /Cocamidopropyl Betaine.1 kg /ขวด"
"AS191652","Alcohol C2H6Ocas no.64-17-5/Cosmetic /Liquid 16 kg /แกลลอน"
"AS191653","Alpha-arbutin C12H16O7 /Cosmetic /Solid 20 g /ขวด"
"AS191655","AMIHOPE LL (LAUROYL LYSINE) cas no.52315-75-0 /Cosmetic /Powder 1 kg /ถุง"
"AS191656","AMMONIUM BICARBONATE NH4HCO3cas no.1066-33-7 /COM /Solid 1 kg /ถุง"
"AS191657","AMMONIUM PERSULFATE (NH4)2S2O8cas no.7727-54-0/AR /Solid 500 g /ขวด"
"AS191658","AQUA FLORAL C-7078 /Cosmetic /Liquid 1 kg /ขวด"
"AS191659","Aristoflex AVC cas no.75-65-0 /Cosmetic /Powder /Ammonium Acryloyldimethyltaurate/VP Copolymer1 kg /ขวด"
"AS191660","BASE 2227540 STRAWBERRY /Cosmetic /Liquid 100 g /ขวด"
"AS191661","BEHENYL ALCOHOL 65 C22H46Ocas no.661-19-8 /Cosmetic /solid 1 kg /ขวด"
"AS191647","Ammonium molybdate (NH4)6Mo7O24.4H2Ocas no.12054-85-2 /AR /Powder 500 g /Bot"
"AS191648","Isoamyl alcohol C5H12Ocas no.123-51-3 /AR /Liquid 2.5 L /Bot"
"AS191663","BRONEOL (พิมเสน) C10H18Ocas no.464-45-9 /Cosmetic /Solid 1 kg /ถุง"
"AS191664","Butyl Methoxydibenzoylmethane (BMDM) C20H22O3cas no.25003286 /Cosmetic /Solid 1 kg /ถุง"
"AS191666","CALAMINE cas no.8011-96-9 /COM /Powder 1 kg /ถุง"
"AS191628","Veegum AlMgO4Si+cas no.1327431 /LR /Solid 500 g /ขวด"
"AS191629","Vitamin C tablets /ยา /Solid 1000 เม็ด /ขวด"
"AS191630","WAX-S(CETO STEARYL ALCOHOL) /Cosmetic /Solid 1 kg /ถุง"
"AS191631","White bee wax cas no.8012893 /LR /Solid 1 kg /ขวด"
"AS191632","WHITE PETROLEUM JELLY PIONIER 3476 cas no.2231335 /Cosmetic /Semi Solid 1 kg /ขวด"
"AS191633","WITCH HAZEL DISTILLATE cas no.84696195 /Cosmetic /Liquid 1 kg /ขวด"
"AS191634","Xanthan gum (C35H49O29)ncas no.11138662 /LR /Solid 500 g /ขวด"
"AS191635","Xylitol HOCH2[CH(OH)]3CH2OHcas no.87990 /Food /Liquid 1 kg /ขวด"
"AS191636","Ylang O cas no.8006813 /LR /Liquid 25 g /ขวด"
"AS191637","YOGURT (1046175) /Cosmetic /Liquid 100 g /ขวด"
"AS191638","Zinc chloride anhydrous ZnCl2cas no.7646857 /AR /Solid 500 g /ขวด"
"AS191639","Zinc (metal) Zncas no.7440666 /LR /Solid 1 kg /ขวด"
"AS191640","Zinc oxide ZnOcas no.1314132 /LR /Solid 1 kg /ขวด"
"AS191641","ZINC OXIDE cas no.1314132 /Cosmetic /Solid 1 kg /ถุง"
"AS191642","ZINC STEARATE J cas no.5570501 /Cosmetic /Solid 1 kg /ขวด"
"AS191643","Zinc sulfate ZnSO4.7H2Ocas no.7446202 /AR /Solid 500 g /ขวด"
"AS191644","Zinc sulphate ZnSO4cas no.7733020 /LR /Solid 450 g /ขวด"
"AS191645","ZOHAR GLST SE /Cosmetic /Solid 1 kg /ถุง"
"AS191607","Tolu Balsam essential oil /LR /Liquid 25 g /ขวด"
"AS191608","Toluene C7H8cas no.108883 /AR /Liquid 2.5 L /ขวด"
"AS191609","TRACACANTH GUM POWDER cas no.9000651 /COM /Solid 500 g /ถุง"
"AS191610","Tragacanth cas no.9000651 /AR /Solid 100 g /ขวด"
"AS191611","TRANEXAMIC ACID H2NCH2C6H10CO2Hcas no.1197188 /Cosmetic /Solid /Magnesium Aluminum Silicate1 kg /ขวด"
"AS191612","Triethanolamine C6H15NO3cas no.102716 /AR /Liquid 500 ml /ขวด"
"AS191613","Triethanolamine C6H15NO3cas no.102716 /AR /Liquid 2.5 L /ขวด"
"AS191614","Triethanolamine C6H15NO3cas no.102716 /Cosmetic /Liquid 1 kg /ขวด"
"AS191615","Trigonelline hydrochloride C7H7NO2 ? HCl cas no.6138416 /AR /Solid 1 g /ขวด"
"AS191616","Tri-sodium citrate dihydrate HOC(COONa)(CH2COONa)2 ? 2H2Ocas no.1545801 /AR /Solid 500 g /ขวด"
"AS191617","Tri-Sodium orthophosphate Na3PO4cas no.7601549 /AR /Solid 500 g /ขวด"
"AS191618","Turpentine oil cas no.8006642 /AR /Solid 450 ml /ขวด"
"AS191619","Tween 20 C58H114O26cas no.9005645 /LR /Liquid 450 ml /ขวด"
"AS191620","Tween 60 cas no.9005678 /LR /Liquid 450 ml /ขวด"
"AS191621","Tween 60 (NONION ST 60) cas no.9005678 /Cosmetic /Liquid 1 kg /ขวด"
"AS191622","Tween 80 C32H60O10cas no.9005656 /LR /Liquid 450 ml /ขวด"
"AS191623","UREA CH4N2Ocas no.57136 /Cosmetic /Solid 0.5 kg /ขวด"
"AS191624","UVINUL MC 80 C18H26O3cas no.5466773 /Cosmetic /Liquid /Ethylhexyl Methoxycinnamate1 kg /ขวด"
"AS191625","Vanillin C8H8O3cas no.121335 /AR /Solid 250 g /ขวด"
"AS191626","Vanillin C8H8O3cas no.121335 /AR /Solid 100 g /ขวด"
"AS191627","Vaseline cas no.8809038 /LR /Solid 1 kg /ขวด"
"AS191589","Tartrazine C16H9N4Na3O9S2cas no.1934210 /AR /Solid 25 g /ขวด"
"AS191590","Tartrazine powder C16H9N4Na3O9S2cas no.1934210 /AR /Solid 25 g /ขวด"
"AS191591","Tea tree oil cas no.68647734 /LR /Liquid 25 g /ขวด"
"AS191592","Tea tree oil cas no.68647734 /LR /Liquid 100 g /ขวด"
"AS191593","Tert-butyl alcohol C4H10Ocas no.75650 /AR /Liquid 4 L /ขวด"
"AS191594","Tetrahydrofuran C4H8Ocas no.109999 /AR /Liquid 4 L /ขวด"
"AS191595","Tetrazolium blue chloride C40H32Cl2N8O2cas no.1871223 /AR /Solid 1 g /ขวด"
"AS191596","TEXAPON N-70 cas no.9004824 /Cosmetic /Liquid 1 kg /ถุง"
"AS191597","TGI-20 cas no.86846211 /Cosmetic /Liquid /PEG-20 GLYCERYL TRIISOSTEARATE1 kg /ขวด"
"AS191598","Theophylline C7H8N4O2cas no.58559 /AR /Solid 500 g /ขวด"
"AS191599","Theophylline, anhydous 99% C7H8N4O2cas no.58559 /AR /Solid 50 g /ขวด"
"AS191600","Thiamine hydrochloride C12H17ClN4OS ? HClcas no.67038 /AR /Solid 500 g /ขวด"
"AS191601","Thiamine hydrochloride C12H17ClN4OS ? HClcas no.67038 /AR /Solid 100 g /ขวด"
"AS191602","Thimerosal  2-(C2H5HgS)C6H4CO2Nacas no.54648 /AR /Solid 10 g /ขวด"
"AS191603","Thyme oil cas no.8007463 /LR /Liquid 450 ml /ขวด"
"AS191604","Thymol C10H14Ocas no.89838 /AR /Solid 100 g /ขวด"
"AS191605","Titanium dioxide TiO2cas no.13463677 /LR /Solid 500 g /ขวด"
"AS191606","Titanium dioxide TiO2cas no.13463677 /AR /Solid 500 g /ขวด"
"AS191569","Strawberry flavour /LR /Liquid 450 ml /ขวด"
"AS191570","Strychnine C21H22N2O2cas no.57249 /AR /Solid 10 g /ขวด"
"AS191571","Sucrose C12H22O11cas no.575019 /Food /Solid /น้ำตาลทราย1 kg /ถุง"
"AS191572","Sucrose C12H22O11cas no.575019 /AR /Solid 500 g /ขวด"
"AS191573","Sucrose C12H22O11cas no.575019 /AR /Solid 250 g /ขวด"
"AS191574","Sulfadiazine C10H10N4O2Scas no.68359 /AR /Solid 100 g /ขวด"
"AS191575","Sulfadiazine C10H10N4O2Scas no.68359 /AR /Solid 250 g /ขวด"
"AS191576","Sulfadiazine tablets /ยา /Solid 1000 เม็ด /ขวด"
"AS191577","Sulfisoxazole /AR /Solid 250 mg /ขวด"
"AS191578","Sulfisoxazole reference standard /AR /Solid 5 g /ขวด"
"AS191579","Sulfisoxazole tablets /ยา /Solid 1000 เม็ด /ขวด"
"AS191580","Sulfuric acid H2SO4cas no.7664939 /AR /Liquid 2.5 L /ขวด"
"AS191581","Sulfuric acid 98% H2SO4cas no.7664939/AR /Liquid 2.5 L /ขวด"
"AS191582","Sulphur sublimed S8cas no.7704349 /AR /Solid 500 g /ขวด"
"AS191583","Supguard GM-BP /Cosmetic /Liquid 100 g /ขวด"
"AS191584","Sweet orange flavour /LR /Liquid 450 ml /ขวด"
"AS191585","TALC LS-61 D cas no.14807966 /Cosmetic /Powder 1 kg /ถุง"
"AS191586","Talcum powder 3MgO?4SiO2?H2Ocas no.14807966 /LR /Solid 1 kg /ถุง"
"AS191587","Tannic acid C76H52O46cas no.1401554 /LR /Solid 500 g /ขวด"
"AS191588","Tartaric acid C4H6O6cas no.87694 /AR /Solid 500 g /ขวด"
"AS191547","Sodium tartrate dihydrate C4H4Na2O6 ? 2H2Ocas no.6106247 /AR /Solid 100 g /ขวด"
"AS191548","SOFTOUCH CC6069 (BORON NITRIDE POWDER) cas no.2974480 /Cosmetic /Powder 1 kg /ถุง"
"AS191549","Sorbitan oleate (Span 80) cas no.1338438 /Cosmetic /Solid 1 kg /ขวด"
"AS191550","Sorbitan stearate (Span 60) cas no.1338416 /Cosmetic /Solid 1 kg /ขวด"
"AS191551","Sorbitol 70%  C6H14O6cas no.50704 /Food /Liquid 1 kg /ขวด"
"AS191552","Sorbitol 70%  C6H14O6cas no.50704 /Food /Liquid 20 L /ถัง"
"AS191553","Sorbitol 70%  C6H14O6cas no.50704 /LR /Liquid 500 ml /ขวด"
"AS191554","Sorbitol 70% C6H14O6cas no.50704 /Cosmetic /Liquid 1 kg /ขวด"
"AS191555","Sorbitol 70% solution C6H14O6cas no.50704 /Cosmetic /Liquid 1 kg /ขวด"
"AS191556","Soy extract isoflavone cas no.446720 /LR /Liquid 500 g /ขวด"
"AS191557","Span? 60  C24H46O6cas no.1338416 /BP /Liquid 450 ml /ขวด"
"AS191558","SPAN 60 (NONION SPA 60) cas no.1338416 /Cosmetic /Semi solid /Sorbitan Stearate1 kg /ขวด"
"AS191559","SPAN 80(NONION OP 80R) cas no.1338438 /Cosmetic /Semi solid /Sorbitan Oleate1 kg /ขวด"
"AS191560","SPERMACETI cas no.8012951 /Cosmetic /Solid 1 kg /ถุง"
"AS191561","Starch (C6H10O5)ncas no.9005849 /LR /Solid 500 g /ขวด"
"AS191562","Starch 1500 (C6H10O5)ncas no.68412293 /LR /Solid 1 kg /ขวด"
"AS191563","STARCH RICE cas no.9005849/Cosmetic /Powder 1 kg /ถุง"
"AS191564","Starch soluble (C6H10O5)ncas no.9005849 /AR /Solid 500 g /ขวด"
"AS191565","Stearic acid CH3(CH2)16COOHcas no.57114 /AR /Solid 1 kg /ขวด"
"AS191526","Sodium chloride NaClcas no.7647145 /AR /Solid 1 kg /ขวด"
"AS191527","Sodium citrate HOC(COONa)(CH2COONa)2 ? 2H2Ocas no.6132043 /LR /Solid 500 g /ขวด"
"AS191528","Sodium C.M.C. (Carboxymethylcellulose sodium salt) cas no.9004324 /LR /Solid 500 g /ขวด"
"AS191529","Sodium dihydrogen orthophosphate  NaH2PO4 ? 2H2Ocas no.13472350 /AR /Solid 500 g /ขวด"
"AS191530","Sodium hydrogen carbonate NaHCO3cas no.144558 /AR /Solid 1 kg /ขวด"
"AS191531","SODIUM HYDROSULPHITE Na2S2O4cas no.7775146/COM /Solid 1 kg /ถุง"
"AS191532","Sodium hydroxide NaOHcas no.1310732 /AR /Solid 1 kg /ขวด"
"AS191533","SODIUM HYDROXIDE BP NaOHcas no.1310732 /Cosmetic /Solid 1 kg /ขวด"
"AS191534","Sodium lauryl sulphate CH3(CH2)11OSO3Nacas no.151213 /LR /Solid 500 g /ขวด"
"AS191535","Sodium metabisulphite Na2S2O5cas no.7681574 /AR /Solid 500 g /ขวด"
"AS191536","Sodium nitrate NaNO3cas no.7631994 /AR /Liquid 500 h /ขวด"
"AS191537","Sodium saccharin C7H4NNaO3Scas no.128449 /Food /Solid 1 kg /ขวด"
"AS191538","Sodium saccharin C7H4NNaO3Scas no.128449 /Food /Solid 450 g /ขวด"
"AS191539","Sodium salicylate HOC6H4COONacas no.54217 /AR /Solid 500 g /ขวด"
"AS191540","Sodium starch glycolate  (C2H4O3)x ? (Na)xcas no.9063381 /AR /Solid 500 g /ขวด"
"AS191541","Sodium stearate CH3(CH2)16COONacas no.822162 /AR /Solid 500 g /ขวด"
"AS191542","Sodium sulfate  Na2SO4cas no.7757826 /AR /Solid 500 g /ขวด"
"AS191543","Sodium sulfate anhydrous  Na2SO4cas no.7757826 /AR /Solid 1 kg /ขวด"
"AS191544","Sodium sulfate anhydrous  Na2SO4cas no.7757826 /AR /Solid 500 g /ขวด"
"AS191545","Sodium Sulphite  Na2SO3cas no.7757837 /AR /Solid 500 g /ขวด"
"AS191546","Sodium Sulphite  Na2SO3cas no.7757837 /AR /Solid 1 kg /ขวด"
"AS191507","SeraSol EL92 /Cosmetic /Gel /Dimethicone (and) Dimethicone / PEG-10/15 Crosspolymer1 kg /ขวด"
"AS191508","SHEA BUTTER cas no.194043920 /Cosmetic /Solid 1 kg /ขวด"
"AS191509","Silica gel 60 O2Sicas no.7631869 /AR /Solid 1000 g /ขวด"
"AS191510","Silicone fluid (1000 cs viscosity) cas no.63148629 /Cosmetic /Liquid 5 kg /ขวด"
"AS191511","Silver iodide AgIcas no.7783962 /AR /Solid 25 g /ขวด"
"AS191512","Silver nitrate AgNO3cas no.7761888 /AR /Solid 100 g /ขวด"
"AS191513","SIMUGEL INS100 cas no.93685804 /Cosmetic /Liquid /Hydroxyethyl Acrylate/Sodium Acryloyldimethyl Taurate Copolymer (and) Isohexadecane (and) Polysorbate 605 kg /ขวด"
"AS191514","Sodium acetate trihydrate C2H3NaO2 * 3 H2Ocas no.6131904 /AR /Solid 500 g /ขวด"
"AS191523","Sodium carbonate Na2CO3cas no.497198 /AR /Solid 500 g /ขวด"
"AS191524","Sodium carbonate Na2CO3cas no.497198 /LR /Solid 1 kg /ขวด"
"AS191525","Sodium carbonate anhydrous Na2CO3cas no.497198 /AR /Solid 500 g /ขวด"
"AS191516","Sodium alginate cas no.9005383 /Food /Solid 500 g /ขวด"
"AS191517","Sodium Benzoate C6H5COONacas no.532-32-1 /Food /Solid 500 g /ขวด"
"AS191518","Sodium Benzoate C6H5COONacas no.532-32-1 /AR /Solid 500 g /ขวด"
"AS191519","Sodium benzoate NF/FCC Powder C7H5NaO2cas no.532321 /Cosmetic /Powder 1 kg /ขวด"
"AS191520","Sodium bicarbonate NaHCO3cas no.144558 /AR /Solid 500 g /ขวด"
"AS191521","Sodium bicarbonate NaHCO3cas no.144558 /LR /Solid 1 kg /แพ็ค"
"AS191488","Quinidine sulfate salt dihydrate C40H48N4O4 ? H2O4S ? 2H2Ocas no.6591635 /AR /Solid 10 g /ขวด"
"AS191489","Quinol (Hydroquinone) C6H4-1,4-(OH)2cas no.123319 /AR /Solid 500 g /ขวด"
"AS191490","Raspberry flavour /LR /Liquid 450 ml /ขวด"
"AS191491","Red Thyme oil /LR /Liquid 450 ml /ขวด"
"AS191492","REFINED GLYCERINE 99.5% MIN USP C3H8O3cas no.56815 /Cosmetic /Liquid 1 kg /แกลลอน"
"AS191493","Reserpine C33H40N2O9cas no.50555 /AR /Solid 1 g /ขวด"
"AS191494","Resorcinol  C6H4-1,3-(OH)2cas no.108463 /AR /Solid 250 g /ขวด"
"AS191495","Riboflavin C17H20N4O6cas no. 83885 /AR /Solid 25 g /ขวด"
"AS191496","Riboflavin reference standard C17H20N4O6cas no. 83885 /AR /Solid 5 g /ขวด"
"AS191497","Riboflavin tablets /ยา /Solid 1000 เม็ด /ขวด"
"AS191498","Rosemary oil cas no.8000257 /LR /Liquid 25 g /ขวด"
"AS191499","Rosemary oil cas no.8000257 /LR /Liquid 100 g /ขวด"
"AS191500","Rose water /LR /Liquid 450 ml /ขวด"
"AS191501","Safranin T cas no.477736 /AR /Solid 25 g /ขวด"
"AS191502","SAKURA C-8132 /Cosmetic /Liquid 100 g /ขวด"
"AS191503","Sala cider /LR /Liquid 25 ml /ขวด"
"AS191504","Salicylic acid C7H6O3cas no.69727 /AR /Solid 500 g /ขวด"
"AS191505","Sandel wood cas no.8006879 /LR /Liquid 25 g /ขวด"
"AS191506","SEPIGEL 305 /Cosmetic /Liquid /Polyacrylamide (and) C13-14 Isoparaffin (and) Laureth-75 kg /ขวด"
"AS191470","Potassium permanganate KMnO4cas no.7722647 /AR grade /Solid 250 g /ขวด"
"AS191471","Potassium permanganate KMnO4cas no.7722647 /LR grade /Solid 500 g /ขวด"
"AS191472","Potassium sodium tartrate KOCOCH(OH)CH(OH)COONa ? 4H2Ocas no.6381595 /AR grade /Solid 500 g /ขวด"
"AS191473","Povidone iodine C8H15NOcas no.25655418 /LR /Solid 1 kg /ขวด"
"AS191474","Prednisolone C21H28O5cas no.53032 /AR /Solid 1 g /ขวด"
"AS191475","PRIME YELLOW CARNAUBA WAX FLAKE cas no.8015869 /Cosmetic /Solid 1 kg /ถุง"
"AS191476","Propylene glycol C3H8O2cas no.57556 /LR /Liquid 450 ml /ขวด"
"AS191477","Propylene glycol C3H8O2cas no.57556 /Cosmetic /Liquid 1 kg /ขวด"
"AS191478","Propyl paraben C10H12O3cas no.94133 /AR /Solid 500 g /ขวด"
"AS191479","Propyl paraben C10H12O3cas no.94133 /LR /Solid 500 g /ขวด"
"AS191480","PUREACT I-78C (TAURANOL I-78C) cas no.61789320 /Cosmetic /Solid 1 kg /ขวด"
"AS191481","PURE WHITE BEES WAX 100% cas no.8012893 /Cosmetic /Solid 1 kg /ถุง"
"AS191482","PVA cas no.9002895 /Cosmetic /Solid 1 kg /ขวด"
"AS191483","PVPK 30 C18H27N3O3X2cas no.84057818 /LR /Solid 1 kg /ขวด"
"AS191484","PVPK 90 C18H27N3O3X2cas no.84057818 /LR /Solid 1 kg /ขวด"
"AS191485","PVP K90 cas no.9003398 /Cosmetic /Solid 1 kg /ถุง"
"AS191486","Quercetin hydrate C15H10O7 * 2 H2Ocas no.6151253 /AR /Solid 25 g /ขวด"
"AS191487","Quindine C20H24N2O2cas no.56542  /AR /Solid 10 g /ขวด"
"AS191449","POLYSORBATE 80 C64H124O26cas no.9005656 /LR grade /Liquid /Tween 801 kg /ขวด"
"AS191450","Polysynlane V (Hydrogenated polyisobutene) cas no.69837100 /AR grade /Semi Solid 1 kg /ขวด"
"AS191451","Poly(vinyl Alcohol)  [-CH2CHOH-]ncas no.9002895 /LR grade /Solid 500 g /ขวด"
"AS191452","Polyvinyl alcohol (P.V.A.) (CH2CHOH)ncas no.9002895/LR grade /Solid 500 g /ขวด"
"AS191453","Potassium bromate KBrO3cas no.7758012 /LR grade /Solid 250 g /ขวด"
"AS191454","Potassium bromate KBrO4cas no.7758013 /LR grade /Solid 500 g /ขวด"
"AS191455","Potassium Bromide KBrcas no.7758023 /LR grade /Solid 100 g /ขวด"
"AS191456","Potassium Bromide KBrcas no.7758023 /AR grade /Solid 500 g /ขวด"
"AS191457","Potassium chloride KClcas no.74447407 /AR grade /Solid 1 kg /ขวด"
"AS191458","Potassium citrate K3C6H5O7cas no.866842 /LR grade /Solid 1 kg /ขวด"
"AS191459","POTASSIUM CITRATE K3C6H5O7cas no.866842 /AR grade /Powder 1 kg /ขวด"
"AS191460","Potassium dichromate K2Cr2O7cas no.7778509 /LR grade /Solid 500 g /ขวด"
"AS191461","Potassium dihydrogen orthophosphate KH2PO4cas no.7778770 /LR grade /Solid 500 g /ขวด"
"AS191462","Potassium hydrogen phosphate K2HPO4 ? 3H2Ocas no.16788571 /LR grade /Solid 500 g /ขวด"
"AS191463","Potassium hydrogen phthalate  HOOCC6H4COOKcas no.877247 /LR grade /Solid 500 g /ขวด"
"AS191464","Potassium hydroxide KOHcas no.1310583 /LR grade /Solid 500 g /ขวด"
"AS191465","POTASSIUM HYDROXIDE KOHcas no.1310583/LR grade /Solid 1 kg /ถุง"
"AS191466","POTASSIUM HYDROXIDE BP KOHcas no.1310583 /LR grade /Solid 1 kg /ขวด"
"AS191468","Potassium Oleate CH3(CH2)7CH=CH(CH2)7COOKcas no.143180 /LR grade /Solid 500 g /ขวด"
"AS191469","Potassium Oleate CH3(CH2)7CH=CH(CH2)7COOKcas no.143180 /LR grade /Solid 250 g /ขวด"
"AS191431","pH Buffer 7 cas no.7778770 /LR grade /Liquid 1 L /ขวด"
"AS191432","Phenol crystal C6H5OHcas no.108952 /AR grade /Solid 500 g /ขวด"
"AS191433","Phenol red C19H14O5Scas no.143748 /LR grade /Solid 5 g /ขวด"
"AS191434","Phenophthalein C20H14O4cas no.77098 /LR grade /Solid 25 g /ขวด"
"AS191435","Phenophthalein C20H14O4cas no.77098 /LR grade /Solid 100 g /ขวด"
"AS191436","PHENOXY ETHANOL C8H10O2cas no.122996/LR grade /Liquid 1 kg /แกลลอน"
"AS191437","PHENOXY ETHANOL C8H10O2cas no.122996 /LR grade /Liquid 1 kg /ขวด"
"AS191438","Phosphomolybdic Mo20O65P2.xH2Ocas no.51429744 /LR grade /Solid 50 g /ขวด"
"AS191439","Phosphoric acid /LR grade /Liquid 450 ml /ขวด"
"AS191440","PHYTOSQUALAN cas no.1110103 /LR grade /Liquid /Squalane1 kg /ขวด"
"AS191441","PHYTOWAX OLIVE 18L57 cas no.2778963 /AR grade /Solid /Hydrogenated Olive Oil Stearyl Esters1 kg /ขวด"
"AS191442","Pineapple flavour /LR grade /Liquid 25 ml /ขวด"
"AS191443","Piperidine C17H19NO3cas no.94622 /AR grade /Solid 5 g /ขวด"
"AS191444","PLANTACARE 1200 UP C18H36O6cas no.110615479 /LR grade /Semi solid /Lauryl Glucoside1 kg /ขวด"
"AS191445","PLASTIC POWDER D-400 /LR grade /Powder 1 kg /แกลลอน"
"AS191446","Polyethylene glycol 400 (C3H6O)ncas no.25322694 /LR grade /Liquid 1 kg /ขวด"
"AS191447","Polyethylene glycol 4000 H(OCH2CH2)nOHcas no.25322683 /LR grade /Liquid 1 kg /ขวด"
"AS191448","POLYSORBATE 20 C58H114O26cas no.9005645 /LR grade /Liquid /Tween 201 kg /ขวด"
"AS191413","OZOKERITE WAX 7488 cas no.8002742 /AR grade /Solid 1 kg /ถุง"
"AS191414","Paracetamol C8H9NO2cas no.103902 /LR grade /Solid 500 g /ขวด"
"AS191415","Paracetamol C8H9NO2cas no.103902 /LR grade /Solid 1 kg /ขวด"
"AS191416","Paracetamol powder (Acetaninophen) C8H9NO2cas no.103902 /LR grade /Solid 500 g /ขวด"
"AS191417","Paracetamol tablets /LR grade /Solid 1000 เม็ด /ขวด"
"AS191418","Paraffin hard cas no.8002742 /LR grade /Solid 1 kg /ขวด"
"AS191419","Paraffin liquid CnH2n+2 (n=16~24)cas no.8012951 /AR grade /Liquid 2.5 L /ขวด"
"AS191420","Paraffin wax cas no.8002742 /LR grade /Solid 500 g /ขวด"
"AS191422","PARLEAM V (POLYSYNLANE V) cas no.68937-10-0 /LR grade /Semi Solid 1 kg /ขวด"
"AS191423","PARSOL 1789 C20H22O3cas no.25003286 /LR grade /Powder /Butyl Methoxydibenzoylmethane1 kg /ขวด"
"AS191424","p-Cresol CH3C6H4OHcas no.106445 /AR grade /Solid 1 kg /ขวด"
"AS191425","PEG-20 glyceryl triisostearate (Nikkol TGI-20) cas no.86846211 /AR grade /Liquid 1 kg /ขวด"
"AS191426","PEG 400 (POLYETHYLENE GLYCOL NO.400 cas no.25322683 /AR grade /Liquid 1 kg /แกลลอน"
"AS191427","Peppermint oil cas no.8006904 /LR grade /Liquid 450 ml /ขวด"
"AS191428","Petroleum ether cas no.8032324 /AR grade /Liquid 2.5 L /ขวด"
"AS191429","pH Buffer 10 /LR grade /Liquid 1 L /ขวด"
"AS191430","pH Buffer 4 cas no.877247 /LR grade /Liquid 1 L /ขวด"
"AS191396","NIKKOMULESE WO cas no.5410206 /AR grade /Solid 1 kg /ขวด"
"AS191397","Ninhydrin C9H6O4cas no.485472 /LR grade /Solid 25 g /ขวด"
"AS191398","Nitric acid HNO3cas no.7697372 /AR grade /Liquid 2.5 L /ขวด"
"AS191399","Nitric acid 65% HNO3cas no.7697372/LR grade /Liquid 2.5 L /ขวด"
"AS191400","Normalsaline 0.9% for injection /LR grade /Liquid 100 ml /ขวด"
"AS191401","Normalsaline 0.9% for injection /AR grade /Liquid 1 L /ขวด"
"AS191402","NOVEMER EC-1 POLYMER /LR grade /Liquid /Acrylates/Acrylamide Copolymer (and) Mineral Oil (and) Polysorbate 851 kg /ขวด"
"AS191403","Nutmeg oil cas no.8008455 /LR grade /Liquid 450 ml /ขวด"
"AS191404","O-acetylsalicylic acid C9H8O4cas no.50782 /LR grade /Solid 100 g /ขวด"
"AS191405","OCTOCRYLENE cas no.6197304 /LR grade /Liquid 1 kg /ขวด"
"AS191406","OCTYLDODECANOL cas no.5333426 /LR grade /Liquid 1 kg /ขวด"
"AS191407","Oleic acid CH3(CH2)7CH=CH(CH2)7COOHcas no.112801 /LR grade /Liquid 500 ml /ขวด"
"AS191408","OLEIC ACID C18H34O2cas no.112801 /LR grade /Liquid 1 kg /ขวด"
"AS191409","Olive oil cas no.8001250 /LR grade /Liquid 450 ml /ขวด"
"AS191410","Orange oil cas no.8028486 /LR grade /Liquid 450 ml /ขวด"
"AS191411","Orange oil cas no.8028486 /AR grade /Liquid 100 g /ขวด"
"AS191412","Oxone, monopersulfate LRpound KHSO5 ? 0.5KHSO4 ? 0.5K2SO4cas no.70693628 /LR grade /Solid 250 g /ขวด"
"AS191376","Methyl orange C14H14N3NaO3Scas no.547580 /AR grade /Solid 25 g /ขวด"
"AS191377","Methyl paraben HOC6H4CO2CH3cas no.99763 /AR grade /Solid 500 g /ขวด"
"AS191378","Methyl red C15H15N3NaO2cas no.493527 /AR grade /Solid 25 g /ขวด"
"AS191379","Methyl salicylate 2-(HO)C6H4CO2CH3cas no.119368 /AR grade /Liquid 450 ml /ขวด"
"AS191380","Methyl salicylate 2-(HO)C6H4CO2CH3cas no.119368 /AR grade /Liquid 500 ml /ขวด"
"AS191381","MICA 500 cas no.	12001262 /AR grade /Solid 1 kg /ถุง"
"AS191382","MICROCRYSTALLINE WAX PHC 3691 cas no.63231607 /AR grade /Solid 1 kg /ถุง"
"AS191383","Mineral oil cas no.8042475 /Reagent Plus? grade /Liquid 450 ml /ขวด"
"AS191384","Monoethanolamine C2H7NO; H2NCH2CH2OHcas no.141435 /HPLC grade /Liquid 2.5 L /ขวด"
"AS191385","Monopropylene glycol cas no.57556 /LR grade /Liquid 1 kg /ขวด"
"AS191386","MONTANOV 68 /LR grade /Flakes /Cetearyl Alcohol (and) Cetearyl Glucoside1 kg /ขวด"
"AS191387","Morin hydrate C15H10O7 ? xH2Ocas no.654055013 /AR grade /Solid 2 g /ขวด"
"AS191388","Naringin  C27H32O14cas no.10236472 /AR grade /Solid 25 g /ขวด"
"AS191389","Natural squalane C30H62cas no.1110103 /AR grade /Liquid 1 kg /ขวด"
"AS191390","N-BUTYL ACETATE 99.5% C6H12O2cas no.123422/AR grade /Liquid 2.5 L /ขวด"
"AS191391","New coccine (Ponceau 4 R) C20H11N2Na3O10S3cas no.2611827 /LR grade /Solid 25 g /ขวด"
"AS191392","New coccine (Ponceau 4 R) C20H11N2Na3O10S3cas no.2611827 /LR grade /Solid 250 g /ขวด"
"AS191393","NIACINAMIDE B.P cas no.98920 /LR grade /Solid 1 kg /ขวด"
"AS191394","Nicotinic acid /LR grade /Solid 100 g /ขวด"
"AS191356","Magnesium stearate  [CH3(CH2)16CO2]2Mgcas no.557040 /Sigma grade /Solid 500 g /ขวด"
"AS191357","MAGNESIUM STEARATE (J) Mg(C18H35O2)2cas no.557040 /AR grade /Solid 1 kg /ขวด"
"AS191358","Magnesium sulfate anhydrous MgSO4cas no.7487889 /AR grade /Solid 500 g /ขวด"
"AS191359","Maleic acid C4H4O4cas no.110167 /AR grade /Solid 500 g /ขวด"
"AS191360","Menthol C10H20Ocas no.1490046 /AR grade /Solid 450 g /ขวด"
"AS191361","Menthol C10H20Ocas no.1490046 /HPLC grade /Solid 1 kg /แพ็ค"
"AS191362","Mercuric chloride HgCl2cas no.7487947 /AR grade /Solid 500 g /ขวด"
"AS191363","Mercurochrome C20H9Br2HgNa2O6cas no.129168 /AR grade /Solid 1 kg /ขวด"
"AS191364","Mercury (II) chloride HgCl2cas no.7487947 /AR grade /Solid 250 g /ขวด"
"AS191365","Mercury (II) chloride HgCl2cas no.7487947 /AR grade /Solid 100 g /ขวด"
"AS191366","Mercury (II) iodide HgI2cas no.7774290 /HPLC grade /Solid 100 g /ขวด"
"AS191367","Methanol CH3OHcas no.67561 /HPLC grade /Liquid 2.5 L /ขวด"
"AS191368","Methanol CH3OHcas no.67562 /AR grade /Liquid 5 L /ขวด"
"AS191369","Methanol CH3OHcas no.67561 /AR grade /Liquid 20 L /แกลลอน"
"AS191370","Methanol CH3OHcas no.67562 /AR grade /Liquid 16 kg /แกลลอน"
"AS191371","Methanol dry CH4Ocas no.67561 /AR grade /Liquid 1 L /ขวด"
"AS191372","Methanol HDPE CH3OHcas no.67561 /AR grade /Liquid 2.5 L /ขวด"
"AS191373","Metholcel F4M /AR grade /Solid 500 g /ขวด"
"AS191374","Methyl-4-hydroxyl benzoate HOC6H4CO2CH3cas no.99763 /AR grade /Solid 100 g /ขวด"
"AS191375","Methyl cellulose cas no.9004675 /AR grade /Solid 500 g /ขวด"
"AS191337","Lead (II) acetate cas no.6080564 /Hong Huat grade /Solid 1000 g /ขวด"
"AS191338","Lead (II) nitrate Pb(NO3)2cas no.10099748 /Unionsci grade /Solid 500 g /ขวด"
"AS191339","Lemon oil cas no.8008568 /Unionsci grade /Liquid 450 ml /ขวด"
"AS191340","Lemon oil cas no.8008568 /Unionsci grade /Liquid 100 g /ขวด"
"AS191341","LEXAMINE S-13 cas no.2100549 /Unionsci grade /Solid 1 kg /ขวด"
"AS191342","LEXAMUL 561 cas no.67701331 /Unionsci grade /Solid 1 kg /ถุง"
"AS191343","LEXOL EHP C24H48O2cas no.29806733 /Unionsci grade /Liquid /Ethylhexyl Palmitate1 kg /ขวด"
"AS191344","LEXOL GT-865 C21H39O6cas no.73398615 /Unionsci grade /Liquid /Caprylic/Capric Triglyceride1 kg /ขวด"
"AS191345","L-Glutathione C20H32N6O12S2cas no.27025418 /Unionsci grade /Solid 1 kg /ขวด"
"AS191346","Linseed oil cas no.8001261 /Srichand grade /Liquid 450 ml /ขวด"
"AS191347","Liquefied phenol C6H5OHcas no.108952 /Unionsci grade /Liquid 450 ml /ขวด"
"AS191348","Liquefied phenol C6H5OHcas no.108952 /Unionsci grade /Solid 450 g /ขวด"
"AS191349","Liquid paraffin CnH2n+2 (n=16~24)cas no.8012951 /Rcilahscan grade /Solid 450 g /ขวด"
"AS191350","Liquid paraffin light /Unionsci grade /Solid 450 g /ขวด"
"AS191351","LIQUID PARAFFIN PIONIER 2071(HEAVY) cas no.8012951 /Unionsci grade /Liquid 1 kg /ขวด"
"AS191352","LIQUID PARAFFIN PIONIER 2076(LIGHT) cas no.7439932 /Srichand grade /Liquid 1 kg /แกลลอน"
"AS191353","MAGNABRITE HS Al2Mg3O18Si6cas no.66456459 /Unionsci grade /Flakes /BENTONITE1 kg /ขวด"
"AS191354","MAGNESIUM CARBONATE MgCO3cas no.39409820 /Unionsci grade /Powder 1 kg /ถุง"
"AS191355","Magnesium ribbon Mgcas no. 7439954/Unionsci grade /Solid 25 g /ขวด"
"AS191318","Karl-fischer reagent /LR grade /Liquid 1 L /ขวด"
"AS191319","Kojic Acid dipalmitate C38H66O6cas no.79725987 /LR grade /Solid 1 kg /ขวด"
"AS191320","Kojic dipalmitate cas no.79725987 /LR grade /Solid /Kojic Dipalmitate10 g /ขวด"
"AS191321","Kollidon 90 F /AR grade /Solid 250 g /ขวด"
"AS191322","LACTIC ACID 88%EXEL C3H6O3cas no.50215 /AR grade /Liquid 1 kg /ขวด"
"AS191323","Lactose C12H22O11cas no.63423 /AR grade /Solid 500 g /ขวด"
"AS191324","LALIT LAURIC ACID 1299 C12H24O2cas no.1430707 /AR grade /Solid 1 kg /ขวด"
"AS191325","LALIT MYRISTIC ACID 1499 C14H28O2cas no.544638 /LR grade /Solid 1 kg /ขวด"
"AS191326","LALIT PALMITIC ACID 1698 C16H32O2cas no.57103 /AR grade /Solid 1 kg /ขวด"
"AS191327","LALIT STEARIC ACID SA 1850 cas no.57114 /Hong Huat grade /Solid 1 kg /ถุง"
"AS191328","Lanolin cas no.8006540 /Unionsci grade /Solid 500 g /ขวด"
"AS191329","LANOLIN ANHYDROUS USP cas no.8006540/Unionsci grade /Semi Solid 1 kg /ขวด"
"AS191330","LANOLIN PEG 75 FLAKE cas no.2242474 /Unionsci grade /Solid 1 kg /ขวด"
"AS191331","Lanolin (Wool fat) cas no.8006540 /Unionsci grade /Solid 1 kg /ขวด"
"AS191332","L-Ascorbic acid C6H8O6cas no.50817 /Unionsci grade /Solid 500 g /ขวด"
"AS191333","LAURETH 23 cas no.68439509 /Unionsci grade /Solid 100 g /ขวด"
"AS191334","Lavender oil cas no.8000280 /Unionsci grade /Liquid 450 ml /ขวด"
"AS191335","Lavender oil cas no.8000280 /Unionsci grade /Liquid 100 g /ขวด"
"AS191336","Lead (II) acetate Pb(CH3COO)2.3H2Ocas no.6080564 /Unionsci grade /Solid 500 g /ขวด"
"AS191300","Hydroqinone C6H4(OH)2cas no.123319 /AR grade /Solid 500 g /ขวด"
"AS191301","Hydroqinone C6H4(OH)2cas no.123319 /LR grade /Solid 100 g /ขวด"
"AS191302","Hydroxylammonium cholride H3NO.HClcas no.5470111 /LR grade /Solid 250 g /ขวด"
"AS191303","Hydroxylammonium cholride H3NO.HClcas no.5470111 /AR grade /Solid 500 g /ขวด"
"AS191304","Hydroxy propyl methyl cellulose (HPMC) cas no.9004653 /LR grade /Solid 1 kg /ขวด"
"AS191305","Indigo carmine C16H8N2Na2O8S2cas no.860220 /AR grade /Solid 10 g /ขวด"
"AS191306","Indigo carmine C16H8N2Na2O8S2cas no.860220 /AR grade /Solid 25 g /ขวด"
"AS191307","Iodine I2cas no.7553562 /AR grade /Solid 100 g /ขวด"
"AS191308","IPA C3H8Ocas no.67630/AR grade /Liquid 1 kg /แกลลอน"
"AS191309","IPM (ISOPROPYL MYRISTATE) C17H34O2cas no.110270 /AR grade /Liquid 1 kg /แกลลอน"
"AS191310","Iso-amyl alcohol  (CH3)2CHCH2CH2OHcas no.123513 /AR grade /Liquid 2.5 L /ขวด"
"AS191311","Isoamyl alcohol C5H12Ocas no.123513 /AR grade /Liquid 2.5 L /ขวด"
"AS191312","Isopropyl alcohol  (CH3)2CHOHcas no.67630 /AR grade /Liquid 450 ml /ขวด"
"AS191313","Jojoba oil cas no.61789911 /AR grade /Liquid 1 kg /ขวด"
"AS191314","Jojoba oil cas no.61789911 /AR grade /Liquid 450 ml /ขวด"
"AS191315","Jusmin oil cas no.8022966 /AR grade /Liquid 450 ml /ขวด"
"AS191316","Kanada balsam cas no.8007474 /GR grade /Solid 100 ml /ขวด"
"AS191317","KAOLIN LUGHT BP cas no.1332587 /LR grade /Solid 1 kg /ขวด"
"AS191279","Glycerine C3H8O3cas no.56543 /LR grade /Liquid 450 ml /ขวด"
"AS191280","Glycerine C3H8O3cas no.56543 /LR grade /Liquid 1 L /ขวด"
"AS191281","Glycerine C3H8O4cas no.56543 /AR grade /Liquid 1 kg /ขวด"
"AS191282","Glycerol C3H8O4cas no.56543 /AR grade /Liquid 500 ml /ขวด"
"AS191283","Glyceryl monostearate C21H42O4cas no.31566311 /AR grade /Solid 1 kg /ขวด"
"AS191284","Glyceryl monostearate (GMS) cas no.31566311 /AR grade /Solid 1 kg /แพ็ค"
"AS191285","GLYCOLIC ACID 70% C2H4O3cas no.79141 /LR grade /Liquid 1 kg /ขวด"
"AS191286","GUM ARABIC (ACACIA POWDER) cas no.2593228 /AR grade /Solid 500 g /ถุง"
"AS191287","HARD PARAFFIN cas no.8002742 /LR grade /Solid 1 kg /ถุง"
"AS191288","Heavy mineral oil (White oil 2071) cas no.8042475 /AR grade /Liquid 1 kg /ขวด"
"AS191289","Hexane C6H14cas no.110543 /LR grade /Liquid 2.5 L /ขวด"
"AS191290","Hexane C6H14cas no.110543 /LR grade /Liquid 4 L /ขวด"
"AS191291","Hexane C6H14cas no.110543 /AR grade /Liquid 18 L /แกลลอน"
"AS191292","Hexane C6H14cas no.110543 /LR grade /Liquid 20 L /ถัง"
"AS191293","Hexane 99% C6H14cas no.110543 /AR grade /Liquid 2.5 L /ขวด"
"AS191294","HH-CP CLOVE OIL EXTRA 032059 cas no.8000348 /AR grade /Liquid 200 g /ขวด"
"AS191295","HPMC E15 cas no.9004653 /AR grade /Solid 500 g /ขวด"
"AS191296","Hydrochloric acid HClcas no.7647010 /LR grade /Liquid 2.5 L /ขวด"
"AS191298","Hydrogen peroxide H2O2cas no.7722841 /AR grade /Liquid 1 L /ขวด"
"AS191299","Hydrogen peroxide 35% H2O2cas no.7722841/LR grade /Liquid 1 L /ขวด"
"AS191258","Ferric chloride FeCl3cas no.7705080 /LR grade /Solid 250 g /ขวด"
"AS191259","Ferric chloride FeCl3cas no.7705080 /LR grade /Solid 500 g /ขวด"
"AS191260","Ferric chloride Hexahydrate FeCl3 ? 6H2Ocas no.10025771 /LR grade /Solid 250 g /ขวด"
"AS191261","Ferric nitrate cas no.10421-48-4 /AR grade /Solid 500 g /ขวด"
"AS191262","Ferric oxide red Fe2O3cas no.1309371 /AR grade /Solid 500 g /ขวด"
"AS191263","Ferrous sulfate FeSO4 ? 7H2Ocas no.7782630 /AR grade /Solid 500 g /ขวด"
"AS191264","Finsoln TN cas no.68411278 /LR grade /Liquid /C12-15 Alkyl Benzoate1 kg /ขวด"
"AS191265","Finsolv TN C22H36O3cas no.68411278 /LR grade /Liquid 1 kg /ขวด"
"AS191266","FLORA SH-11264 cas no.67762383 /LR grade /Liquid 100 g /ขวด"
"AS191267","Folin & ciocalteu's phenol reagent /LR grade /Liquid 500 ml /ขวด"
"AS191268","Formic acid 98/100% CH2O2cas no.64186 /LR grade /Liquid 2.5 L /ขวด"
"AS191269","Fumaric acid C4H4O4cas no.110178 /AR grade /Solid 500 g /ขวด"
"AS191270","Funnel oil sweet /LR grade /Liquid 450 ml /ขวด"
"AS191271","Gelatin C6H12O6cas no.9000708 /AR grade /Solid 1 kg /ขวด"
"AS191272","Gelatin cas no.9000708 /AR grade /Solid 500 g /ขวด"
"AS191273","Gelatin Lab cas no.9000708 /AR grade /Powder 500 g /ขวด"
"AS191274","Geranium cas no.90082512 /LR grade /Liquid 25 g /ขวด"
"AS191275","Glucose anhydrous C6H12O6cas no.50997 /LR grade /Solid 500 g /ขวด"
"AS191276","Glucose monohydrous /AR grade /Solid 1 kg /ขวด"
"AS191277","Glutaraldehyde 25% solution OHC(CH2)3CHOcas no.111308 /LR grade /Liquid 500 ml /ขวด"
"AS191278","Glutaraldehyde 50% solution OHC(CH2)3CHOcas no.111308 /AR grade /Liquid 500 ml /ขวด"
"AS191239","Ethyl cellulose CH3COOC2H5cas no.141786 /AR grade /Solid 250 g /ขวด"
"AS191241","Ethylendiamine tetracetic acid,Disodium edetate C10H14N2O8Na2.2H2Ocas no.6381926 /AR grade /Solid 500 g /ขวด"
"AS191242","Ethylenediaminetetra acetic acid disodium salt C10H14N2Na2O8cas no.139333 /AR grade /Solid 250 g /ขวด"
"AS191243","ETHYLENE GLYCOL DISTEARATE C38H74O4cas no.627838 /ยา grade /Solid 1 kg /ถุง"
"AS191244","Ethylhexyl Methoxycinnamate (OMC) C18H26O3cas no.5466773 /ยา grade /Liquid 1 kg /แกลลอน"
"AS191245","ETHYLHEXYL PALMITATE cas no.29806733 /ยา grade /Solid 1 kg /ขวด"
"AS191246","Ethylnymagnesium bromide C2HBrMgcas no.4301148 /LR grade /Solid 250 g /ขวด"
"AS191247","Eucalyptus oil cas no.84625321 /LR grade /Liquid 450 ml /ขวด"
"AS191248","EUMULGIN B 25 cas no.68439496 /LR grade /Solid /Ceteareth-251 kg /ขวด"
"AS191249","Eumulgin B 25 (Cremophor A25) cas no.68439496 /ยา grade /Solid /CETEARETH-251 kg /ขวด"
"AS191250","EUTANOL G (OCTYLCODECANOL) /ยา grade /Liquid 1 kg /แกลลอน"
"AS191251","EXCITEMENT SH-11247 /AR grade /Liquid 100 g /ขวด"
"AS191252","Fast green C37H34N2O10S3Na2cas no.2353459 /AR grade /Solid 100 g /ขวด"
"AS191253","Fast green FCF C37H34N2O10S3Na2cas no.2353459 /HPLC grade /Solid 25 g /ขวด"
"AS191254","FDP C111S14 /AR grade /Powder 0.5 kg /ถุง"
"AS191255","FDP-C BLACK 3 /AR grade /Powder 1 kg /ถุง"
"AS191256","FDP-C RED 3 /AR grade /Powder 1 kg /ถุง"
"AS191257","FDP-C YELLOW 3 /AR grade /Powder 1 kg /ถุง"
"AS191219","DIETHYLENE GLYCOL MONOETHYL ETHER C6H14O3cas no.111966/AR grade /Liquid 1 L /ขวด"
"AS191223","Di-sodium tetraborate decahydrate B4H20Na2O17cas no.1303964 /AR grade /Solid 500 g /ขวด"
"AS191227","EDTA/4NA cas no.13235364 /Cosmetic grade /Solid 0.5 kg /ถุง"
"AS191230","EMAL AD25 cas no.	2235543 /Cosmetic grade /Liquid /Ammonium lauryl sulfate1 kg /ขวด"
"AS191198","Citric acid anhydrous C6H8O7cas no.77929? /Cosmetic grade /Solid 1 kg /ขวด"
"AS191207","CREMOPHOR A6 cas no.85941442 /Cosmetic grade /Solid 1 kg /ถุง"
"AS191210","CYSTEINE HYDROCHLORIDE cas no.1880366 /Cosmetic grade /Solid 1 kg /ขวด"
"AS191211","DENASIL PQ-11 cas no.53633548 /Cosmetic grade /Liquid 1 kg /ขวด"
"AS191212","DENASIL PQ-7 cas no.9017965 /Cosmetic grade /Liquid 1 kg /ขวด"
"AS191184","Ceteareth-25 cas no.68439496 /Cosmetic grade /Solid 1 kg /ขวด"
"AS191188","Cetyl alcohol (95%MINO.) C16H34Ocas no.36653824/Cosmetic grade /Solid 1 kg /ถุง"
"AS191189","Cetyl alcohol(95%MINO.) C16H34Ocas no.36653824 /Cosmetic grade /Flakes 1 kg /ขวด"
"AS191177","Castor oil C57H104O9cas no.8001783 /Cosmetic grade /Liquid 1 kg /ขวด"
"AS191178","Castor oil (น้ำมันระหุ่ง) cas no.8001794/Cosmetic grade /Liquid 1 kg /แกลลอน"
"AS191181","Cerasin 810 cas no.8001750 /Cosmetic grade /Solid 5 kg /ขวด"
"AS191173","Carbopol Ultrez 20 cas no.96827-24-6 /Cosmetic grade /Powder /Acrylates/C10-30 Alkyl Acrylate Crosspolymer1 kg /ขวด"
"AS191165","Camphor C10H16Ocas no.76222 /Cosmetic grade /Solid 1 kg /ขวด"
"AS191160","Calcium chloride dihydrate CaCl2 ? 2H2Ocas no.10035048 /AR grade /Solid 500 g /ขวด"
"AS191163","Calcium hydroxide Ca(OH)2cas no.1305620 /AR grade /Solid 500 g /ขวด"
"AS191153","Butyl Methoxydibenzoylmethane (BMDM) C20H22O3 /Cosmetic grade /Solid 1 kg /ถุง"
"AS191154","Cadmium iodide CdI2cas no.7790809 /AR grade /Solid 50 g /ขวด"
"AS191144","Borax Na2B4O7 ? 10H2Ocas no.1303964 /Cosmetic grade /Solid 100 g /ขวด"
"AS191132","BASE 2227540 STRAWBERRY /Cosmetic grade /Liquid 100 g /ขวด"
"AS191134","BEHENYL ALCOHOL 65 C22H46O /Cosmetic grade /solid 1 kg /ขวด"
"AS191099","Aerosil 200 SIO2cas no.112945525 /Cosmetic grade /Solid 1 kg /ขวด"
"AS191100","Alcohol C2H6Ocas no.64175/COM grade /Liquid 1 kg /แกลลอน"
"AS191102","Alpha-arbutin C12H16O7cas no.30125210 /Cosmetic grade /Solid 20 g /ขวด"
"AS191108","AMIHOPE LL (LAUROYL LYSINE) cas no.52315750 /Cosmetic grade /Powder 1 kg /ถุง"
"AS191086","ABC 35% /Cosmetic grade /Liquid /Cocamidopropyl Betaine.1 kg /ขวด"
"AS191076","ยาดำ /Cosmetic grade /Solid /(สมุนไพรอบแห้ง)1 kg /ถุง"
"AS191060","n-Octanol [(C8H17OH)]cas no.111875 /Cosmetic grade /liquid 1 l /ขวด"
"AS191061","Lecithin [( [(CH3)3C]2C6H2(CH3)OH)]cas no.128370 /Cosmetic grade /powder 1 kg /ถุง"
"AS191062","Maltodextrin [(C7H4N2O6)]cas no.99343 /LR grade /powder 1 kg /ถุง"
"AS191063","Sodium erythorbate [(C11H16O2)]cas no.121006 /Food grade /Solid 1 kg /ขวด"
"AS191064","Sodium tripolyphosphate [(ClC6H2(CH3)2OH)]cas no.88040 /LR grade /powder 500 g /ขวด"
"AS191065","Xanthan gum [(C7H10O8S)]cas no.5965833 /Cosmetic grade /powder 500 g /ถุง"
"AS191066","Sodium hydroxide phosphate /AR grade 500 g /ขวด"
"AS191067","1,3-butylene glycol [C4H10O2]cas no.107880 /LR grade /Liquid 1 kg /ขวด"
"AS191068","1 - naphthol [C7H10OH]cas no.90153 /LR grade /Solid 100 g /ขวด"
"AS191069","1-Octanol [C8H17OH]cas no.111875 /Cosmetic grade /Liquid 500 ml /ขวด"
"AS191070","2,6-Di-tert-butyl-4-methylphenol [ [(CH3)3C]2C6H2(CH3)OH]cas no.128370 /Cosmetic grade /Solid 120 g /ขวด"
"AS191071","3,5-Dinitrobenzoic acid [C7H4N2O6]cas no.99343 /AR grade /Solid 500 g /ขวด"
"AS191072","3-Tert-buthyl-4-hydroxyanisole [C11H16O2]cas no.121006 /LR grade /Solid 100 g /ขวด"
"AS191073","4-Chloro-3,5-dimethylphenol (chloroxylenol) [ClC6H2(CH3)2OH]cas no.88040 /Cosmetic grade /Solid 250 g /ขวด"
"AS191074","5-Sulfosalicylic acid dihydrate [C7H10O8S]cas no.5965833 /Cosmetic grade /Solid 100 g /ขวด"
"AS191041","MYTAQ HS RED MIX, 2X, 200 RXN 1.00 KIT /AR grade /liquid 1 set /กล่อง"
"AS191042","RIBONUCLEASE A, 250 MG. /Cosmetic grade /liquid 250 g /หลอด"
"AS191043","1KB DNA LADDER RTU, 500 UL. /AR grade /liquid 500 UL /หลอด"
"AS191044","ECOR I, 5000 U /AR grade /liquid 5000 UL /หลอด"
"AS191045","IPTG, 1G. /AR grade /powder 100 g /ขวด"
"AS191046","KANAMYCIN SULPHATE, 1 G. /AR grade /powder 1 g /ขวด"
"AS191047","OLIGO PRIMER, 25 NMOLE /LR grade /liquid 1 เบส /หลอด"
"AS191048","PCR CLEAN UP & GEL EXTRACTION KIT 1.00 KIT /LR grade /liquid 1 set /กล่อง"
"AS191049","PHENOL/CHLOROFORM/ISOAMYL ALCOHOL, 1PHASE, 100 ML. /Cosmetic grade /liquid 100 ml /ขวด"
"AS191050","PLASMID MINIPREP KIT /LR grade /liquid 1 set /กล่อง"
"AS191051","PROTEINASE K, 100 MG. /Cosmetic grade /powder 100 mg /หลอด"
"AS191052","S.O.C. MEDIUM (10x10 ML) /Cosmetic grade /liquid 1 set /ขวด"
"AS191053","TA CLONING KIT W/ONE SHOT TOP 10, 20 RXN /AR grade /liquid 1 set /กล่อง"
"AS191054","Ammonium ferric citrate dihydrate /AR grade /powder 500 g /ขวด"
"AS191055","Ascorbic acid /LR grade /powder 500 g /ขวด"
"AS191056","Biuret solution /LR grade /liquid 100 ml /ขวด"
"AS191057","Celite [(C4H10O2)]cas no.107880 /ยา grade /powder 1 kg /ขวด"
"AS191058","Copper (II) sulfate pentahydrate [(C4H10O2)]cas no.107880 /Cosmetic grade /powder 500 g /ขวด"
"AS191059","Ferric chloride anhydrous (Iron (III) chloride) [(C7H10OH)]cas no.90153 /LR grade /powder 250 g /ขวด"
"AS191032","ชุดทดสอบยาฆ่าแมลง (30 ตย./ครั้ง) /AR grade /กล่อง"
"AS191033","Thiazoyl blue tetrazolium bromide (MTT) ขนาด 1 กรัม /LR grade /liquid 1 g /ขวด"
"AS191034","PCR master mix(ready to load with 10mMMgCl2 250 rxn) /AR grade /liquid 250 rxn /ชุด"
"AS191035","Fetal Bovine Serum /LR grade /liquid 100 ml /ขวด"
"AS191036","(100 bp DNA ladder ) /AR grade /liquid 500 ul /หลอด"
"AS191037","ไทโรซิเนส 1000 ยูนิตต่อมิลลิกรัม ขนาด 25 (Tyrosinase from mushroom lyophilized powder, ?1000 unit/mg ขนาด 25 KU) /COM grade /liquid /ขวด"
"AS191038","DNA polymerase 500 unit /AR grade /liquid /หลอด"
"AS191039","Oligosynthesis 25 nmol /Cosmetic grade /liquid 256 เบส /ขวด"
"AS191040","CTAB, 500 G. /AR grade /powder 500 g /ขวด"
"AS191026","ชุดตรวจสอบสารฟอกขาว /AR grade /กล่อง"
"AS191027","ชุดทดสอบโคลิฟอร์มน้ำ /AR grade /กล่อง"
"AS191028","ชุดตรวจสอบน้ำมันทอดซ้ำ /AR grade /กล่อง"
"AS191029","ชุดทดสอบสเตียรอยด์ /AR grade /กล่อง"
"AS191030","ชุดทดสอบไฮโดรควิโนน /AR grade /กล่อง"
"AS191020","tri Sodium citrate /LR grade /powder 500 g /ขวด"
"AS191021","Trypsin /AR grade /powder 1 g /ขวด"
"AS191022","Tween 20 /AR grade /liquid 100 ml /ขวด"
"AS191023","2,4,6-tris(2-pyridyl)-s-triazine , TPTZ /AR grade /powder 5 g /ขวด"
"AS191024","TA Cloning kit ขนาด 10 rxn/kit /Cosmetic grade 1 set"
"AS191001","Plasmid Mini kit /AR grade 50 ปฏิกิริยา /กล่อง"
"AS191002","RPMI 1640 แบบซอง /AR grade 10 ? 1L /ซอง"
"AS191003","Restriction enzyme Bam HI /AR grade 2500 unit /หลอด"
"AS191004","Restriction enzymeExbaI /ยา grade 1000 unit /หลอด"
"AS191005","Reverse Transciptase 2 Step (Viva 2 step RT-PCR kit with M-MuLV RT/Taq DNA polymerase /AR grade /หลอด"
"AS191006","(Ribozol RNA extraction) /AR grade /liquid 100 ml /ขวด"
"AS191007","RnaseH 500u/set /ยา grade 1 /แพ็ค"
"AS191008","Sodium dodecyl sulfate(SDS) /AR grade /powder 100 g /ขวด"
"AS191009","Sodium dodecyl sulfate(SDS) /AR grade /powder 1000 g /ขวด"
"AS191010","5-Sulphosalicylic acid /AR grade /powder 250 g /ขวด"
"AS191011","Sodium sulfate /Cosmetic grade /powder 1 kg /ขวด"
"AS191012","Sodium bisulfite /LR grade /powder 250 g /ขวด"
"AS191013","Sodium Pyruvate /Cosmetic grade /powder 25 g /ขวด"
"AS191014","Sodium nitroprusside dihydrate /LR grade /powder 100 g /ขวด"
"AS191015","Sodium tartrate dihydrate /LR grade /powder 500 g /ขวด"
"AS191016","sodium hydroxide /AR grade /powder 1 kg /ขวด"
"AS191017","Sephacryl S-100HR /AR grade /liquid 150 ml /ขวด"
"AS191018","Sodium bicarbonate /AR grade /powder 1 kg /ขวด"
"AS191019","10% Sodium Hypochlorite /LR grade /liquid 5 L /แกลลอน"
"AS190984","Linoleic /LR grade /liquid 250 ml /ขวด"
"AS190985","L-cysteine hydrochloride /BP grade /powder 25 g /ขวด"
"AS190986","Liquid nitrogen /Cosmetic grade 30 L /รอบ"
"AS190988","MTT dye , 3-(4,5-dimethylthiazol-2-yl)-2,5-diphenyltetrazolium bromide /Cosmetic grade /powder 1 g /ขวด"
"AS190989","marker 100 BP - 1.5 kb /LR grade /แพ็ค"
"AS190990","Malt extract agar /LR grade /powder 100 g /ขวด"
"AS190991","Ninhydrin /Cosmetic grade /powder 25 g /ขวด"
"AS190992","1-Naphthol /AR grade /powder 100 g /ขวด"
"AS190993","Orcinol /AR grade /powder 25 g /ขวด"
"AS190994","Potassium di-hydrogen phosphate(KH2PO4) /AR grade /powder 500 g /ขวด"
"AS190995","Phenol /LR grade /powder 500 g /ขวด"
"AS190996","Phenyl Sepharose /LR grade /liquid 200 ml /ขวด"
"AS190997","protein marker /LR grade 500 u /หลอด"
"AS190998","Multicolor Broad Range Protein Ladder /AR grade 250 ul /หลอด"
"AS190999","Pierce? Protein Concentrators PES, /Food grade /ชุด"
"AS191000","Plasmid extraction kit 100 rex /AR grade 100 ปฏิกิริยา /กล่อง"
"AS190982","Kanamycin /Cosmetic grade /powder 5 g /ขวด"
"AS190971","Absolute ethanol ขนาด 2.5 ลิตร /AR grade /liquid 2.5 L /ขวด"
"AS190972","ethanol 99.9% /AR grade /liquid 1 L /ขวด"
"AS190963","dNTP set (4x25 umol)) /AR grade 100 mM /หลอด"
"AS190964","d-NTP, 10 mM /AR grade 10 mM /หลอด"
"AS190965","d-NTP set , 100 mM /Food grade 100 mM /หลอด"
"AS190966","100 bp DNA Ladder H3 RTU /Food grade 500 ul /หลอด"
"AS190967","1 kb DNA Ladder RTU /AR grade 500 ul /หลอด"
"AS190968","Ethy lenedtaminctetraacetic acid (EDTA) /AR grade /powder 500 g /ขวด"
"AS190974","Ferrous sulfate /AR grade /powder 500 g /ขวด"
"AS190975","Gallic acid /AR grade /powder 100 g /ขวด"
"AS190976","Gel Loading Dye, Blue (6X)) /Cosmetic grade 1 /หลอด"
"AS190977","Glass wool for laboratory use /Cosmetic grade /powder 500 g /ขวด"
"AS190978","Glycerol /Cosmetic grade /liquid 1 L /ขวด"
"AS190979","Gel Extraction Kit /Food grade 50 set /กล่อง"
"AS190980","Hydrochloric acid /Food grade /liquid 2.5 L /ขวด"
"AS190981","Iron(II) sulfate heptahydrate /LR grade /powder 100 g /ขวด"
"AS190943","(Antibiotic /Antimycotic Solution) แอนตี้ไบโอติกแอนตี้ไมโคไซด์ /Food grade /liquid 100 ml /ขวด"
"AS190945","N-Butanol /AR grade /liquid 2.5 L /ขวด"
"AS190946","Bovine serum albumin (BSA) ขนาด 10 กรัม /Cosmetic grade /powder 10 g /ขวด"
"AS190947","Buffer Solution pH 4.0 ขนาด 1000 มิลลิลิตร /Cosmetic grade /liquid 1000 ml /ขวด"
"AS190948","Buffer Solution pH 7.0 ขนาด 1000 มิลลิลิตร /AR grade /liquid 1000 ml /ขวด"
"AS190949","Buffer Solution pH 10 ขนาด 1000 มิลลิลิตร /LR grade /liquid 1000 ml /ขวด"
"AS190950","Butylated hydroxyanisole (BHA) /ยา grade /powder 100 g /ขวด"
"AS190951","Blood DNA Kit /AR grade /powder 50 set /กล่อง"
"AS190952","LB broth /LR grade /powder 500 g /ขวด"
"AS190953","Copper acetate monohydrate /AR grade /powder 500 g /ขวด"
"AS190954","Carbondioxide gase /AR grade /powder 25 kg /รอบ"
"AS190955","di sodium hydrogen phos phate /LR grade /powder 500 g /ขวด"
"AS190956","DEAE-Sephacel /LR grade /liquid 500 ml /ขวด"
"AS190957","Dialysis Tubing, Benzoylated Mw cut off 2000 MW 5 Ft /AR grade 9 mm /ชุด"
"AS190958","Developer /AR grade /liquid 5 L /แกลลอน"
"AS190959","DNA T4 Ligase /COM grade 4000 unit /หลอด"
"AS190960","Deionized water /AR grade /liquid 20 L /แกลลอน"
"AS190961","Dimethyl sulfoxide (DMSO) /Cosmetic grade /liquid 500 ml /ขวด"
"AS190962","Dimethyl sulfoxide (DMSO) /LR grade /liquid 500 ml /ขวด"
"AS190936","Acitic acid /AR grade /liquid 2.5 L /ขวด"
"AS190937","LB Agar /Cosmetic grade /powder 250 g /ขวด"
"AS190938","Aluminum (III) chloride hexahydrate /AR grade /powder 500 g /ขวด"
"AS190939","Ambiclean kit (PCR & Gel), 50 preps /AR grade 100 ปฏิกิริยา /กล่อง"
"AS190940","?-Amanitin /Cosmetic grade /powder 1 g /ขวด"
"AS190941","Amonium acetate /AR grade /powder 500 g /ขวด"
"AS190942","Ammonium persulphate /LR grade /powder 25 g /ขวด"
"AS190924","Restriction emzyme, HhaI /ยา grade /liquid - ul /หลอด"
"AS190925","3M sodium acetate (pH 5.2) cas no.6104592 /LR grade /Liquid 500 ml /ขวด"
"AS190926","Sodium molybdate dihydrate /LR grade /powder 500 g /ขวด"
"AS190927","Stearic acid /LR grade /powder 1 kg /ขวด"
"AS190928","Trithanolamine /AR grade /powder 1 kg /ขวด"
"AS190929","10X TBE (Tris-Borate-EDTA) pH8.0 /Cosmetic grade /liquid 1000 ml /ขวด"
"AS190930","Alpha-Tocophenol phosphate, disodium salt /LR grade /powder 25 g /ขวด"
"AS190931","Vitamin B12 /AR grade /liquid 250 mg /ขวด"
"AS190932","Corn steep liquor /LR grade /powder 500 g /ขวด"
"AS190933","Dixon's Agar (twin pack) /Cosmetic grade /powder 500 g /ขวด"
"AS190934","ISP medium No.4 (Inorganic salt starch agar) /Cosmetic grade /powder 500 g /ขวด"
"AS190907","Coaglulate plasma , rabbit with EDTA /Cosmetic grade /Liquid 3 ml /ขวด"
"AS190908","Cytryl alcohol /Cosmetic grade /powder 1 kg /ขวด"
"AS190909","Cyclomethicone /Cosmetic grade /powder 1 kg /ขวด"
"AS190910","Calcifirol (Vitamin D2) (Ergocalciferol) /LR grade /powder 1 g /ขวด"
"AS190911","4-Dimethylaminobenzaldehyde /LR grade /powder 100 g /ขวด"
"AS190912","Decon /Cosmetic grade /Liquid 5 L /แกลลอน"
"AS190913","Dettol /AR grade /Liquid 5 L /แกลลอน"
"AS190914","Deoxycholic acid /AR grade /powder 25 g /ขวด"
"AS190915","Diethanolamine /AR grade /powder 1 kg /ขวด"
"AS190916","DPPH [(Na2MoO4.2H2O)]cas no.10102406 /AR grade /powder 1 g /ขวด"
"AS190917","0.5M EDTA (pH 8.0) /LR grade /Liquid 500 ml /ขวด"
"AS190918","Folin /LR grade /Liquid 500 ml /ขวด"
"AS190919","Glycerin /Cosmetic grade /Liquid 450 ml /ขวด"
"AS190920","Glyceryl Monostearate (GMS) /AR grade /powder 1 kg /ขวด"
"AS190921","Haematoxylin /AR grade /Liquid 450 ml /ขวด"
"AS190922","Methyl paraben /AR grade /powder 1 kg /ขวด"
"AS190923","propyl paraben /AR grade /powder 1 kg /ขวด"
"AS190890","Zinc acetrate 2-hydrate [(น้ำยาทดสอบ)] /LR grade /powder 500 g /ขวด"
"AS190891","Zinc Chloride [(น้ำยาทดสอบ)] /LR grade /powder 500 g /ขวด"
"AS190892","Zinc Dust [((CH3)3C]2C6H2(CH3)OH)]cas no.128370 /LR grade /powder 1000 g /ขวด"
"AS190893","Zinc nitrate cas no.8008637 /LR grade /powder 500 g /ขวด"
"AS190894","Zinc Sulfate [(C5H13Cl12N)]cas no.999815 /LR grade /powder 500 g /ขวด"
"AS190895","?-Amanitin [(CaCl2.2H2O)]cas no.10035048 /LR grade /powder 1 g /ขวด"
"AS190896","?-Lipoic acid = Thioctic acid [(Ca3(C6H5O7)2.4H2O)]cas no.813945 /LR grade /powder 500 mg /ขวด"
"AS190897","Amido Black 10B /AR grade /powder 25 g /ขวด"
"AS190898","Atifoam /LR grade /Liquid 250 ml /ขวด"
"AS190899","Buffer Solution pH 4 /AR grade /Liquid 500 ml /ขวด"
"AS190900","Buffer Solution pH 7 /LR grade /Liquid 500 ml /ขวด"
"AS190901","Buffer Solution pH 10 [(C9H11NO)] /AR grade /Liquid 500 ml /ขวด"
"AS190902","Butylated Hydroxy Toluene (2,6 Tert butyl-4-methylphenol) /Cosmetic grade /powder 250 g /ขวด"
"AS190903","Bovine bile /LR grade /powder 10 g /ขวด"
"AS190904","2-Chloroethylmethyl ammonium chloride [(C24H40O4)]cas no.83443 /Cosmetic grade /powder 25 g /ขวด"
"AS190905","Calcium chloride dihydrate /AR grade /powder 500 g /ขวด"
"AS190906","Calcium citrate (tri-Calcium dicitrate tetrahydrate) /LR grade /powder 500 g /ขวด"
"AS190871","Urea agar base [(C25H27N2O6S2Na)]cas no.2650171 /LR grade /powder 500 g /ขวด"
"AS190872","Urea broth base [(C8H10)]cas no.1330207 /LR grade /powder 500 g /ขวด"
"AS190873","Vasopressin [(C6H4(CH3)2)]cas no.1330207 /LR grade /Powder 0.5 mg /ขวด"
"AS190874","Vibrio cholerae polyvalent O1 antiserum /LR grade /liquid 2 ml /ขวด"
"AS190875","Vibrio cholerae polyvalent O139 antiserum /LR grade /liquid 2 ml /ขวด"
"AS190876","Violet Red Bile Agar /LR grade /powder 500 g /ขวด"
"AS190877","Wright Stain /AR grade /powder 25 g /ขวด"
"AS190878","Xanthine98% /LR grade /powder 25 g /ขวด"
"AS190879","XLD agar /LR grade /powder 500 g /ขวด"
"AS190880","Xylene [(ZnC4H6O4 (dihydrate))]cas no.5970456 /LR grade /liquid 2.5 L /ขวด"
"AS190881","Xylene cyanol FF [(ZnCl2)]cas no.7646857 /LR grade /powder 20 g /ขวด"
"AS190882","Xylene RpE-ACS /LR grade /liquid 2.5 L /ขวด"
"AS190883","Xylenes [(Zn(NO3)2.6H2O)]cas no.10196186 /AR grade /liquid 4 L /ขวด"
"AS190884","Yeast Carbon Base [(ZnSO4.7H2O)]cas no.7446200 /AR grade /powder 100 g /ขวด"
"AS190885","Yeast Extract granulated cas no.23109059 /LR grade /powder 500 g /ขวด"
"AS190886","Yeast Extract Powder [(C8H14O2S2)]cas no.1077287 /AR grade /powder 500 g /ขวด"
"AS190887","Yeast Malt Agar (YM agar) [(C22H14N6Na2O9S2)]cas no.1064488 /LR grade /powder 500 g /ขวด"
"AS190888","Yeast Malt Broth(YM) /LR grade /powder 500 g /ขวด"
"AS190889","Yeast Nitrogen Base [(น้ำยาทดสอบ)] /LR grade /powder 100 g /ขวด"
"AS190851","Tris-hydroxymethyl-aminomethane (Tris-Base) = Tris (hydroxymethyl) methylamine cas no.91079402 /AR grade /powder 500 g /ขวด"
"AS190852","Triton x - 100 /AR grade /liquid 500 ml /ขวด"
"AS190853","Triton X-100 /AR grade /liquid 1000 ml /ขวด"
"AS190854","Trypan Blue /LR grade /powder 25 g /ขวด"
"AS190855","Trypan blue stain (0.4%) /AR grade /liquid 100 ml /ขวด"
"AS190856","Trypsin [(C37H41ClN2O6.HCl.5H2O)]cas no.6989986 /LR grade /powder 50 g /ขวด"
"AS190857","Trypsin-EDTA cas no.9005645 /LR grade /liquid 100 ml /ขวด"
"AS190858","Trypticase soy broth cas no.9005645 /LR grade /powder 500 g /ขวด"
"AS190859","Tryptone cas no.9005655 /AR grade /powder 500 g /ขวด"
"AS190860","Tryptone glucose yeast extract agar [(CH4N2O)]cas no.57136 /LR grade /powder 500 g /ขวด"
"AS190861","Tryptone Powder , Casein Peptone /LR grade /powder 500 g /ขวด"
"AS190862","Tryptone type I = Casein enzyme hydrolysate type I /LR grade /powder 500 g /ขวด"
"AS190863","Tryptone water cas no.16679586 /LR grade /powder 500 g /ขวด"
"AS190864","Tryptose /LR grade /powder 500 g /ขวด"
"AS190865","TSC agar /LR grade /powder 500 g /ขวด"
"AS190866","Tubocurarine hydrochloride pentahydrate /LR grade /Powder 100 mg /ขวด"
"AS190867","Tween 20 /LR grade /liquid 1000 ml /ขวด"
"AS190868","Tween 20 cas no.69896 /AR grade /liquid 500 ml /ขวด"
"AS190869","Tween 80 /LR grade /liquid 500 ml /ขวด"
"AS190870","urea [( C8H10)]cas no.1330207 /AR grade /Powder 500 g /ขวด"
"AS190832","Thidiazuron [(Ca3(PO4)2)]cas no.7758874 /LR grade /powder 25 mg /ขวด"
"AS190833","Thiobarbituric acid (TBA) [(CCl3COOH)]cas no.76039 /LR grade /powder 100 g /ขวด"
"AS190834","Thioglycolate medium [(N(CH2CH2OH)3)] /LR grade /powder 500 g /ขวด"
"AS190835","Thymol [(C9H18O3)]cas no.682097 /LR grade /powder 100 g /ขวด"
"AS190836","Thymol blue [(C57H104O6)]cas no.122327 /LR grade /powder 25 g /ขวด"
"AS190837","Tin (II) chloride /LR grade /powder 100 g /ขวด"
"AS190838","Titanium (II) sulfate solution [(C4H11NO3•HCl)]cas no.1185531 /AR grade /liquid 100 ml /ขวด"
"AS190839","Todd Hewitt broth [(C4H11NO3ClH)]cas no.1185831 /LR grade /powder 500 g /ขวด"
"AS190840","tri -Sodium orthophosphate [(C4H11NO3)]cas no.77861 /AR grade /powder 500 g /ขวด"
"AS190841","tri-Ammonium citrate (Ammonium citrate tribasic) [(C4H11NO3)]cas no.77861 /LR grade /powder 500 g /ขวด"
"AS190842","tri-Calcium phosphate [(C34H62O11)]cas no.9002931 /LR grade /powder 500 g /ขวด"
"AS190843","Trichloroacetic acid (TCA) [(C9H62O4)]cas no.9002931 /LR grade /powder 250 g /ขวด"
"AS190844","Triethanolamine [(C34H24N6Na4O14S4)]cas no.72571 /LR grade /liquid 2.5 L /ขวด"
"AS190845","Trimethylolpropane allyl ether  (TMP)  [( C34H24N6Na4O14S4)]cas no.72571 /LR grade /liquid 500 ml /ขวด"
"AS190846","Triolein cas no.9002077 /AR grade /liquid 500 ml /ขวด"
"AS190847","Triple sugar iron agar cas no.9002077 /LR grade /powder 500 g /ขวด"
"AS190848","Tris HCl [Trizma hydrochloride] /LR grade /powder 50 g /ขวด"
"AS190849","Tris hydrochloride (Tris-HCl) cas no.91079402 /LR grade /powder 500 g /ขวด"
"AS190850","Tris-base[ 2-Amino-2-(hydroxymethyl)-1,3-propanediol] /LR grade /powder 500 g /ขวด"
"AS190811","Sucrose /HPLC grade /powder 1 kg /ขวด"
"AS190812","Sucrose cas no.1401554 /LR grade /powder 500 g /ขวด"
"AS190813","Sudan black B /LR grade /powder 25 g /ขวด"
"AS190814","Sulfamic acid [((CHOH.COOH)2)]cas no.87694 /AR grade /powder 500 g /ขวด"
"AS190815","Sulfuric acid /AR grade /liquid 2.5 L /ขวด"
"AS190816","Sulfuric acid 50% /AR grade /liquid 2.5 L /ขวด"
"AS190817","Sulfuric acid 98% /AR grade /liquid 2.5 L /ขวด"
"AS190818","sulphanilamide [(C22H24N2O8.HCl)]cas no.64755 /LR grade /powder 100 g /ขวด"
"AS190819","Sulphanilic acid [(C8H20ClN.xH2O)]cas no.56348 /LR grade /powder 100 g /ขวด"
"AS190820","SYTO9 Green Fluorescent Nucleic Acid Stain /LR grade /liquid 500 ul /หลอด"
"AS190821","TA cloning vector kit 20 reaction. [(C12H17ClN4OS.HCl)]cas no.67038 /LR grade /liquid - tube /กล่อง"
"AS190822","Tannic acid [(C9H8N4OS)]cas no.51707552 /LR grade /powder 500 g /ขวด"
"AS190823","Taq dna polymerase [(C4H4N2O2S)]cas no.504176 /AR grade /liquid - ul /หลอด"
"AS190824","Tartaric acid /LR grade /powder 500 g /ขวด"
"AS190825","TBE buffer (Tris-borate-EDTA) 10X solution [((CH3)2CHC6H3(CH3)OH)]cas no.89838 /AR grade /liquid 4 L /ขวด"
"AS190826","TCBS Agar = Thioglycolate citrate bile salt sucrose Agar [(C27H30O5S)]cas no.76619 /LR grade /powder 500 g /ขวด"
"AS190827","Teepol pure (detergent) [(SnCl2.2H2O)]cas no.10025691 /LR grade /liquid 3.8 ml /แกลลอน"
"AS190828","Tetracyclin hydrochloride /AR grade /powder 25 g /ขวด"
"AS190829","Tetraethylamonium chloride hydrate /LR grade /Powder 25 g /ขวด"
"AS190830","Tetrationate broth base [(Na3PO4.12H2O)]cas no.7601549 /LR grade /powder 500 g /ขวด"
"AS190831","Thiamine hydrochloride (vitamin B1) [((NH4)3C6H5O7)]cas no.3458728 /LR grade /powder 100 g /ขวด"
"AS190791","Sodium nitroprusside [(NaWO4.2H2O)]cas no.10213102 /AR grade /powder 100 g /ขวด"
"AS190792","Sodium potassium tartrate tetrahydrate = Potassium sodium (+) -tartrate [(Na2C4H4O6.2H2O)]cas no.6106247 /HPLC grade /powder g /ขวด"
"AS190793","Sodium propionate [(C6H8O2)]cas no.110441 /HPLC grade /powder 500 g /ขวด"
"AS190794","Sodium pyrophosphate tetrabasic /AR grade /powder 500 g /ขวด"
"AS190795","Sodium Pyruvate [((C6H10O5)n)]cas no.9005849 /HPLC grade /powder 100 g /ขวด"
"AS190796","Sodium sulfate anhydrous /AR grade /powder 1 kg /ขวด"
"AS190797","Sodium sulphate /AR grade /powder 500 g /ขวด"
"AS190798","Sodium sulphite anhydrous /AR grade /powder 1000 g /ขวด"
"AS190799","Sodium sulphite anhydrouse [((C21H39N7O12)2(H2SO4)3)]cas no.3810740 /AR grade /powder 500 g /ขวด"
"AS190800","Sodium thiosulphate [((CH2COOH)2)]cas no.110156 /AR grade /powder 500 g /ขวด"
"AS190801","Sodium tungstate [(C12H22O11)]cas no.57501 /AR grade /powder 100 g /ขวด"
"AS190802","Sodium(+)-tartrate [(C12H22O11)]cas no.57501 /AR grade /powder 500 g /ขวด"
"AS190803","Sorbic acid [(C29H24N6)]cas no.4197255 /AR grade /powder 250 g /ขวด"
"AS190804","Staphylococcus medium [(NH2SO3)]cas no.5329146 /AR grade /powder 500 g /ขวด"
"AS190805","Starch Soluble [(H2SO4)]cas no.7664939 /AR grade /powder 500 g /ขวด"
"AS190806","Storage solution [(H2SO4)]cas no.7664933 /AR grade /liquid 500 ml /ขวด"
"AS190807","Strach casien agar [(H2SO4)] /AR grade /powder 500 g /ขวด"
"AS190808","Streptococcus selective agar [(C6H8N2O2S)]cas no.63741 /AR grade /powder 500 g /ขวด"
"AS190809","Streptomycin sulphate [(NH2C6H4SO3H)] /AR grade /powder 25 g /ขวด"
"AS190810","Succinic acid /Reagent Plus? grade /powder 500 g /ขวด"
"AS190771","Sodium carbonate anhydrous [(HOCH2SOONa)]cas no.149440 /Unionsci grade /powder 500 g /ขวด"
"AS190772","Sodium Carboxymethyl cellulose [((NaPO3)n.Na2O)]cas no.10124568 /Srichand grade /powder 1 kg /ขวด"
"AS190773","Sodium chlorate [(NaHCO3)]cas no.144558 /Unionsci grade /powder 500 g /ขวด"
"AS190774","Sodium chloride [(NaOH)]cas no.1310732 /Unionsci grade /powder 1 kg /ขวด"
"AS190775","Sodium Chloride [(NaOCl)]cas no.7681529 /Rcilahscan grade /powder 500 g /ขวด"
"AS190776","Sodium citrate = tri-Sodium citrate dihydrate [(NaI)]cas no.7681825 /Unionsci grade /powder 500 g /ขวด"
"AS190777","Sodium Deoxycholate [(C3H5NaO3 )]cas no.867561 /Unionsci grade /powder 500 g /ขวด"
"AS190778","Sodium dihydrogen orthrophosphate (sodium di hydrogen phosphate dihydrate) [(Na2MoO4)]cas no.7631950 /Srichand grade /powder 500 g /ขวด"
"AS190779","Sodium dodecyl sulfate [(NaNO3)]cas no.7631994 /Unionsci grade /powder 500 g /ขวด"
"AS190780","Sodium dodecyl sulfate (SDS) [(NaNO2)]cas no.7632000 /Unionsci grade /powder 500 g /ขวด"
"AS190781","Sodium formaldehyde sulfoxylate [(Na2[Fe(CN)5NO]2H2O)]cas no.13755389 /Unionsci grade /powder 250 g /ขวด"
"AS190782","Sodium hexametaphosphate [(C4H4O6KNa?4H2O)]cas no.6381595 /Sigma grade /powder 500 g /ขวด"
"AS190783","Sodium hydrogen carbonate (Sodium bicarbonate ) [(C3H5O2Na)]cas no.137406 /AR grade /powder 500 g /ขวด"
"AS190784","Sodium hydroxide [(Na4P2O7)]cas no.7722885 /AR grade /Solid 1 kg /ขวด"
"AS190785","Sodium hypochlorite solution [(C3H3NaO3)]cas no.113246 /AR grade /powder 500 ml /ขวด"
"AS190786","Sodium iodide [(Na2SO4)]cas no.7757826 /AR grade /powder 500 g /ขวด"
"AS190787","Sodium L-lactate [(Na2SO4)]cas no.7757826 /HPLC grade /powder 5 g /ขวด"
"AS190788","Sodium molybdate anhydrous [(Na2SO3)]cas no.7757837 /AR grade /powder 500 g /ขวด"
"AS190789","Sodium nitrate [(Na2SO3)]cas no.7757867 /AR grade /powder 500 g /ขวด"
"AS190790","Sodium nitrite [(Na2S2O3)]cas no.77772987 /AR grade /powder 500 g /ขวด"
"AS190752","Salmonella shigella agar = SS agar /AR grade /powder 500 g /ขวด"
"AS190753","Selenium dioxide /Hong Huat grade /powder 100 g /ขวด"
"AS190754","Sephacryl S-100HR [(CH3CH(OH)COONa )]cas no.72173 /Unionsci grade /liquid 150 ml /ขวด"
"AS190755","SFP Agar Base [(CH3COONa)]cas no.127093 /Unionsci grade /powder 500 g /ขวด"
"AS190756","Sheep's blood [(CH3COONa.3H2O)]cas no.6131904 /Unionsci grade /liquid 50 ml /ขวด"
"AS190757","Silicone grease (High vacuum gresae) [(NaN3)]cas no.26628228 /Unionsci grade /powder 100 g /ขวด"
"AS190758","Silver nitrate [(NaHCO3)]cas no.144558 /Unionsci grade /powder 100 g /ขวด"
"AS190759","Silver nitrate [(HNaO3S)]cas no.7631905 /Unionsci grade /powder 100 g /ขวด"
"AS190760","Silver sulphate [(NaBr)]cas no.7647156 /Unionsci grade /powder 50 g /ขวด"
"AS190761","SIM medium [(Na2CO3)]cas no.497198 /Unionsci grade /powder 500 g /ขวด"
"AS190762","Simmon citrate agar cas no.9004324 /Unionsci grade /powder 500 g /ขวด"
"AS190763","Skim milk [(ClNaO3)]cas no.7775099 /Hong Huat grade /powder 500 g /ขวด"
"AS190764","Sodium (5)-lactate-solution 50% [(NaCl)]cas no.7647145 /Unionsci grade /powder 2.5 L /ขวด"
"AS190765","Sodium acetate anhydrous [(NaCl)]cas no.7647145 /Unionsci grade /powder 500 g /ขวด"
"AS190766","Sodium acetate trihydrate [(C6H5Na3O7.2H2O )]cas no.6132043 /Unionsci grade /powder 500 g /ขวด"
"AS190767","Sodium azide /Unionsci grade /powder 500 g /ขวด"
"AS190768","Sodium bicarbonate [(NaH2PO4.2H2O)]cas no.13472350 /Unionsci grade /powder 1 kg /ขวด"
"AS190769","Sodium bisulfite [(C12H25NaO4S)]cas no.151213 /Unionsci grade /powder 500 g /ขวด"
"AS190770","Sodium bromide [(C12H25NaO4S)]cas no.151213 /Unionsci grade /powder 500 g /ขวด"
"AS190733","Restriction emzyme, Hindlll /AR grade /liquid - ul /หลอด"
"AS190734","Restriction enzyme Sfr274I /AR grade /liquid 500 unit /หลอด"
"AS190735","Restriction enzymeExbaI /AR grade /liquid 1000 unit /หลอด"
"AS190736","Reverse Transciptase 2 Step (Viva 2 step RT-PCR kit with M-MuLV RT/Taq DNA polymerase /AR grade /liquid - ul /หลอด"
"AS190737","Rhamnose Broth /AR grade /powder 100 g /ขวด"
"AS190738","Riboflavin (vitamin B2) [(C7H5NO3S)]cas no.81072 /AR grade /powder 25 g /ขวด"
"AS190739","Ribose [(C20H19ClN4)] /AR grade /powder 5 g /ขวด"
"AS190740","Ribozol RNA extraction [(C20H19ClN4)]cas no.477736 /AR grade /liquid 100 ml /ขวด"
"AS190741","Rnase A [(HOC6H4COOH)]cas no.69727 /AR grade /powder 250 mg /ขวด"
"AS190742","Rose bengal /GR grade /powder 100 g /ขวด"
"AS190743","Rose Bengal Agar [(SeO2)]cas no.7782492 /LR grade /powder 500 g /ขวด"
"AS190744","RPMI 1640 แบบซอง cas no.65546954 /LR grade /powder 1 L1 ซอง /กล่อง"
"AS190745","RPMI-1640 medium /LR grade /liquid 10 ml /หลอด"
"AS190746","RVS broth /LR grade /powder 500 g /ขวด"
"AS190747","Sabouroud 4% dextrose agar /AR grade /powder 500 g /ขวด"
"AS190748","Saccharin [(AgNO3)]cas no.7761888 /AR grade /powder 250 g /ขวด"
"AS190749","Safranin O [(AgNO3)]cas no.7761888 /AR grade /powder 25 g /ขวด"
"AS190750","Safranin T [(Ag2SO4)]cas no.10294265 /AR grade /powder 25 g /ขวด"
"AS190751","Salicylic acid /LR grade /powder 500 g /ขวด"
"AS190714","Prestained SDS-PAGE Standards [(C3H3O3Na)]cas no.113246 /AR grade - กล่อง /ขวด"
"AS190715","primer (ลำดับเบสสำหรับทำปฏิกิริยา) /LR grade /liquid - ul /หลอด"
"AS190716","protein marker [(C12H6NNaO4)]cas no.62758138 /LR grade /liquid 500 unit /หลอด"
"AS190717","Proteinase K [(C6H6O2)]cas no.108463 /AR grade /powder 5 g /ขวด"
"AS190718","Proteinase K /LR grade /powder 100 mg /ขวด"
"AS190719","Proteose peptone /AR grade /powder 500 g /ขวด"
"AS190720","Pseudomonas agar F (for fluorescein) /AR grade /powder 500 g /ขวด"
"AS190721","Pseudomonas agar P (for pyocyanin) /AR grade /powder 500 g /ขวด"
"AS190722","Pyridoxine hydrochloride (Vitamin B6) /LR grade /powder 25 g /ขวด"
"AS190723","Pyrogallic acid (Pyrogallol) /LR grade /powder 100 g /ขวด"
"AS190724","Pyruvic acid sodium salt /AR grade /powder 25 g /ขวด"
"AS190725","Redseft /LR grade /liquid /ความเข้มข้น 20,000x1 ml /หลอด"
"AS190726","Resasurin /AR grade /powder 5 g /ขวด"
"AS190727","Resorcinol /LR grade /powder 100 g /ขวด"
"AS190728","Restriction emzyme, BstHH I [(C17H20N4O6)]cas no.83885 /LR grade /liquid - ul /หลอด"
"AS190729","Restriction emzyme, Hinf I [(C5H10O5)]cas no.50691 /AR grade /liquid - ul /หลอด"
"AS190730","Restriction emzyme, BamHl /LR grade /liquid 2500 unit /หลอด"
"AS190731","Restriction emzyme, EcoRl cas no.9001994 /AR grade /liquid 2500 unit /หลอด"
"AS190732","Restriction emzyme, Haelll cas no.632699 /AR grade /liquid - ul /หลอด"
"AS190711","Potassium thiocyanate /LR grade /powder 500 g /ขวด"
"AS190712","Potato dextrose Agar [(C9H11NO3.HCl)]cas no.58560 /AR grade /powder 500 g /ขวด"
"AS190689","Potassium dichromate [(KIO3)]cas no.7758056 /AR grade /powder 500 g /ขวด"
"AS190690","Potassium dihydrogen citrate [(KI)]cas no.7681110 /LR grade /powder 250 g /ขวด"
"AS190691","Potassium dihydrogen orthophosphate (Potassium Dihydrogen phosphate) [(KI)]cas no.7681110 /LR grade /powder 500 g /ขวด"
"AS190692","Potassium dihydrogen phosphate [(KNO3)]cas no.7757791 /LR grade /Powder 1000 g /ขวด"
"AS190693","Potassium ferric cyanide [(KNO3)]cas no.7757791 /LR grade /powder 250 g /ขวด"
"AS190694","Potassium ferrocyanide [(K2C2O4?H2O)]cas no.6487485 /LR grade /powder 500 g /ขวด"
"AS190695","Potassium hydrogen phtalate [(KMnO4 )]cas no.7722647 /AR grade /powder 500 g /ขวด"
"AS190696","Potassium hydrogen sulphate [(K2S2O8 )]cas no.7727211 /LR grade /powder 500 g /ขวด"
"AS190697","Potassium hydroxide [(NaKC4H4O6.4H2O )]cas no.6381595 /AR grade /solid 1 kg /ขวด"
"AS190698","Potassium hydroxide pellet [(K2SO4)]cas no.7778805 /AR grade /solid 500 g /ขวด"
"AS190699","Potassium iodate [(K2SO4)]cas no.7778805 /AR grade /powder 500 g /ขวด"
"AS190700","Potassium iodide [(K2TeO3)]cas no.123333664 /LR grade /powder 500 g /ขวด"
"AS190701","Potassium iodide [(KSCN)]cas no.333200 /LR grade /powder 1000 g /ขวด"
"AS190702","Potassium nitrate /AR grade /powder 1 kg /ขวด"
"AS190703","Potassium nitrate /LR grade /powder 500 g /ขวด"
"AS190704","Potassium oxalate /AR grade /powder 500 g /ขวด"
"AS190705","Potassium permanganate (ด่างทับทิม) [((ลำดับเบสสำหรับทำปฏิกิริยา))] /LR grade /powder 500 g /ขวด"
"AS190706","Potassium peroxodisulfate /LR grade /powder 500 g /ขวด"
"AS190707","Potassium sodium (+) -tartrate tetrahydrate cas no.39450016 /AR grade /powder 500 g /ขวด"
"AS190708","Potassium sulfate cas no.39450017 /AR grade /powder 1 kg /ขวด"
"AS190709","Potassium sulphate /AR grade /powder 500 g /ขวด"
"AS190710","Potassium tellurite trihydrate /AR grade /powder 100 g /ขวด"
"AS190665","Phenol:Chlorloform:Isoamylalcohol (25:24:1) /AR grade /liquid 400 ml /ขวด"
"AS190666","Phenolphthalein [(C6H5CH2SO2F)]cas no.329986 /ยา grade /powder 100 g /ขวด"
"AS190667","Phenyl Sepharose [(O2NC6H4OP(O)(ONa)2)]cas no.4264839 /AR grade /liquid 200 ml /ขวด"
"AS190668","Phosphate buffered saline /AR grade /liquid 1000 ml /ขวด"
"AS190669","Phosphate buffered saline tablet pH7.4 [(HO(C2H4O)nH )]cas no.25322683  /ยา grade /tablet 50 เม็ด /ขวด"
"AS190670","Phosphate Ver3 [(C55H96N16O13.2H2O)]cas no.1405205 /ยา grade /liquid - ซอง /แพ็ค"
"AS190671","Phosphomolybdic acid (dodeca-Molybdophosphoric acid) [([-CH2CHOH-]n)]cas no.9002895 /ยา grade /powder 100 g /ขวด"
"AS190672","Phosphotungstic acid [(CH3COOK)]cas no.127082 /LR grade /powder 100 g /ขวด"
"AS190673","Plasmid extraction kit 100 rex [(KBr)]cas no.7758023 /LR grade /powder - ul /กล่อง"
"AS190674","Plate count agar [(KCl)]cas no.74747407 /LR grade /powder 500 g /ขวด"
"AS190675","Platinum Taq DNA polymerase, 500 U [(KCl)]cas no.7447407 /ยา grade /liquid 500 unit /หลอด"
"AS190676","PMSF [(K2CrO4)]cas no.7789006 /ยา grade /powder 5 g /ขวด"
"AS190677","p-Nitrophenyl Phosphate Liquid [(KH2C6H5O7)]cas no.866831 /AR grade /powder 100 ml /ขวด"
"AS190678","Ponceau S staining solution [(KCN)]cas no.151508 /AR grade /ความเข้มข้น 5x50 ml /ขวด"
"AS190679","polyethylene glycol 6000 [(K2Cr2O7)]cas no.7778509 /HPLC grade /powder 500 g /ขวด"
"AS190680","Polymycin B sulfate [(C6H7KO7)]cas no.866831 /AR grade /powder 1 g /ขวด"
"AS190681","Polyvinyl alcohol [(KH2PO4)]cas no.7778770 /AR grade /powder 250 g /ขวด"
"AS190682","Potassium acetate [(KH2PO4)]cas no.7778770 /AR grade /powder 500 g /ขวด"
"AS190683","Potassium bromide [(K3Fe(CN)6 )]cas no.13746662 /AR grade /powder 500 g /ขวด"
"AS190684","Potassium chloride [(K4{Fe(CN6)}?3H2O)]cas no.14459951 /LR grade /powder 1000 g /ขวด"
"AS190685","Potassium chloride [(C8H5KO4)]cas no.877247 /LR grade /powder 500 g /ขวด"
"AS190687","Potassium citrate monobasic [(KOH)]cas no.1310583 /AR grade /powder 250 g /ขวด"
"AS190688","Potassium cyanide [(KOH)]cas no.1310583 /AR grade /powder 250 g /ขวด"
"AS190644","Pectinase cas no.6742490 /AR grade /powder 10 g /ขวด"
"AS190645","Penicilin G cas no.64742490 /COM grade /powder 5 g /ขวด"
"AS190646","Penicillin-Streptomycin [(C6H6O)]cas no.108952 /Cosmetic grade /liquid 100 ml /ขวด"
"AS190647","Pentan-1-0L = (n-Amyl alcohol) [(C6H6O)]cas no.108952 /Cosmetic grade /liquid 2.5 ml /ขวด"
"AS190648","Pepsin A [(C6H6O)]cas no.108952 /AR grade /powder 100 g /ขวด"
"AS190649","Peptone [(C6H6O)]cas no.108952 /Cosmetic grade /powder 500 g /ขวด"
"AS190650","Peptone from casein [(C6H6O)]cas no.108952 /Cosmetic grade /powder 500 g /ขวด"
"AS190651","Permount (Mounting medium) [(C6H5OH)]cas no.108952 /Cosmetic grade /liquid 500 ml /ขวด"
"AS190652","permount [(C19H14O5S)]cas no.143748 /Cosmetic grade /liquid 500 ml /ขวด"
"AS190653","peroxidase, Type I /Cosmetic grade /liquid - ul /หลอด"
"AS190654","Petroleum ether /Cosmetic grade /liquid 2.5 L /ขวด"
"AS190655","Petroleum spirit /Cosmetic grade /liquid 2.5 L /ขวด"
"AS190656","Phenol [(C20H14O4 )]cas no.77098 /Food grade /powder 1 kg /ขวด"
"AS190657","Phenol cas no.71822394 /Cosmetic grade /powder 450 g /ขวด"
"AS190658","Phenol (กระปุก) /Cosmetic grade /powder 500 g /ขวด"
"AS190659","Phenol (กระปุก) /Cosmetic grade /powder 1 kg /ขวด"
"AS190660","Phenol crystallized /Cosmetic grade /powder 500 g /ขวด"
"AS190661","Phenol liquid [(H3[P(Mo3O10)4])]cas no.51429744 /Cosmetic grade /liquid 150 ml /ขวด"
"AS190662","Phenol red [(H3PO4.12WO3xH2O)]cas no.12501234 /AR grade /powder 25 g /ขวด"
"AS190663","Phenol red broth base /ยา grade /powder 500 g /ขวด"
"AS190664","Phenol solution (Saturated) /AR grade /liquid 400 ml /ขวด"
"AS190641","Paraformaldehyde /Cosmetic grade /Powder 500 g /ขวด"
"AS190642","paraplast cas no.109223770 /Cosmetic grade /powder 2 kg /ขวด"
"AS190643","PCR mastermix hotstart taq cas no.9003990 /Cosmetic grade /liquid 1.25 ml /หลอด"
"AS190622","Nitrate broth /Cosmetic grade /powder 500 g /ขวด"
"AS190623","Nitrate Ver 5 /Cosmetic grade /liquid 100 ซอง /แพ็ค"
"AS190624","Nitrate Ver 6 + Phosphate Ver. 6 /Cosmetic grade /liquid 100 ซอง /แพ็ค"
"AS190625","Nitric acid /Cosmetic grade /liquid 2.5 L /ขวด"
"AS190626","Nitrite Ver 3 /Food grade /liquid 100 ซอง /แพ็ค"
"AS190627","Nitrobenzene [(C7H8O2H2O)]cas no.6153395 /Cosmetic grade /liquid 1 L /ขวด"
"AS190628","Nitroblue tetrazolium = Nitrotetrazolium blue [(H3PO4)]cas no.7664382 /Cosmetic grade /powder 50 mg /ขวด"
"AS190629","NONIDET P-40 substitute [( C7H7NO2)]cas no.150130 /COM grade /liquid 100 ml /ขวด"
"AS190630","Norepinephine cas no.8012951 /ฺBP grade /Powder 500 mg /ขวด"
"AS190631","Normal Saline Solution [(CH2O)]cas no.30525894 /AR grade /liquid 1000 ml /ขวด"
"AS190632","Nutrient Agar cas no.145686993 /Cosmetic grade /powder 500 g /ขวด"
"AS190633","Nutrient broth /Cosmetic grade /powder 500 g /ขวด"
"AS190634","Oatmeal Agar cas no.9032751 /Cosmetic grade /powder 500 g /ขวด"
"AS190635","OF Basal Medium [(C16H17N2NaO4S)]cas no.69578 /Cosmetic grade /powder 500 g /ขวด"
"AS190636","One PCR plus cas no. 61336 /Cosmetic grade /liquid - ul /หลอด"
"AS190637","Orcinol(3,5-Dihydroxytoluene monohydrate) cas no.71410 /Cosmetic grade /powder 25 g /ขวด"
"AS190638","ortho-phosphoric acid 85% cas no.9001756 /Cosmetic grade /liquid 1000 ml /ขวด"
"AS190639","p-Aminobenzoic acid (Vitamin B10) /AR grade /powder 100 g /ขวด"
"AS190602","MTT dye , 3-(4,5-dimethylthiazol-2-yl)-2,5-diphenyltetrazolium bromide [(C5H9NO3S)]cas no.616911 /Cosmetic grade /powder 1 g /ขวด"
"AS190603","Mueller Hinton broth [(C10H8)]cas no.91203 /Cosmetic grade /powder 500 g /ขวด"
"AS190604","Mycosel Agar [(C12H14N2.2HCl)]cas no.1465254 /Cosmetic grade /powder 500 g /ขวด"
"AS190605","MYP agar (Manitol-EggYolk-Polymyxin) [(K2HgI4)]cas no.7783337 /Cosmetic grade /powder 500 g /ขวด"
"AS190606","MYTAQ HS (DNA Polymerase) [( C15H17CIN4)] /Cosmetic grade /liquid /1,000 unit200 ul /หลอด"
"AS190607","N-(1-Naphthyl)ethylenediamine dihydrochloride [(CH3(CH2)4CH3)]cas no.110543 /Cosmetic grade /powder 5 g /ขวด"
"AS190608","N,N,N',N'-tetramethyl-ethylenediamine (TEMED) [(NiCl2.6H2O)]cas no.7791200 /Cosmetic grade /liquid 100 ml /ขวด"
"AS190609","N,N,N?,N?-Tetramethyl-p-phenylenediamine dihydrochloride [(NiSO4 ? 6H2O)]cas no.10101970 /LR grade /powder 25 g /ขวด"
"AS190610","N,N'-Methylenebisacrylamide = Bisacrylamide [(C6H5NO2)]cas no.59676 /Cosmetic grade /powder 100 g /ขวด"
"AS190611","6-Benzylaminopurine /Cosmetic grade /powder 5 g /ขวด"
"AS190612","N-Acetyl-L-cysteine /BP grade /powder 10 g /ขวด"
"AS190613","Naphthalene /Cosmetic grade /powder 250 g /ขวด"
"AS190614","NED (naphthylethylenediamine dihydrochloride) /Cosmetic grade /powder 10 g /ขวด"
"AS190615","Nessler’s reagent [(HNO3)]cas no.7697372 /Cosmetic grade /liquid 500 ml /ขวด"
"AS190616","Neutral red [(HNO3)]cas no.7697372 /Cosmetic grade /powder 25 g /ขวด"
"AS190617","N-hexane /Cosmetic grade /liquid 2.5 L /ขวด"
"AS190618","Nickel (II) chloride [(C6H5NO2)]cas no.2027160 /Cosmetic grade /powder 500 g /ขวด"
"AS190619","Nickel (II) sulfate hexahydrate [(C40H30Cl2N10O6)]cas no.298839 /Cosmetic grade /powder 1 kg /ขวด"
"AS190620","Nicotinic acid (Vitamin B) cas no.9016459 /Cosmetic grade /powder 100 g /ขวด"
"AS190621","Nigrosine [(C8H11NO3)]cas no.51412 /Cosmetic grade /powder 25 g /ขวด"
"AS190583","m-Cresol purple (m-cresolsulphonphthalein) [(C14H14N3SO3Na)]cas no. 547580 /Cosmetic grade /powder 5 g /ขวด"
"AS190584","Meat peptone = Peptic digest of animal tissue [(C15H15N3O2)]cas no.493527 /Cosmetic grade /powder 500 g /ขวด"
"AS190585","Mercury (II) chloride [(C16H16CIN3S)]cas no.61734 /Cosmetic grade /powder 250 g /ขวด"
"AS190586","Mercury (II) sulfate /AR grade /powder 50 g /ขวด"
"AS190587","meso-Erythritol /Cosmetic grade /powder 25 g /ขวด"
"AS190589","Methanol 99.9% /AR grade /liquid 13.9 L /แกลลอน"
"AS190590","Methyl cellulose /Cosmetic grade /powder 500 g /ขวด"
"AS190591","Methyl green /Cosmetic grade /powder 50 g /ขวด"
"AS190592","Methyl orange [(C18H16BrN5S)]cas no.298931 /COM grade /powder 25 g /ขวด"
"AS190593","Methyl orange sodium salt /COM grade /powder 25 g /ขวด"
"AS190594","Methyl red /Cosmetic grade /powder 25 g /ขวด"
"AS190595","Methylene blue /Cosmetic grade /powder 25 g /ขวด"
"AS190596","MIL medium /Cosmetic grade /powder 500 g /ขวด"
"AS190597","MIO medium [(C12H14N2.2HCl)]cas no.1465254 /Cosmetic grade /powder 500 g /ขวด"
"AS190598","Molybdenum trioxide [(C6H16N2)]cas no.110189 /Cosmetic grade /powder 100 g /ขวด"
"AS190599","MRS broth [(C6H4[N(CH3)2]2?2HCl)]cas no.637014 /Cosmetic grade /powder 500 g /ขวด"
"AS190600","MR-VP medium (Methyl red and voges-proskauer medium) [(C7H10N2O2)]cas no.110269 /Cosmetic grade /powder 500 g /ขวด"
"AS190601","MRVS broth ( Rappaport Vassiliadis Modified semi-powder Medium Base) [( C12H11N5)]cas no.1214397 /Cosmetic grade /powder 500 g /ขวด"
"AS190563","Lysine decarboxylase broth [(C4H6O5)]cas no.6915157 /Cosmetic grade /powder 500 g /ขวด"
"AS190564","Lysozyme [(CH2(COOH)2)]cas no.141822 /Cosmetic grade /powder 5 g /ขวด"
"AS190565","MacConkey agar /Cosmetic grade /powder 500 g /ขวด"
"AS190566","Magnesium carbonate /Cosmetic grade /powder 1 kg /ขวด"
"AS190567","Magnesium chloride [(C12H22O11.H2O)]cas no.6363537 /Cosmetic grade /powder 500 g /ขวด"
"AS190568","Magnesium chloride hexahydrate [(MnCl2 ? 4H2O)]cas no.13446349 /Cosmetic grade /powder 1 kg /ขวด"
"AS190569","Magnesium chloride hexahydrate [(MnSO4 ? H2O)]cas no.10034965 /Cosmetic grade /powder 500 g /ขวด"
"AS190570","Magnesium oxide /Cosmetic grade /powder 500 g /ขวด"
"AS190571","Magnesium sulfate heptahydrate [(CH2OH(CHOH)4CH2OH)]cas no.69658 /Cosmetic grade /powder 500 g /ขวด"
"AS190572","Malachite green oxalate /Cosmetic grade /powder 50 g /ขวด"
"AS190573","Malic acid /Cosmetic grade /powder 500 g /ขวด"
"AS190574","Malonic acid /Cosmetic grade /powder 100 g /ขวด"
"AS190575","Malt extract powder [(HgCl2)]cas no.7487947 /Cosmetic grade /powder 500 g /ขวด"
"AS190576","Malt extract powder [(HgSO4)]cas no.7783359 /Cosmetic grade /powder 100 g /ขวด"
"AS190577","Maltose monohydrate [(HOCH2[CH(OH)]2CH2OH)]cas no.149326 /Cosmetic grade /powder 100 g /ขวด"
"AS190578","Manganese (II) chloride [(CH3OH)]cas no.67561 /COM grade /powder 500 g /ขวด"
"AS190579","Manganese (II) sulfate [(CH3OH)]cas no.67561 /Cosmetic grade /powder 500 g /ขวด"
"AS190580","Manital salt agar cas no.9004675 /AR grade /powder 500 g /ขวด"
"AS190581","Mannitol /Cosmetic grade /powder 500 g /ขวด"
"AS190582","Protien marker ขนาด100 BP - 1.5 kb /Cosmetic grade /liquid 50 ug /หลอด"
"AS190544","L-Glutamic acid /Cosmetic grade /powder 250 g /ขวด"
"AS190545","Light green SF yellowwish /Cosmetic grade /powder 25 g /ขวด"
"AS190546","Linoleic acid [(H2N(CH2)4CH(NH2)CO2H?HCl)]cas no.657272 /Cosmetic grade /liquid 1 ml /ขวด"
"AS190547","Linolenic acid [(C5H12O2.HCl)]cas no.3184132 /COM grade /liquid 0.5 ml /ขวด"
"AS190548","Liquid hand soap [(C9H11NO2)]cas no.63912 /Cosmetic grade /liquid 2 L /แกลลอน"
"AS190549","Liquid nitrogen [(C5H9NO2)]cas no.147853 /Cosmetic grade /liquid 30 L /ถัง"
"AS190550","Listeria enrichment broth base [(C9H11NO3)]cas no.60184 /COM grade /powder 500 g /ขวด"
"AS190551","Lithium acetate dihydrate [(C9H11NO3)]cas no.60184 /Cosmetic grade /powder 250 g /ขวด"
"AS190552","Lithium chloride /AR grade /powder 500 g /ขวด"
"AS190553","Litmus /Cosmetic grade /powder 25 g /ขวด"
"AS190554","Littman Oxgall Agar cas no.12650883 /AR grade /powder 500 g /ขวด"
"AS190555","LJ medium (Lowenstein Jensen medium base) /Food grade /powder 500 g /ขวด"
"AS190556","L-Lysine monohydrochloride [(MgCO3 ? x H2O)]cas no.23389335 /Cosmetic grade /powder 100 g /ขวด"
"AS190557","L-Ornithine monohydrochloride [(MgCl2)]cas no.7786303 /Cosmetic grade /powder 25 g /ขวด"
"AS190558","L-Phenylalanine 98.5 +% [(MgCI2?6H2O)]cas no.7791186 /Cosmetic grade /powder 25 g /ขวด"
"AS190559","L-Proline [(MgCI2?6H2O)]cas no.7791186 /Cosmetic grade /powder 5 g /ขวด"
"AS190560","L-Tyrosine [(MgO)]cas no.13009484 /Cosmetic grade /powder 25 g /ขวด"
"AS190561","L-Tyrosine [(MgSO4?7H2O)]cas no.10034998 /Cosmetic grade /powder 100 g /ขวด"
"AS190562","Luria-bertani (LB) /Cosmetic grade /powder 500 g /ขวด"
"AS190523","Lactophenol cotton blue solution [(C6H8O6)]cas no.50817 /Cosmetic grade /liquid 100 ml /ขวด"
"AS190524","Lactose broth [(NH2COCH2CH(NH2)COOH.H2O)]cas no.5794138 /Cosmetic grade /powder 500 g /ขวด"
"AS190525","Lactose monohydrate /COM grade /powder 500 g /ขวด"
"AS190526","L-alanine /Cosmetic grade /powder 25 g /ขวด"
"AS190527","Laminarin from Laminaria digitata [(C3H7NO2S)]cas no.52904 /Cosmetic grade /powder 1 g /ขวด"
"AS190528","L-arabinose [(C3H7NO2S.HCl.H2O)]cas no.7048046 /Cosmetic grade /powder 25 g /ขวด"
"AS190529","L-Arginine [(C4H9NO2S ? HCl)]cas no.18598635 /Cosmetic grade /powder 25 g /ขวด"
"AS190530","L-Arginine monohydrochloride /AR grade /powder 25 g /ขวด"
"AS190531","L-Ascorbic acid [(Pb(CH3CO2)4)]cas no.546678 /Cosmetic grade /powder 500 g /ขวด"
"AS190532","L-Ascorbic acid /Cosmetic grade /powder 500 g /ขวด"
"AS190533","L-Ascorbic acid /Cosmetic grade /powder 250 g /ขวด"
"AS190534","L-Asparagine monohydrate [(C5H9NO4)]cas no.56860 /COM grade /powder 100 g /ขวด"
"AS190535","Lauryl sulphate tryptose broth (LST) [(C37H34N2Na2O9S3)]cas no.5141208 /Cosmetic grade /powder 500 g /ขวด"
"AS190536","LB Agar [(C18H32O2)]cas no.60333 /Cosmetic grade /powder 250 g /ขวด"
"AS190537","L-Cysteine [( CH3(CH2CH=CH)3(CH2)7CO2H)]cas no.463401 /Cosmetic grade /powder 25 g /ขวด"
"AS190538","L-cysteine hydrochloride monohydrate /Cosmetic grade /powder 25 g /ขวด"
"AS190539","L-Cysteine methyl ester hydrochloride cas no.7727379 /Cosmetic grade /powder 25 g /ขวด"
"AS190540","Lead Acenetobacter Agar base /Cosmetic grade /powder 500 g /ขวด"
"AS190541","Lead(IV) acetate [(C2H3LiO2.2H2O)]cas no.6108174 /Cosmetic grade /powder 25 g /ขวด"
"AS190542","Lecithin granules [(LiCl)]cas no.7447418 /Cosmetic grade /powder 250 g /ขวด"
"AS190543","Leupeptintrifluoroacetate salt cas no.1393926 /Cosmetic grade /powder 1 mg /ขวด"
"AS190504","IPTG (Isopropyl ?-D-1thiogalactopyranoside) [(C3H8O)]cas no.67630 /Cosmetic grade /powder 5 g /ขวด"
"AS190505","Iron(II) chloride /COM grade /powder 250 g /ขวด"
"AS190506","Iron(II) sulfate heptahydrate (Ferrous sulfate) /COM grade /powder 500 g /ขวด"
"AS190507","Iron(III) sulfate = Ferric Sulphate [(C18H36N4O11.H2SO4)]cas no.25389940 /Cosmetic grade /powder 500 g /ขวด"
"AS190508","Iron(III) chloride [(C18H36N4O11.H2SO4)]cas no.25389940 /Cosmetic grade /powder 500 g /ขวด"
"AS190509","Iron(III) Chloride Hexahydrate [(C9H11NO)]cas no.100107 /Cosmetic grade /powder 250 g /ขวด"
"AS190510","Iron(III) Chloride Hexahydrate [(C6H12O5.H2O)]cas no.3615416 /Cosmetic grade /powder 500 g /ขวด"
"AS190511","Iron(III) citrate = Ferric citrate [(CH3CHOHCOOH)]cas no.79334 /COM grade /powder 500 g /ขวด"
"AS190512","Iron(III) nitrate = Ferric nitrate [(C9H15AlO9)]cas no.18917914 /Cosmetic grade /powder 500 g /ขวด"
"AS190513","Isoamyl alcohol /Cosmetic grade /liquid 2.5 L /ขวด"
"AS190514","Isopropanol (Isopropyl alcohol) /Cosmetic grade /liquid 2.5 L /ขวด"
"AS190515","Isovitalex [(C12H22O11.H2O)]cas no.10039266 /Cosmetic grade /liquid 10 ml /ขวด"
"AS190516","ISP medium 2 [(C3H7NO2)]cas no.56417 /COM grade /powder 500 g /ขวด"
"AS190517","Kanamycin cas no.9008224 /Cosmetic grade /powder 5 g /ขวด"
"AS190518","Kanamycin disulfate [(C5H10O5 )]cas no.5328370 /Cosmetic grade /powder 5 g /ขวด"
"AS190519","Kovac’s reagent [(C6H14N4O2)]cas no.74793 /Cosmetic grade /liquid 100 ml /ขวด"
"AS190520","L+(-)Rhamnose [(C6H14N4O2.HCl)]cas no.1119342 /Cosmetic grade /powder 100 g /ขวด"
"AS190521","Lactic acid [(C6H8O6)]cas no.50817 /Cosmetic grade /liquid 1000 ml /ขวด"
"AS190522","lactic acid aluminum salt [(C6H8O6)]cas no.50817 /COM grade /powder 100 g /ขวด"
"AS190498","hydrogen peroxide 12% [(FeCl3)]cas no.7705080 /LR grade /liquid 450 ml /ขวด"
"AS190499","Hydrogen peroxide solution 30% [(FeCl3.6H2O)]cas no.10025771 /Cosmetic grade /liquid 1000 ml /ขวด"
"AS190500","Immersion oil [(FeCl3.6H2O)]cas no.10025771 /Cosmetic grade /liquid 500 ml /ขวด"
"AS190501","Inositol [(C6H5FeO7.3H2O)]cas no.17217764 /Cosmetic grade /powder 25 g /ขวด"
"AS190502","Iodine resublimed [(Fe(NO3)3 ? 9H2O)]cas no.7782618 /Cosmetic grade /powder 100 g /ขวด"
"AS190503","Iproof hf master mix [(C5H11OH)]cas no.123513 /Cosmetic grade /liquid - ul /กล่อง"
"AS190485","Glycine [(C5H9N3)]cas no.51456 /Cosmetic grade /powder 1 kg /ขวด"
"AS190486","goat anti human complement C3 /LR grade /liquid - ul /หลอด"
"AS190487","goat anti human IgG [(HCl)]cas no.7647010 /Cosmetic grade /liquid - ul /หลอด"
"AS190488","Guanidiniumthiocyanate /Cosmetic grade /powder 25 g /ขวด"
"AS190489","Hektoen enteric agar (HE agar) [(H2O2)]cas no.7722841 /LR grade /powder 500 g /ขวด"
"AS190490","hematoxylin stain [(C14H12O2)] /Food grade /liquid 1000 ml /ขวด"
"AS190491","Heparin ammonium [(C6H12O6)]cas no.87898 /LR grade /powder - g /หลอด"
"AS190492","HEPES , 4-(2-hydroxyethyl)-1-piperazineethanesulfonic acid [(I2)]cas no.7553562 /Cosmetic grade /powder 50 g /ขวด"
"AS190493","Hexadecyltrimethylammonium bromide (C-TAB) = Cetyltrimethylammonium bromide /LR grade /powder 100 g /ขวด"
"AS190494","Hexane [(C9H18O5S )]cas no.367931 /LR grade /liquid 2.5 L /ขวด"
"AS190495","Histamine [(FeCl2.4H2O)]cas no.13478109 /Cosmetic grade /powder 5 g /ขวด"
"AS190496","Histopaque [(FeSO4 ? 7H2O)]cas no.7782630 /Cosmetic grade /liquid 100 ml /ขวด"
"AS190465","Fuchsin /BP grade /powder 100 g /ขวด"
"AS190466","Fuchsin Acid /Cosmetic grade /powder 25 g /ขวด"
"AS190467","Fuchsin Basic [(C6H11KO7)]cas no.299274 /AR grade /powder 25 g /ขวด"
"AS190468","Gallic acid cas no.9001370 /AR grade /powder 100 g /ขวด"
"AS190469","GC agar base /AR grade /powder 500 g /ขวด"
"AS190470","Gel Loading Dye, Blue (6X) [(C3H5(OH)3)]cas no.56815 /AR grade /liquid 1 ml /หลอด"
"AS190471","Gelatin [(C3H8O3)]cas no.56815 /AR grade /powder 100 g /ขวด"
"AS190472","Gelatin [(C3H8O3)]cas no.56815 /AR grade /powder 500 g /ขวด"
"AS190473","Gelatin [(C3H8O3)]cas no.56815 /Cosmetic grade /powder 500 g /ขวด"
"AS190474","Giemsa stain powder [(NH2CH2COOH)]cas no.56406 /LR grade /powder 25 g /ขวด"
"AS190475","glass balls [(NH2CH2COOH)]cas no.56406 /Cosmetic grade /powder 500 g /ขวด"
"AS190476","Glass wool for laboratory use /LR grade /powder 500 g /ขวด"
"AS190477","Gluconic acid ,potassium salt = Potassium glucanate /LR grade /powder 1 kg /ขวด"
"AS190478","Glucose Oxidase [(CH5N3.CHNS)]cas no.593840 /AR grade /liquid - ul /ขวด"
"AS190479","Glucose Standard Solution /AR grade /liquid 100 ml /ขวด"
"AS190480","Glycerol [(C16H14O6)]cas no.517282 /LR grade /liquid 1 L /ขวด"
"AS190481","Glycerol cas no.60800637 /AR grade /liquid 2.5 L /ขวด"
"AS190482","Glycerol 99.5% [(C8H18N2O4S)]cas no.7365459 /LR grade /liquid 1 L /ขวด"
"AS190483","Glycerol 99.5% [(C19H42BrN)]cas no.57090 /LR grade /liquid 2.5 L /ขวด"
"AS190484","Glycine [(C6H14)]cas no.110543 /ยา grade /powder 500 g /ขวด"
"AS190444","Ether /AR grade /liquid 2.5 L /ขวด"
"AS190445","Ethidium Bromide solution [(C37H34N2Na2O10S3)]cas no.2353459 /BP grade /liquid 10 ml /ขวด"
"AS190446","Ethyl acetate /Cosmetic grade /liquid 2.5 L /ขวด"
"AS190447","Ethylenediamine 99% /AR grade /liquid 1000 ml /ขวด"
"AS190448","Ethylenediaminetetra-Acetic Acid Disodium salt /AR grade /Powder 500 g /ขวด"
"AS190449","Ethylenediaminetetraacetic acid disodium salt dihydrate (EDTA di - sodium salt) cas no.26873858 /LR grade /powder 500 g /ขวด"
"AS190450","Ethylenediaminetetraacetic acid ferric sodium salt (Iron EDTA) /AR grade /powder 100 g /ขวด"
"AS190451","Ethylenediaminetetraacetic acid iron (Iron EDTA) [(C19H19N7O6)]cas no.59303 /AR grade /powder 500 g /ขวด"
"AS190452","EGTA /AR grade /powder 5 g /ขวด"
"AS190453","Extract of meat cas no.7732185 /AR grade /powder 500 g /ขวด"
"AS190454","Fast green [(CH2O)]cas no.50000 /Cosmetic grade /powder 25 g /ขวด"
"AS190455","Fast green FCF /LR grade /powder 25 g /ขวด"
"AS190456","Fecal calf serum /AR grade /powder 500 ml /ขวด"
"AS190457","Fetal Bovine Serum /AR grade /liquid 100 ml /ขวด"
"AS190458","Fetal Bovine Serum [(C7H6O5.H2O)]cas no.599868 /AR grade /liquid 500 ml /ขวด"
"AS190459","Ficoll 400 ( alpha-D-Glucopyranoside , Polysucrose) /Cosmetic grade /powder 25 g /ขวด"
"AS190460","Fixer /Cosmetic grade /liquid 5 L /ขวด"
"AS190461","Folic acid cas no.9000708 /Food grade /powder 25 g /ขวด"
"AS190462","Folin & Ciocalteu’s phenol reagent cas no.9000709 /LR grade /liquid 100 ml /ขวด"
"AS190463","Folin -Ciocalteu reagent cas no.9000708 /Cosmetic grade /liquid 500 ml /ขวด"
"AS190464","Formaldehyde cas no.51811826 /Cosmetic grade /liquid 2.5 L /ขวด"
"AS190425","D-Pantothenic acid calcium salt (Vitamin B5) [(C20H8Br4O5)]cas no.15086949 /LR grade /powder 25 g /ขวด"
"AS190426","D-Sorbitol ,powder /LR grade /powder 500 g /ขวด"
"AS190427","Dithiothreito (DTT) [(C9H13NO3)]cas no.51434 /Cosmetic grade /powder 5 g /ขวด"
"AS190428","Dulcitol [(C20H6I4Na2O5)]cas no.16423680 /AR grade /powder 500 g /ขวด"
"AS190429","E.C. broth [(CH3CH2OH)]cas no.64175 /ยา grade /powder 500 g /ขวด"
"AS190430","E2 lode 20 bp Molecular Ruler [(C2H5OH)]cas no.64175 /Cosmetic grade /liquid - ul /หลอด"
"AS190431","ECL Prime Western Blotting Reagent for 1000 cm3 [(C2H6O)]cas no.64175 /AR grade /liquid 1 L /ขวด"
"AS190432","Electrophoresis loading dye 5X [(C2H5OH)]cas no.64175 /Cosmetic grade /liquid - ul /ขวด"
"AS190433","EMB agar (Eosin Methylene blue agar) [(CH3CH2OH)]cas no.64175 /Cosmetic grade /powder 500 g /ขวด"
"AS190434","Enzyme Eco R V [(CH3OCH3)]cas no.8032324 /LR grade /liquid 2500 unit /หลอด"
"AS190435","Eosin Y [(C21H20BrN3)]cas no.1239458 /Cosmetic grade /powder 25 g /ขวด"
"AS190436","Eosin yellowish (for microscopical staining) [(CH3COOC2H5)]cas no.141786 /LR grade /powder 25 g /ขวด"
"AS190437","Epinephine [(C2H8N2)]cas no.107153 /AR grade /Powder 5 g /ขวด"
"AS190438","Erythrosin extra bluish (Erythrosin B ) [(C10H14N2Na2O82H2O)]cas no.60004 /LR grade /powder 50 g /ขวด"
"AS190439","Ethanol 95% (Ethyl alcohol) [(C10H14N2Na2O8 ? 2H2O)]cas no.6381926 /AR grade /liquid 18 L /แกลลอน"
"AS190440","Ethanol 99.9% (Ethyl alcohol) [(C10H12N2NaFeO8.H2O )]cas no.15708415 /AR grade /liquid 2.5 L /ขวด"
"AS190441","Ethanol abelate 100% [(C10H12N2NaFeO8.H2O )]cas no.15708415 /AR grade /liquid 2.5 L /ขวด"
"AS190442","Ethanol absolute (Ethyl alcohol absolute) /AR grade /liquid 2.5 L /ขวด"
"AS190443","Ethyl Alcohol 70 % /AR grade /liquid 450 ml /ขวด"
"AS190406","Di-ammonium hydrogen citrate = Ammonium citrate dibasic [((C6H5)2NH)]cas no.122394 /AR grade /powder 500 g /ขวด"
"AS190407","Di-ammonium hydrogen phosphate = Ammonium phosphate dibasic [(K2HPO4)]cas no.7758114 /AR grade /powder 500 g /ขวด"
"AS190408","Dichloromethane [(Na2HPO4)]cas no.7558794 /LR grade /liquid 2.5 L /ขวด"
"AS190409","Diethly ether [(Na2HPO4.2H2O)]cas no.10028247 /AR grade /liquid 2.5 L /ขวด"
"AS190410","Diethyl ether [(Na2HPO4.7H20)]cas no.7558796 /AR grade /liquid 1 L /ขวด"
"AS190411","Diethylpyrocarbonate (DEPC) [(Na2HPO4.7H21)]cas no.7558797 /AR grade /liquid 25 g /ขวด"
"AS190412","Dimethyl sulfoxide (DMSO) /AR grade /liquid 500 ml /ขวด"
"AS190413","Dimethyl sulfoxide (DMSO) [(Na2B4O7.10H2O)]cas no.1330434 /LR grade /liquid 1 L /ขวด"
"AS190414","Dimethyl sulfoxide (DMSO) /AR grade /powder 2.5 L /ขวด"
"AS190415","Dimethyldioctadecylamminium [( C9H16NO5?1/2Ca)]cas no.137086 /AR grade /powder 10 g /ขวด"
"AS190416","Diphenylamine [(CH2OH(CHOH)4CH2OH)] /AR grade /powder 100 g /ขวด"
"AS190417","di-Potassium hydrogen orthophosphate = di-Potassium hydrogen anhydrous /Cosmetic grade /powder 500 g /ขวด"
"AS190418","Disodium hydrogen orthophosphate anhydrous (Disodium hydrogen phosphate anhydrous) [(C6H14O6)]cas no.608662 /AR grade /Powder 500 g /ขวด"
"AS190419","Di-Sodium Hydrogen Phosphate dihydrate /LR grade /powder 500 g /ขวด"
"AS190420","DI-Sodium Monohydrogen Phosphate Heptahydrate /ยา grade /powder 500 g /ขวด"
"AS190421","DI-Sodium Monohydrogen Phosphate Heptahydrate /AR grade /powder 1 kg /ขวด"
"AS190422","DMEM /Cosmetic grade /powder 1 L1 ซอง /กล่อง"
"AS190423","diSodium tetraborate = Borax /AR grade /powder 500 g /ขวด"
"AS190424","DNAse test agar with toluidne blue /COM grade /powder 500 g /ขวด"
"AS190393","D(+)Mannose /LR grade /powder 25 g /ขวด"
"AS190394","D(+)-Trehalose [(C6H12O6)] /Cosmetic grade /powder 25 g /ขวด"
"AS190395","D(+)Xylose /AR grade /powder 100 g /ขวด"
"AS190396","D+(-)Melibiose [((NH4)2HC6H5O7)]cas no.3012655 /AR grade /powder 5 g /ขวด"
"AS190397","D+(-)Raffinose [((NH4)2HPO4)]cas no.7783280 /LR grade /powder 50 g /ขวด"
"AS190398","DEAE-Sephacel [(CH2Cl2)]cas no.75092 /AR grade /liquid 250 ml /ขวด"
"AS190399","DEAE-Sephacel [((C2H5)2O)]cas no.60297 /LR grade /liquid 500 ml /ขวด"
"AS190400","Deionized water [((C2H5)2O)]cas no.60297 /AR grade /liquid 20 L /ถัง"
"AS190401","Deoxycholate citrate agar [(C6H10O5)]cas no.1609478 /AR grade /powder 500 g /ขวด"
"AS190402","Deoxycholic acid sodium salt [(C2H6SO)]cas no.67685 /AR grade /powder 25 g /ขวด"
"AS190403","Developer [(C2H6SO)]cas no.67686 /AR grade /liquid 5 L /ขวด"
"AS190404","Dextrose,anhydrous [((CH3)2SO )]cas no.67685 /LR grade /powder 500 g /ขวด"
"AS190405","Deionized water /LR grade /liquid 20 L /แกลลอน"
"AS190380","Cresy violet [(C6H12O6)]cas no.59234 /Cosmetic grade /powder 25 g /ขวด"
"AS190381","Crystal violet [(C6H12O6?H2O)]cas no.50997 /Cosmetic grade /powder 25 g /ขวด"
"AS190382","Cyanosine = phoxine B [(C6H12O6)]cas no.50997 /Cosmetic grade /powder 25 g /ขวด"
"AS190383","Cycloheximide [(C6H12O6)]cas no.3458284 /Cosmetic grade /powder 5 g /ขวด"
"AS190384","Cycloserine [(C12H22O11.2H2O)] /Cosmetic grade /powder 5 g /ขวด"
"AS190385","Cystine tellulite agar base [(C5H10O5)] /LR grade /powder 500 g /ขวด"
"AS190386","Czapek's Agar [(C12H22O11)]cas no.585999 /LR grade /powder 500 g /ขวด"
"AS190387","D(-)Fructose [(C18H32O16.5H2O)]cas no.17629300 /AR grade /powder 500 g /ขวด"
"AS190389","D-(+)-Cellobiose cas no.9013348 /LR grade /powder 50 g /ขวด"
"AS190390","D(+)-Galactose [(H2O)]cas no.7732185 /Cosmetic grade /powder 100 g /ขวด"
"AS190391","D(+)Glucose /Cosmetic grade /powder 1 kg /ขวด"
"AS190392","D-(+)-Glucose (Dextrose) [( C24H39O4•Na)]cas no.302954 /COM grade /powder 500 g /ขวด"
"AS190375","Copper (II) acetate /AR grade /powder 500 g /ขวด"
"AS190376","Copper (II) chloride dihydrate /Cosmetic grade /powder 500 g /ขวด"
"AS190377","Copper (II) sulfate pentahydrate [(C6H12O6)]cas no.57487 /LR grade /powder 500 g /ขวด"
"AS190378","Copper (II) sulfate pentahydrate [(C13H18O7)]cas no.138523 /LR grade /powder 500 g /ขวด"
"AS190379","Corn meal agar [(C12H22011)]cas no.528507 /LR grade /powder 500 g /ขวด"
"AS190358","Chloroform:Isoamyl alcohol 24:1 [(CoCl2.6H2O)]cas no.7646799 /LR grade /liquid 500 ml /ขวด"
"AS190359","Cholesterol [(Co(NO3)2 ? 6H2O)]cas no.10026229 /LR grade /powder 50 g /ขวด"
"AS190360","Cholesterol [(C22H25NO6)]cas no.64868 /LR grade /powder 25 g /ขวด"
"AS190361","chorionic gonadotropin [(C32H22N6Na2O6S2)] /AR grade /powder 50 ug /ขวด"
"AS190362","Chromium (III) Potassium Sulfate /LR grade /powder 500 g /ขวด"
"AS190363","Chromotrope 2B cas no.6104591 /AR grade /powder 10 g /ขวด"
"AS190364","Chromotrope 2R /AR grade /powder 10 g /ขวด"
"AS190365","Ciprofloxacin [(C4H8CuO5)]cas no.6046931 /AR grade /powder 25 g /ขวด"
"AS190366","Citric acid [(CuCl2 ? 2H2O)]cas no.10125130 /AR grade /powder 1 kg /ขวด"
"AS190367","CloneJET PCR Cloning Kit [(CuSO4 ? 5H2O)]cas no.7758998 /LR grade /liquid 20 rex1 ชุด /กล่อง"
"AS190368","Cobalt (II) chloride hexahydrate [(CuSO4.5H2O)]cas no.7758998 /COM grade /powder 100 g /ขวด"
"AS190369","Cobalt (II) nitrate hexahydrate /Cosmetic grade /powder 100 g /ขวด"
"AS190370","Colchicine [(C18H15N3O3)]cas no.1050540 /AR grade /powder 1 g /ขวด"
"AS190371","Congo red [(C25H30ClN3)]cas no.548629 /AR grade /powder 25 g /ขวด"
"AS190372","Cooked meat medium [(C20H2Br4Cl4Na2O5)]cas no.18472872 /Cosmetic grade /powder 500 g /ขวด"
"AS190338","Calcium hypochloritecas no.9000719 /AR grade /powder 1 kg /ขวด"
"AS190339","Calcium nitrate hydrate [(C15H14O6)]cas no.225937100 /AR grade /powder 500 g /ขวด"
"AS190340","Calcium sulfate cas no.9004357 /LR grade /powder 500 g /ขวด"
"AS190341","Calcium sulfate dihydrate /AR grade /powder 500 g /ขวด"
"AS190342","Carbol-fuchsin dye powder /LR grade /powder 25 g /ขวด"
"AS190343","Carbon tetrachloride cas no.9012764 /LR grade /liquid 2.5 L /ขวด"
"AS190344","Carbondioxide gase [(C2H3Cl3O2)]cas no.302170 /AR grade /liquid 25 kg /ถัง"
"AS190345","Carboxymethylcellulose sodium salt [(C11H12Cl2N2O5)]cas no.56757 /AR grade /powder 500 g /ขวด"
"AS190346","Carmine /AR grade /powder 5 g /ขวด"
"AS190347","Casein (Casein Enz.Hydrolysate Type II) [(CHCl3)]cas no.67663 /AR grade /powder 500 g /ขวด"
"AS190348","Casein /AR grade /powder 500 g /ขวด"
"AS190349","Catechin [(C27H46O)]cas no.57885 /AR grade /powder 10 g /ขวด"
"AS190350","Cellulose acetate /AR grade /powder 250 g /ขวด"
"AS190351","Cetrimide agar cas no.9002613 /Cosmetic grade /powder 500 g /ขวด"
"AS190352","chelex 100 [(CrK(SO4)2 ? 12H2O)]cas no.7788990 /AR grade /powder 50 g /ขวด"
"AS190353","Chitosan [(C16H9N3Na2O10S2)]cas no.548801 /AR grade /powder 25 g /ขวด"
"AS190354","Chloral hydrate [(C16H10N2Na2O8S2)]cas no.4197073 /Cosmetic grade /powder 250 g /ขวด"
"AS190355","Chloramphenical [(C17H18FN3O3)]cas no.85721331 /Cosmetic grade /powder 25 g /ขวด"
"AS190356","Chloramphenicol [(C6H8O7.H2O)]cas no.5949291 /AR grade /powder 50 g /ขวด"
"AS190357","Chloroform /AR grade /liquid 2.5 L /ขวด"
"AS190320","Bismuth sulphite agar [(C19H10Br4O5S)]cas no.115399 /Cosmetic grade /powder 500 g /ขวด"
"AS190321","Blood agar base [(C19H10Br4O5S)]cas no.115399 /AR grade /powder 500 g /ขวด"
"AS190322","Boric acid [(C27H28Br2O5S)]cas no.76595 /LR grade /powder 500 g /ขวด"
"AS190323","Brain heart infusion broth [(C11H16O2)]cas no.25013165 /AR grade /powder 500 g /ขวด"
"AS190324","Brila broth [(C15H24O3)]cas no.128370 /AR grade /powder 500 g /ขวด"
"AS190325","Brillant blue R-250 [(CaCO3)]cas no.471341 /AR grade /powder 25 g /ขวด"
"AS190326","Brillant green (hydrogen sulfate) [(CaCl2)]cas no.10043524 /LR grade /powder 50 g /ขวด"
"AS190327","Brillant green bile broth 2% [(CaCl2O2)]cas no.7778543 /AR grade /powder 500 g /ขวด"
"AS190328","Bromocresol green /AR grade /powder 5 g /ขวด"
"AS190329","Bromocresol purple [(Ca(NO3)2.4H2O)]cas no.35054525 /Cosmetic grade /powder 25 g /ขวด"
"AS190330","Bromophenol Blue [(CaSO4)]cas no.7778189 /LR grade /powder 50 g /ขวด"
"AS190331","Bromophenol Blue [(CaSO4 ? 2H2O)]cas no.10101414 /AR grade /powder 5 g /ขวด"
"AS190332","Bromothymol blue cas no.4197244 /Cosmetic grade /powder 5 g /ขวด"
"AS190333","Butylated hydroxyanisole (BHA) [(CCl4)]cas no.56235 /LR grade /powder 100 g /ขวด"
"AS190334","Butylated hydroxytoluene (BHT) [(CO2)]cas no.124389 /Cosmetic grade /powder 1 kg /ขวด"
"AS190335","Calcium carbonate [(C28H30Na8O27)]cas no.9004324 /COM grade /powder 500 g /ขวด"
"AS190336","Calcium Chloride cas no.1390654 /AR grade /Powder 500 g /ขวด"
"AS190337","Calcium hypochlorite, granular 65%/Cosmetic grade /powder 1 kg /ขวด"
"AS190299","Anti-B (blood group) /AR grade /liquid 10 ml /ขวด"
"AS190300","Antibiotic/Antimycotic solution /AR grade /liquid 100 ml /ขวด"
"AS190301","Aspartic acid  /AR grade /liquid 25 g /ขวด"
"AS190302","Atrophine cas no.1302789 /AR grade /Powder 5 g /ขวด"
"AS190303","Aprotinin [(C7H6O2)]cas no.506876 /LR grade /Powder 50 mg /ขวด"
"AS190304","Azoalbumin /AR grade /powder 5 g /ขวด"
"AS190305","Azure II /Food grade /powder 10 g /ขวด"
"AS190306","B-1,3-glucan /AR grade /liquid 1 g /หลอด"
"AS190307","Baird parker medium /AR grade /powder 500 g /ขวด"
"AS190308","Barium Chloride [(C10H16N2O3S)]cas no.58855 /LR grade /powder 500 g /ขวด"
"AS190309","Barritt’s Reagent A /ยา grade /liquid 100 ml /ขวด"
"AS190310","Barritt’s Reagent B /AR grade /liquid 100 ml /ขวด"
"AS190311","Beef extract powder /AR grade /powder 500 g /ขวด"
"AS190312","Bentonite [(H3BO3)]cas no.10043353 /Cosmetic grade /powder 500 g /ถุง"
"AS190313","Benzoic acid /AR grade /powder 500 g /ขวด"
"AS190314","Benzamidine hydrochloride /AR grade /powder 25 g /ขวด"
"AS190315","Bile esculin agar base [(C45H44N3O7S2Na)]cas no.6104592 /AR grade /powder 500 g /ขวด"
"AS190316","Bile salt [(C27H34N2O4S)] /LR grade /powder 250 g /ขวด"
"AS190317","Bile salt mixture /AR grade /powder 100 g /ขวด"
"AS190318","Biotin [(C21H14Br4O6S)]cas no.76608 /ยา grade /powder 5 g /ขวด"
"AS190319","Bis Acrylamide 40% [(C21H16Br2O5S)]cas no.115402 /AR grade /liquid 500 ml /ขวด"
"AS190278","Ammonium iron (II) sulphate hexahydrate [((NH4)2SO4)]cas no.7783202 /AR grade /powder 500 g /ขวด"
"AS190279","Ammonium iron (II) sulfate [(H4NO3V)]cas no.7803556 /AR grade /powder 500 g /ขวด"
"AS190280","Ammonium iron (II) sulphate 12-hydrate [(C2H7NO2)]cas no.631618 /AR grade /powder 1 kg /ขวด"
"AS190281","Ammonium molybdate = Ammonium heptamolybdate tetrahydrate [(C16H18N3NaO4S)]cas no.69523 /AR grade /powder 500 g /ขวด"
"AS190282","Ammonium nitrate [(C16H18N3NaO4S)]cas no.69523 /Univar grade /powder 500 g /ขวด"
"AS190283","Ammonium oxalate /Organics grade /powder 500 g /ขวด"
"AS190284","Ammonium persulphate (Ammonium peroxodisulfate) (APS) [(C47H73NO17)]cas no.1397893 /AR grade /powder 500 g /ขวด"
"AS190285","Ammonium persulphate (APS) cas no.9032080 /AR grade /powder 25 g /ขวด"
"AS190286","Ammonium potassium sulphate [((C6H5NH2)2.H2SO4)]cas no.542165 /AR grade /powder 500 g /ขวด"
"AS190287","Ammonium sulfate cas no.SARA 313 /lab use only grade /powder 500 g /ขวด"
"AS190288","Ammonium sulphate /AR grade /powder 1 kg /ขวด"
"AS190289","Ammonium vanadate /AR grade /powder 100 g /ขวด"
"AS190290","Ammonium acetate /Unilab grade /powder 500 g /ขวด"
"AS190291","Ampicillin sodium salt [(C4H7NO4)]cas no.617458 /Molecular grade /powder 5 g /ขวด"
"AS190292","Ampicilin sodium salt [(C17H23NO3)]cas no.51558 /Univar grade /powder 25 g /ขวด"
"AS190293","Ampicilin sodium salt /AR grade /powder 10 g /ขวด"
"AS190294","Ampotericin B cas no.102110736 /AR grade /powder 250 mg /ขวด"
"AS190295","Amyloglucosidase [(C31H34Cl2N6S2)]cas no. 37247102 /AR grade /powder 1 g /ขวด"
"AS190296","Aniline sulfate cas no.9051972 /AR grade /powder 25 g /ขวด"
"AS190297","Anti BSA (2mg/ml) /AR grade /liquid 0.5 ml /หลอด"
"AS190298","Anti-A (blood group) [(BaCl2.2H2O)]cas no.10361372 /AR grade /liquid 10 ml /ขวด"
"AS190257","Agarose [(Al2O3)]cas no.1344281 /Com grade /powder 500 g /ขวด"
"AS190258","Agarose B [(AlK (SO4)2.12H2O)]cas no.10043671 /univar grade /powder 100 g /ขวด"
"AS190259","Albumin Bovin (Bovine serum albumin) (BSA) [(AlCl3.6H2O)]cas no.7784136 /HPLC grade /powder 25 g /ขวด"
"AS190260","Albumin Bovin (Bovine serum albumin) (BSA) /Molecular grade /powder 50 g /ขวด"
"AS190261","Alcian blue 8GX [(NH2C10H5(OH).SO3H)]cas no.116632 /AR grade /powder 10 g /ขวด"
"AS190262","Alizarine red S /AR grade /powder 25 g /ขวด"
"AS190263","Alkaline peptone water /extra pure grade /powder 500 g /ขวด"
"AS190264","Alpha-amylase [(NH3)]cas no.1336216 /AR grade /powder 10 g /ขวด"
"AS190265","Aluminium chloride [(NH4Cl)]cas no.12125029 /HPLC grade /powder 500 g /ขวด"
"AS190266","Aluminium hydroxide [(C6H8O7 . x Fe3+ . y NH3)]cas no.1185575 /Analysis grade /powder 1 kg /ขวด"
"AS190267","Aluminium oxide [(NH4OH)]cas no.1336216 /AR grade /powder 500 g /ขวด"
"AS190268","Aluminium potassium sulphate [((NH4)2Fe(SO4)2?6H2O)]cas no.7783859 /Analar grade /powder 500 g /ขวด"
"AS190269","Aluminum (III) chloride hexahydrate [(NH4Fe(SO4)2?12H2O)]cas no.7783837 /AR grade /powder 500 g /ขวด"
"AS190270","Ambiclean kit (PCR & Gel), 50 preps [(NH4Fe(SO4)2?12H2O)]cas no.7783837 /AR grade /liquid 1 /กล่อง"
"AS190271","Aminonaphtholsulfonic acid (ANSA) [((NH4)6Mo7O24?4H2O)]cas no.12054852 /univar grade /powder 25 g /ขวด"
"AS190272","Ammonia Cyanate Reagent Powder [(NH4NO3)]cas no.6484522 /AR grade 10 ซอง /ชุด"
"AS190273","Ammonia Salicylate Reagent Powder [((COONH4)2.H2O)]cas no.6009707 /Electrophoresis grade 10 ซอง /ชุด"
"AS190274","Ammonia solution 25% [((NH4)2S2O8 )]cas no.7727540 /Univar grade /liquid 2.5 L /ขวด"
"AS190275","Ammonium chloride [((NH4)2S2O8)]cas no.7727540 /AR grade /powder 500 g /ขวด"
"AS190276","Ammonium ferric citrate/ Ammonium iron (III) citrate [(NH4KSO4)]cas no.23208799 /Univar grade /powder 500 g /ขวด"
"AS190277","Ammonium hydroxide [((NH4)SO4)]cas no.7783202 /Univar grade /liquid 2.5 L /ขวด"
"AS190236","3-Indoleacetic acid cas no.9000015 /AR grade /powder 5 g /ขวด"
"AS190237","4-Aminophenazone (Ampyrone) [(CH3COOH)]cas no.64197 /AR grade /powder 50 g /ขวด"
"AS190238","4-Nitrophenyl N-acetyl-?-D-glucosaminide /AR grade /powder 100 mg /ขวด"
"AS190239","4-Nitrophenyl palmitate [(CH3CO2H)]cas no.64197 /Univar grade /powder 1 g /ขวด"
"AS190240","4-Nitrophenyl ?-L-fuco?pyran?oside [(C3H6O)]cas no.67641 /puriss grade /powder 100 mg /ขวด"
"AS190241","4-Nitrophenyl ?-D-glucopyranoside [(CH3CN)]cas no.75058 /AR grade /powder 100 mg /ขวด"
"AS190242","5-Bromo-4-chloro-3-indolyl ?-D-galactopyranoside = X-gal [(C7H16ClNO2)]cas no.60311 /Commercial grade /powder 100 mg /ขวด"
"AS190243","5-Keto-D-gluconic acid [(C3H5NO)]cas no.79061 /AR grade /powder 1 g /หลอด"
"AS190244","5-Sulphosalicylic acid [(C5H12O5)]cas no.488813 /AR grade /powder 100 g /ขวด"
"AS190245","6-hydroxy-2,5,7,8-tetramethylchroman-2-carboxylic acid , Trolox [((C12H18O9)n)]cas no.9002180 /AR grade /powder 1 g /ขวด"
"AS190246","Acacia (Gum Arabic) cas no.9012366 /Univar grade /powder 450 g /ขวด"
"AS190247","Acetic acid cas no.9012366 /Commercial grade /liquid 2.5 L /ขวด"
"AS190248","Acetic acid glacial cas no.9012366 /AR grade /liquid 500 ml /ขวด"
"AS190249","Acetic acid glacial cas no.9048468 /AR grade /liquid 4 L /แกลลอน"
"AS190250","Acetone cas no.9048468 /Univar grade /liquid 2.5 L /ขวด"
"AS190251","Acetonitrile /reagent grade /liquid 2.5 L /ขวด"
"AS190252","Acetylcholine Chloride [(C14H7O7SNa)] /AR grade /Powder 25 g /ขวด"
"AS190253","Acrylamide /AR grade /powder 1 kg /ขวด"
"AS190254","Adonitol cas no.9001198 /univar grade /powder 10 g /ขวด"
"AS190255","Agar [(AlCl3.6H2O)]cas no.7446700 /univar grade /powder 1 kg /ถุง"
"AS190256","Agarose [( Al(OH)3)]cas no.21645512 /AR grade /powder 25 g /ขวด"
"AS190213","100 kb dna marker [(C6H6N4O4)]cas no.119266 /AR grade /liquid - ul /หลอด"
"AS190214","101 bp dna ladder [(C18H12N6)]cas no. 3682357 /AR grade /liquid 500 ul /หลอด"
"AS190215","1 kp dna ladder [(Cl2C6H3OCH2CO2H)]cas no.94757 /Purum grade /liquid 500 ul /หลอด"
"AS190216","10X TAE (Tris-Acetate-EDTA) pH8.0 [(C12H6Cl2NNaO2 ? xH2O)]cas no.620451 /HPLC grade /liquid 1000 ml /ขวด"
"AS190217","1-Butanol [(C12H6Cl2NNaO2 ? xH2O)]cas no.620451 /Purum grade /liquid 2.5 L /ขวด"
"AS190218","1-Naphthol [(C2H6OS)]cas no.60242 /AR grade /powder 100 g /ขวด"
"AS190219","1-Naphthylamine [(C2H6OS)]cas no.60242 /AR grade /powder 250 g /ขวด"
"AS190220","2,2'-azino-bis (3-ethylbenzthiazoline-6-sulphonic acid) ,ABTS [( C6H5OCH2CH2OH)]cas no.122996 /Commercial grade /powder 2 g /ขวด"
"AS190221","2,2-Diphenyl-1-(2,4,6-trinitrophenyl)hydrazyl ,DPPH [(C4H4N2OS)]cas no.141902 /AR grade /powder 1 g /ขวด"
"AS190222","2,3,5-triphenyl tetrazolium chloride [(3M KCl)]cas no.7447407 /ultrapure grade /powder 5 g /ขวด"
"AS190223","2,4 dinitrophenylhydrezine [(C9H11NO4)]cas no.59927 /AR grade /powder 100 g /ขวด"
"AS190224","2,4,6-tris(2-pyridyl)-s-triazine , TPTZ [((O2N)2C6H2-2-(OH)CO2H)]cas no.609994 /ACS grade /powder 1 g /ขวด"
"AS190225","2,4-Dichlorophenoxyacetic acid /AR grade /powder 250 g /ขวด"
"AS190226","2,6 dichlorophenolindophenol sodium salt hydrate [(C10H9NO2)]cas no.87514 /AR grade /powder 5 g /ขวด"
"AS190227","2,6-Dichloroindophenol sodium salt hydrate [(C11H13N3O)]cas no.83078 /AR grade /powder 5 g /ขวด"
"AS190228","2-mercaptoethanol [(C14H18N2O8)]cas no.3459185 /AR grade /liquid 25 ml /ขวด"
"AS190229","2-Mercaptoethanol [(C22H35NO4)]cas no.1492304 /AR grade /liquid 50 ml /ขวด"
"AS190230","2-Phenoxyethanol [(C12H15NO7)]cas no.10231842 /plant cuture test grade /liquid 250 ml /ขวด"
"AS190231","2-Thiouracil [(C12H15NO8)]cas no.2492877 /AR grade /powder 25 g /ขวด"
"AS190232","3 M Potassium chloride [(C14H15BrClNO6)]cas no.7240906 /AR grade /liquid 500 ml /ขวด"
"AS190233","3,4-Dihydroxy-L-phenylalanine (TLC) [(C6H9KO7)]cas no.91446967 /AR grade /powder 5 g /ขวด"
"AS190234","3,5-Dinitrosalicylic acid [(C7H6O6S.2H2O)]cas no.5965833 /ACS grade /powder 25 g /ขวด"
"AS190235","30% AccuGel 29:1 [(C14H18O4)]cas no.53188071 /AR grade /liquid 1 L /ขวด"
"AS190193","Seq A-F : CCA AGA CCT ACT TCC CGC AC /Primer 100 ul /หลอด"
"AS190194","Seq A-R : GGC ACA TTC CGG GAT AGA GAG /Primer 100 ul /หลอด"
"AS190195","TaqM_Alz : FAM/ CCG CCT GGC CCT GGA GAA CT/ 3IABkFQ /""FAM"" Probe 50 ul /หลอด"
"AS190196","TaqM_CD17-F : GAG GAG AAG TCT GCC GTT ACT G /Primer 100 ul /หลอด"
"AS190197","TaqM_CD17-R : CTC CTT AAA CCT GTC TTG TAA CCT TGA T /Primer 100 ul /หลอด"
"AS190198","TaqM_CD17-WT : VIC/ CAC GTT CAC CTT GCC CCA/ MGBNFQ /""VIC"" Probe 50 ul /หลอด"
"AS190199","TaqM_CD17-MU : FAM/ ACG TTC ACC TAG CCC CA/ MGBNFQ /""FAM"" Probe 50 ul /หลอด"
"AS190200","TaqM_CD26-F : GAG GAG AAG TCT GCC GTT ACT G /Primer 100 ul /หลอด"
"AS190201","TaqM_CD26-R : GTC TCC TTA AAC CTG TCT TGT AAC CT /Primer 100 ul /หลอด"
"AS190202","TaqM_CD26-WT : VIC/ TGG TGG TGA GGC CCT/ MGBNFQ /""VIC"" Probe 50 ul /หลอด"
"AS190203","TaqM_CD26-MU : FAM/ TTG GTG GTA AGG CCC T/ MGBNFQ /""FAM"" Probe 50 ul /หลอด"
"AS190204","(+)-Sodium L-ascobate /powder 250 g /ขวด"
"AS190205","(KMS) Potassium metabisulfite /powder 1 kg /ขวด"
"AS190206","(SYBR) Novle Juice supply 6X loading dye buffer /liquid - ul /ขวด"
"AS190207","1 kb dna marker [(CH3(CH2)3OH)]cas no.71363/liquid - ul /หลอด"
"AS190208","1,10 Phenanthroline = o-Phenanthrolene [(C10H7OH)]cas no.90153 /powder 5 g /ขวด"
"AS190209","1,1-Diphenyl-2-picrylhydrazyl radical [(C10H7NH2)]cas no.134327 /AR grade /powder 1 g /ขวด"
"AS190210","1,2 - Dipalmitoyl-sn-glycero-3-phosphocholine (DPPC) [(C18H18N4O6S4)]cas no.30931670 /ACS grade /powder 50 mg /ขวด"
"AS190211","10 mM dNTP [(C18H12N5O6)]cas no.1898664 /AR grade /liquid - ul /หลอด"
"AS190212","10% Sodium Hypochlorite cas no.298964 /Commercial grade /liquid 5 L /ขวด"
"AS190174","SRY_115-R : 5'-TGA GAA AGA TGA CAT CCA TCT CTA A-3' /Primer 100 ul /หลอด"
"AS190175","SRY_233-F : 5'-TTA TGG AGA TGG AAG GGC GG-3' /Primer 100 ul /หลอด"
"AS190176","SRY_233-R : 5'-TGG AAA GCT GAC TTT GAT ACA TAC C-3' /Primer 100 ul /หลอด"
"AS190177","SRT_357-F : 5'-TGT TGA GAA CGC CGA CTA CC-3' /Primer 100 ul /หลอด"
"AS190178","Beta HRM_A-F : ACT TAG ACC TCA CCC TGT GGA /Primer 100 ul /หลอด"
"AS190179","Beta HRM_A-R : TGG TGT CTG TTT GAG GTT GC /Primer 100 ul /หลอด"
"AS190180","Beta HRM_B-F : CCT GAG GAG AAG TCT GCC GTT /Primer 100 ul /หลอด"
"AS190181","Beta HRM_B-R : GTC TCC ACA TGC CCA GTT TCT /Primer 100 ul /หลอด"
"AS190182","Beta HRM_C-F : TTC CCA CCC TTA GGC TGC TGG T /Primer 100 ul /หลอด"
"AS190183","Beta HRM_C-R : TGG CAA AGG TGC CCT TGA GGT /Primer 100 ul /หลอด"
"AS190184","Beta HRM_E1 : GTC ACA CTT TGG GTT GTA AGT GAC /Primer 100 ul /หลอด"
"AS190185","Beta HRM_E2 : TCA ATG TGC TCT GTG CAT TAG TTA C /Primer 100 ul /หลอด"
"AS190186","Beta HRM_E3 : TGC CAT TTC ATG GTT CAC CTT TCA /Primer 100 ul /หลอด"
"AS190187","Hb Tak-F : GGC TGC CTA TCA GAA AGT GG /Primer 100 ul /หลอด"
"AS190188","Hb Tak-R : GAT GCT CAA GGC CCT TCA TA /Primer 100 ul /หลอด"
"AS190189","Seq Beta_S1-F : ACT CCT AAG CCA GTG CCA GA /Primer 100 ul /หลอด"
"AS190190","Seq Beta_S1-R : TGT ACC CTG TTA CTT CTC CCC /Primer 100 ul /หลอด"
"AS190191","Seq Beta_S2-F : ACA ATG TAT CAT GCC TCT TTG CAC /Primer 100 ul /หลอด"
"AS190192","Seq Beta_S2-R : TGC ATT AGC TGT TTG CAG CC /Primer 100 ul /หลอด"
"AS190154","R - ACTB_353 : 5'-CAG AAG AGA GAA CCA GTG AGA AAG-3' /Primer 100 ul /หลอด"
"AS190155","TaqM_ACTB_353 : 5'-/5HEX/ TGA TGG TGG/ZEN/ GCA TGG GTC AGA AG/3IABkFQ/-3' /""HEX""Probe 50 ul /หลอด"
"AS190156","Y chrom/ 125-F : 5'-AAC ATA CCG TCA CTG CCA CTC-3' /Primer 100 ul /หลอด"
"AS190157","Y chrom/ 125-R : 5'-CTG GAG TTG CGG CTT TTT GAC-3' /Primer 100 ul /หลอด"
"AS190158","Y chrom/125-HEX : 5'-/5HEX/TCA GGT GCT/ZEN/ CCC ACA AAC CAA GC/3IABkFQ/-3' /""HEX""Probe 50 ul /หลอด"
"AS190159","HBA2-6-R : 5'-GAA CGG CTA CCG AGG CT-3' /Primer 100 ul /หลอด"
"AS190160","NH3-F : 5'-TGA ATG CCT CGT CCA CAC CTC C-3' /Primer 100 ul /หลอด"
"AS190161","NH3-R : 5'-AAC CGG CTG GAG CAT TCA ACC T-3' /Primer 100 ul /หลอด"
"AS190162","AlphaEx3-F : 5'-TGC ACG CCT CCC TGG AGA AG-3' /Primer 100 ul /หลอด"
"AS190163","Alpha1-R : 5'-AGG GGC AAG AAG CAT GGC C-3' /Primer 100 ul /หลอด"
"AS190164","HBA1-59-R : 5'-GTA CGG GTG CAG GAA GG-3' /Primer 100 ul /หลอด"
"AS190165","B-Seq-598-F : 5'-AGA AGA GCC AAG GAC AGG TA-3' /Primer 100 ul /หลอด"
"AS190166","B-Seq-598-R : 5'-TCA CTC AGT GTG GCA AAG G-3' /Primer 100 ul /หลอด"
"AS190167","CD41/42 Nor Prob : 6FAM-CCC AGA GGT TCT TTG AGT CCT TTG G-MGBNFG /""FAM"" Probe 50 ul /หลอด"
"AS190168","CD41/42 Mut Prob : VIC-CCC AGA GGT TGA GTC CTT TGG G-MGBNFG /""VIC"" Probe 50 ul /หลอด"
"AS190169","Alpha-C-P : FAM-CCA TGC TTC TTG CCC CT-MGBNFQ /""FAM"" Probe 50 ul /หลอด"
"AS190170","SEA-Taq-P : VIC-TCA CTT GGA GGC TGG G-MGBNFQ /""VIC"" Probe 50 ul /หลอด"
"AS190171","SRY_73-F : 5'-GCT GGT GAC CCA ACT GGT TT-3' /Primer 100 ul /หลอด"
"AS190172","SRY_73-R : 5'-TGC AAA TTT TAT GAA GTC TTG GCA-3' /Primer 100 ul /หลอด"
"AS190173","SRY_115-F : 5'-GGT ATG TAT CAA AGT CAG CTT TCC-3' /Primer 100 ul /หลอด"
"AS190137","R_ARMS-IVS1-1 : 5'-TTA AAC CTG TCT TGT AAC CTT GAT ACC GAA-3' /Primer 100 ul /หลอด"
"AS190138","F_ARMS-CD41-42 : 5'-TTT TCC CAC CCT TAG GCT GCT-3' /Primer 100 ul /หลอด"
"AS190139","R_ARMS-CD41-42 : 5'-GAG TGG ACA GAT CCC CAA AGG ACT CAA CCT-3' /Primer 100 ul /หลอด"
"AS190140","F_ACTIN_80 : 5'-GTG CTC AGG GCT TCT TGT CC-3' /Primer 100 ul /หลอด"
"AS190141","R_ACTIN_80 : 5'-CTC GTC GCC CAC ATA GGA AT-3' /Primer 100 ul /หลอด"
"AS190142","F_ACTIN_214 : 5'-AGA AAA TCT GGC ACC ACA CCT-3' /Primer 100 ul /หลอด"
"AS190143","R_ACTIN_214 : 5'-CGG AAA ACG GCA GAA GAG AG-3' /Primer 100 ul /หลอด"
"AS190144","F - Ch21_76 : 5'-GTT CTC GCG TGG ATC TGC T-3' /Primer 100 ul /หลอด"
"AS190145","R - Ch21_76 : 5'-AAC GGA TTT GAA CCC AGC CC-3' /Primer 100 ul /หลอด"
"AS190146","TaqM_ Ch21_76 : 5'-CGT TTC GTG GAG TCC AGG GTG AAG-3' /""FAM"" Probe 100 ul /หลอด"
"AS190147","F – Ch21_350 : 5'-CTA TGG CGG CCA CGT TCT TC-3' /Primer 100 ul /หลอด"
"AS190148","R - Ch21_350 : 5'-CAG ATC CAC GCG AGA ACC AC-3' /Primer 100 ul /หลอด"
"AS190149","TaqM_ Ch21_350 : 5'-ACT GAG GAC GAA GAG GAG GAG GAG-3' /""VIC"" Probe 100 ul /หลอด"
"AS190150","F - ACTB_80 : 5'-CCA TCG AGC ACG GCA TC-3' /Primer 100 ul /หลอด"
"AS190151","R - ACTB_80 : 5'-CAC ACG CAG CTC ATT GTA GA-3' /Primer 100 ul /หลอด"
"AS190152","TaqM_ACTB_80 : 5'-/56-FAM / ACC AAC TGG/ZEN/ GAC GAC ATG GAG AAA/3IABkFQ/-3' /""FAM"" Probe 50 ul /หลอด"
"AS190153","F - ACTB_353 : 5'-GGG CTT CTT GTC CTT TCC TT-3' /Primer 100 ul /หลอด"
"AS190118","SEA-P3 : 5'-GCC TTG AAC TCC TGG ACT TAA-3' /Primer 100 ul /หลอด"
"AS190119","HBD596-F : 5'-CAG AGT CGA CTG TTG CTT ACA C-3' /Primer 100 ul /หลอด"
"AS190120","HBD596-R : 5'-TGT GGG AGA AGA GCA GGT AGG-3' /Primer 100 ul /หลอด"
"AS190121","HBD124-F : 5'-GAA GAC TGC TGT CAA TGC CC-3' /Primer 100 ul /หลอด"
"AS190122","HBD124-R : 5'-ACA TGC CCA GTT TCC ATT TGC-3' /Primer 100 ul /หลอด"
"AS190123","ARMS-E-F : 5'-CTG CCG TTA CTG CCC TGT GGG GCA-3' /Primer 100 ul /หลอด"
"AS190124","ARMS-E-M1 : 5'-TAA CCT TGA TAC CAA CCT GCC CAG GGC CGT-3' /Primer 100 ul /หลอด"
"AS190125","ARMS-E-M2 : 5'-TAA CCT TGA TAC CAA CCT GCC CAG GGC ATT-3' /Primer 100 ul /หลอด"
"AS190126","ARMS-E-M3 : 5'-TAA CCT TGA TAC CAA CCT GCC CAG GGA CTT-3' /Primer 100 ul /หลอด"
"AS190127","ARMS-E-N1 : 5'-TAA CCT TGA TAC CAA CCT GCC CAG GGC CTC-3' /Primer 100 ul /หลอด"
"AS190128","ARMS-E-N2 : 5'-TAA CCT TGA TAC CAA CCT GCC CAG GGC CGC-3' /Primer 100 ul /หลอด"
"AS190129","ARMS-E-N3 : 5'-TAA CCT TGA TAC CAA CCT GCC CAG GGC ATC-3' /Primer 100 ul /หลอด"
"AS190130","ARMS-E-N4 : 5'-TAA CCT TGA TAC CAA CCT GCC CAG GGA CTC-3' /Primer 100 ul /หลอด"
"AS190131","F1_ARMS-E_111 : 5'-ACC ATG GTG CAC CTG ACT C-3' /Primer 100 ul /หลอด"
"AS190132","F2_ARMS-E_183 : 5'-GTC AGG GCA GAG CCA TCT AT-3' /Primer 100 ul /หลอด"
"AS190133","F3_ARMS-E_242 : 5'-AGG GTT GGC CAA TCT ACT CC-3' /Primer 100 ul /หลอด"
"AS190134","F_ARMS-CD17 : 5'-AGA AGT CTG CCG TTA CTG CC-3' /Primer 100 ul /หลอด"
"AS190135","R_ARMS-CD17 : 5'-CTC ACC ACC AAC TTC ATC CAC GTT CAG CTA-3' /Primer 100 ul /หลอด"
"AS190136","F_ARMS-IVS1-1 : 5'-TGG ATG AAG TTG GTG GTG AGG-3' /Primer 100 ul /หลอด"
"AS190099","F4_ARMS-E_325 : 5'-GGT TTG AAG TCC AAC TCC TAA GCC A-3' /Primer 100 ul /หลอด"
"AS190100","F5_ARMS-E_371 : 5'-ACT GAT GGT ATG GGG CCA AGA GAT A-3' /Primer 100 ul /หลอด"
"AS190101","AC-F : 5'-TCC TGG CTT CTG TGA GCA CCG T-3' /Primer 100 ul /หลอด"
"AS190102","HBA2_63-R : 5'-ACC AGG AAG GGC CGG TGC AAG-3' /Primer 100 ul /หลอด"
"AS190103","3.4 kb_F : 5'-GTC ACA CTT TGG GTT GTA AGT GAC-3' /Primer 100 ul /หลอด"
"AS190104","3.4 kb_R1 : 5'-TCA ATG TGC TCT GTG CAT TAG T-3' /Primer 100 ul /หลอด"
"AS190105","3.4 kb_R2 : 5'-ACG GCT GCA ACA TGA ATA TTA GA-3' /Primer 100 ul /หลอด"
"AS190106","IVS1-1_F : 5'-GGT GAA CGT GGA TGA AGT TGG T-3' /Primer 100 ul /หลอด"
"AS190107","IVS1-1_R : 5'-GCC CAG TTT CTA TTG GTC TCC TTA A-3' /Primer 100 ul /หลอด"
"AS190108","TaqM_IVS1-1_N : VIC-CTG GGC AGG TTG GTA T – MGBNFQ /""VIC"" Probe 50 ul /หลอด"
"AS190109","TaqM_IVS1-1_M : FAM-CTG GGC AGT TTG GTA T – MGBNFQ /""FAM"" Probe 50 ul /หลอด"
"AS190110","3.7-F : 5'-AAG TCC ACC CCT TCC TTC CTC ACC-3' /Primer 100 ul /หลอด"
"AS190111","3.7-R1 : 5'-ATG AGA GAA ATG TTC TGG CAC CTG CAC TTG-3' /Primer 100 ul /หลอด"
"AS190112","3.7-R2 : 5'-TCC ATC CCC TCC TCC CGC CCC TGC CTT TTC-3' /Primer 100 ul /หลอด"
"AS190113","4.2-F : 5'-TCC TGA TCT TTG AAT GAA GTC CGA GTA GGC-3' /Primer 100 ul /หลอด"
"AS190114","4.2-R1 : 5'-TGG GGG TGG GTG TGA GGA GAC AGG AAA GAG AGA-3' /Primer 100 ul /หลอด"
"AS190115","4.2-R2 : 5'-ATC ACT GAT AAG TCA TTT CCT GGG GGT CTG-3' /Primer 100 ul /หลอด"
"AS190116","SEA-P1 : 5'-GCG ATC TGG GCT CTG TGT TCT-3' /Primer 100 ul /หลอด"
"AS190117","SEA-P2 : 5'-GTT CCC TGA GCC CCG ACA CG-3' /Primer 100 ul /หลอด"
"AS190079","L801-R : 5'-GAG AGC CTC TGG GGA CAT CTT-3' /Primer 100 ul /หลอด"
"AS190080","L1604-F : 5'-GTC CCC AGA GGC TCT CAT TC-3' /Primer 100 ul /หลอด"
"AS190081","L1604-R : 5'TCC AAG CCC TTG CTT TTG CTA-3' /Primer 100 ul /หลอด"
"AS190082","L1800-F : 5'-GTC CCC AGA GGC TCT CAT TC-3' /Primer 100 ul /หลอด"
"AS190083","L1800-R : 5'-AGG CAT AGT GAC AAG TGC CAG-3' /Primer 100 ul /หลอด"
"AS190084","L2000-F : 5'-TCA GCA GCT ATG AGA TGG CTT G-3' /Primer 100 ul /หลอด"
"AS190085","L2000-R : 5'-GCA TAG TGA CAA GTG CCA GAA C-3' /Primer 100 ul /หลอด"
"AS190086","L2200-F : 5'-AGT TAG AGG AAA AGG GGC TCA-3' /Primer 100 ul /หลอด"
"AS190087","L2200-R : 5'-CTG AAT GGG CAG GAA GCA TT-3' /Primer 100 ul /หลอด"
"AS190088","F-Nested_Beta_B : 5'-AAA GTC AGG GCA GAG CCA TC-3' /Primer 100 ul /หลอด"
"AS190089","R-Nested_Beta_B : 5'-AGC AGC CTA AGG GTG GGA AA-3' /Primer 100 ul /หลอด"
"AS190090","F - Nested_Beta_C : 5'-AGG AGA CCA ATA GAA ACT GGG C-3' /Primer 100 ul /หลอด"
"AS190091","R - Nested_Beta_C : 5'-ATC CAC GTG CAG CTT GTC A-3' /Primer 100 ul /หลอด"
"AS190092","F - TaqM_Alz : 5'-CAC ACA TGG CCA GAG TGG AA-3' /Primer 100 ul /หลอด"
"AS190093","R - TaqM_Alz : 5'-CTG AAG TGT GAA CTC GGC TGC-3' /Primer 100 ul /หลอด"
"AS190094","TaqM_Alz : 5'-/56-FAM/CCG CCT GGC/ZEN/ CCT GGA GAA CT/3IABkFQ/-3' /""FAM"" Probe 50 ul /หลอด"
"AS190095","AE2-F : 5'-GTC CTT CCC CAC CAC CAA GAC-3' /Primer 100 ul /หลอด"
"AS190096","HBA1-R : 5'-CTG GCA CGT TTG CTG AGG GAA-3' /Primer 100 ul /หลอด"
"AS190097","AE2-HRM-F : 5'-TAA GGG CCA CGG CAA GAA GG-3' /Primer 100 ul /หลอด"
"AS190098","AE2-HRM-R : 5'-CTT GTG CGC GTG CAG GTC-3' /Primer 100 ul /หลอด"
"AS190060","VC 100bp DNA LADDER (readu-to-use) /Liquids 1 ml /หลอด"
"AS190061","IVS1-F : 5'-GAA CGT GGA TGA AGT TGG-3'. /Primer 100 ul /หลอด"
"AS190062","IVS1-R : 5'-GTC TCC TTA AAC CTG TCT TG -3' /Primer 100 ul /หลอด"
"AS190063","IVSI-WT : FAM-CCT GGG CAG GTT GGT ATC AAG GTT-MGBNFQ /""FAM"" Probe 100 ul /หลอด"
"AS190064","IVS1-MT : HEX-CCC TGG GCA GTT TGG TAT CAA GGT-MGBNFQ /""HEX""Probe 100 ul /หลอด"
"AS190065","THS1 : 5'-GCT CCC TTG GAT CTG CAC CTC T-3' /Primer 100 ul /หลอด"
"AS190066","THS2 : 5'-ACC ATA CGG TTC ACC CAT TT-3' /Primer 100 ul /หลอด"
"AS190067","SGE1 : 5'-GTC GTC CCC ACT GTC GTC-3' /Primer 100 ul /หลอด"
"AS190068","SGE2 : 5'-ACG CCC GTC CGA CTC AAG GA-3' /Primer 100 ul /หลอด"
"AS190069","SGE3 : 5'-GGC TTA CTG CAG CCT TGA AC-3' /Primer 100 ul /หลอด"
"AS190070","L102-F : 5'-CAG CAA ACA CAA CGA CCC AT-3' /Primer 100 ul /หลอด"
"AS190071","L102-R : 5'-TCC TGT TTC AAT GGC TTA GTA GA-3' /Primer 100 ul /หลอด"
"AS190072","L200-F : 5'-AAA CAC AGC AAA CAC AAC GAC-3' /Primer 100 ul /หลอด"
"AS190073","L200-R : 5'-GGA CAA TAA CCC TCC TCC CA-3' /Primer 100 ul /หลอด"
"AS190074","L407-F : 5'-TGC GCT TCC TTG ATG CTC TAC-3' /Primer 100 ul /หลอด"
"AS190075","L407-R : 5'-GGT CCA CGT GCT TGT CTT TGT-3' /Primer 100 ul /หลอด"
"AS190076","L601-F : 5'-CTG GGA GGA GGG TTA TTG TCC-3' /Primer 100 ul /หลอด"
"AS190077","L601-F : 5'-CAT GGA AAT GAT CAG GCT TGG-3' /Primer 100 ul /หลอด"
"AS190078","L801-F : 5'-TGG GAG GAG GGT TAT TGT CCA T-3' /Primer 100 ul /หลอด"
"AS190040","Potassium cyanide [(KCN)] /Powder 250 g /ขวด"
"AS190041","Propan-2-OL (Isopropanol) [((CH3)2CHOH)] cas no.67630 /Liquids 2.5 ml /ขวด"
"AS190042","Q Sepharose Fast Flow cas no.17051001 /Liquids 300 ml /ขวด"
"AS190043","QIA amp DNA Mini Kit 250 set /กล่อง"
"AS190044","QIA quick PCR Purfication Kit 50 set /กล่อง"
"AS190045","QIAamp Criculating Nucleic Acid Kit 50 set /กล่อง"
"AS190046","QIAGEN Proteinase K /Liquids 15 ml /ขวด"
"AS190047","Sodium chloride [(NaCl)] cas no.7647145 /Powder 1 kg /ขวด"
"AS190048","Sodium dihydrogen phosphate monohydrate [(NaH2PO4*H2O)] /Powder 1 kg /ขวด"
"AS190049","Sodium hydroxide [(NaOH)] /Solid 1 kg /ขวด"
"AS190050","Sterile water for irrigation A.N.B. [(H2O)] /Liquids 1 L 10 ขวด/กล่อง"
"AS190051","SYTO 9 Green fluorescent nucleic acid stain /Liquids 100 ul /หลอด"
"AS190052","Taq DNA Polymerase /Liquids 100 ul /กล่อง"
"AS190053","Taqman universal PCR master mix /Liquids 1 ml /กล่อง"
"AS190054","TMB Single Solution /Liquids 500 ml /ขวด"
"AS190055","Top Taq DNA Polymerase (Qiagen) /Liquids 100 ul /กล่อง"
"AS190056","Top Taq Master mix kit (Qiagen) /Liquids 1 ml /กล่อง"
"AS190058","Tris (hydroxymethyl) aminomethane [(H2NC(CH2OH)3)] cas no.77861 /Powder 500 g /ขวด"
"AS190059","Triton X-100 [(C34H62O11)] cas no.9002931 /Liquids 50 ml /ขวด"
"AS190033","N,N-Diethyl hydroxylamine cas no.3710847 /Liquids 1 L /ขวด"
"AS190034","Novel juice supplied in 6X loading buffer /Liquids 1 ml /หลอด"
"AS190035","NucleoSpin Blood 3*250 Prep/PKG 250 set /กล่อง"
"AS190036","NucleoSpin Plasma XS 50 Prep/kit 50 set /กล่อง"
"AS190037","Phenol chloroform-Isoamyl Alcohol /Liquids 400 ml /ขวด"
"AS190038","Phosphate Buffered Saline (PBS) /Tabs 100 tab /ขวด"
"AS190039","Platinumtaq DNA Polymerase /Liquids 100 ul /ชุด"
"AS190022","Ethanol 95% [(C2H5OH)] /Liquids 15 GL /แกลลอน"
"AS190023","Ethylenediaminetetraacetic acid, EDTA [(C10H14N2Na2O8.2H2O)] cas no.6381926 /Powder 500 g /ขวด"
"AS190024","Gel/PCR Purification Mini Kit 50 set /กล่อง"
"AS190025","GF-1 AmbiClean Kit ( Gel & PCR ) 50 set /กล่อง"
"AS190026","Glycerol about 87% /Liquids 2.5 L /ขวด"
"AS190027","HotStar Taq DNA Polymerase (250 Unit) 25 ul 1 หลอด/แพ็ค"
"AS190028","Hydrochloric acid 37% [(HCl)] cas no.7647010 /Liquids 2.5 L /ขวด"
"AS190029","Hydrogen peroxide [(CH6N2O3)] cas no.124436 /Powder 100 g /ขวด"
"AS190030","Innuprep Blood DNA Mini Kit, 50 RXNS 1 set /กล่อง"
"AS190031","Innuprep PCRPURE Kit,50 RXNS 1 set /กล่อง"
"AS190003","2X ddPCR Prob Supermix,5*1ml/T for 500 rxn 1 ml 5 หลอด/ชุด"
"AS190004","7500 FAST PURE DYE CALIBRATION +FPPM 100 ul /ชุด"
"AS190005","Acetic acid, Glacial [(CH3COOH)] cas no.64197 /Liquids 2.5 L /ขวด"
"AS190006","Agarose cas no.E3120500 /Powder 100 g /ขวด"
"AS190007","Ammonium acetate [(CH3COONH4)] /Powder 500 g /ขวด"
"AS190008","Bsh1236I (BstUI) /Liquids 50 ul 1 หลอด/ชุด"
"AS190009","Buffer AL (Qiagen) /Liquids 33 ml /ขวด"
"AS190010","Carbon tetrachloride [(CCl4)] cas no.56325 /Liquids 25 ml /ขวด"
"AS190011","Cell-to-CpG Bisulfite Conversion Kit 50 set /แพ็ค"
"AS190012","Chelex 100 cas no.1421253 /Powder 50 g /ขวด"
"AS190013","Citric acid monohydrat [(C6H8O7*H2O)] cas no.5949291 /Powder"
"AS190014","Dimethyl sulfoxide [(CH3)2SO)] cas no.67685 /Liquids 1 ml /ขวด"
"AS190015","Di-Sodium hydrogen phosphate anhydrous [(Na2HPO4)] /Powder 500 g /ขวด"
"AS190016","DNA Away Surface Decontaminants /Liquids 100 ml /ขวด"
"AS190017","DNA Ladder H3 RTU,500 UL /Liquids 500 ul /หลอด"
"AS190018","Droplet Reader Oil ,10*7 ml/B 7 ml 10 ขวด/แพ็ค"
"AS190019","Droplet Reader Oil 2L (2*1L) 1 L 2 ขวด/แพ็ค"
"AS190020","E.Z.N.A Blood DNA Kit (50) 50 set /กล่อง"
"AS190021","Ethanol absolute [(C2H5OH)] cas no.64175 /Liquids 2.5 L /ขวด"
"AS190001","วัสดุสารเคมี"
