item_code,name,raw_name,cas_no,formula,grade,package_size,base_unit,packaging,needs_review
AS198197,"Asiatic Acid","Asiatic Acid 500 mg /ขวด",,,,500,mg,ขวด,
AS198196,"Madecassic Acid","Madecassic Acid 100 mg /ขวด",,,,100,mg,ขวด,
AS198193,"Helium gas grade 7 คิว","Helium gas UHP grade 7 คิว /ถัง",,,UHP,,,ถัง,YES
AS198188,"กรด 2,4-ไดคลอโรฟีนอกซีอะซิติก","กรด 2,4-ไดคลอโรฟีนอกซีอะซิติก 100 g /ขวด",,,,100,g,ขวด,
AS198187,"โซเดียมไฮดรอกไซด์ 0.1 N","โซเดียมไฮดรอกไซด์ 0.1 N 1 ลิตร /ขวด",,,,1,L,ขวด,
AS198186,L-Proline,"L-Proline 10 mg /ขวด",,,,10,mg,ขวด,
AS198185,"Potassium persulfate","Potassium persulfate 100 g /ขวด",,,,100,g,ขวด,
AS198183,"PEG 3350 Solution Cosmetic liquid","PEG 3350 Solution Cosmetic liquid 1 kg /ขวด",,,,1,kg,ขวด,
AS198182,"Chlorhexidine Gluconate (CHG 20%) Cosmetic liquid","Chlorhexidine Gluconate (CHG 20%) Cosmetic liquid 1 kg /ขวด",,,,1,kg,ขวด,
AS198141,"Isopropyl alcohol liquid","Isopropyl alcohol AR liquid 2.5 L /ขวด",,,AR,2.5,L,ขวด,
AS198140,"Benzyl alcohol liquid","Benzyl alcohol AR liquid 2.5 L /ขวด",,,AR,2.5,L,ขวด,
AS198139,"Diclofenac sodium 99% solid","Diclofenac sodium 99% AR solid 100 g /ขวด",,,AR,100,g,ขวด,
AS198138,"Amlodipine besylate 98% solid","Amlodipine besylate 98% AR solid 25 g /ขวด",,,AR,25,g,ขวด,
AS198137,"Metformin hydrochloride 97% solid","Metformin hydrochloride 97% AR solid 100 g /ขวด",,,AR,100,g,ขวด,
AS198136,"Ibuprofen 98% solid","Ibuprofen 98% AR solid 100 g /ขวด",,,AR,100,g,ขวด,
AS198135,"n-Octanol liquid","n-Octanol AR liquid 500 ml /ขวด",,,AR,500,mL,ขวด,
AS198134,"Sulfadiazine sodium salt 98% solid","Sulfadiazine sodium salt 98% AR solid 100 g /ขวด",,,AR,100,g,ขวด,
AS198133,"Sodium phosphate dibasic heptahydrate solid","Sodium phosphate dibasic heptahydrate AR solid 100 g /ขวด",,,AR,100,g,ขวด,
AS198132,"Ammonia solution 28-30% L 2.5","Ammonia solution 28-30% L 2.5 /ขวด",,,,,,ขวด,YES
AS198112,"VX Factor Discs (50disc","VX Factor Discs (50disc) /กล่อง",,,,,,กล่อง,YES
AS198111,"V-Factor Disc (50disc","V-Factor Disc (50disc) /กล่อง",,,,,,กล่อง,YES
AS198110,"X Factor Discs (50disc","X Factor Discs (50disc) /กล่อง",,,,,,กล่อง,YES
AS198109,"Vancomycin hydrochloride .","Vancomycin hydrochloride 250mg. /ขวด",,,,250,mg,ขวด,
AS198108,"Peptone bacto .","Peptone bacto 500g. /ขวด",,,,500,g,ขวด,
AS198107,"Colistin sulfate salt .","Colistin sulfate salt 1g. /ขวด",,,,1,g,ขวด,
AS198106,"Potato dextrose agar .","Potato dextrose agar 500g. /ขวด",,,,500,g,ขวด,
AS198105,"Brain heart infusion broth .","Brain heart infusion broth 500g. /ขวด",,,,500,g,ขวด,
AS198103,"Phosphate Buffered Saline (PBS) pH 7.4 .","Phosphate Buffered Saline (PBS) pH 7.4 500g. /ขวด",,,,500,g,ขวด,
AS198102,"Bovine serum albumin .","Bovine serum albumin 100g. /ขวด",,,,100,g,ขวด,
AS198101,"Sodium chloride 99% .","Sodium chloride 99% 1kg. /ขวด",,,,1,kg,ขวด,
AS198100,"IRON (III) CHLORIDE HEXAHYDRATE","IRON (III) CHLORIDE HEXAHYDRATE 500 กรัม /ขวด",,,,500,g,ขวด,
AS198099,"Starch M-Protein agar (SCA","Starch M-Protein agar (SCA) 500 กรัม /ขวด",,,,500,g,ขวด,
AS198098,Resazurin,"Resazurin /ขวด",,,,,,ขวด,YES
AS198097,D-cycloserine,"D-cycloserine /ขวด",,,,,,ขวด,YES
AS198095,"Petrifilm E.coli/coliform count plate 3M 50 แผ่น","Petrifilm E.coli/coliform count plate 3M 50 แผ่น /กล่อง",,,,,,กล่อง,YES
AS198094,"Petrifilm Yeast and mold 3M 100 แผ่น","Petrifilm Yeast and mold 3M 100 แผ่น /กล่อง",,,,,,กล่อง,YES
AS198093,"Kanamycin disc 5 vial","Kanamycin disc 30 ug 5 vial /กล่อง",,,,30,ug,กล่อง,
AS198092,L-TRYPTOPHAN,"L-TRYPTOPHAN 5 กรัม /ขวด",,,,5,g,ขวด,
AS198091,"Fast blue B salt","Fast blue B salt 25 กรัม /ขวด",,,,25,g,ขวด,
AS198090," Mueller Hinton Broth (MHB"," Mueller Hinton Broth (MHB) 500 กรัม /ขวด",,,,500,g,ขวด,
AS198042,"กรดซัลฟิวริก (H₂SO) .","กรดซัลฟิวริก (H₂SO) 1.5 กก. /ขวด",,,,1.5,kg,ขวด,
AS198041,"เฟอร์ริกคลอไรด์ (FeCl) .","เฟอร์ริกคลอไรด์ (FeCl) 1.5 กก. /ขวด",,,,1.5,kg,ขวด,
AS198040,"กรดไฮโดรคลอริก .","กรดไฮโดรคลอริก 450 cc. /ขวด",,,,450,mL,ขวด,
AS198039,น้ำตาลกลูโคส,"น้ำตาลกลูโคส 250 กรัม /ขวด",,,,250,g,ขวด,
AS198038,"โซเดียมไฮดรอกไซด์ (NaOH","โซเดียมไฮดรอกไซด์ (NaOH 350 กรัม /ขวด",,,,350,g,ขวด,
AS198037,"แอมโมเนีย (NH3) .","แอมโมเนีย (NH3) 450 cc. /ขวด",,,,450,mL,ขวด,
AS198004,"Bismuth (III) subsalicylate solid","Bismuth (III) subsalicylate solid 100 g /ขวด",,,,100,g,ขวด,
AS198003,"Anise oil food liquid","Anise oil food liquid 100 g /ขวด",,,,100,g,ขวด,
AS198002,"Coriander oil food liquid","Coriander oil food liquid 100 g /ขวด",,,,100,g,ขวด,
AS198001,"Ferrous sulfate food solid","Ferrous sulfate food solid 100 g /ขวด",,,,100,g,ขวด,
AS198000,"Peppermint oil food liquid","Peppermint oil food liquid 450 ml /ขวด",,,,450,mL,ขวด,
AS197999,"Glycerine food liquid","Glycerine food liquid 1 Kg /ขวด",,,,1,kg,ขวด,
AS197979,"Phosphomolybdic acid hydrate","Phosphomolybdic acid hydrate cas no. 51429-74-4 /25g /ขวด",51429-74-4,,,25,g,ขวด,
AS197998,"sand acid washed","sand acid washed 1 kg /ขวด",,,,1,kg,ขวด,
AS197997,"Cetyl Phosphate (and) Silica (and) Titanium Dioxide (CI77891) (Eusolex T-easy","Cetyl Phosphate (and) Silica (and) Titanium Dioxide (CI77891) (Eusolex T-easy) 1 kg /ถุง",,,,1,kg,ถุง,
AS197996,"NSS 0.9% (สำหรับล้างแผล) .","NSS 0.9% (สำหรับล้างแผล) 500 มล. /ขวด",,,,500,mL,ขวด,
AS197995,"NSS 0.9% (สำหรับล้างแผล) .","NSS 0.9% (สำหรับล้างแผล) 1000 มล. /ขวด",,,,1000,mL,ขวด,
AS197993,"Glycerin .","Glycerin 1000 มล. /แกลลอน",,,,1000,mL,แกลลอน,
AS197984,Cyclohexane,"Cyclohexane 2.5L/ขวด",,,,2.5,L,ขวด,
AS197983,"Potassium phosphate dibasic anhydrous","Potassium phosphate dibasic anhydrous cas no.7758-11-4/ 500g/ขวด",7758-11-4,,,500,g,ขวด,
AS197982,"Potassium dihydrogen phosphate / Solid","Potassium dihydrogen phosphate [KH2PO4] cas no. 7778-77-0/ Solid/ 500g /ขวด",7778-77-0,KH2PO4,,500,g,ขวด,
AS197981,"Potassium chloride (KCl","Potassium chloride (KCl) cas no.7447-40-7 500g /ขวด",7447-40-7,,,500,g,ขวด,
AS197980,"Plant DNA extraction kit 50 prep","Plant DNA extraction kit 50 prep /กล่อง",,,,,,กล่อง,YES
AS197978,"Orcein powder","Orcein powder 5g /ขวด",,,,5,g,ขวด,
AS197977,"MacConkey Broth","MacConkey Broth/ 500g /ขวด",,,,500,g,ขวด,
AS197976,"Iron (III) nitrate nonahydrate","Iron (III) nitrate nonahydrate cas no. 7782-61-8/ 500g /ขวด",7782-61-8,,,500,g,ขวด,
AS197975,"n-Hexane /Liquid","n-Hexane cas no.110543 /Liquid2.5L /ขวด",110-54-3,,,2.5,L,ขวด,
AS197974,"Carmine powder","Carmine powder  5 g /ขวด",,,,5,g,ขวด,
AS197992,Aniline,"Aniline Cas no. 62-53-3 AR 500 ml /ขวด",62-53-3,,AR,500,mL,ขวด,
AS197991,Resorcinol,"Resorcinol 50 g /ขวด",,,,50,g,ขวด,
AS197990,1-Naphthol,"1-Naphthol Cas no. 90-15-3 AR 100 g /ขวด",90-15-3,,AR,100,g,ขวด,
AS197989,Sucrose,"Sucrose Cas no. 57-50-1 1 kg /ขวด",57-50-1,,,1,kg,ขวด,
AS197988,"Lactose monohydrate","Lactose monohydrate 500 g /ขวด",,,,500,g,ขวด,
AS197987,D(-)-Fructose,"D(-)-Fructose Cas no. 57-48-7 500 g /ขวด",57-48-7,,,500,g,ขวด,
AS197986,D-(-)-Arabinose,"D-(-)-Arabinose 10 g /ขวด",,,,10,g,ขวด,
AS197985,2-Bromobutane,"2-Bromobutane Cas no. 78-76-2 AR 500 ml /ขวด",78-76-2,,AR,500,mL,ขวด,
AS197973,"Ammonium dihydrogen phosphate","Ammonium dihydrogen phosphate cas no. 7722-76-1 500 g /ขวด",7722-76-1,,,500,g,ขวด,
AS197972,Chlorphenesin,"Chlorphenesin 1 kg /ขวด",,,,1,kg,ขวด,
AS197971,Chlorphenesin,"Chlorphenesin 500 g /ขวด",,,,500,g,ขวด,
AS197970,Chlorphenesin,"Chlorphenesin 100 g /ขวด",,,,100,g,ขวด,
AS197969,"Benzyl alcohol (and) Sodium benzoate (and) Potassium sorbate (and) Aqua (water) [(Preserve-BSB)]","Benzyl alcohol (and) Sodium benzoate (and) Potassium sorbate (and) Aqua (water) [(Preserve-BSB)] 1 kg /ขวด",,,,1,kg,ขวด,
AS197968,"Benzyl alcohol (and) Sodium benzoate (and) Potassium sorbate (and) Aqua (water) [(Preserve-BSB)]","Benzyl alcohol (and) Sodium benzoate (and) Potassium sorbate (and) Aqua (water) [(Preserve-BSB)] 500 g /ขวด",,,,500,g,ขวด,
AS197967,"Benzyl alcohol (and) Sodium benzoate (and) Potassium sorbate (and) Aqua (water) [(Preserve-BSB)]","Benzyl alcohol (and) Sodium benzoate (and) Potassium sorbate (and) Aqua (water) [(Preserve-BSB)] 100 g /ขวด",,,,100,g,ขวด,
AS197966,"Sodium Lauroyl Sarcosinate (Powder","Sodium Lauroyl Sarcosinate (Powder) 1 kg /ถุง",,,,1,kg,ถุง,
AS197965,"Sodium Lauroyl Sarcosinate (Powder","Sodium Lauroyl Sarcosinate (Powder) 500 g /ถุง",,,,500,g,ถุง,
AS197964,"Sodium Lauroyl Sarcosinate (Powder","Sodium Lauroyl Sarcosinate (Powder) 100 g /ถุง",,,,100,g,ถุง,
AS197963,"Pentylene glycol (and) Caprylyl glycol (and) Butylene glycol (and) Cocos Nucifera (Coconut) Fruit Extract [(Ncare-Eco)]","Pentylene glycol (and) Caprylyl glycol (and) Butylene glycol (and) Cocos Nucifera (Coconut) Fruit Extract [(Ncare-Eco)] 500 g /ขวด",,,,500,g,ขวด,
AS197962,"Pentylene glycol (and) Caprylyl glycol (and) Butylene glycol (and) Cocos Nucifera (Coconut) Fruit Extract [(Ncare-Eco)]","Pentylene glycol (and) Caprylyl glycol (and) Butylene glycol (and) Cocos Nucifera (Coconut) Fruit Extract [(Ncare-Eco)] 100 g /ขวด",,,,100,g,ขวด,
AS197961,"Water-Based Nail Polish, Peelable (Ultramarines Blue","Water-Based Nail Polish, Peelable (Ultramarines Blue) 500 g /ขวด",,,,500,g,ขวด,
AS197960,"Water-Based Nail Polish, Peelable (Rose Red","Water-Based Nail Polish, Peelable (Rose Red) 500 g /ขวด",,,,500,g,ขวด,
AS197958,"Water-Based Nail Polish, Peelable (Red","Water-Based Nail Polish, Peelable (Red) 500 g /ขวด",,,,500,g,ขวด,
AS197954,"Water-Based Nail Polish, Peelable (Ultramarines Blue","Water-Based Nail Polish, Peelable (Ultramarines Blue) 100 g /ขวด",,,,100,g,ขวด,
AS197953,"Water-Based Nail Polish, Peelable (Rose Red","Water-Based Nail Polish, Peelable (Rose Red) 100 g /ขวด",,,,100,g,ขวด,
AS197951,"Water-Based Nail Polish, Peelable (Red","Water-Based Nail Polish, Peelable (Red) 100 g /ขวด",,,,100,g,ขวด,
AS197947,Dimethylformamide,"Dimethylformamide 4 L /bot",,,,4,L,bot,
AS197946,Dimethylformamide,"Dimethylformamide 2.5 L /bot",,,,2.5,L,bot,
AS197945,"India Ink สีดำ","India Ink สีดำ 100 ml /ขวด",,,,100,mL,ขวด,
AS197942,"FD&DH5 (tatarzine) powder","FD&DH5 (tatarzine) powder 250 g /ขวด",,,,250,g,ขวด,
AS197941,"Sodium hydroxide 50% w/w Water","Sodium hydroxide 50% w/w Water 450 ml /ขวด",,,,450,mL,ขวด,
AS197933,"Formaldehyde Solution 37% 1 ขวด","Formaldehyde Solution 37% 2.5 ลิตร 1 ขวด /ขวด",,,,2.5,L,ขวด,
AS197914,"Polyvinylpyrrolidone (PVP-K30) solid","Polyvinylpyrrolidone (PVP-K30) LR solid 500 g /ขวด",,,LR,500,g,ขวด,
AS197913,"Potassium chloride solid","Potassium chloride AR solid 500 g /ขวด",,,AR,500,g,ขวด,
AS197870,"Methanol (HDPE","Methanol (HDPE) AR 4 L /ขวด",,,AR,4,L,ขวด,
AS197869,"Sodium molybdate dihydrate","Sodium molybdate dihydrate Cas no. 10102-40-6 500 g /ขวด",10102-40-6,,,500,g,ขวด,
AS197868,"Calcium nitrate tetrahydrate","Calcium nitrate tetrahydrate Cas no. 13477-34-4 500 g /ขวด",13477-34-4,,,500,g,ขวด,
AS197867,"Lecinol S-10 (Hydrogenated Lecithin) Powder","Lecinol S-10 (Hydrogenated Lecithin) Powder 1 kg /ถุง",,,,1,kg,ถุง,
AS197866,"Sorbitan Palmitate (Span 40) Powder","Sorbitan Palmitate (Span 40) Powder 1 kg /ถุง",,,,1,kg,ถุง,
AS197865,"Cetearyl Alcohol (and) Coco-Glucoside (MONTANOV™ 82) Powder","Cetearyl Alcohol (and) Coco-Glucoside (MONTANOV™ 82) Powder 1 kg /ถุง",,,,1,kg,ถุง,
AS197864,"Arachidyl Alcohol (and) Behenyl Alcohol (and) Arachidyl Glucoside (MONTANOV™ 202) Powder","Arachidyl Alcohol (and) Behenyl Alcohol (and) Arachidyl Glucoside (MONTANOV™ 202) Powder 1 kg /ถุง",,,,1,kg,ถุง,
AS197863,"Cetyl Alcohol, Stearyl Alcohol, Behenyl Alcohol, Phytosterol, Glyceryl Stearate, Caprylic/ CapricTriglyceride, Hydrogenated Lecithin, PEG-20 Phytosterol (NIKKOL Nikkomulese LC) Powder","Cetyl Alcohol, Stearyl Alcohol, Behenyl Alcohol, Phytosterol, Glyceryl Stearate, Caprylic/ CapricTriglyceride, Hydrogenated Lecithin, PEG-20 Phytosterol (NIKKOL Nikkomulese LC) Powder 1 kg /ถุง",,,,1,kg,ถุง,
AS197862,"Lauryl alcohol Powder","Lauryl alcohol Powder 1 kg /ถุง",,,,1,kg,ถุง,
AS197861,"Myristic alcohol solid","Myristic alcohol solid 1 kg /ขวด",,,,1,kg,ขวด,
AS197860,"Choline chloride Powder","Choline chloride AR Powder 500 g /ขวด",,,AR,500,g,ขวด,
AS197858,"Ethyl alcohol 95%","Ethyl alcohol 95% 5 ลิตร/แกลลอน",,,,5,L,แกลลอน,
AS197848,"6X-HIS TAG MONOCLONAL ANTIBODY (HIS.H8","6X-HIS TAG MONOCLONAL ANTIBODY (HIS.H8) /หลอด",,,,,,หลอด,YES
AS197847,"Realtime SYBR master mix ขนาด 100 rxns","Realtime SYBR master mix ขนาด 100 rxns /ชุด",,,,,,ชุด,YES
AS197843,"10X TE buffer pH8 ขนาด","10X TE buffer pH8 ขนาด 100 มิลลิลิตร /ขวด",,,,100,mL,ขวด,
AS197842,"10x TAE buffer ขนาด","10x TAE buffer ขนาด 500 มิลลิลิตร /ขวด",,,,500,mL,ขวด,
AS197841,"Vancomycin ขนาด","Vancomycin ขนาด 500 มิลลิกรัม/ขวด",,,,500,mg,ขวด,
AS197840,"Oxaciliin ขนาด","Oxaciliin ขนาด 1 กรัม /ขวด",,,,1,g,ขวด,
AS197839,"L-Arginine ขนาด","L-Arginine ขนาด25 กรัม /ขวด",,,,25,g,ขวด,
AS197838,"Bacitracin 0.04 unit 50 disc","Bacitracin 0.04 unit 50 disc/vial",,,,,,vial,YES
AS197837,"Colistin 5 vial","Colistin 10 ไมโครกรัม 5 vial/กล่อง",,,,10,ug,กล่อง,
AS197836,"Meropenem 5 vial","Meropenem 10 ไมโครกรัม 5 vial/กล่อง",,,,10,ug,กล่อง,
AS197835,"Clindamycin 5 vial","Clindamycin 10 ไมโครกรัม 5 vial/กล่อง",,,,10,ug,กล่อง,
AS197834,"Erythromycin 5 vial","Erythromycin 10 ไมโครกรัม 5 vial/กล่อง",,,,10,ug,กล่อง,
AS197833,"Ceftazidime 30 ไมโครกรัม/ clavulanic acid 5 vial","Ceftazidime 30 ไมโครกรัม/ clavulanic acid 10 ไมโครกรัม 5 vial/กล่อง",,,,10,ug,กล่อง,
AS197832,"Ceftazidime 5 vial","Ceftazidime 30 ไมโครกรัม 5 vial/กล่อง",,,,30,ug,กล่อง,
AS197831,"Cefotaxime 30 ไมโครกรัม/ clavulanic acid 5 vial","Cefotaxime 30 ไมโครกรัม/ clavulanic acid 10 ไมโครกรัม 5 vial/กล่อง",,,,10,ug,กล่อง,
AS197830,"Cefotaxime 5 vial","Cefotaxime 30 ไมโครกรัม 5 vial/กล่อง",,,,30,ug,กล่อง,
AS197829,"Protinase K ขนาด","Protinase K ขนาด 100 มิลลิกรัม /ขวด",,,,100,mg,ขวด,
AS197828,"Phosphotungstic acid ขนาด","Phosphotungstic acid ขนาด 25 กรัม/ขวด",,,,25,g,ขวด,
AS197827,"Giemsa Stain powder ขนาด","Giemsa Stain powder ขนาด 25 กรัม/ขวด",,,,25,g,ขวด,
AS197826,"Chloramphenical ขนาด","Chloramphenical ขนาด 25 กรัม/ขวด",,,,25,g,ขวด,
AS197825,"Ninhydrin C9H6O4 solid","Ninhydrin C9H6O4Cas no.485472 solid 25 g /ขวด",485-47-2,,,25,g,ขวด,
AS197824,"3M Potassium Chloride, Electrode Solution liquid","3M Potassium Chloride, Electrode Solution Cas no.7447-40-7 liquid 250 ml /ขวด",7447-40-7,,,250,mL,ขวด,
AS197819,"Catechin hydrate","Catechin hydrate cas no. 225937-10-0 /5 g /ขวด",225937-10-0,,,5,g,ขวด,
AS197816,"Soda lime with indicator","Soda lime with indicator Cas no. 8006-28-8 /1 kg /ขวด",8006-28-8,,,1,kg,ขวด,
AS197813,"Nitro blue Tetrazolium (NBT","Nitro blue Tetrazolium (NBT) Cas no. 298-83-9 /1 g /ขวด",298-83-9,,,1,g,ขวด,
AS197812,"Nitro blue Tetrazolium (NBT","Nitro blue Tetrazolium (NBT) Cas no. 298-83-9 /100 mg /ขวด",298-83-9,,,100,mg,ขวด,
AS197809,Lycopene,"Lycopene Cas no. 502-65-8 /1 mg /ขวด",502-65-8,,,1,mg,ขวด,
AS197806,Kinetin,"Kinetin Cas no. 525-79-1 /5 g /ขวด",525-79-1,,,5,g,ขวด,
AS197805,"Indole-3-acetic acid sodium salt","Indole-3-acetic acid sodium salt Cas no. 6505-45-9 /5 g /ขวด",6505-45-9,,,5,g,ขวด,
AS197804,"Indole-3-acetic acid","Indole-3-acetic acid Cas no. 87-51-4 /5 g /ขวด",87-51-4,,,5,g,ขวด,
AS197803,"Formic acid CH2O2","Formic acid CH2O2Cas no. 64186 /2.5 L /ขวด",64-18-6,,,2.5,L,ขวด,
AS197796,"Abscisic acid","Abscisic acid Cas no. 21293-29-8 /25 mg /ขวด",21293-29-8,,,25,mg,ขวด,
AS197794,"3,3-Diaminobenzidine tetrahydrochloride","3,3-Diaminobenzidine tetrahydrochloride Cas no. 868272-85-9 /1 g /ขวด",868272-85-9,,,1,g,ขวด,
AS197792,"2,3,5-Triphenyltetrazolium chloride","2,3,5-Triphenyltetrazolium chloride Cas no. 298-96-4 /25 g /ขวด",298-96-4,,,25,g,ขวด,
AS197791,"2,2-diphenyl-1-picrylhydrazyl","2,2-diphenyl-1-picrylhydrazyl Cas no. 1898-66-4 /1 g /ขวด",1898-66-4,,,1,g,ขวด,
AS197790,1-dodecanal,"1-dodecanal Cas no. 112-54-9 /500 g /ขวด",112-54-9,,,500,g,ขวด,
AS197823,"10x Tris-Borate-EDTA (TBE) buffer, pH 8.3 Liquid","10x Tris-Borate-EDTA (TBE) buffer, pH 8.3 Liquid 1 ลิตร /ขวด",,,,1,L,ขวด,
AS197822,"สีย้อม Sudan Black B Solid","สีย้อม Sudan Black B Solid 10 กรัม /ขวด",,,,10,g,ขวด,
AS197821,"เฮกซะดีคลิวไตรเมทิลลัมโมเนียม โบรไมด์ (Hexadecyltrimethylammonium bromide (HDTMA)) Solid","เฮกซะดีคลิวไตรเมทิลลัมโมเนียม โบรไมด์ (Hexadecyltrimethylammonium bromide (HDTMA)) Solid 500 กรัม /ขวด",,,,500,g,ขวด,
AS197800,"Demethoxycurcumin (analytical standard","Demethoxycurcumin  (analytical standard) Cas no. 22608-11-3 / 10 mg / ขวด",22608-11-3,,,10,mg,ขวด,
AS197799,"Curcumin หรือ diferuloyl methane (analytical standard","Curcumin หรือ diferuloyl methane (analytical standard) Cas no. 458-37-7 / 10 mg / ขวด",458-37-7,,,10,mg,ขวด,
AS197798,"Bisdemethoxycurcumin (analytical standard","Bisdemethoxycurcumin (analytical standard) Cas no. 33171-05-0 / 10 mg / ขวด",33171-05-0,,,10,mg,ขวด,
AS197820,"Ethanol 95% COM องค์การสุรา","Ethanol 95% COM องค์การสุรา 450 ml /ขวด",,,,450,mL,ขวด,
AS197818,"สารละลายเบเนดิกต์ (Benedict's solution","สารละลายเบเนดิกต์ (Benedict's solution) 450 ml /ขวด",,,,450,mL,ขวด,
AS197815,"RPMI medium 1640 powder 10 ซอง","RPMI medium 1640 powder 10 ซอง /กล่อง",,,,,,กล่อง,YES
AS197814,"PAN Indicator(1-(2-pyridylazo)-2-naphthol","PAN Indicator(1-(2-pyridylazo)-2-naphthol) 25 g /ขวด",,,,25,g,ขวด,
AS197811,"Murashige & Skoog Basal Medium with Vitamins","Murashige & Skoog Basal Medium with Vitamins 50 L /ขวด",,,,50,L,ขวด,
AS197810,"Minimum Essential Medium (MEM) 10 ซอง","Minimum Essential Medium (MEM) 10 ซอง /กล่อง",,,,,,กล่อง,YES
AS197808,"Lambda DNA","Lambda DNA 500 µg /หลอด",,,,500,ug,หลอด,
AS197807,"KOD DNA polymerase 250 unit","KOD DNA polymerase 250 unit /แพ็ค",,,,,,แพ็ค,YES
AS197802,"Fetal Bovine Serum Liquid","Fetal Bovine Serum Liquid 50 ml /ขวด",,,,50,mL,ขวด,
AS197801,"EAGLE-Minimum Essential Medium (EMEM) 10 ซอง","EAGLE-Minimum Essential Medium (EMEM) 10 ซอง /กล่อง",,,,,,กล่อง,YES
AS197797,"Abscisic acid","Abscisic acid Cas no. 21293-29-8 50 mg /ขวด",21293-29-8,,,50,mg,ขวด,
AS197795,8-hydroxyquinoline,"8-hydroxyquinoline 100 g /ขวด",,,,100,g,ขวด,
AS197793,"2-acetyl-1-pyrroline (2AP","2-acetyl-1-pyrroline Cas no. 85213-22-5 (2AP) 100 mg /ขวด",85213-22-5,,,100,mg,ขวด,
AS197789,"Trypsin-EDTA (0.5%","Trypsin-EDTA (0.5%) 100 ml /ขวด",,,,100,mL,ขวด,
AS197764,"Concentrated Sulphuric Acid ของเหลว กรดซัลฟิวลิคชนิดเข้มข้น","Concentrated Sulphuric Acid ของเหลว กรดซัลฟิวลิคชนิดเข้มข้น 2.5 ลิตร /ขวด",,,,2.5,L,ขวด,
AS197763,"Sulphuric acid grade AR ของเหลว กรดซัลฟิวริค","Sulphuric acid AR grade AR ของเหลว กรดซัลฟิวริค 2.5 ลิตร /ขวด",,,AR,2.5,L,ขวด,
AS197761,"Perchloric Acid ของเหลว ภาชนะทึบแสง","Perchloric Acid ของเหลว ภาชนะทึบแสง 2.5 ลิตร /ขวด",,,,2.5,L,ขวด,
AS197760,"Concentrated Nitric Acid ของเหลว กรดไนตริก ภาชนะทึบแสง","Concentrated Nitric Acid ของเหลว กรดไนตริก ภาชนะทึบแสง 1 ลิตร /ขวด",,,,1,L,ขวด,
AS197759,"Methylene blue ภาชนะทึบแสง","Methylene blue ภาชนะทึบแสง 100 กรัม /ขวด",,,,100,g,ขวด,
AS197758,"Methyl red ภาชนะทึบแสง","Methyl red ภาชนะทึบแสง 10 กรัม /ขวด",,,,10,g,ขวด,
AS197757,"Copper(II) sulfate CuSO4.5H2O CuSO4.5H2O AR grade ภาชนะทึบแสง","Copper(II) sulfate CuSO4.5H2O AR CuSO4.5H2O AR grade ภาชนะทึบแสง 500 กรัม /ขวด",,,AR,500,g,ขวด,
AS197756,"Potassium sulfate ) ( grade) K2SO4 AR ขวดภาชนะทึบแสง","Potassium sulfate ) (AR grade) K2SO4 AR ขวดภาชนะทึบแสง 500 กรัม /ขวด",,,AR,500,g,ขวด,
AS197755,"Ponceau 4R Food grade Powder","Ponceau 4R Food grade Powder 100 g /ถุง",,,,100,g,ถุง,
AS197754,"Brilliant Blue Food grade Powder","Brilliant Blue Food grade Powder 100 g /ถุง",,,,100,g,ถุง,
AS197753,"Lychee Powder Flavour Food grade Powder","Lychee Powder Flavour Food grade Powder 100 g /ถุง",,,,100,g,ถุง,
AS197752,"Caramel Powder Flavour Food grade Powder","Caramel Powder Flavour Food grade Powder 100 g /ถุง",,,,100,g,ถุง,
AS197751,"Double Mint Powder Flavour Food grade Powder","Double Mint Powder Flavour Food grade Powder 100 g /ถุง",,,,100,g,ถุง,
AS197750,"Orange Powder Flavour Food grade Powder","Orange Powder Flavour Food grade Powder 100 g /ถุง",,,,100,g,ถุง,
AS197749,"Vitamin B5 Food grade Powder","Vitamin B5 Food grade Powder 100 g /ถุง",,,,100,g,ถุง,
AS197748,"Sucralose Food grade Powder","Sucralose Food grade Powder 250 g /ถุง",,,,250,g,ถุง,
AS197747,"Calcium Lactate Food grade Powder","Calcium Lactate Food grade Powder 1 kg /ถุง",,,,1,kg,ถุง,
AS197746,"Cocoa powder Food grade Powder","Cocoa powder Food grade Powder 1 kg /ถุง",,,,1,kg,ถุง,
AS197745,"COLLAGEN PEPTIDE Food grade Powder","COLLAGEN PEPTIDE Food grade Powder 100 g /ถุง",,,,100,g,ถุง,
AS197744,"Isolate Soy Protein Food grade Powder","Isolate Soy Protein Food grade Powder 1 kg /ถุง",,,,1,kg,ถุง,
AS197743,"L-Carnitine Fumarate Food grade Powder","L-Carnitine Fumarate Food grade Powder 100 g /ถุง",,,,100,g,ถุง,
AS197742,"Wheat Gluten Food grade Powder","Wheat Gluten Food grade Powder 1 kg /ถุง",,,,1,kg,ถุง,
AS197741,"Soy Isolate 90% Food grade Powder","Soy Isolate 90% Food grade Powder 1 kg /ถุง",,,,1,kg,ถุง,
AS197740,"Poster Colour (Yellow) Liquid","Poster Colour (Yellow) Liquid 120 ml /ขวด",,,,120,mL,ขวด,
AS197739,"Poster Colour (White) Liquid","Poster Colour (White) Liquid 120 ml /ขวด",,,,120,mL,ขวด,
AS197738,"Poster Colour (Red) Liquid","Poster Colour (Red) Liquid 120 ml /ขวด",,,,120,mL,ขวด,
AS197737,"Poster Colour (Green) Liquid","Poster Colour (Green) Liquid 120 ml /ขวด",,,,120,mL,ขวด,
AS197736,"Poster Colour (Blue) Liquid","Poster Colour (Blue) Liquid 120 ml /ขวด",,,,120,mL,ขวด,
AS197735,"Poster Colour (Black) Liquid","Poster Colour (Black) Liquid 120 ml /ขวด",,,,120,mL,ขวด,
AS197734,"Poster Colour (Yellow) Liquid","Poster Colour (Yellow) Liquid 20 ml /ขวด",,,,20,mL,ขวด,
AS197733,"Poster Colour (White) Liquid","Poster Colour (White) Liquid 20 ml /ขวด",,,,20,mL,ขวด,
AS197732,"Poster Colour (Red) Liquid","Poster Colour (Red) Liquid 20 ml /ขวด",,,,20,mL,ขวด,
AS197731,"Poster Colour (Green) Liquid","Poster Colour (Green) Liquid 20 ml /ขวด",,,,20,mL,ขวด,
AS197730,"Poster Colour (Blue) Liquid","Poster Colour (Blue) Liquid 20 ml /ขวด",,,,20,mL,ขวด,
AS197729,"Poster Colour (Black) Liquid","Poster Colour (Black) Liquid 20 ml /ขวด",,,,20,mL,ขวด,
AS197728,"Black iron oxide (CI 77499) ,non-treated cosmetic Powder","Black iron oxide (CI 77499) ,non-treated cosmetic Powder 1 kg /ถุง",,,,1,kg,ถุง,
AS197727,"Black iron oxide (CI 77499) ,non-treated cosmetic Powder","Black iron oxide (CI 77499) ,non-treated cosmetic Powder 100 g /ถุง",,,,100,g,ถุง,
AS197726,"Yellow iron oxide (CI 77492) ,non-treated cosmetic Powder","Yellow iron oxide (CI 77492) ,non-treated cosmetic Powder 1 kg /ถุง",,,,1,kg,ถุง,
AS197725,"Yellow iron oxide (CI 77492) ,non-treated cosmetic Powder","Yellow iron oxide (CI 77492) ,non-treated cosmetic Powder 100 g /ถุง",,,,100,g,ถุง,
AS197724,"Red iron oxide (CI 77491) ,non-treated cosmetic Powder","Red iron oxide (CI 77491) ,non-treated cosmetic Powder 1 kg /ถุง",,,,1,kg,ถุง,
AS197723,"Red iron oxide (CI 77491) ,non-treated cosmetic Powder","Red iron oxide (CI 77491) ,non-treated cosmetic Powder 100 g /ถุง",,,,100,g,ถุง,
AS197722,"Mixed berry flavour Food Additive Powder","Mixed berry flavour Food Additive Powder 100 g /ถุง",,,,100,g,ถุง,
AS197721,"Mixed fruit flavour Food Additive Powder","Mixed fruit flavour Food Additive Powder 100 g /ถุง",,,,100,g,ถุง,
AS197720,"Orange flavour Food Additive Powder","Orange flavour Food Additive Powder 100 g /ถุง",,,,100,g,ถุง,
AS197719,"Peach flavour Food Additive Powder","Peach flavour Food Additive Powder 100 g /ถุง",,,,100,g,ถุง,
AS197718,"Peppermint flavour Food Additive Powder","Peppermint flavour Food Additive Powder 100 g /ถุง",,,,100,g,ถุง,
AS197717,"Raspberry flavour Food Additive Powder","Raspberry flavour Food Additive Powder 100 g /ถุง",,,,100,g,ถุง,
AS197716,"Spear mint flavour Food Additive Powder","Spear mint flavour Food Additive Powder 100 g /ถุง",,,,100,g,ถุง,
AS197715,"Strawberry flavour Food Additive Powder","Strawberry flavour Food Additive Powder 100 g /ถุง",,,,100,g,ถุง,
AS197714,"Vanilla flavour Food Additive Powder","Vanilla flavour Food Additive Powder 100 g /ถุง",,,,100,g,ถุง,
AS197713,"Vanillin powder flavour Food Additive Powder","Vanillin powder flavour Food Additive Powder 100 g /ถุง",,,,100,g,ถุง,
AS197712,"Yogurt flavour Food Additive Powder","Yogurt flavour Food Additive Powder 100 g /ถุง",,,,100,g,ถุง,
AS197711,"Young Coconut flavour Food Additive Powder","Young Coconut flavour Food Additive Powder 100 g /ถุง",,,,100,g,ถุง,
AS197710,"Rasberry powder flavour Food Additive Powder","Rasberry powder flavour Food Additive Powder 100 g /ถุง",,,,100,g,ถุง,
AS197709,"Aspartame Food Additive Solid","Aspartame Food Additive Solid 100 g /ถุง",,,,100,g,ถุง,
AS197708,"D-xylose Food Additive Solid","D-xylose Food Additive Solid 1 kg /ถุง",,,,1,kg,ถุง,
AS197707,"Dextrose anhydrous Food Additive Solid","Dextrose anhydrous Food Additive Solid 1 kg /ถุง",,,,1,kg,ถุง,
AS197706,"Dextrose monohydrate Food Additive Solid","Dextrose monohydrate Food Additive Solid 1 kg /ถุง",,,,1,kg,ถุง,
AS197705,"Erythritol powder Food Additive Powder","Erythritol powder Food Additive Powder 1 kg /ถุง",,,,1,kg,ถุง,
AS197704,"Glucose powder Food Additive Powder","Glucose powder Food Additive Powder 1 kg /ถุง",,,,1,kg,ถุง,
AS197703,"Maltitol Food Additive Solid","Maltitol Food Additive Solid 1 kg /ถุง",,,,1,kg,ถุง,
AS197702,"Sodium Cyclamate Food Additive Solid","Sodium Cyclamate Food Additive Solid 1 kg /ถุง",,,,1,kg,ถุง,
AS197701,"Sorbitol Food Additive Solid","Sorbitol Food Additive Solid 1 kg /ถุง",,,,1,kg,ถุง,
AS197700,"Agar Agar powder Food Additive Powder","Agar Agar powder Food Additive Powder 100 g /ถุง",,,,100,g,ถุง,
AS197699,"Almond powder Food Additive Powder","Almond powder Food Additive Powder 1 kg /ถุง",,,,1,kg,ถุง,
AS197698,"Ammonium bicarbonate Food Additive Solid","Ammonium bicarbonate Food Additive Solid 1 kg /ถุง",,,,1,kg,ถุง,
AS197697,"Beta Glucan Food Additive Solid","Beta Glucan Food Additive Solid 1 kg /ถุง",,,,1,kg,ถุง,
AS197696,"Calcium Chloride Food Additive Solid","Calcium Chloride Food Additive Solid 1 kg /ถุง",,,,1,kg,ถุง,
AS197695,"Calcium Lactate Food Additive Solid","Calcium Lactate Food Additive Solid 1 kg /ถุง",,,,1,kg,ถุง,
AS197694,"Calcium propionate Food Additive Solid","Calcium propionate Food Additive Solid 100 g /ถุง",,,,100,g,ถุง,
AS197693,"Chitosan powder Food Additive Powder","Chitosan powder Food Additive Powder 1 kg /ถุง",,,,1,kg,ถุง,
AS197692,"Chitosan powder Food Additive Powder","Chitosan powder Food Additive Powder 100 g /ถุง",,,,100,g,ถุง,
AS197691,"Citric acid monohydrate Food Additive Solid","Citric acid monohydrate Food Additive Solid 100 g /ถุง",,,,100,g,ถุง,
AS197690,"Cocoa powder Food Additive Powder","Cocoa powder Food Additive Powder 1 kg /ถุง",,,,1,kg,ถุง,
AS197689,"Coenzyme Q10 Food Additive Solid","Coenzyme Q10 Food Additive Solid 1 kg /ถุง",,,,1,kg,ถุง,
AS197688,"Coenzyme Q10 Food Additive Solid","Coenzyme Q10 Food Additive Solid 100 g /ถุง",,,,100,g,ถุง,
AS197687,"Collagen Peptide Food Additive Solid","Collagen Peptide Food Additive Solid 1 kg /ถุง",,,,1,kg,ถุง,
AS197686,"Collagen Peptide Food Additive Solid","Collagen Peptide Food Additive Solid 100 g /ถุง",,,,100,g,ถุง,
AS197685,"Collagen Type II Food Additive Solid","Collagen Type II Food Additive Solid 1 kg /ถุง",,,,1,kg,ถุง,
AS197684,"Collagen Type II Food Additive Solid","Collagen Type II Food Additive Solid 100 g /ถุง",,,,100,g,ถุง,
AS197683,"Dicalcium Phosphate Food Additive Solid","Dicalcium Phosphate Food Additive Solid 1 kg /ถุง",,,,1,kg,ถุง,
AS197682,"Fructooligosaccharide (FOS) Food Additive Solid","Fructooligosaccharide (FOS) Food Additive Solid 1 kg /ถุง",,,,1,kg,ถุง,
AS197681,"Gelatin 250 Bloom Food Additive Solid","Gelatin 250 Bloom Food Additive Solid 1 kg /ถุง",,,,1,kg,ถุง,
AS197680,"Gellan gum Food Additive Solid","Gellan gum Food Additive Solid 1 kg /ถุง",,,,1,kg,ถุง,
AS197679,"Glycine Food Additive Solid","Glycine Food Additive Solid 1 kg /ถุง",,,,1,kg,ถุง,
AS197678,"Guar Gum Food Additive Solid","Guar Gum Food Additive Solid 1 kg /ถุง",,,,1,kg,ถุง,
AS197677,"Gum Arabic Food Additive Solid","Gum Arabic Food Additive Solid 1 kg /ถุง",,,,1,kg,ถุง,
AS197676,"Kojac powder Food Additive Powder","Kojac powder Food Additive Powder 100 g /ถุง",,,,100,g,ถุง,
AS197675,"L-Carnitine Fumarate Food Additive Solid","L-Carnitine Fumarate Food Additive Solid 1 kg /ถุง",,,,1,kg,ถุง,
AS197674,"L-Glutathione Reduce Food Additive Solid","L-Glutathione Reduce Food Additive Solid 1 kg /ถุง",,,,1,kg,ถุง,
AS197673,"L-Lysine Food Additive Solid","L-Lysine Food Additive Solid 1 kg /ถุง",,,,1,kg,ถุง,
AS197672,"Malic acid Food Additive Solid","Malic acid Food Additive Solid 1 kg /ถุง",,,,1,kg,ถุง,
AS197671,"Malic acid Food Additive Solid","Malic acid Food Additive Solid 100 g /ถุง",,,,100,g,ถุง,
AS197670,"Pectic Food Additive Solid","Pectic Food Additive Solid 1 kg /ถุง",,,,1,kg,ถุง,
AS197669,"Pectic Food Additive Solid","Pectic Food Additive Solid 100 g /ถุง",,,,100,g,ถุง,
AS197668,"Potassium metabisulfite Food Additive Solid","Potassium metabisulfite Food Additive Solid 1 kg /ถุง",,,,1,kg,ถุง,
AS197667,"Potassium sorbate Food Additive Solid","Potassium sorbate Food Additive Solid 1 kg /ถุง",,,,1,kg,ถุง,
AS197666,"Sodium Alginate Food Additive Solid","Sodium Alginate Food Additive Solid 1 kg /ถุง",,,,1,kg,ถุง,
AS197665,"Sodium Citrate Food Additive Solid","Sodium Citrate Food Additive Solid 1 kg /ถุง",,,,1,kg,ถุง,
AS197664,"Ethyl Vanillin (FEMA-2464) cosmetic Powder","Ethyl Vanillin (FEMA-2464) cosmetic Powder 100 g /ขวด",,,,100,g,ขวด,
AS197663,"Sodium persulfate Na2S2O8 Solid","Sodium persulfate Na2S2O8 AR Solid 500 g /ขวด",,,AR,500,g,ขวด,
AS197662,"สารสกัดพริก cosmetic liquid","สารสกัดพริก cosmetic liquid 450 ml /ขวด",,,,450,mL,ขวด,
AS197661,"น้ำหอมกลิ่นกุหลาบ cosmetic liquid","น้ำหอมกลิ่นกุหลาบ cosmetic liquid 25 g /ขวด",,,,25,g,ขวด,
AS197660,"Cherry Flavour : กลิ่นผสมอาหารเชอรี่ food liquid","Cherry Flavour : กลิ่นผสมอาหารเชอรี่ food liquid 100 g /ขวด",,,,100,g,ขวด,
AS197659,"Vanilla Flavour : กลิ่นผสมอาหาร วานิลลา food liquid","Vanilla Flavour : กลิ่นผสมอาหาร วานิลลา food liquid 100 g /ขวด",,,,100,g,ขวด,
AS197658,"Strawberry Flavour : กลิ่นผสมอาหารสตรอเบอรี่ food liquid","Strawberry Flavour : กลิ่นผสมอาหารสตรอเบอรี่ food liquid 100 g /ขวด",,,,100,g,ขวด,
AS197657,"Sala Cider Flavour : กลิ่นผสมอาหารสละไซเดอร์ food liquid","Sala Cider Flavour : กลิ่นผสมอาหารสละไซเดอร์ food liquid 100 g /ขวด",,,,100,g,ขวด,
AS197656,"Pineapple Flavour : กลิ่นผสมอาหารสับปะรด food liquid","Pineapple Flavour : กลิ่นผสมอาหารสับปะรด food liquid 100 g /ขวด",,,,100,g,ขวด,
AS197655,"Peppermint Flavour : กลิ่นผสมอาหารเปปเปอร์มิ้น food liquid","Peppermint Flavour : กลิ่นผสมอาหารเปปเปอร์มิ้น food liquid 100 g /ขวด",,,,100,g,ขวด,
AS197654,"Orange Flavour : กลิ่นผสมอาหารส้ม food liquid","Orange Flavour : กลิ่นผสมอาหารส้ม food liquid 100 g /ขวด",,,,100,g,ขวด,
AS197653,"Lemon Flavour : กลิ่นผสมอาหารมะนาวเลม่อน food liquid","Lemon Flavour : กลิ่นผสมอาหารมะนาวเลม่อน food liquid 100 g /ขวด",,,,100,g,ขวด,
AS197652,"Grape Flavour : กลิ่นผสมอาหารองุ่น food liquid","Grape Flavour : กลิ่นผสมอาหารองุ่น food liquid 100 g /ขวด",,,,100,g,ขวด,
AS197651,"Cinnamon Flavour : กลิ่นผสมอาหาร อบเชย food liquid","Cinnamon Flavour : กลิ่นผสมอาหาร อบเชย food liquid 100 g /ขวด",,,,100,g,ขวด,
AS197650,"ชุดสกัดพลาสมิด (Plasmid DNA mini kit) 100 ตัวอย่าง","ชุดสกัดพลาสมิด (Plasmid DNA mini kit) 100 ตัวอย่าง /ชุด",,,,,,ชุด,YES
AS197649,"Phenol liquid","Phenol liquid 500 มิลลิลิตร /ขวด",,,,500,mL,ขวด,
AS197648,"Propan-2-OL (Isopropanol","Propan-2-OL (Isopropanol) 2.5 ลิตร /ขวด",,,,2.5,L,ขวด,
AS197647,"Human TNF MINI ABTS ELISA DEVELOPMENT KIT solid 20 เพลท","Human TNF MINI ABTS ELISA DEVELOPMENT KIT solid 20 เพลท /ชุด",,,,,,ชุด,YES
AS197646,"Human IL-8 MINI ABTS ELISA DEVELOPMENT KIT Liquids 20 เพลท","Human IL-8 MINI ABTS ELISA DEVELOPMENT KIT Liquids 20 เพลท /ชุด",,,,,,ชุด,YES
AS197645,"Human IL-1 MINI ABTS ELISA DEVELOPMENT KIT Liquids 20 เพลท","Human IL-1 MINI ABTS ELISA DEVELOPMENT KIT Liquids 20 เพลท /ชุด",,,,,,ชุด,YES
AS197644,"ชุดทดสอบ HDL direct solid 120 ตัวอย่าง","ชุดทดสอบ HDL direct solid 120 ตัวอย่าง /กล่อง",,,,,,กล่อง,YES
AS197642,"Iron(III) chloride hexahydrate solid","Iron(III) chloride hexahydrate solid 100 กรัม /ขวด",,,,100,g,ขวด,
AS197641,"HyCryo 2x Cryopreservation Media Liquids","HyCryo 2x Cryopreservation Media Liquids 100 มิลลิลิตร /ขวด",,,,100,mL,ขวด,
AS197640,"Tris SDS Buffer pH 6.8 Liquids","Tris SDS Buffer pH 6.8 Liquids 500 มิลลิลิตร /ขวด",,,,500,mL,ขวด,
AS197639,"2.5X Tris SDS Buffer pH 8.8 Liquids","2.5X Tris SDS Buffer pH 8.8 Liquids 500 มิลลิลิตร /ขวด",,,,500,mL,ขวด,
AS197638,"Sodium thiosulfate solid","Sodium thiosulfate solid 500 กรัม /ขวด",,,,500,g,ขวด,
AS197225,"""Rapid Gel Clot Endotoxin Assay Kit","""Rapid Gel Clot Endotoxin Assay Kit",,,,,,,YES
AS197630,"dewax ear drops (docusate sodium 5 mg/ml) 15 ml","dewax ear drops (docusate sodium 5 mg/ml) 15 ml 15 ml /ขวด",,,,15,mL,ขวด,
AS197626,"Chelex 100 Solid","Chelex 100 Solid 25 กรัม /ขวด",,,,25,g,ขวด,
AS197625,"Spirit blue agar Solid","Spirit blue agar Solid 500 กรัม /ขวด",,,,500,g,ขวด,
AS197620,"Methanol for analysis emsure","Methanol for analysis emsure 2.5 L /ขวด",,,,2.5,L,ขวด,
AS197619,"Glycerol ReagentPlus","Glycerol ReagentPlus 1 L /ขวด",,,,1,L,ขวด,
AS197618,"GIEMSSA STAIN","GIEMSSA STAIN 500 ml /ขวด",,,,500,mL,ขวด,
AS197617,"WRIGHT STAIN","WRIGHT STAIN 250 g /ขวด",,,,250,g,ขวด,
AS197616,"Methyl alcohol 99% v/v","Methyl alcohol 99% v/v, 20 ลิตร /แกลลอน",,,,20,L,แกลลอน,
AS197615,"Alcohol gel, แอลกอฮอล์เจลสำหรับล้างมือ 450ml","Alcohol gel, แอลกอฮอล์เจลสำหรับล้างมือ 450ml 450 ml /ขวด",,,,450,mL,ขวด,
AS197614,"FASTDIGEST XHOL (400 rxns) 400 rxns","FASTDIGEST XHOL (400 rxns) 400 rxns /ชุด",,,,,,ชุด,YES
AS197613,"FASTDIGEST BAMHI (800 rxns) 800 rxns","FASTDIGEST BAMHI (800 rxns) 800 rxns /ชุด",,,,,,ชุด,YES
AS197612,"50 DNA Ladder (ready-to-use","50 bp DNA Ladder (ready-to-use) 50 ไมโครกรัม /หลอด",,,BP,50,ug,หลอด,
AS197611,"Ni-NTA Magnetic Beads Liquid","Ni-NTA Magnetic Beads Liquid 2 มิลลิลิตร /หลอด",,,,2,mL,หลอด,
AS197610,"PKH67 Green fluorescent (Mini67) Solid","PKH67 Green fluorescent (Mini67) Solid /ชุด",,,,,,ชุด,YES
AS197609,"Gum arabic Food grade Solid","Gum arabic Food grade Solid 100 กรัม /แพ็ค",,,,100,g,แพ็ค,
AS197608,"Locust beam gum Food grade Solid","Locust beam gum Food grade Solid 100 กรัม /แพ็ค",,,,100,g,แพ็ค,
AS197607,"Guar gum Food grade Solid","Guar gum Food grade Solid 100 กรัม /แพ็ค",,,,100,g,แพ็ค,
AS197606,"Erythritiol Food grade Solid","Erythritiol Food grade Solid 500 กรัม /แพ็ค",,,,500,g,แพ็ค,
AS197605,"Inulin Food grade Solid","Inulin Food grade Solid 1 กิโลกรัม /แพ็ค",,,,1,kg,แพ็ค,
AS197604,"Stevioside Food grade Solid","Stevioside Food grade Solid 5 กรัม /แพ็ค",,,,5,g,แพ็ค,
AS197603,"Carrageenan Food grade Solid","Carrageenan Food grade Solid 250 กรัม /แพ็ค",,,,250,g,แพ็ค,
AS197602,"DAPI (4′,6-diamidino-2-phenylindole) Solid","DAPI (4′,6-diamidino-2-phenylindole) Solid 5 มิลลิลิตร /ขวด",,,,5,mL,ขวด,
AS197601,"Antiseptic 95% (องค์การสุรา) ขนาด 18 ลิตร (Food grade) Food grade Liquid","Antiseptic 95% (องค์การสุรา) ขนาด 18 ลิตร (Food grade) Food grade Liquid 18 ลิตร /ถัง",,,,18,L,ถัง,
AS197600,"Gelatin Food grade Solid","Gelatin Food grade Solid 100 กรัม /ขวด",,,,100,g,ขวด,
AS197599,"Maltodextrin Food grade Solid","Maltodextrin Food grade Solid 1 กิโลกรัม /ขวด",,,,1,kg,ขวด,
AS197598,"Agar powder Food grade Solid","Agar powder Food grade Solid 100 กรัม /แพ็ค",,,,100,g,แพ็ค,
AS197597,"Xanthan gum Food grade Solid","Xanthan gum Food grade Solid 100 กรัม /แพ็ค",,,,100,g,แพ็ค,
AS197596,"Aspartame Food grade Solid","Aspartame Food grade Solid 25 กรัม /แพ็ค",,,,25,g,แพ็ค,
AS197595,"Sucralose Food grade Solid 1 อัน","Sucralose Food grade Solid 25 กรัม 1 อัน /แพ็ค",,,,25,g,แพ็ค,
AS197594,"Fructose powder Food grade Solid 1 อัน","Fructose powder Food grade Solid 500 กรัม 1 อัน /แพ็ค",,,,500,g,แพ็ค,
AS197593,"Pectin Food grade Solid","Pectin Food grade Solid 100 กรัม /ถุง",,,,100,g,ถุง,
AS197592,"Konjac powder Food grade Solid","Konjac powder Food grade Solid 100 กรัม /แพ็ค",,,,100,g,แพ็ค,
AS197591,"PIERCE Anti-Beta Actin loading control monoclonal antibody","PIERCE Anti-Beta Actin loading control monoclonal antibody /หลอด",,,,,,หลอด,YES
AS197590,"5X Protein loading buffer (non-reducing) Liquid","5X Protein loading buffer (non-reducing) Liquid 5 มิลลิลิตร /ขวด",,,,5,mL,ขวด,
AS197587,"ชุดสกัดดีเอ็นเอ FavorPrep™ Stool DNA Isolation Mini Kit (FASTI 001-1","ชุดสกัดดีเอ็นเอ FavorPrep™ Stool DNA Isolation Mini Kit (FASTI 001-1) /กล่อง",,,,,,กล่อง,YES
AS197586,"OMNIPCR SUPERMIX W FLUORESCENT DYE","OMNIPCR SUPERMIX W FLUORESCENT DYE /ชุด",,,,,,ชุด,YES
AS197538,"Ginseng extract","Ginseng extract 100 g /ขวด",,,,100,g,ขวด,
AS197536,"Disodium cocoyl glutamate ,(Gluta-Clean","Disodium cocoyl glutamate ,(Gluta-Clean) 1 kg /แกลลอน",,,,1,kg,แกลลอน,
AS197535,"Dimethicone (Very Light 5,Low-order","Dimethicone (Very Light 5,Low-order) 1 kg /แกลลอน",,,,1,kg,แกลลอน,
AS197533,"Glycerin (and) Aqua (and) Butylene Glycol (and) Carbomer (and) Polysorbate 20 (and) Palmitoyl Tripeptide-1 (and) Palmitoyl Tetrapeptide-7 ,(Matrixyl 3000","Glycerin (and) Aqua (and) Butylene Glycol (and) Carbomer (and) Polysorbate 20 (and) Palmitoyl Tripeptide-1 (and) Palmitoyl Tetrapeptide-7 ,(Matrixyl 3000) 500 g /แกลลอน",,,,500,g,แกลลอน,
AS197534,"Dimethicone (and) Dimethicone/PEG-10/15 Crosspolymer﻿ ,(Silicone Blender","Dimethicone (and) Dimethicone/PEG-10/15 Crosspolymer﻿ ,(Silicone Blender) 500 g /กระปุก",,,,500,g,กระปุก,
AS197532,Diglycerin,"Diglycerin 1 kg /แกลลอน",,,,1,kg,แกลลอน,
AS197530,"Glycolic acid (AHA 100%","Glycolic acid (AHA 100%) 500 g /แพ็ค",,,,500,g,แพ็ค,
AS197531,"Dehydroxanthane gum ,(AnyGel","Dehydroxanthane gum ,(AnyGel) 100 g /กระปุก",,,,100,g,กระปุก,
AS197529,"Vitamin E Beads 0.5-1 mm.(Dry) ,Pink (Shiny/Gloss","Vitamin E Beads 0.5-1 mm.(Dry) ,Pink (Shiny/Gloss) 100 g /แพ็ค",,,,100,g,แพ็ค,
AS197528,"Coco glucoside","Coco glucoside 1 kg /แกลลอน",,,,1,kg,แกลลอน,
AS197526,"Cetyl Alcohol (and) Glyceryl Stearate (and) PEG-75 Stearate (and) Ceteth-20 (and) Steareth-20 ,(Emulium Delta","Cetyl Alcohol (and) Glyceryl Stearate (and) PEG-75 Stearate (and) Ceteth-20 (and) Steareth-20 ,(Emulium Delta) 1 kg /แพ็ค",,,,1,kg,แพ็ค,
AS197525,"Coco-Caprylate/Caprate ,(Cetiol C5C","Coco-Caprylate/Caprate ,(Cetiol C5C) 1 kg /แกลลอน",,,,1,kg,แกลลอน,
AS197524,Isododecane,"Isododecane 5 kg /แกลลอน",,,,5,kg,แกลลอน,
AS197523,"Acrylates/C10-30 Alkyl Acrylate Crosspolymer ,(Carbopol ultrez 21","Acrylates/C10-30 Alkyl Acrylate Crosspolymer ,(Carbopol ultrez 21) 1 kg /แพ็ค",,,,1,kg,แพ็ค,
AS197521,"Isostearic acid","Isostearic acid 500 g /แกลลอน",,,,500,g,แกลลอน,
AS197522,"Acrylates/C10-30 Alkyl Acrylate Crosspolymer ,(Carbopol ultrez 21","Acrylates/C10-30 Alkyl Acrylate Crosspolymer ,(Carbopol ultrez 21) 100 g /แพ็ค",,,,100,g,แพ็ค,
AS197520,"Bis-PEG-18 Methyl Ether Dimethyl silane","Bis-PEG-18 Methyl Ether Dimethyl silane 1 kg /กระปุก",,,,1,kg,กระปุก,
AS197518,"Lactose Food grade","Lactose Food grade 1 kg /แพ็ค",,,,1,kg,แพ็ค,
AS197519,"Betaine Anhydrous 99%","Betaine Anhydrous 99% 1 kg /แพ็ค",,,,1,kg,แพ็ค,
AS197516,Laureth-23,"Laureth-23 1 kg /แกลลอน",,,,1,kg,แกลลอน,
AS197515,"Aminopropyl Dimethicone (and) Laureth-4 (and) Laureth-23 ,[Silicone Hi-Cond]","Aminopropyl Dimethicone (and) Laureth-4 (and) Laureth-23 ,[Silicone Hi-Cond] 1 kg /แกลลอน",,,,1,kg,แกลลอน,
AS197513,Laureth-4,"Laureth-4 1 kg /แกลลอน",,,,1,kg,แกลลอน,
AS197514,"Bis-Aminopropyl Dimethicone","Bis-Aminopropyl Dimethicone 1 kg /แกลลอน",,,,1,kg,แกลลอน,
AS197512,"Aliphatic urethane acrylate (UV-Resin 2F-10K","Aliphatic urethane acrylate (UV-Resin 2F-10K) 100 g /ขวด",,,,100,g,ขวด,
AS197511,"Acetyl tributyl citrate (ATBC","Acetyl tributyl citrate (ATBC) 1 kg /แกลลอน",,,,1,kg,แกลลอน,
AS197510,Laureth-7,"Laureth-7 1 kg /แกลลอน",,,,1,kg,แกลลอน,
AS197508,"35% Lauramine oxide (Amphitol 20N","35% Lauramine oxide (Amphitol 20N) 1 kg /แกลลอน",,,,1,kg,แกลลอน,
AS197507,"Laureth-7 citrate ,(PLANTAPON LC 7","Laureth-7 citrate ,(PLANTAPON LC 7) 250 g /ขวด",,,,250,g,ขวด,
AS197501,"Melatonin ,(Pure-Melatonin","Melatonin ,(Pure-Melatonin) 100 g /กระปุก",,,,100,g,กระปุก,
AS197496,"MIPA-Laureth Sulfate (and) Laureth-4 (and) Propylene Glycol﻿ ,(Oil Soap","MIPA-Laureth Sulfate (and) Laureth-4 (and) Propylene Glycol﻿ ,(Oil Soap) 250 g /ขวด",,,,250,g,ขวด,
AS197494,"MIPA-Laureth Sulfate (and) Laureth-4 (and) Propylene Glycol﻿ ,(Oil Soap","MIPA-Laureth Sulfate (and) Laureth-4 (and) Propylene Glycol﻿ ,(Oil Soap) 1 kg /แกลลอน",,,,1,kg,แกลลอน,
AS197493,"Mandarin Red Oil","Mandarin Red Oil 10 ml /pcs",,,,10,mL,pcs,
AS197480,"Polyacrylate crosspolymer-6 ,(SEPIMAX ZEN","Polyacrylate crosspolymer-6 ,(SEPIMAX ZEN) 100 g /แพ็ค",,,,100,g,แพ็ค,
AS197478,"Cyclopentasiloxane (and) Dimethicone/Vinyl Dimethicone Crosspolymer ,(Silicone Gel","Cyclopentasiloxane (and) Dimethicone/Vinyl Dimethicone Crosspolymer ,(Silicone Gel) 1 kg /กระปุก",,,,1,kg,กระปุก,
AS197475,"Phenyl trimethicone ,(Silicone Shine","Phenyl trimethicone ,(Silicone Shine) 1 kg /แกลลอน",,,,1,kg,แกลลอน,
AS197472,"Hydroxyethyl Acrylate/Sodium Acryloyldimethyl Taurate Copolymer (and) Isohexadecane (and) Polysorbate 60 ,(Simulgel INS-100","Hydroxyethyl Acrylate/Sodium Acryloyldimethyl Taurate Copolymer (and) Isohexadecane (and) Polysorbate 60 ,(Simulgel INS-100) 1 kg /แกลลอน",,,,1,kg,แกลลอน,
AS197469,"Sodium acrylates crosspolymer ,(Sponge gel","Sodium acrylates crosspolymer ,(Sponge gel) 1 kg /แกลลอน",,,,1,kg,แกลลอน,
AS197468,"Rose oxide","Rose oxide 10 ml /pcs",,,,10,mL,pcs,
AS197466,"Sodium ascorbyl phosphate","Sodium ascorbyl phosphate 500 g /แพ็ค",,,,500,g,แพ็ค,
AS197465,"Phenyl Ethyl Alcohol (PEA","Phenyl Ethyl Alcohol (PEA) 10 ml /pcs",,,,10,mL,pcs,
AS197464,"Sodium benzoate Food grade","Sodium benzoate Food grade 1 kg /แพ็ค",,,,1,kg,แพ็ค,
AS197461,"Sodium lauroyl glutamate","Sodium lauroyl glutamate 1 kg /แพ็ค",,,,1,kg,แพ็ค,
AS197457,"Sodium Lauryl Sulfate (SLS) Food grade","Sodium Lauryl Sulfate (SLS) Food grade 1 kg /แพ็ค",,,,1,kg,แพ็ค,
AS197454,"Sodium methyl cocoyl taurate ,(Pureact WS conc","Sodium methyl cocoyl taurate ,(Pureact WS conc) 1 kg /แพ็ค",,,,1,kg,แพ็ค,
AS197440,"di(hydrogenated tallow)dimethylammonium chloride ,(ARQUAD 2HT-75","di(hydrogenated tallow)dimethylammonium chloride ,(ARQUAD 2HT-75) 1 kg /แกลลอน",,,,1,kg,แกลลอน,
AS197437,"Laureth-9 ,(NIKKOL SG-L900","Laureth-9 ,(NIKKOL SG-L900) 1 kg /แกลลอน",,,,1,kg,แกลลอน,
AS197431,"Ceteareth-6 (and) Stearyl Alcohol ,(EMULGADE A6","Ceteareth-6 (and) Stearyl Alcohol ,(EMULGADE A6) 1 kg /แกลลอน",,,,1,kg,แกลลอน,
AS197423,"Benzyl alcohol","Benzyl alcohol 10 ml /pcs",,,,10,mL,pcs,
AS197422,"Sodium Cocoyl Glutamate ,(AMISOFT CS-11","Sodium Cocoyl Glutamate ,(AMISOFT CS-11) 1 kg /แกลลอน",,,,1,kg,แกลลอน,
AS197416,"Zinc Oxide (and) Cyclopentasiloxane (and) PEG-10 Dimethicone (and) Triethoxycaprylylsilane ,(ZINOPLY-S50","Zinc Oxide (and) Cyclopentasiloxane (and) PEG-10 Dimethicone (and) Triethoxycaprylylsilane ,(ZINOPLY-S50) 1 kg /แกลลอน",,,,1,kg,แกลลอน,
AS197415,"Rose de Mai Absolute 10% in DPG","Rose de Mai Absolute 10% in DPG 10 ml /pcs",,,,10,mL,pcs,
AS197414,"Sodium Laureth Sulfate (and) Glycol Distearate (and) Cocamide MEA (and) Laureth-10 ,(ZOHARPEARL 771","Sodium Laureth Sulfate (and) Glycol Distearate (and) Cocamide MEA (and) Laureth-10 ,(ZOHARPEARL 771) 1 kg /แกลลอน",,,,1,kg,แกลลอน,
AS197413,"Jasmine Absolute 10% in DPG","Jasmine Absolute 10% in DPG 10 ml /pcs",,,,10,mL,pcs,
AS197408,"Atropine sulfate monohydrate","Atropine sulfate monohydrate 10 g /ขวด",,,,10,g,ขวด,
AS197405,"Tonka Bean Ansolution","Tonka Bean Ansolution 10 ml /pcs",,,,10,mL,pcs,
AS197403,"Calcium carbonate Food grade","Calcium carbonate Food grade 1 kg /ขวด",,,,1,kg,ขวด,
AS197402,"Methyl Laitone 10% DPG","Methyl Laitone 10% DPG 10 ml /pcs",,,,10,mL,pcs,
AS197392,"Linalool Oxide","Linalool Oxide 10 ml /pcs",,,,10,mL,pcs,
AS197391,"Lime oxide","Lime oxide 10 ml /pcs",,,,10,mL,pcs,
AS197390,"Diphenyl(2,4,6-trimethylbenzoyl) phosphine oxide","Diphenyl(2,4,6-trimethylbenzoyl) phosphine oxide AR 10 g /ขวด",,,AR,10,g,ขวด,
AS197386,"Ferric chloride 6-hydrate","Ferric chloride 6-hydrate AR 500 g /ขวด",,,AR,500,g,ขวด,
AS197383,"Lactose grade","Lactose BP grade 1 kg /ขวด",,,BP,1,kg,ขวด,
AS197384,Glycolierral,"Glycolierral 10 ml /pcs",,,,10,mL,pcs,
AS197379,"Phosphoric acid","Phosphoric acid 4 L /ขวด",,,,4,L,ขวด,
AS197376,"BUFFER pH 10.01 ,Mettler","BUFFER pH 10.01 ,Mettler 250 ml /ขวด",,,,250,mL,ขวด,
AS197374,"BUFFER pH 4.01 ,Mettler","BUFFER pH 4.01 ,Mettler 250 ml /ขวด",,,,250,mL,ขวด,
AS197372,"BUFFER pH 7.00 ,Mettler","BUFFER pH 7.00 ,Mettler 250 ml /ขวด",,,,250,mL,ขวด,
AS197367,"Sodium borohydride","Sodium borohydride 500 g /ขวด",,,,500,g,ขวด,
AS197366,"Sucralose Pharmaceutical Secondary Standard","Sucralose Pharmaceutical Secondary Standard 500 g /ขวด",,,,500,g,ขวด,
AS197362,"Mercaptoacetic acid","Mercaptoacetic acid 1 L/ขวด",,,,1,L,ขวด,
AS197357,"Celestolide 10% in DPG","Celestolide 10% in DPG 10 ml /pcs",,,,10,mL,pcs,
AS197353,"Cinnamyl Alcohol","Cinnamyl Alcohol 10 ml /pcs",,,,10,mL,pcs,
AS197342,"Aldehyde C-18 50%DPG","Aldehyde C-18 50%DPG 10 ml /pcs",,,,10,mL,pcs,
AS197324,"Neroli Abs. 10% (Citrus aurantium var. amara - Morocco","Neroli Abs. 10% (Citrus aurantium var. amara - Morocco) 10 ml /pcs",,,,10,mL,pcs,
AS197323,"Myrrh 10% (Commiphora myrrha - Kenya","Myrrh 10% (Commiphora myrrha - Kenya) 10 ml /pcs",,,,10,mL,pcs,
AS197321,"Mandarin Red Oil","Mandarin Red Oil 30 ml /pcs",,,,30,mL,pcs,
AS197294,"Adenosine triphosphate","Adenosine triphosphate 500 g /pcs",,,,500,g,pcs,
AS197290,"Ethyl Alcohol (99.9% , 200 Proof, Research/Perfumer Grade","Ethyl Alcohol (99.9% , 200 Proof, Research/Perfumer Grade) 1 kg /pcs",,,,1,kg,pcs,
AS197289,"Dimethiconol (and) Tea-dodecylbenzenesulfonate﻿ (Hair-Cond SM™","Dimethiconol (and) Tea-dodecylbenzenesulfonate﻿ (Hair-Cond SM™) 1 kg /pcs",,,,1,kg,pcs,
AS197288,"Potassium Thioglycolate (42%, Liquid","Potassium Thioglycolate (42%, Liquid) 1 kg /pcs",,,,1,kg,pcs,
AS197287,"Aminopropyl Dimethicone (and) Laureth-4 (and) Laureth-23﻿ (Silicone Hi-Cond (China","Aminopropyl Dimethicone (and) Laureth-4 (and) Laureth-23﻿ (Silicone Hi-Cond (China) 1 kg /pcs",,,,1,kg,pcs,
AS197286,"Ammonium dihydrogen phosphate NH4H2PO4","Ammonium dihydrogen phosphate NH4H2PO4 AR /ขวด",,,AR,,,ขวด,YES
AS197278,"Base Mold Release /liquid","Base Mold Release /liquid 118 ml /ขวด",,,,118,mL,ขวด,
AS197277,"Quercetin /solid","Quercetin [C15H10O7] cas no. 117-39-5 /solid 10 g /ขวด",117-39-5,C15H10O7,,10,g,ขวด,
AS197274,"Silica gel 60 (0.063-0.200 mm) /solid","Silica gel 60 (0.063-0.200 mm) [SiO2] cas no.7631-86-9 /solid 5 kg /ขวด",7631-86-9,SiO2,,5,kg,ขวด,
AS197272,"Triton X-114 /liquid","Triton X-114 cas no. 9036-19-5 /liquid 250 ml /ขวด",9036-19-5,,,250,mL,ขวด,
AS197271,"Technical Buffer pH 10.01 /liquid 30 ซอง","Technical Buffer pH 10.01 /liquid 20 ml 30 ซอง /กล่อง",,,,20,mL,กล่อง,
AS197270,"Methyl salicylate (น้ำมันระกำ) /liquid","Methyl salicylate (น้ำมันระกำ) /liquid 450 g /ขวด",,,,450,g,ขวด,
AS197269,"Hexane /liquid","Hexane [C6H14] cas no. 110-54-3 /liquid 20 L /ถัง",110-54-3,C6H14,,20,L,ถัง,
AS197268,"2-Butanol /liquid","2-Butanol /liquid 2.5 L /ขวด",,,,2.5,L,ขวด,
AS197284,"PCR mixture 100 reactions","PCR mixture 100 reactions /แพ็ค",,,,,,แพ็ค,YES
AS197282,"Genomic DNA Isolation Kit for bacterial cells 100 preps","Genomic DNA Isolation Kit for bacterial cells 100 preps /กล่อง",,,,,,กล่อง,YES
AS197281,"Taq DNA Polymerase 500 units","Taq DNA Polymerase 500 units /แพ็ค",,,,,,แพ็ค,YES
AS197280,"100 DNA ladder","100 bp DNA ladder 500 μl /หลอด",,,BP,500,,หลอด,YES
AS197279,"TBE buffer (Tris-borate-EDTA) 10X solution","TBE buffer (Tris-borate-EDTA) 10X solution 1 L /ขวด",,,,1,L,ขวด,
AS197276,"Quercetin powder","Quercetin powder 100 g /ขวด",,,,100,g,ขวด,
AS197275,"Curcumin powder","Curcumin powder 100 g /ขวด",,,,100,g,ขวด,
AS197273,"Phosphate buffer solution 0.1 mol/L liquid","Phosphate buffer solution 0.1 mol/L liquid 100 ml /ขวด",,,,100,mL,ขวด,
AS197267,"Hi-SYBr Safe Gel Stain (10000X in DMSO","Hi-SYBr Safe Gel Stain (10000X in DMSO) /ชุด",,,,,,ชุด,YES
AS197266,"100bp DNA Ladder (200 Lanes), 4x","100bp DNA Ladder (200 Lanes), 4x100 ul /ชุด",,,,100,uL,ชุด,
AS197265,"6X gel loading buffer","6X gel loading buffer /ชุด",,,,,,ชุด,YES
AS197264,"Nicotinic acid","Nicotinic acid 100g/ขวด",,,,100,g,ขวด,
AS197263,Agar,"Agar 500 g /กระปุก",,,,500,g,กระปุก,
AS197261,"Citric acid","Citric acid 1 kg /ขวด",,,,1,kg,ขวด,
AS197260,"Tryptic Soy Broth","Tryptic Soy Broth 500 g /ขวด",,,,500,g,ขวด,
AS197259,"Sodium hypochlorite 10% (คลอรีนน้ำ","Sodium hypochlorite 10% (คลอรีนน้ำ) 5 kg /แกลลอน",,,,5,kg,แกลลอน,
AS197257,"Novel Juice DNA Staining Reagent","Novel Juice DNA Staining Reagent, 1 ml /ขวด",,,,1,mL,ขวด,
AS197256,"Dubecc's Modified Eagle Medium 10x","Dubecc's Modified Eagle Medium 10x1 L /ขวด",,,,1,L,ขวด,
AS197255,"Di-sodium Hydrogen Phosphate Dihydrate 10028-24-7","Di-sodium Hydrogen Phosphate Dihydrate 10028-24-7 AR 500g /ขวด",,,AR,500,g,ขวด,
AS197254,"Diammonium phosphate 7783-28-0","Diammonium phosphate 7783-28-0 1 kg /ขวด",,,,1,kg,ขวด,
AS197251,"Trypsin-EDTA, 0.25%(1X","Trypsin-EDTA, 0.25%(1X) 100 ml /ขวด",,,,100,mL,ขวด,
AS197250,"Kato’s kat kit solid","Kato’s kat kit solid 500 ชิ้น /กล่อง",,,,500,pcs,กล่อง,
AS197247,"ชุดสกัด Blood DNA Kit Liquids 100 ตัวอย่าง","ชุดสกัด Blood DNA Kit Liquids 100 ตัวอย่าง /กล่อง",,,,,,กล่อง,YES
AS197246,"mouse anti-BCL-2 antibody solid","mouse anti-BCL-2 antibody solid 100 ไมโครลิตร /หลอด",,,,100,uL,หลอด,
AS197244,"mouse anti-PARP antibody Liquids","mouse anti-PARP antibody Liquids 100 ไมโครลิตร /หลอด",,,,100,uL,หลอด,
AS197243,"D-cycloserine solid","D-cycloserine solid 5 กรัม /ขวด",,,,5,g,ขวด,
AS197241,"Carbol fuchsin solid","Carbol fuchsin solid 10 กรัม /ขวด",,,,10,g,ขวด,
AS197240,"Human IL-1 beta mini ABTS ELISA DEVELOPMENT KIT Liquids 192 ตัวอย่าง","Human IL-1 beta mini ABTS ELISA DEVELOPMENT KIT Liquids 192 ตัวอย่าง /กล่อง",,,,,,กล่อง,YES
AS197239,"Human CTGF ABTS ELISA DEVELOPMENT KIT Liquids 192 ตัวอย่าง","Human CTGF ABTS ELISA DEVELOPMENT KIT Liquids 192 ตัวอย่าง /กล่อง",,,,,,กล่อง,YES
AS197238,"Red safe Liquids","Red safe Liquids 400 ไมโครลิตร /หลอด",,,,400,uL,หลอด,
AS197237,"T4 DNA Ligase 1U/µl Liquids 100 ยูนิต","T4 DNA Ligase 1U/µl Liquids 100 ยูนิต /หลอด",,,,,,หลอด,YES
AS197235,"Ethanol absolute","Ethanol absolute 2.5 ลิตร /ขวด",,,,2.5,L,ขวด,
AS197234,"Eosin Y alcoholic solution 0.5 %","Eosin Y alcoholic solution 0.5 % 1 ลิตร /ขวด",,,,1,L,ขวด,
AS197232,"EDTA dipotassium salt","EDTA dipotassium salt 100 กรัม /ขวด",,,,100,g,ขวด,
AS197231,"Boric acid","Boric acid 500 กรัม /ขวด",,,,500,g,ขวด,
AS197230,"Bromophenol blue","Bromophenol blue 5 กรัม /ขวด",,,,5,g,ขวด,
AS197229,"Ammonium persulfate","Ammonium persulfate 500 กรัม /ขวด",,,,500,g,ขวด,
AS197228,"Coomassie brilliant blue","Coomassie brilliant blue 25 กรัม /ขวด",,,,25,g,ขวด,
AS197227,"Poly(ethylene glycol","Poly(ethylene glycol) 500 กรัม /ขวด",,,,500,g,ขวด,
AS197226,"Hydrochloric acid","Hydrochloric acid 2.5 ลิตร /ขวด",,,,2.5,L,ขวด,
AS197224,"BCA Protein Assay Kit","BCA Protein Assay Kit /ขวด",,,,,,ขวด,YES
AS197223,"5% เดกซ์โทรสในนอร์มัลซาไลน์ (5% Dextrose in NSS: 5% D/NSS) Liquids","5% เดกซ์โทรสในนอร์มัลซาไลน์ (5% Dextrose in NSS: 5% D/NSS) Liquids 250 ml /ขวด",,,,250,mL,ขวด,
AS197222,"5% เดกซ์โทรส (5% Dextrose in water: 5%D/W) Liquids","5% เดกซ์โทรส (5% Dextrose in water: 5%D/W) Liquids 250 ml /ขวด",,,,250,mL,ขวด,
AS197221,"น้ำเกลือ ปราศจากเชื้อ (NSS 0.9% Sodium Chloride) Liquids","น้ำเกลือ ปราศจากเชื้อ (NSS 0.9% Sodium Chloride) Liquids 250 ml /ขวด",,,,250,mL,ขวด,
AS197218,"Polyaluminium chloride 30% /ก.ก.","Polyaluminium chloride 30% /ก.ก.",,,,,,,YES
AS197216,"GenepJlowtmGel/PCR Kit 100 preps/kit ","GenepJlowtmGel/PCR Kit 100 preps/kit  /กล่อง",,,,,,กล่อง,YES
AS197213,"DNA-Oligo Synthesis 0.025 umole","DNA-Oligo Synthesis 0.025 umole /Base",,,,,,Base,YES
AS197208,"Ascorbic acid solid","Ascorbic acid AR solid 25 กรัม /ขวด",,,AR,25,g,ขวด,
AS197207,"Bovine serum albumin solid","Bovine serum albumin AR solid 25 กรัม /ขวด",,,AR,25,g,ขวด,
AS197206,"BRADFORD kit for protein estimation liquid","BRADFORD kit for protein estimation liquid 500 มิลลิลิตร /ขวด",,,,500,mL,ขวด,
AS197205,"qPCRBIO SyGreen Mix Lo-ROX, ขนาด 100 rxns liquid 100 ตัวอย่าง","qPCRBIO SyGreen Mix Lo-ROX, ขนาด 100 rxns liquid 100 ตัวอย่าง /ชุด",,,,,,ชุด,YES
AS197204,"Comassie nano protein staining solution liquid","Comassie nano protein staining solution liquid 500 มิลลิลิตร /ขวด",,,,500,mL,ขวด,
AS194545,"*ยกเลิกไปใช้ AS194688* Myo-Inositol /solid","*ยกเลิกไปใช้ AS194688* Myo-Inositol [C6H12O6] cas no.87-89-8 /solid 25 g /bot",87-89-8,C6H12O6,,25,g,bot,
AS197201,"Tri-sodium citrate dihydrate","Tri-sodium citrate dihydrate 500 กรัม /ขวด",,,,500,g,ขวด,
AS197200,"Sodium chloride ขนาด 500 กรัม","Sodium chloride ขนาด 500 กรัม 500 กรัม /ขวด",,,,500,g,ขวด,
AS197199,Resorcinol,"Resorcinol 100 กรัม /ขวด",,,,100,g,ขวด,
AS197198,"Potassium ammonium sulfate","Potassium ammonium sulfate 500 กรัม /ขวด",,,,500,g,ขวด,
AS197197,"Alcohol gel 75%","Alcohol gel 75% 3.5 ลิตร /ขวด",,,,3.5,L,ขวด,
AS197196,"Acetic acid","Acetic acid (HPLC) 2.5 ลิตร /ขวด",,,HPLC,2.5,L,ขวด,
AS197195,Cellulose,"Cellulose AR 100 กรัม /ขวด",,,AR,100,g,ขวด,
AS197194,caffeine,"caffeine AR 100 กรัม /ขวด",,,AR,100,g,ขวด,
AS197193,rutin,"rutin AR 50 กรัม /ขวด",,,AR,50,g,ขวด,
AS197192,rutin,"rutin AR 25 มิลลิกรัม /ขวด",,,AR,25,mg,ขวด,
AS197191,Piperine,"Piperine AR 1 กรัม /ขวด",,,AR,1,g,ขวด,
AS197190,Piperine,"Piperine AR 5 กรัม /ขวด",,,AR,5,g,ขวด,
AS197180,"Silverderm cream (silver sulfadiazine 1%","Silverderm cream 25 g (silver sulfadiazine 1%) /หลอด",,,,25,g,หลอด,
AS197172,"Rappaport vassiliadis soya medium","Rappaport vassiliadis soya medium 500 g /bot",,,,500,g,bot,
AS197171,"Pyridoxine hydrochloride","Pyridoxine hydrochloride 25 g /bot",,,,25,g,bot,
AS197170,"Potassium nitrate","Potassium nitrate AR 500 g /bot",,,AR,500,g,bot,
AS197169,"Potassium dihydrogen phosphate (ANH","Potassium dihydrogen phosphate (ANH) 500 g /bot",,,,500,g,bot,
AS197168,"Potassium chloride","Potassium chloride AR 1 Kg /bot",,,AR,1,kg,bot,
AS197167,"Petroleum ethe 40/60","Petroleum ethe 40/60 AR 2.5 L /bot",,,AR,2.5,L,bot,
AS197165,Methanol,"Methanol AR 2.5 L /bot",,,AR,2.5,L,bot,
AS197163,"Lactophenol cotton blue","Lactophenol cotton blue 100 ml /bot",,,,100,mL,bot,
AS197162,"Hektoen Enteric agar","Hektoen Enteric agar 500 G /bot",,,,500,g,bot,
AS197161,Chloroform,"Chloroform AR 2.5 L /bot",,,AR,2.5,L,bot,
AS197160,"Calcium chloride","Calcium chloride 500 g /bot",,,,500,g,bot,
AS197157,"XLD agar","XLD agar 500 g /bot",,,,500,g,bot,
AS197156,"Toluidine blue O","Toluidine blue O 25 g /bot",,,,25,g,bot,
AS197155,"Rappaport-Vassiliadis soya medium","Rappaport-Vassiliadis soya medium 500 g /bot",,,,500,g,bot,
AS197154,"Hektoen Enteric (HE) agar","Hektoen Enteric (HE) agar 500 g /bot",,,,500,g,bot,
AS197153,"Tween 80","Tween 80 Extra Pure /ขวด",,,"EXTRA PURE",,,ขวด,YES
AS197152,"Thiobarbituric Acid 98%","Thiobarbituric Acid 98% 25 g /ขวด",,,,25,g,ขวด,
AS197151,"Trichloroacetic Acid 99 %","Trichloroacetic Acid 99 % 500 g /ขวด",,,,500,g,ขวด,
AS197150,"Sulphuric Acid 98%","Sulphuric Acid 98% 2.5 L /ขวด",,,,2.5,L,ขวด,
AS197149,"Mueller Kauffman Tetrathionate Novobiocin Broth","Mueller Kauffman Tetrathionate Novobiocin Broth /ขวด",,,,,,ขวด,YES
AS197147,"Xylose Lysine Deoxychlolate (XLD) agar","Xylose Lysine Deoxychlolate (XLD) agar /bot",,,,,,bot,YES
AS197145,"Tryptone soya broth","Tryptone soya broth /bot",,,,,,bot,YES
AS197144,"Magnesium Chloride","Magnesium Chloride /bot",,,,,,bot,YES
AS197143,"Sulphuric acid","Sulphuric acid /bot",,,,,,bot,YES
AS197142,"Sodium Molybdate","Sodium Molybdate /bot",,,,,,bot,YES
AS197141,"Sodium metabi-sulfile","Sodium metabi-sulfile 1 kg /Pack",,,,1,kg,Pack,
AS197140,"Sodium Hydroxide 99%","Sodium Hydroxide 99% /bot",,,,,,bot,YES
AS197138,"Rappaport-Vassiliadis medium (RVS","Rappaport-Vassiliadis medium (RVS) 500 g /ขวด",,,,500,g,ขวด,
AS197136,"Muller-Kauffman tetrathionate novobiocin (MKTTn) broth","Muller-Kauffman tetrathionate novobiocin (MKTTn) broth 500 g /ขวด",,,,500,g,ขวด,
AS197135,"metalaxyl 35% (ME","metalaxyl 35% (ME) /แพ็ค",,,,,,แพ็ค,YES
AS197133,"Magnesium Chloride","Magnesium Chloride AR 500 g /ขวด",,,AR,500,g,ขวด,
AS197131,"Hektoen Enteric (HE) agar","Hektoen Enteric (HE) agar 500 g /ขวด",,,,500,g,ขวด,
AS197129,Chlorox,"Chlorox AR 2 L /ขวด",,,AR,2,L,ขวด,
AS197128,"Tween 80","Tween 80 Extra Pure 500 ml /ขวด",,,"EXTRA PURE",500,mL,ขวด,
AS197127,"Thionbarbituric Acid 98%","Thionbarbituric Acid 98% AR 25 g /ขวด",,,AR,25,g,ขวด,
AS197126,"Trichloroacetic Acid 99%","Trichloroacetic Acid 99% AR 500 g /ขวด",,,AR,500,g,ขวด,
AS197125,"Sulphuric Acid 98%","Sulphuric Acid 98% AR 2.5 L /ขวด",,,AR,2.5,L,ขวด,
AS197124,"Mueller kauffman Tetrathionate Novoviocin Broth","Mueller kauffman Tetrathionate Novoviocin Broth /ขวด",,,,,,ขวด,YES
AS197123,"Magnesium Chloride Hexahydrate 98%","Magnesium Chloride Hexahydrate 98% 500 g /ขวด",,,,500,g,ขวด,
AS197122,"D-Glucose (Dextrose) Anhydrous","D-Glucose (Dextrose) Anhydrous AR 500 g /ขวด",,,AR,500,g,ขวด,
AS197118,"Toludine blue O","Toludine blue O 25 g /Bot",,,,25,g,Bot,
AS197117,"Sodium nitrite","Sodium nitrite AR 500 g /Bot",,,AR,500,g,Bot,
AS197116,"Sodium metabisulfite","Sodium metabisulfite 1 kg /Pack",,,,1,kg,Pack,
AS197112,"Metalaxyl 35% (ME) ชมพู เอ็กตร้า","Metalaxyl 35% (ME) ชมพู เอ็กตร้า 1 kg /แพ็ค",,,,1,kg,แพ็ค,
AS197111,"Pltassium hydroxide","Pltassium hydroxide,AR 1 kg /แพ็ค",,,AR,1,kg,แพ็ค,
AS197107,"Copper hydroxide (ฟังกูราน","Copper hydroxide (ฟังกูราน) 1 kg /แพ็ค",,,,1,kg,แพ็ค,
AS197099,"SOYA CASEIN DIGEST MEDIUM (TSBx","SOYA CASEIN DIGEST MEDIUM (TSBx 500 g /BOT",,,,500,g,BOT,
AS197098,"SODIUM MOLYBDATE 2J2O NORMARUR","SODIUM MOLYBDATE 2J2O NORMARUR AR 250 g /BOT",,,AR,250,g,BOT,
AS197097,"VC100bp DNA ladder (ready-to-use","VC100bp DNA ladder (ready-to-use) 50 ug /EA",,,,50,ug,EA,
AS197096,"โซเดียมไนเตรต (Sodium nitrate) Solid","โซเดียมไนเตรต (Sodium nitrate) AR Solid 1000 กรัม /ขวด",,,AR,1000,g,ขวด,
AS197095,"แมกนีเซียมซัลเฟต (Magnesium sulfate heptahydrate) Solid","แมกนีเซียมซัลเฟต (Magnesium sulfate heptahydrate) AR Solid 1000 กรัม /ขวด",,,AR,1000,g,ขวด,
AS197057,"Chloramphenicol disc Solid 5 vial","Chloramphenicol disc 30 ไมโครกรัม Solid 5 vial /กล่อง",,,,30,ug,กล่อง,
AS197094,"โพแทสเซียม ไดไฮโดรเจนฟอสเฟต (Potassium dihydrogen Phosphate","โพแทสเซียม ไดไฮโดรเจนฟอสเฟต (Potassium dihydrogen Phosphate) 1000 กรัม /ขวด",,,,1000,g,ขวด,
AS197093,"Beef extract Protose B","Beef extract Protose B 500 กรัม /ขวด",,,,500,g,ขวด,
AS197091,"Yeast Nitrogen Base Solid","Yeast Nitrogen Base Solid 100 กรัม /ขวด",,,,100,g,ขวด,
AS197090,"Carbon Fuchsin Solid","Carbon Fuchsin Solid 25 กรัม /ขวด",,,,25,g,ขวด,
AS197089,"DPX MOUNTANT FOR HISTOLOGY SLIDE MOUNTING MEDIUM Liquid","DPX MOUNTANT FOR HISTOLOGY SLIDE MOUNTING MEDIUM Liquid 500 มิลลิลิตร /ขวด",,,,500,mL,ขวด,
AS197088,"Listeria Selective Supplement II Solid 5 vial","Listeria Selective Supplement II Solid 5 vial /กล่อง",,,,,,กล่อง,YES
AS197087,"Lysozyme from chicken egg white Solid","Lysozyme from chicken egg white Solid 10 กรัม /ขวด",,,,10,g,ขวด,
AS197086,"Vancomycin disc Solid 5 vial","Vancomycin disc 30 ไมโครกรัม Solid 5 vial /กล่อง",,,,30,ug,กล่อง,
AS197085,"Trimaethoprim/Sulfamethoxazole disc Solid 5 vial","Trimaethoprim/Sulfamethoxazole disc 25 ไมโครกรัม Solid 5 vial /กล่อง",,,,25,ug,กล่อง,
AS197084,"Tetracyclin disc Solid 5 vial","Tetracyclin disc 30 ไมโครกรัม Solid 5 vial /กล่อง",,,,30,ug,กล่อง,
AS197083,"Polymyxin B 300 units Solid 5 vial","Polymyxin B 300 units Solid 5 vial /กล่อง",,,,,,กล่อง,YES
AS197082,"Nitrofurantotin disc Solid 5 vial","Nitrofurantotin disc 300 ไมโครกรัม Solid 5 vial /กล่อง",,,,300,ug,กล่อง,
AS197081,"Erythromycin disc Solid 5 vial","Erythromycin disc 15 ไมโครกรัม Solid 5 vial /กล่อง",,,,15,ug,กล่อง,
AS197080,"Enrofloxacin disc Solid 5 vial","Enrofloxacin disc 5 ไมโครกรัม Solid 5 vial /กล่อง",,,,5,ug,กล่อง,
AS197079,"Beef Extracted Solid","Beef Extracted Solid 500 กรัม /ขวด",,,,500,g,ขวด,
AS197078,"Dichoran Rose bengal agar Solid","Dichoran Rose bengal agar Solid 500 กรัม /ขวด",,,,500,g,ขวด,
AS197077,"Kanamycin sulfate Solid","Kanamycin sulfate Solid 10 กรัม /ขวด",,,,10,g,ขวด,
AS197076,"Tryptone broth Solid","Tryptone broth Solid 500 กรัม /ขวด",,,,500,g,ขวด,
AS197075,"Soyabean Casein Digest Medium (Tryptone Soya Broth) Solid","Soyabean Casein Digest Medium (Tryptone Soya Broth) Solid 500 กรัม /ขวด",,,,500,g,ขวด,
AS197074,"D-Trehalose dihydrate Solid","D-Trehalose dihydrate Solid 25 กรัม /ขวด",,,,25,g,ขวด,
AS197073,"Oxacillin disc Solid 5 vial","Oxacillin disc 1 ไมโครกรัม Solid 5 vial /กล่อง",,,,1,ug,กล่อง,
AS197072,"Optochin disc Solid 5 vial","Optochin disc 5 ไมโครกรัม Solid 5 vial /กล่อง",,,,5,ug,กล่อง,
AS197071,"ONPG disc Solid 5 vial","ONPG disc Solid 5 vial /กล่อง",,,,,,กล่อง,YES
AS197070,"Norflaxacin disc Solid 5 vial","Norflaxacin disc 5 ไมโครกรัม Solid 5 vial /กล่อง",,,,5,ug,กล่อง,
AS197069,"Novobiocin disc Solid 5 vial","Novobiocin disc 5 ไมโครกรัม Solid 5 vial /กล่อง",,,,5,ug,กล่อง,
AS197068,"Levofloxacin disc Solid 5 vial","Levofloxacin disc 5 ไมโครกรัม Solid 5 vial /กล่อง",,,,5,ug,กล่อง,
AS197067,"Ciprofloxacin disc Solid 5 vial","Ciprofloxacin disc 5 ไมโครกรัม Solid 5 vial /กล่อง",,,,5,ug,กล่อง,
AS197066,"Ceftriaxone disc Solid 5 vial","Ceftriaxone disc 30 ไมโครกรัม Solid 5 vial /กล่อง",,,,30,ug,กล่อง,
AS197065,"Cefpodoxime disc Solid 5 vial","Cefpodoxime disc 10 ไมโครกรัม Solid 5 vial /กล่อง",,,,10,ug,กล่อง,
AS197064,"Cefoxitin disc Solid 5 vial","Cefoxitin disc 30 ไมโครกรัม Solid 5 vial /กล่อง",,,,30,ug,กล่อง,
AS197063,"Ceftazidime/Clavulanic acid 30/ Solid 5 vial","Ceftazidime/Clavulanic acid 30/10 ไมโครกรัม Solid 5 vial /กล่อง",,,,10,ug,กล่อง,
AS197062,"Cefaletin disc Solid 5 vial","Cefaletin disc 30 ไมโครกรัม Solid 5 vial /กล่อง",,,,30,ug,กล่อง,
AS197061,"Amoxicillin/Clavulanic disc Solid 5 vial","Amoxicillin/Clavulanic disc 30 ไมโครกรัม Solid 5 vial /กล่อง",,,,30,ug,กล่อง,
AS197060,"Ampicillin/sulbactam disc A/S 10/ Solid 5 vial","Ampicillin/sulbactam disc A/S 10/10 ไมโครกรัม Solid 5 vial /กล่อง",,,,10,ug,กล่อง,
AS197059,"Ampicillin disc Solid 5 vial","Ampicillin disc 10 ไมโครกรัม Solid 5 vial /กล่อง",,,,10,ug,กล่อง,
AS197058,"Penicillin G disc 10 units Solid 5 vial","Penicillin G disc 10 units Solid 5 vial /กล่อง",,,,,,กล่อง,YES
AS197056,"Gentamicin disc Solid 5 vial","Gentamicin disc 10 ไมโครกรัม Solid 5 vial /กล่อง",,,,10,ug,กล่อง,
AS197055,"Bacitracin disc 10 units Solid 5 vial","Bacitracin disc 10 units Solid 5 vial /กล่อง",,,,,,กล่อง,YES
AS197054,"PBS tablets pH8 Solid 100 เม็ด","PBS tablets pH8 Solid 100 เม็ด /กล่อง",,,,,,กล่อง,YES
AS197053,"Gentamicin sulfate salt Solid","Gentamicin sulfate salt Solid 5 กรัม /ขวด",,,,5,g,ขวด,
AS197052,"Cresyl violet acetate Solid","Cresyl violet acetate Solid 10 กรัม /ขวด",,,,10,g,ขวด,
AS197050,"Sodium dihydrogen phosphate dihydrate","Sodium dihydrogen phosphate dihydrate 500 กรัม /ขวด",,,,500,g,ขวด,
AS197049,"Sodium dihydrogen orthophosphate","Sodium dihydrogen orthophosphate 500 กรัม /ขวด",,,,500,g,ขวด,
AS197048,"Magnesium sulfate","Magnesium sulfate 500 กรัม /ขวด",,,,500,g,ขวด,
AS197047,"Glucose Food Grade","Glucose Food Grade /กระป๋อง",,,,,,กระป๋อง,YES
AS197046,Galactose,"Galactose 100 กรัม /ขวด",,,,100,g,ขวด,
AS197045,"3,5-Dinitrosalicylic acid 98%","3,5-Dinitrosalicylic acid 98% 5 กรัม /ขวด",,,,5,g,ขวด,
AS197044,"Ammonium persulfate","Ammonium persulfate 100 กรัม /ขวด",,,,100,g,ขวด,
AS197043,"0.5M EDTA","0.5M EDTA 500 มิลลิลิตร /ขวด",,,,500,mL,ขวด,
AS197041,"Sulfuric acid 95-98%","Sulfuric acid 95-98% 2.5 ลิตร /ขวด",,,,2.5,L,ขวด,
AS197040,"10X TBE buffer","10X TBE buffer 1000 มิลลิลิตร /ขวด",,,,1000,mL,ขวด,
AS197039,Water,"Water HPLC 2.5 ลิตร /ขวด",,,HPLC,2.5,L,ขวด,
AS197038,Methanol,"Methanol HPLC 2.5 ลิตร /ขวด",,,HPLC,2.5,L,ขวด,
AS197037,"Kovac's Reagent","Kovac's Reagent 100 มิลลิลิตร /ขวด",,,,100,mL,ขวด,
AS197036,"India Ink","India Ink 60 มิลลิลิตร /ขวด",,,,60,mL,ขวด,
AS197035,Hexane,"Hexane 2.5 ลิตร /ขวด",,,,2.5,L,ขวด,
AS197034,Glycerol,"Glycerol 2.5 ลิตร /ขวด",,,,2.5,L,ขวด,
AS197033,"Dimethyl sulfoxide Cell culture","Dimethyl sulfoxide Cell culture 1 ลิตร /ขวด",,,,1,L,ขวด,
AS197031,"Alcohol 95%","Alcohol 95% 14.5 กิโลกรัม /ถัง",,,,14.5,kg,ถัง,
AS197030,Acetonitrile,"Acetonitrile HPLC 2.5 ลิตร /ขวด",,,HPLC,2.5,L,ขวด,
AS197025,"pH 10.00 at 20 C coloured borax/sodium hydroxide .","pH 10.00 at 20 C coloured borax/sodium hydroxide 500 ml. /ขวด",,,,500,mL,ขวด,
AS197024,"pH 7.00 at 20 C di-Sodium Hydrogen Phosphate/ Potassium Dihydrogen Phosphate .","pH 7.00 at 20 C di-Sodium Hydrogen Phosphate/ Potassium Dihydrogen Phosphate 500 ml. /ขวด",,,,500,mL,ขวด,
AS197023,"pH 4.00 at 20 C Citric Acid/ Sodium Chloride/ Sodium Hydroxide .","pH 4.00 at 20 C Citric Acid/ Sodium Chloride/ Sodium Hydroxide 500 ml. /ขวด",,,,500,mL,ขวด,
AS197022,"MAGNESIUM NITRATE 6-HYDRATE 98% Mg(NO3)2.6H2O13446-18-9 .","MAGNESIUM NITRATE 6-HYDRATE 98% Mg(NO3)2.6H2O13446-18-9 AR 500 g. /ขวด",,,AR,500,g,ขวด,
AS197021,"Ammonium dihydrogen phosphate 99.99 (NH₄)H₂PO₄7722-76-1 / ACS .","Ammonium dihydrogen phosphate 99.99 (NH₄)H₂PO₄7722-76-1 AR / ACS 500 g. /ขวด",,,AR,500,g,ขวด,
AS197020,"Hydroxyammonium chloride 99% H4ClNO5470-11-1 / ACS .","Hydroxyammonium chloride 99% H4ClNO5470-11-1 AR / ACS 500 g. /ขวด",,,AR,500,g,ขวด,
AS197019,"Cadmium iodide (CdI2)7790-80-9 Solid","Cadmium iodide (CdI2)7790-80-9 AR Solid 25 g /ขวด",,,AR,25,g,ขวด,
AS197018,"น้ำมันกานพลู liquid","น้ำมันกานพลู LR liquid 120 ml /ขวด",,,LR,120,mL,ขวด,
AS197017,"Ammonium sulfite","Ammonium sulfite 500 g /pcs",,,,500,g,pcs,
AS197016,"Ammonium bisulfite","Ammonium bisulfite 500 g /pcs",,,,500,g,pcs,
AS197014,"STRUCTURE® XL (Hydroxypropyl Starch Phosphate","STRUCTURE® XL (Hydroxypropyl Starch Phosphate) 1 kg /pcs",,,,1,kg,pcs,
AS197011,"Aminopropyl dimethicone /1","Aminopropyl dimethicone 1 kg /1 /pcs",,,,1,kg,pcs,
AS197010,"30% steartrimonium methosulfate","30% steartrimonium methosulfate 1 kg /pcs",,,,1,kg,pcs,
AS197009,"51% genamin ctac (CETRIMONIUM CHLORIDE","51% genamin ctac (CETRIMONIUM CHLORIDE) 1 kg /pcs",,,,1,kg,pcs,
AS197008,"xiameter™ mem-1784 emulsion (Dimethiconol (and) TEA-dodecylbenzenesulfonate","xiameter™ mem-1784 emulsion (Dimethiconol (and) TEA-dodecylbenzenesulfonate) 1 kg /pcs",,,,1,kg,pcs,
AS197003,"Methanol ( grade","Methanol (HPLC grade) 4 L /bot",,,HPLC,4,L,bot,
AS197002,"Lactose monohydrate","Lactose monohydrate 1 kg /ถุง",,,,1,kg,ถุง,
AS197001,"D-Glucose monohydrate ( grade","D-Glucose monohydrate (AR grade) 500 g /bot",,,AR,500,g,bot,
AS197000,"Gelatin( grade","Gelatin(AR grade) 500 g /bot",,,AR,500,g,bot,
AS196998,"Ethyl acetate","Ethyl acetate (AR) 2.5 L /bot",,,AR,2.5,L,bot,
AS196997,Dimethicone,"Dimethicone 1 kg /bot",,,,1,kg,bot,
AS196994,"D&C Red No.28 Al Lake","D&C Red No.28 Al Lake 500 g /bot",,,,500,g,bot,
AS196993,"D&C Red No.27 Lake","D&C Red No.27 Lake 500 g /bot",,,,500,g,bot,
AS196992,"D&C red no. 7 Lake","D&C red no. 7 Lake 500 g /bot",,,,500,g,bot,
AS196990,"Chloroform , LAB-scan ( grade","Chloroform , LAB-scan (AR grade) 2.5 L /bot",,,AR,2.5,L,bot,
AS196989,"Charcoal Powder","Charcoal Powder 1 kg /bot",,,,1,kg,bot,
AS196986,"benzyl acetate ( grade","benzyl acetate (AR grade) 2.5 L /bot",,,AR,2.5,L,bot,
AS196985,"benzene ( grade","benzene (AR grade) 2.5 L /bot",,,AR,2.5,L,bot,
AS196984,Acetronitrile,"Acetronitrile /HPLC 4 L /bot",,,HPLC,4,L,bot,
AS196982,"Cond foam (Sodium lauroyl sacosinate","Cond foam (Sodium lauroyl sacosinate) 1 kg /Pcs",,,,1,kg,Pcs,
AS196981,"Lake Brilliant Blur FCF / CI 42090:2 FD&C Blue 1 Alum Lake (ชนิดผง) สีฟ้า / ละลายในน้ำมัน","Lake Brilliant Blur FCF / CI 42090:2 FD&C Blue 1 Alum Lake (ชนิดผง) สีฟ้า / ละลายในน้ำมัน 500 g /Pcs",,,,500,g,Pcs,
AS196980,"Caprylyl/capryl glucoside","Caprylyl/capryl glucoside 1 kg /Pcs",,,,1,kg,Pcs,
AS196978,"Powder cream (PMMA=Poly methyl methacrylate","Powder cream (PMMA=Poly methyl methacrylate) 1 kg /Pcs",,,,1,kg,Pcs,
AS196977,"Silicone Film ,Low viscosity (Trimethylsiloxysilicate","Silicone Film ,Low viscosity (Trimethylsiloxysilicate) 1 kg /Pcs",,,,1,kg,Pcs,
AS196976,"Tegosoft GMC 6 (PEG-6 Caprylic/capric Triglycerides","Tegosoft GMC 6 (PEG-6 Caprylic/capric Triglycerides) 1 kg /Pcs",,,,1,kg,Pcs,
AS196971,"Red iron oxide (CI77491","Red iron oxide (CI77491) 1 kg /Pcs",,,,1,kg,Pcs,
AS196970,"Black iron oxide (CI77499","Black iron oxide (CI77499) 1 kg /Pcs",,,,1,kg,Pcs,
AS196963,"sodium fluoride grade","sodium fluoride USP grade 1 kg /ถุง",,,USP,1,kg,ถุง,
AS196960,"Sodium cocoyl isethionate","Sodium cocoyl isethionate 1 kg /ถุง",,,,1,kg,ถุง,
AS196956,"Red RR (สีแดงละลายน้ำมัน","Red RR (สีแดงละลายน้ำมัน) 500 g /ถุง",,,,500,g,ถุง,
AS196955,"Red OS (สีแดงละลายน้ำมัน","Red OS (สีแดงละลายน้ำมัน) 500 g /ถุง",,,,500,g,ถุง,
AS196954,"Blue OS (สีน้ำเงินละลายน้ำมัน","Blue OS (สีน้ำเงินละลายน้ำมัน) 500 g /ถุง",,,,500,g,ถุง,
AS196952,"Silicone Film (Powder, Hard Film, Low Viscosity) (﻿Trimethylsiloxysilicate﻿","Silicone Film (Powder, Hard Film, Low Viscosity) (﻿Trimethylsiloxysilicate﻿) 1 kg /ขวด",,,,1,kg,ขวด,
AS196951,"SWD 5573 Yellow iron oxide","SWD 5573 Yellow iron oxide 1 kg /ขวด",,,,1,kg,ขวด,
AS196950,"SWD 5573 Yellow iron oxide","SWD 5573 Yellow iron oxide 500 g /ขวด",,,,500,g,ขวด,
AS196949,"SWD 4512 DC RED 6 BA LAKE (สีแดง","SWD 4512 DC RED 6 BA LAKE (สีแดง) 1 kg /ขวด",,,,1,kg,ขวด,
AS196948,"SWD 4512 DC RED 6 BA LAKE (สีแดง","SWD 4512 DC RED 6 BA LAKE (สีแดง) 500 g /ขวด",,,,500,g,ขวด,
AS196930,"สเปรย์ยาชา เอทิลคลอไรด์ .","สเปรย์ยาชา เอทิลคลอไรด์ 100 ml./กระป๋อง",,,,100,mL,กระป๋อง,
AS196926,"Standard Q HIV-1/2 Ab (3-Lines) ""25 Test""","Standard Q HIV-1/2 Ab (3-Lines) ""25 Test""/ชุด",,,,,,ชุด,YES
AS196917,"Ethanol 95%(L PURE 95) , องค์การสุรา","Ethanol 95%(L PURE 95) 18 L, องค์การสุรา/ถัง",,,,18,L,ถัง,
AS196906,"URIC ACID CP 220 เทสต์","URIC ACID CP 220 เทสต์/กล่อง",,,,,,กล่อง,YES
AS196903,"MAGNESIUM CP 200 เทสต์","MAGNESIUM CP 200 เทสต์/กล่อง",,,,,,กล่อง,YES
AS196902,"GLUCOSE CP 295 เทสต์","GLUCOSE CP 295 เทสต์/กล่อง",,,,,,กล่อง,YES
AS196897,"CALCIUM CP 285 เทสต์","CALCIUM CP 285 เทสต์/กล่อง",,,,,,กล่อง,YES
AS196893,"Aspartic acid [HOOCCH(NH2)CH2COOH] Solid","Aspartic acid [HOOCCH(NH2)CH2COOH]cas no. 56-84-8 AR Solid 250 g /ขวด",56-84-8,,AR,250,g,ขวด,
AS196892,"Glycerine (Glycerol) Liquid","Glycerine (Glycerol) cas no. 56-81-5 AR Liquid 1 L /ขวด",56-81-5,,AR,1,L,ขวด,
AS196891,"Alphanaptal (1-Napthol) Solid","Alphanaptal (1-Napthol) cas no. 90-15-3 Solid 100 g /ขวด",90-15-3,,,100,g,ขวด,
AS196890,"Petroleum ether Liquid 40-60 ˚C","Petroleum ether cas no. 64742-49-0 AR Liquid 40-60 ˚C 2.5 L /ขวด",64742-49-0,,AR,2.5,L,ขวด,
AS196889,"น้ำมันนวดอโรมา Liquid","น้ำมันนวดอโรมา Liquid 4 L /ขวด",,,,4,L,ขวด,
AS196888,"Thioacetamide Solution CH3CSNH262-55-5 grade Liquid","Thioacetamide Solution CH3CSNH262-55-5 EP grade Liquid 1 L /ขวด",,,EP,1,L,ขวด,
AS196887,"TRIGLECERIDE CP Liquid 295 test","TRIGLECERIDE CP Liquid 295 test /กล่อง",,,,,,กล่อง,YES
AS196886,"GGT Liquid 250 test","GGT Liquid 250 test /กล่อง",,,,,,กล่อง,YES
AS196885,"CK NAC CP Liquid 125 test","CK NAC CP Liquid 125 test /กล่อง",,,,,,กล่อง,YES
AS196884,"CK-BM RTU Liquid 125 test","CK-BM RTU Liquid 125 test /กล่อง",,,,,,กล่อง,YES
AS196883,"Ethanol 95%(L PURE 95) , องค์การสุรา Liquid","Ethanol 95%(L PURE 95) , องค์การสุรา Liquid 18 L /ถัง",,,,18,L,ถัง,
AS196882,"SERODIA TP(PA) Liquid","SERODIA TP(PA) Liquid /กล่อง",,,,,,กล่อง,YES
AS196881,"DG Gel Rh Pheno 2x25 cards, 100 test/box solid 50 card","DG Gel Rh Pheno 2x25 cards, 100 test/box solid 50 card /กล่อง",,,,,,กล่อง,YES
AS196880,"ANTI-A+B Liquid","ANTI-A+B Liquid 10 ml /ขวด",,,,10,mL,ขวด,
AS196879,"ANTI-D RHOFINAL Liquid","ANTI-D RHOFINAL Liquid 10 ml /ขวด",,,,10,mL,ขวด,
AS196878,"ANTI-B Liquid","ANTI-B Liquid 10 ml /ขวด",,,,10,mL,ขวด,
AS196877,"ANTI-A Liquid","ANTI-A Liquid 10 ml /ขวด",,,,10,mL,ขวด,
AS196853,"WONDFO One Step HIV1/2 (WB/Serum/Plasma) 25 test","WONDFO One Step HIV1/2 (WB/Serum/Plasma) 25 test /กล่อง",,,,,,กล่อง,YES
AS196852,"standard Q HIV-1/2 Ab (3-Lines) 25 test","standard Q HIV-1/2 Ab (3-Lines) 25 test /กล่อง",,,,,,กล่อง,YES
AS196848,"TUNEL Assay Kit-H","TUNEL Assay Kit-H 10 ชิ้น /ชุด",,,,10,pcs,ชุด,
AS196847,"Trichrome Stain Kit (Connective Tissue Stain) 7 ขวด","Trichrome Stain Kit (Connective Tissue Stain) 125 ml 7 ขวด /ชุด",,,,125,mL,ชุด,
AS196793,"Oligosynthesis 25 nmole THS2 : 5'-ACC ATA CGG TTC ACC CAT TT-3' /Primer","Oligosynthesis 25 nmole THS2 : 5'-ACC ATA CGG TTC ACC CAT TT-3' /Primer /หลอด",,,,,,หลอด,YES
AS196792,"Oligosynthesis 25 nmole THS1 : 5'-GCT CCC TTG GAT CTG CAC CTC T-3' /Primer","Oligosynthesis 25 nmole THS1 : 5'-GCT CCC TTG GAT CTG CAC CTC T-3' /Primer /หลอด",,,,,,หลอด,YES
AS196791,"Oligosynthesis 25 nmole THAI3-F : 5'-CCC CTG ACA ATC TCA TCA TCT-3' /Primer","Oligosynthesis 25 nmole THAI3-F : 5'-CCC CTG ACA ATC TCA TCA TCT-3' /Primer /หลอด",,,,,,หลอด,YES
AS196790,"Oligosynthesis 25 nmole THAI2-R : 5'-GCA CCT CTG GGT AGG TTC TG-3' /Primer","Oligosynthesis 25 nmole THAI2-R : 5'-GCA CCT CTG GGT AGG TTC TG-3' /Primer /หลอด",,,,,,หลอด,YES
AS196789,"Oligosynthesis 25 nmole THAI1-F : 5'-CCT CCT GGG ATT ACA TCT GG-3' /Primer","Oligosynthesis 25 nmole THAI1-F : 5'-CCT CCT GGG ATT ACA TCT GG-3' /Primer /หลอด",,,,,,หลอด,YES
AS196788,"Oligosynthesis 25 nmole SGE3 : 5'-GGC TTA CTG CAG CCT TGA AC-3' /Primer","Oligosynthesis 25 nmole SGE3 : 5'-GGC TTA CTG CAG CCT TGA AC-3' /Primer /หลอด",,,,,,หลอด,YES
AS196787,"Oligosynthesis 25 nmole SGE2 : 5'-ACG CCC GTC CGA CTC AAG GA-3' /Primer","Oligosynthesis 25 nmole SGE2 : 5'-ACG CCC GTC CGA CTC AAG GA-3' /Primer /หลอด",,,,,,หลอด,YES
AS196786,"Oligosynthesis 25 nmole SGE1 : 5'-GTC GTC CCC ACT GTC GTC-3' /Primer","Oligosynthesis 25 nmole SGE1 : 5'-GTC GTC CCC ACT GTC GTC-3' /Primer /หลอด",,,,,,หลอด,YES
AS196785,"Oligosynthesis 25 nmole SEA-P3 : 5'-GCC TTG AAC TCC TGG ACT TAA-3' /Primer","Oligosynthesis 25 nmole SEA-P3 : 5'-GCC TTG AAC TCC TGG ACT TAA-3' /Primer /หลอด",,,,,,หลอด,YES
AS196784,"Oligosynthesis 25 nmole SEA-P1 : 5'-GCG ATC TGG GCT CTG TGT TCT-3' /Primer","Oligosynthesis 25 nmole SEA-P1 : 5'-GCG ATC TGG GCT CTG TGT TCT-3' /Primer /หลอด",,,,,,หลอด,YES
AS196744,"Cyclohexanone C6H10O liquid","Cyclohexanone C6H10O cas no. 108-94-1 AR liquid 2.5 L /ขวด",108-94-1,,AR,2.5,L,ขวด,
AS196780,"Amersham Protran Premium 0.45 NC 300mm. × 4 m.","Amersham Protran Premium 0.45 NC 300mm. × 4 m. 60 ชิ้น /กล่อง",,,,60,pcs,กล่อง,
AS196779,"Modified Thayer Martin medium base","Modified Thayer Martin medium base 500 กรัม /ขวด",,,,500,g,ขวด,
AS196778,"Streptococal agar base","Streptococal agar base 500 กรัม /ขวด",,,,500,g,ขวด,
AS196777,"Aeromonas selective agar","Aeromonas selective agar 500 กรัม /ขวด",,,,500,g,ขวด,
AS196776,"Cystine tryptone agar","Cystine tryptone agar 500 กรัม /ขวด",,,,500,g,ขวด,
AS196775,"Listeria Selective agar base","Listeria Selective agar base 500 กรัม /ขวด",,,,500,g,ขวด,
AS196774,"Chocolate agar base","Chocolate agar base 500 กรัม /ขวด",,,,500,g,ขวด,
AS196771,"SYBR green master mix 500 rxn","SYBR green master mix 500 rxn /ชุด",,,,,,ชุด,YES
AS196770,"cDNA synthesis kit 100 rxn","cDNA synthesis kit 100 rxn /ขวด",,,,,,ขวด,YES
AS196767,"Beta Actin Loading Control (BA3R) Mouse Monoclonal Antibody","Beta Actin Loading Control (BA3R) Mouse Monoclonal Antibody 1 มิลลิกรัม /หลอด",,,,1,mg,หลอด,
AS196766,"5X SDS Loading Buffer","5X SDS Loading Buffer 10 มิลลิลิตร /ขวด",,,,10,mL,ขวด,
AS196765,"5x HOT FIEPol Blend Master Mix Ready to Load with 12.5 mM MgCL2,250rxn","5x HOT FIEPol Blend Master Mix Ready to Load with 12.5 mM MgCL2,250rxn 1 มิลลิลิตร /ชุด",,,,1,mL,ชุด,
AS196764,"Nα-Benzoyl-L-arginine 4-nitroanilide hydrochloride","Nα-Benzoyl-L-arginine 4-nitroanilide hydrochloride 25 มิลลิลิตร /ขวด",,,,25,mL,ขวด,
AS196763,"Benzamidine hydrochloride hydrate","Benzamidine hydrochloride hydrate 25 มิลลิกรัม /ขวด",,,,25,mg,ขวด,
AS196647,"Conical Tube Bulk solid 50/pk","15 ml Conical Tube Bulk solid 50/pk /แพ็ค",,,,15,mL,แพ็ค,
AS196461,"Glucose Liquicolor . /Set (HUMAN","Glucose Liquicolor 1000 ml. /Set (HUMAN)",,,,1000,mL,,
AS196759,"แอลกอฮอล์ล้างแผล 70 % .","แอลกอฮอล์ล้างแผล 70 % 500 ml.",,,,500,mL,,
AS196758,"Triglyceride liquid 500 ตัวอย่าง","Triglyceride liquid 500 ตัวอย่าง /กล่อง",,,,,,กล่อง,YES
AS196757,"HDL-Cholesterol liquid 500 ตัวอย่าง","HDL-Cholesterol liquid 500 ตัวอย่าง /กล่อง",,,,,,กล่อง,YES
AS196756,"ชุดทดสอบความเป็นกรดของเครื่องสำอาง liquid 20 ตัวอย่าง","ชุดทดสอบความเป็นกรดของเครื่องสำอาง liquid 20 ตัวอย่าง /กล่อง",,,,,,กล่อง,YES
AS196755,"ชุดทดสอบสารไฮโดรควิโนนในเครื่องสำอางฟอกผิวขาว liquid 20 ตัวอย่าง","ชุดทดสอบสารไฮโดรควิโนนในเครื่องสำอางฟอกผิวขาว liquid 20 ตัวอย่าง /กล่อง",,,,,,กล่อง,YES
AS196754,"ชุดทดสอบสารปรอทในเครื่องสำอางฟอกผิวขาว liquid 20 ตัวอย่าง","ชุดทดสอบสารปรอทในเครื่องสำอางฟอกผิวขาว liquid 20 ตัวอย่าง /กล่อง",,,,,,กล่อง,YES
AS196753,"ชุดทดสอบกรดแร่อิสระในน้ำส้มสายชูปลอม liquid 100 ตัวอย่าง","ชุดทดสอบกรดแร่อิสระในน้ำส้มสายชูปลอม liquid 100 ตัวอย่าง /กล่อง",,,,,,กล่อง,YES
AS196752,"ชุดทดสอบฟอร์มาลีนในอาหาร liquid 20 ตัวอย่าง","ชุดทดสอบฟอร์มาลีนในอาหาร liquid 20 ตัวอย่าง /กล่อง",,,,,,กล่อง,YES
AS195509,"100 DNA ladder Molecular grade ,Liquid","100 bp DNA ladder Molecular grade ,Liquid 500 μl /หลอด",,,BP,500,,หลอด,YES
AS193733,"Potassium dichromate , /solid","Potassium dichromate [K2Cr2O7]cas no.7778-50-9 /AR, /solid, 500 g /ขวด",7778-50-9,K2Cr2O7,AR,500,g,ขวด,
AS196743,"Zinc nitrate hexahydrate Zn(NO3)2.6H2O10196-18-6 solid","Zinc nitrate hexahydrate Zn(NO3)2.6H2O10196-18-6 AR solid 500 g /ขวด",,,AR,500,g,ขวด,
AS196742,"Triethylamine (C2H5)3N121-44-8 liquid","Triethylamine (C2H5)3N121-44-8 AR liquid 2.5 L /ขวด",,,AR,2.5,L,ขวด,
AS196741,"Tri-Calcium Phosphate (Ca3(PO4)2) 7758-87-4 solid","Tri-Calcium Phosphate (Ca3(PO4)2) 7758-87-4 AR solid 500 g /ขวด",,,AR,500,g,ขวด,
AS196740,"Quinine 130-95-0 solid","Quinine 130-95-0 solid 10 g /ขวด",,,,10,g,ขวด,
AS196739,"Potassium antimonyl tartrate K2Sb2C8H4O12· 3 H2O28300-74-5 solid","Potassium antimonyl tartrate K2Sb2C8H4O12· 3 H2O28300-74-5 AR solid 500 g /ขวด",,,AR,500,g,ขวด,
AS196738,"Paraffin liquid 8012-95-1 liquid","Paraffin liquid 8012-95-1 LR liquid 500 ml /ขวด",,,LR,500,mL,ขวด,
AS196737,"Oxalic acid dihydrate HO2CCO2H · 2H2O6153-56-6 solid","Oxalic acid dihydrate HO2CCO2H · 2H2O6153-56-6 AR solid 500 g /ขวด",,,AR,500,g,ขวด,
AS196736,"Molybdenum trioxide MoO31313-27-5 solid","Molybdenum trioxide MoO31313-27-5 AR solid 500 g /ขวด",,,AR,500,g,ขวด,
AS196735,"Diethylamine C4H11N109-89-7 liquid","Diethylamine C4H11N109-89-7 liquid 1 L /ขวด",,,,1,L,ขวด,
AS196734,"Cyclohexanone C6H10O108-94-1 liquid","Cyclohexanone C6H10O108-94-1 AR liquid 1 L /ขวด",,,AR,1,L,ขวด,
AS196733,"Aluminium potassium sulfate dodecahydrate AlK(SO4)27784-24-9 solid","Aluminium potassium sulfate dodecahydrate AlK(SO4)27784-24-9 AR solid 500 g /ขวด",,,AR,500,g,ขวด,
AS196732,"2-Methoxyethanol C3H8O2109-86-4 liquid","2-Methoxyethanol C3H8O2109-86-4 liquid 2.5 L /ขวด",,,,2.5,L,ขวด,
AS196729,"Dimethicone 1Secs","Dimethicone 1Secs 1000 กรัม /แพ็ค",,,,1000,g,แพ็ค,
AS196725,"Vaseline Petroleum Jelly (White, Deodorized, Medium","Vaseline Petroleum Jelly (White, Deodorized, Medium) 1000 กรัม /แพ็ค",,,,1000,g,แพ็ค,
AS196723,"Acacia Salicylic Acid (Timed Release Water-Soluble Powder","Acacia Salicylic Acid (Timed Release Water-Soluble Powder) 100 กรัม /แพ็ค",,,,100,g,แพ็ค,
AS196720,Ethoxydiglycol,"Ethoxydiglycol 1000 กรัม /แพ็ค",,,,1000,g,แพ็ค,
AS196719,Phenoxyethanol,"Phenoxyethanol (Extra Pure) 1000 กรัม /แพ็ค",,,"EXTRA PURE",1000,g,แพ็ค,
AS196718,"Propylene Glycol","Propylene Glycol 1000 กรัม /แพ็ค",,,,1000,g,แพ็ค,
AS196715,"ยาลดกรด ชนิดผงชง","ยาลดกรด ชนิดผงชง /ซอง",,,,,,ซอง,YES
AS196714,"ยาลดกรดและเคลือบแผลในกระเพาะอาหาร ชนิดน้ำ","ยาลดกรดและเคลือบแผลในกระเพาะอาหาร ชนิดน้ำ /ขวด",,,,,,ขวด,YES
AS196712,"Fetal bovine serum cell cuture liquid","Fetal bovine serum cell cuture liquid 50 ml /ขวด",,,,50,mL,ขวด,
AS196711,"Epigallocatechin C15H14O7970-74-1 solid","Epigallocatechin C15H14O7970-74-1 HPLC solid 5 mg /ขวด",,,HPLC,5,mg,ขวด,
AS196710,"Gallocatechin C15H14O73371-27-5 solid","Gallocatechin C15H14O73371-27-5 HPLC solid 1 mg /ขวด",,,HPLC,1,mg,ขวด,
AS196709,"2,2′-Azino-bis(3-ethylbenzothiazoline-6-sulfonic acid C18H24N6O6S430931-67-0 solid","2,2′-Azino-bis(3-ethylbenzothiazoline-6-sulfonic acid C18H24N6O6S430931-67-0 HPLC solid 1 g /ขวด",,,HPLC,1,g,ขวด,
AS196031,"Standard Q COVID-19 IgM/lgG Plus","Standard Q COVID-19  IgM/lgG Plus",,,,,,,YES
AS196708,"Sucrose ≥ 99.5% solid","Sucrose ≥ 99.5% solid /ขวด",,,,,,ขวด,YES
AS196707,"น้ำยาทาเล็บ ใส solid .","น้ำยาทาเล็บ ใส solid 15 ml. /ขวด",,,,15,mL,ขวด,
AS196706,"Cuvette plastic solid","Cuvette plastic solid 3.5 ml /กล่อง",,,,3.5,mL,กล่อง,
AS196705,"Tetracycline Disc solid","Tetracycline Disc solid 10 ug /แพ็ค",,,,10,ug,แพ็ค,
AS196704,"Streptomycin (high level) Disc solid","Streptomycin (high level) Disc solid 300 ug /แพ็ค",,,,300,ug,แพ็ค,
AS196703,"Oxacillin Disc solid","Oxacillin Disc solid 1 ug /แพ็ค",,,,1,ug,แพ็ค,
AS196702,"Ketoconazole disc solid","Ketoconazole disc solid 10 ug /แพ็ค",,,,10,ug,แพ็ค,
AS196701,"Gentamicin (high level) Disc solid","Gentamicin (high level) Disc solid 120 ug /แพ็ค",,,,120,ug,แพ็ค,
AS196700,"Fluconazole Disc solid","Fluconazole Disc solid 10 ug /แพ็ค",,,,10,ug,แพ็ค,
AS196699,"Erythomycin Disc solid","Erythomycin Disc solid 15 ug /แพ็ค",,,,15,ug,แพ็ค,
AS196698,"Ertapennem Disc solid","Ertapennem Disc solid 10 ug /แพ็ค",,,,10,ug,แพ็ค,
AS196697,"Bacitracin disc solid","Bacitracin disc solid 0.04 ug /แพ็ค",,,,0.04,ug,แพ็ค,
AS196696,"Aztreonam solid","Aztreonam solid 30 ug /แพ็ค",,,,30,ug,แพ็ค,
AS196695,"Ampicillin Disc solid","Ampicillin Disc solid 2 ug /แพ็ค",,,,2,ug,แพ็ค,
AS196694,"Amoxicillin-Clavulanate Disc solid 20","Amoxicillin-Clavulanate Disc solid 20/10 ug /แพ็ค",,,,10,ug,แพ็ค,
AS196693,"Amikacin Disc solid","Amikacin Disc solid 30 ug /แพ็ค",,,,30,ug,แพ็ค,
AS196658,"PERK Monoclonal Antibody","PERK Monoclonal Antibody 100 ul /หลอด",,,,100,uL,หลอด,
AS196657,"Bax Monoclonal Antibody","Bax Monoclonal Antibody 500 ul /หลอด",,,,500,uL,หลอด,
AS196655,"p53 Polyclonal Antibody","p53 Polyclonal Antibody 100 ul /หลอด",,,,100,uL,หลอด,
AS196654,"ชาชงขิง 100% 25 ซอง","ชาชงขิง 100% 5 กรัม 25 ซอง /ถุง",,,,5,g,ถุง,
AS196648,"Conical tube Bulk solid 25/pk","50 ml Conical tube Bulk solid 25/pk /แพ็ค",,,,50,mL,แพ็ค,
AS196646,"VC1kb DNA Ladder (ready-to-use) solid .","VC1kb DNA Ladder (ready-to-use) solid 50 ug. /หลอด",,,,50,ug,หลอด,
AS196645,"Agarose . solid","Agarose 100 g. solid /ขวด",,,,100,g,ขวด,
AS196642,"purelink RNA mini kit","purelink RNA mini kit 50 ชิ้น /กล่อง",,,,50,pcs,กล่อง,
AS196641,"de Man Rogosa and Sharpe agar, MRS agar solid","de Man Rogosa and Sharpe agar, MRS agar solid 500 กรัม /ขวด",,,,500,g,ขวด,
AS196640,"เอทิลอะซิเตท (ethyl acetate) C4H8O2 liquid","เอทิลอะซิเตท (ethyl acetate)  C4H8O2 AR liquid 4 ลิตร /ขวด",,,AR,4,L,ขวด,
AS196630,"Hydrogen peroxide 6%","Hydrogen peroxide 6% 450 มิลลิกรัม /ขวด",,,,450,mg,ขวด,
AS196625,"Erythrosine 6% 1","Erythrosine 6% 7 ml 1 /ขวด",,,,7,mL,ขวด,
AS196623,"Potassium sodium tartrate Solid","Potassium sodium tartrate Solid 1 กิโลกรัม /ขวด",,,,1,kg,ขวด,
AS196511,"PLATE STERILE 64742-49-0 ของเหลว","PLATE STERILE 64742-49-0 AR ของเหลว /ขวด",,,AR,,,ขวด,YES
AS196510,"เฮกเซน (Hexanes) ขนาด 2.5L","เฮกเซน (Hexanes) ขนาด 2.5L 2.5 L /ขวด",,,,2.5,L,ขวด,
AS196508,"RIPA buffer liquid 1 ขวด","RIPA buffer liquid 100 มิลลิลิตร 1 ขวด /ขวด",,,,100,mL,ขวด,
AS196507,"ชุดทดสอบความสะอาดของภาชนะสัมผัสอาหารและมือ liquid 50 ตัวอย่าง 1 กล่อง","ชุดทดสอบความสะอาดของภาชนะสัมผัสอาหารและมือ liquid 50 ตัวอย่าง 1 กล่อง /กล่อง",,,,,,กล่อง,YES
AS196041,"น้ำผึ้งชนิดหลอด Liquid","น้ำผึ้งชนิดหลอด Liquid 115 กรัม /หลอด",,,,115,g,หลอด,
AS196505,"น้ำผึ้งชนิดหลอด Liquid","น้ำผึ้งชนิดหลอด Liquid 15 กรัม /หลอด",,,,15,g,หลอด,
AS196503,"monopropylene glycol Cosmetic grade Liquid","monopropylene glycol Cosmetic grade Liquid 5 kg /PC",,,,5,kg,PC,
AS196502,"Sandalwood (Santalum album - Indonesia) 100% Pure Essential Oil Liquid /Pcs.","Sandalwood (Santalum album - Indonesia) 100% Pure Essential Oil Liquid 20 ml /Pcs.",,,,20,mL,,
AS196501,"LAKE Brillient Blue com solid","LAKE Brillient Blue com solid 500 g /ขวด",,,,500,g,ขวด,
AS196500,"LAKE Tartrazine com solid","LAKE Tartrazine com solid 500 g /ขวด",,,,500,g,ขวด,
AS196499,"Lake Ponceau4R com solid","Lake Ponceau4R com solid 500 g /ขวด",,,,500,g,ขวด,
AS196498,"Pectin solid","Pectin AR solid 500 g /ขวด",,,AR,500,g,ขวด,
AS196497,"Oricinol monohydrate solid","Oricinol monohydrate AR solid 25 g /ขวด",,,AR,25,g,ขวด,
AS196496,"Bismuth (III) subnitrate solid","Bismuth (III) subnitrate AR solid 500 g /ขวด",,,AR,500,g,ขวด,
AS196495,"Lemon oil Cosmetic grade Liquid","Lemon oil Cosmetic grade Liquid 250 g /ขวด",,,,250,g,ขวด,
AS196494,"น้ำมันหอมระเหยส้ม Cosmetic grade Liquid","น้ำมันหอมระเหยส้ม Cosmetic grade Liquid 250 g /ขวด",,,,250,g,ขวด,
AS196478,"Embedding Cassette with lid ขนาด 28×40×6 มิลลิเมต solid 1 กล่อง","Embedding Cassette with lid ขนาด 28×40×6 มิลลิเมต solid 2000 ชิ้น 1 กล่อง /กล่อง",,,,2000,pcs,กล่อง,
AS196477,"Mega cassette solid 1 กล่อง","Mega cassette solid 750 ชิ้น 1 กล่อง /กล่อง",,,,750,pcs,กล่อง,
AS196476,"Stainless mold ขนาด 30x24x9 มิลลิเมตร solid 1 แพ็ค","Stainless mold ขนาด 30x24x9 มิลลิเมตร solid 10 ชิ้น 1 แพ็ค /แพ็ค",,,,10,pcs,แพ็ค,
AS196475,"Stainless mold ขนาด 24x24x9 มิลลิเมตร solid 1 แพ็ค","Stainless mold ขนาด 24x24x9 มิลลิเมตร solid 10 ชิ้น 1 แพ็ค /แพ็ค",,,,10,pcs,แพ็ค,
AS196474,"ถังดับเพลิง ชนิดสารเหลวระเหย ขนาด 2 ปอนด์ (Class A B C และ K) , ตัวถังสีเขียว liquid 2 ปอนด์ 1 ถัง","ถังดับเพลิง ชนิดสารเหลวระเหย ขนาด 2 ปอนด์ (Class A B C และ K) , ตัวถังสีเขียว liquid 2 ปอนด์ 1 ถัง /ถัง",,,,,,ถัง,YES
AS196473,"ถังดับเพลิง ชนิดสารเหลวระเหย ขนาด 2 ปอนด์ (Class A B C) , ตัวถังสีเขียว liquid 2 ปอนด์ 1 ถัง","ถังดับเพลิง ชนิดสารเหลวระเหย ขนาด 2 ปอนด์ (Class A B C) , ตัวถังสีเขียว liquid 2 ปอนด์ 1 ถัง /ถัง",,,,,,ถัง,YES
AS196472,"ลวดจุดระเบิด solid 1 แพ็ค","ลวดจุดระเบิด solid 5 ชิ้น 1 แพ็ค /แพ็ค",,,,5,pcs,แพ็ค,
AS196471,"Bradford Protien Assay Kit liquid 1000 ตัวอย่าง 1 หลอด","Bradford Protien Assay Kit liquid 1000 ตัวอย่าง 1 หลอด /หลอด",,,,,,หลอด,YES
AS196470,"TBT RTA Transfer Kit liquid 40 blots 1 ขวด","TBT RTA Transfer Kit liquid 40 blots 1 ขวด /ขวด",,,,,,ขวด,YES
AS196468,"Iron (II) chloride tetrahydrate FeCl2 · 4H2O13478-10-9. analytical standard powder 1 ขวด","Iron (II) chloride tetrahydrate FeCl2 · 4H2O13478-10-9. analytical standard powder 5 g 1 ขวด /ขวด",,,,5,g,ขวด,
AS196467,"ชุดทดสอบปริมาณกรดน้ำส้มในน้ำส้มสายชู liquid 100 ตัวอย่าง 1 กล่อง","ชุดทดสอบปริมาณกรดน้ำส้มในน้ำส้มสายชู liquid 100 ตัวอย่าง 1 กล่อง /กล่อง",,,,,,กล่อง,YES
AS196466,"ชุดทดสอบหาปริมาณเส้นใยอาหาร liquid 200 ตัวอย่าง 1 กล่อง","ชุดทดสอบหาปริมาณเส้นใยอาหาร liquid 200 ตัวอย่าง 1 กล่อง /กล่อง",,,,,,กล่อง,YES
AS196464,"Syringe พลาสติกไม่ติดเข็ม solid . 1 กล่อง 100","Syringe พลาสติกไม่ติดเข็ม solid 5 ml. 1 กล่อง 100 /อัน",,,,5,mL,อัน,
AS196463,"Syringe พลาสติกไม่ติดเข็ม solid . 1 กล่อง 100","Syringe พลาสติกไม่ติดเข็ม solid 3 ml. 1 กล่อง 100 /อัน",,,,3,mL,อัน,
AS196462,"Slide Super Frost (Spreoder) solid 1 กล่อง 50","Slide Super Frost (Spreoder) solid 1 กล่อง 50 /ชิ้น",,,,,,ชิ้น,YES
AS196460,"Sodium oxalate","Sodium oxalate AR 500 g /ขวด",,,AR,500,g,ขวด,
AS196458,"Potassium cyanide","Potassium cyanide 250 g /ขวด",,,,250,g,ขวด,
AS196457,"Magnesium chloride 6H2O","Magnesium chloride 6H2O AR 500 g /ขวด",,,AR,500,g,ขวด,
AS196455,"Sodium sulfite anhydrous 98%, Kemaus","Sodium sulfite anhydrous 98%, Kemaus 1 kg /ขวด",,,,1,kg,ขวด,
AS196454,"Sodium Lauryl Sulfate (SLS) 95 %, Kemaus","Sodium Lauryl Sulfate (SLS) 95 %, Kemaus 500 g /ขวด",,,,500,g,ขวด,
AS196453,"Silicone Oil fluid,350 CS (DOWCORNIG), Kemaus Dimethicone","Silicone Oil fluid,350 CS (DOWCORNIG), Kemaus Dimethicone 500 ml /ขวด",,,,500,mL,ขวด,
AS196452,"Quinidine 85%,TCI","Quinidine 85%,TCI 5 g /ขวด",,,,5,g,ขวด,
AS196451,"MAGNESIUM CARBONATE (LIGHT),LOBA","MAGNESIUM CARBONATE (LIGHT) EXTRA PURE,LOBA 500 g /ขวด",,,"EXTRA PURE",500,g,ขวด,
AS196450,"Lecithin soya 30%, HI-Media","Lecithin soya 30%, HI-Media 100 g /ขวด",,,,100,g,ขวด,
AS196449,"HYDROGEN PERXOIDE 35%,Chem Supply LAB","HYDROGEN PERXOIDE 35%,Chem Supply LAB 2.5 L /ขวด",,,,2.5,L,ขวด,
AS196448,"Hydrogen peroxide 30%,Chem Supply H2O2","Hydrogen peroxide 30%,Chem Supply H2O2 AR 2.5 L /ขวด",,,AR,2.5,L,ขวด,
AS196447,"Ethylene Glycol LAB 99.5%,Kemaus LAB","Ethylene Glycol LAB 99.5%,Kemaus LAB 2.5 L /ขวด",,,,2.5,L,ขวด,
AS196446,"Ethanolamine, Kemaus","Ethanolamine, Kemaus AR 2.5 L /ขวด",,,AR,2.5,L,ขวด,
AS196445,"Ammonia Solution 28%, (GLASS), QREC","Ammonia Solution 28%, (GLASS), QREC AR 2.5 L /ขวด",,,AR,2.5,L,ขวด,
AS196444,"Aluminium sulfate Al2(SO4)3),Kemaus","Aluminium sulfate Al2(SO4)3),Kemaus AR 500 g /ขวด",,,AR,500,g,ขวด,
AS196443,"Acetonitrile() ,Lab-scan CH3CN AR","Acetonitrile(AR) ,Lab-scan CH3CN AR 2.5 L /ขวด",,,AR,2.5,L,ขวด,
AS196442,"Linalyl acetate grade","Linalyl acetate LR grade 1 kg /Bot",,,LR,1,kg,Bot,
AS196441,"Geraniol grade","Geraniol AR grade 100 g /Bot",,,AR,100,g,Bot,
AS196440,"Ethanol 99% grade","Ethanol 99% AR grade 2.5 L /Bot",,,AR,2.5,L,Bot,
AS196439,"Ylang 3rd (Cananga odorata genuina - Madagascar) 100% Pure Essential Oil liquid","Ylang 3rd (Cananga odorata genuina - Madagascar) 100% Pure Essential Oil liquid 50 ml /Bot",,,,50,mL,Bot,
AS196438,"Terpinyl actate Synthetic liquid","Terpinyl actate Synthetic liquid 50 ml /Bot",,,,50,mL,Bot,
AS196437,"Rose oxide Synthetic liquid","Rose oxide Synthetic liquid 50 ml /Bot",,,,50,mL,Bot,
AS196436,"Polysantol (Sandalwood) Synthetic liquid","Polysantol (Sandalwood) Synthetic liquid 50 ml /Bot",,,,50,mL,Bot,
AS196435,"Phenethyl alcohol Synthetic liquid","Phenethyl alcohol Synthetic liquid 50 ml /Bot",,,,50,mL,Bot,
AS196434,"Phenethyl acetate Synthetic liquid","Phenethyl acetate Synthetic liquid 50 ml /Bot",,,,50,mL,Bot,
AS196433,"Methyl salicylate Synthetic liquid","Methyl salicylate Synthetic liquid 50 ml /Bot",,,,50,mL,Bot,
AS196432,"Methyl Jasmonate Synthetic liquid","Methyl Jasmonate Synthetic liquid 50 ml /Bot",,,,50,mL,Bot,
AS196431,"Methyldihydrojasmonate Synthetic liquid","Methyldihydrojasmonate Synthetic liquid 50 ml /Bot",,,,50,mL,Bot,
AS196430,"Menthone Synthetic liquid","Menthone Synthetic liquid 50 ml /Bot",,,,50,mL,Bot,
AS196429,"Linalyl acetate Synthetic liquid","Linalyl acetate Synthetic liquid 50 ml /Bot",,,,50,mL,Bot,
AS196428,"Linalool Synthetic Synthetic liquid","Linalool Synthetic Synthetic liquid 50 ml /Bot",,,,50,mL,Bot,
AS196427,"Lilial (Lily/Jasmine/Muguet) Synthetic liquid","Lilial (Lily/Jasmine/Muguet) Synthetic liquid 50 ml /Bot",,,,50,mL,Bot,
AS196426,"Isoeugenol Synthetic liquid","Isoeugenol Synthetic liquid 50 ml /Bot",,,,50,mL,Bot,
AS196425,"Iso E super (Cedarwood) Synthetic liquid","Iso E super (Cedarwood) Synthetic liquid 50 ml /Bot",,,,50,mL,Bot,
AS196424,"Indolene (Jasmine) Synthetic liquid","Indolene (Jasmine) Synthetic liquid 50 ml /Bot",,,,50,mL,Bot,
AS196423,"Hydroxycitronellal (Jasmine/Muguet/Lily) Synthetic liquid","Hydroxycitronellal (Jasmine/Muguet/Lily) Synthetic liquid 50 ml /Bot",,,,50,mL,Bot,
AS196422,"Geraniol Synthetic liquid","Geraniol Synthetic liquid 50 ml /Bot",,,,50,mL,Bot,
AS196421,"Gamma undecalactone Synthetic liquid","Gamma undecalactone Synthetic liquid 50 ml /Bot",,,,50,mL,Bot,
AS196420,"Farnesol Synthetic liquid","Farnesol Synthetic liquid 50 ml /Bot",,,,50,mL,Bot,
AS196419,"Eugenol Synthetic liquid","Eugenol Synthetic liquid 50 ml /Bot",,,,50,mL,Bot,
AS196418,"Ethyl vanillin (Vanilla) Synthetic liquid","Ethyl vanillin (Vanilla) Synthetic liquid 50 ml /Bot",,,,50,mL,Bot,
AS196417,"D-limiene Synthetic liquid","D-limiene Synthetic liquid 50 ml /Bot",,,,50,mL,Bot,
AS196416,"Decanal Synthetic liquid","Decanal Synthetic liquid 50 ml /Bot",,,,50,mL,Bot,
AS196415,"Citronellol Synthetic liquid","Citronellol Synthetic liquid 50 ml /Bot",,,,50,mL,Bot,
AS196414,"Citra Synthetic liquid","Citra Synthetic liquid 50 ml /Bot",,,,50,mL,Bot,
AS196413,"Cis-3-hexenol Synthetic liquid","Cis-3-hexenol Synthetic liquid 50 ml /Bot",,,,50,mL,Bot,
AS196412,"Cinnamyl alcoho Synthetic liquid","Cinnamyl alcoho Synthetic liquid 50 ml /Bot",,,,50,mL,Bot,
AS196411,"Beta-damascone Synthetic liquid","Beta-damascone Synthetic liquid 50 ml /Bot",,,,50,mL,Bot,
AS196407,"Tea Tree (Melaleuca alternifolia - Australia) 100% Pure Essential Oil liquid","Tea Tree (Melaleuca alternifolia - Australia) 100% Pure Essential Oil liquid 50 ml /Bot",,,,50,mL,Bot,
AS196406,"Sumatra Benzoin Resinoid 100% Pure Essential Oil liquid","Sumatra Benzoin Resinoid 100% Pure Essential Oil liquid 50 ml /Bot",,,,50,mL,Bot,
AS196405,"Rosemary (Rosmarinus officinalis ct. cineole - Morocco) 100% Pure Essential Oil liquid","Rosemary (Rosmarinus officinalis ct. cineole - Morocco) 100% Pure Essential Oil liquid 50 ml /Bot",,,,50,mL,Bot,
AS196404,"Plai (Zingiber cassumunar roxb - Thailand) 100% Pure Essential Oil liquid","Plai (Zingiber cassumunar roxb - Thailand) 100% Pure Essential Oil liquid 50 ml /Bot",,,,50,mL,Bot,
AS196403,"Pine Scotch (Pinus sylvestris - France) 100% Pure Essential Oil liquid","Pine Scotch (Pinus sylvestris - France) 100% Pure Essential Oil liquid 50 ml /Bot",,,,50,mL,Bot,
AS196402,"Peppermint (Mentha piperita - England) 100% Pure Essential Oil liquid","Peppermint (Mentha piperita - England) 100% Pure Essential Oil liquid 50 ml /Bot",,,,50,mL,Bot,
AS196401,"Patchouli (Pogostemon cablin - Indonesia) 100% Pure Essential Oil liquid","Patchouli (Pogostemon cablin - Indonesia) 100% Pure Essential Oil liquid 50 ml /Bot",,,,50,mL,Bot,
AS196400,"Palmarosa (Cymbopogon martini - Nepal) 100% Pure Essential Oil liquid","Palmarosa (Cymbopogon martini - Nepal) 100% Pure Essential Oil liquid 50 ml /Bot",,,,50,mL,Bot,
AS196399,"Orange sweet (Citrus sinensis-South Africa) 100% Pure Essential Oil liquid","Orange sweet (Citrus sinensis-South Africa) 100% Pure Essential Oil liquid 50 ml /Bot",,,,50,mL,Bot,
AS196398,"Neroli (Citrus aurantium var. amara - Morocco) 100% Pure Essential Oil liquid","Neroli (Citrus aurantium var. amara - Morocco) 100% Pure Essential Oil liquid 50 ml /Bot",,,,50,mL,Bot,
AS196397,"Myrrh 10% (Commiphora myrrha - Kenya) 100% Pure Essential Oil liquid","Myrrh 10% (Commiphora myrrha - Kenya) 100% Pure Essential Oil liquid 50 ml /Bot",,,,50,mL,Bot,
AS196396,"Marjoram Sweet (Origanum majorana - France) 100% Pure Essential Oil liquid","Marjoram Sweet (Origanum majorana - France) 100% Pure Essential Oil liquid 50 ml /Bot",,,,50,mL,Bot,
AS196395,"Mandarin Red (Citrus reticulata var. mandarin - South Africa) 100% Pure Essential Oil liquid","Mandarin Red (Citrus reticulata var. mandarin - South Africa) 100% Pure Essential Oil liquid 50 ml /Bot",,,,50,mL,Bot,
AS196394,"Lemongrass (Cymbopogon Flexuosus) Oil 100% Pure Essential Oil liquid","Lemongrass (Cymbopogon Flexuosus) Oil 100% Pure Essential Oil liquid 50 ml /Bot",,,,50,mL,Bot,
AS196393,"Lemon (Citrus limon - Spain) 100% Pure Essential Oil liquid","Lemon (Citrus limon - Spain) 100% Pure Essential Oil liquid 50 ml /Bot",,,,50,mL,Bot,
AS196392,"Kaffir Lime Peel (Citrus hystrix DC. - Thailand) 100% Pure Essential Oil liquid","Kaffir Lime Peel (Citrus hystrix DC. - Thailand) 100% Pure Essential Oil liquid 50 ml /Bot",,,,50,mL,Bot,
AS196391,"Jasmine Abs. 10% (Jasminum grandiflorum - France) 100% Pure Essential Oil liquid","Jasmine Abs. 10% (Jasminum grandiflorum - France) 100% Pure Essential Oil liquid 50 ml /Bot",,,,50,mL,Bot,
AS196390,"Grapefruit (Citrus paradisi - Italy) 100% Pure Essential Oil liquid","Grapefruit (Citrus paradisi - Italy) 100% Pure Essential Oil liquid 50 ml /Bot",,,,50,mL,Bot,
AS196389,"Ginger (Zingiber officinale - Vietnam) 100% Pure Essential Oil liquid","Ginger (Zingiber officinale - Vietnam) 100% Pure Essential Oil liquid 50 ml /Bot",,,,50,mL,Bot,
AS196388,"Geranium Rose (Pelargonium roseum - France) 100% Pure Essential Oil liquid","Geranium Rose (Pelargonium roseum - France) 100% Pure Essential Oil liquid 50 ml /Bot",,,,50,mL,Bot,
AS196387,"Frankincense Serrata (Boswellia serrata - India) 100% Pure Essential Oil liquid","Frankincense Serrata (Boswellia serrata - India) 100% Pure Essential Oil liquid 50 ml /Bot",,,,50,mL,Bot,
AS196386,"Fingerroot (Boesenbergia pandurata - Thailand) 100% Pure Essential Oil liquid","Fingerroot (Boesenbergia pandurata - Thailand) 100% Pure Essential Oil liquid 50 ml /Bot",,,,50,mL,Bot,
AS196385,"Fennel Sweet (Foeniculum vulgare - Spain) 100% Pure Essential Oil liquid","Fennel Sweet (Foeniculum vulgare - Spain) 100% Pure Essential Oil liquid 50 ml /Bot",,,,50,mL,Bot,
AS196384,"Eucalyptus (Eucalyptus globulus - China) 100% Pure Essential Oil liquid","Eucalyptus (Eucalyptus globulus - China) 100% Pure Essential Oil liquid 50 ml /Bot",,,,50,mL,Bot,
AS196383,"Coriander (Coriandrum sativum - India) 100% Pure Essential Oil liquid","Coriander (Coriandrum sativum - India) 100% Pure Essential Oil liquid 50 ml /Bot",,,,50,mL,Bot,
AS196382,"Clove Bud (Eugenia caryophyllus - Indonesia) 100% Pure Essential Oil liquid","Clove Bud (Eugenia caryophyllus - Indonesia) 100% Pure Essential Oil liquid 50 ml /Bot",,,,50,mL,Bot,
AS196381,"Clary Sage (Salvia sclarea - France) 100% Pure Essential Oil liquid","Clary Sage (Salvia sclarea - France) 100% Pure Essential Oil liquid 50 ml /Bot",,,,50,mL,Bot,
AS196380,"Citronella (Cymbopogon winterianus - Thailand) 100% Pure Essential Oil liquid","Citronella (Cymbopogon winterianus - Thailand) 100% Pure Essential Oil liquid 50 ml /Bot",,,,50,mL,Bot,
AS196379,"Cinnamon Bark (Cinnamomum zeylanicum - Madagascar) 100% Pure Essential Oil liquid","Cinnamon Bark (Cinnamomum zeylanicum - Madagascar) 100% Pure Essential Oil liquid 50 ml /Bot",,,,50,mL,Bot,
AS196378,"Chamomile Roman (Chamaemelum nobile - England) 100% Pure Essential Oil liquid","Chamomile Roman (Chamaemelum nobile - England) 100% Pure Essential Oil liquid 50 ml /Bot",,,,50,mL,Bot,
AS196377,"Blackpepper (Piper nigrum-Indonesia) 100% Pure Essential Oil liquid","Blackpepper (Piper nigrum-Indonesia) 100% Pure Essential Oil liquid 50 ml /Bot",,,,50,mL,Bot,
AS196376,"Bergamot Essential Oil (italy, Fruit) > Bergamot (Citrus bergamia - Italy) 100% Pure Essential Oil liquid","Bergamot Essential Oil (italy, Fruit) > Bergamot (Citrus bergamia - Italy) 100% Pure Essential Oil liquid 50 ml /Bot",,,,50,mL,Bot,
AS196375,"Basil Sweet (Ocimum basilicum ct. methyl chavicol - Thailand) 100% Pure Essential Oil liquid","Basil Sweet (Ocimum basilicum ct. methyl chavicol - Thailand) 100% Pure Essential Oil liquid 50 ml /Bot",,,,50,mL,Bot,
AS196374,"Basil Holy (Ocimum sanctum - India) 100% Pure Essential Oil liquid","Basil Holy (Ocimum sanctum - India) 100% Pure Essential Oil liquid 50 ml /Bot",,,,50,mL,Bot,
AS196373,"Zinc pyrithione 50% (Dandruff, Sebderm) Liquid","Zinc pyrithione 50% (Dandruff, Sebderm) Liquid 1 kg /Pcs",,,,1,kg,Pcs,
AS196371,"Yellow Iron Oxides EasyMix (CI 77492","Yellow Iron Oxides EasyMix (CI 77492) 1 kg /Pcs",,,,1,kg,Pcs,
AS196369,"Vinyl dimethicone/methicone silsesquioxane crosspolymer","Vinyl dimethicone/methicone silsesquioxane crosspolymer 500 g /Pcs",,,,500,g,Pcs,
AS196368,"Tranexamic acid","Tranexamic acid 100 g /Pcs",,,,100,g,Pcs,
AS196364,"STRAWBERRY RED R2002 (สีแดงอมชมพู ละลายน้า","STRAWBERRY RED R2002 (สีแดงอมชมพู ละลายน้า) 100 g /Pcs",,,,100,g,Pcs,
AS196361,"Soy Extract (Genistein 98%","Soy Extract (Genistein 98%) 100 g /Pcs",,,,100,g,Pcs,
AS196360,"Sodium Thioglycolate > 93.0% (T","Sodium Thioglycolate > 93.0% (T) 500 g /Pcs",,,,500,g,Pcs,
AS196359,"Sodium PCA 50% (Aqueous solution","Sodium PCA 50% (Aqueous solution) 100 g /Pcs",,,,100,g,Pcs,
AS196358,"sodium carbonate >99.0%(T","sodium carbonate >99.0%(T) 300 g /Pcs",,,,300,g,Pcs,
AS196357,"SiliSolve™ (PEG-10 Dimethicone, Odorless","SiliSolve™ (PEG-10 Dimethicone, Odorless) 1 kg /Pcs",,,,1,kg,Pcs,
AS196356,"Silicone Shine (Phenyl trimethicone","Silicone Shine (Phenyl trimethicone) 100 g /Pcs",,,,100,g,Pcs,
AS196355,"Silicone Gel (Dimethicone/Vinyl Dimethicone Crosspolymer","Silicone Gel (Dimethicone/Vinyl Dimethicone Crosspolymer) 1 kg /Pcs",,,,1,kg,Pcs,
AS196354,"Silicone Film (Powder, Soft Film) (Polymethylsilsesquioxane","Silicone Film (Powder, Soft Film) (Polymethylsilsesquioxane) 100 g /Pcs",,,,100,g,Pcs,
AS196351,"Salicylic acid","Salicylic acid 1 kg /Pcs",,,,1,kg,Pcs,
AS196349,"Red Iron Oxides EasyMix (CI 77491","Red Iron Oxides EasyMix (CI 77491) 100 g /Pcs",,,,100,g,Pcs,
AS196348,"Propylene carbonate>98.0% (GC","Propylene carbonate>98.0% (GC) 500 g /Pcs",,,,500,g,Pcs,
AS196346,"Propanoic acid FEMA 2924","Propanoic acid FEMA 2924 500 g /Pcs",,,,500,g,Pcs,
AS196345,"Propanediol (1,3 Propanediol) (Natural","Propanediol (1,3 Propanediol) (Natural) 1 kg /Pcs",,,,1,kg,Pcs,
AS196342,"Potassium cetyl phosphate","Potassium cetyl phosphate 1 kg /Pcs",,,,1,kg,Pcs,
AS196341,"Polyvinyl alcohol (PVA 217","Polyvinyl alcohol (PVA 217) 100 g /Pcs",,,,100,g,Pcs,
AS196338,"Phenylethyl Resorcinol","Phenylethyl Resorcinol 1 kg /Pcs",,,,1,kg,Pcs,
AS196337,"Phenoxyethanol (and) Ethylhexylglycerin (Phenoxyethanol EHG","Phenoxyethanol (and) Ethylhexylglycerin (Phenoxyethanol EHG) 1 kg /Pcs",,,,1,kg,Pcs,
AS196333,"Olive Oil Water(Olive oil PEG-7 esters","Olive Oil Water(Olive oil PEG-7 esters ) 1 kg /Pcs",,,,1,kg,Pcs,
AS196322,"Lithium Magnesium Sodium Silicate (Clear","Lithium Magnesium Sodium Silicate (Clear) 1 kg /Pcs",,,,1,kg,Pcs,
AS196318,"Lauryl PEG-9 polydimethylsiloxyethyl dimethicone","Lauryl PEG-9 polydimethylsiloxyethyl dimethicone 1 kg /Pcs",,,,1,kg,Pcs,
AS196311,"HYDRO-UREA® Powder","HYDRO-UREA® Powder 1 kg /Pcs",,,,1,kg,Pcs,
AS196310,"Himalayan Pink Salt","Himalayan Pink Salt 1 kg /Pcs",,,,1,kg,Pcs,
AS196309,"Hexanoic acid FEMA2559","Hexanoic acid FEMA2559 500 g /Pcs",,,,500,g,Pcs,
AS196308,"Guar Hydroxypropyltrimonium Chloride (Syner guar SN-1330","Guar Hydroxypropyltrimonium Chloride (Syner guar SN-1330) 1 kg /Pcs",,,,1,kg,Pcs,
AS196307,"Green Clay (Powder","Green Clay (Powder) 1 kg /Pcs",,,,1,kg,Pcs,
AS196306,"Ginger Extract (Gingerols 10%","Ginger Extract (Gingerols 10%) 100 g /Pcs",,,,100,g,Pcs,
AS196301,"Dipropylene glycol","Dipropylene glycol 1 kg /Pcs",,,,1,kg,Pcs,
AS196300,"Dimethicone (Very Light/5, Low-Odor","Dimethicone (Very Light/5, Low-Odor) 1 kg /Pcs",,,,1,kg,Pcs,
AS196298,"Dimethicone (Light/100, Low-Odor","Dimethicone (Light/100, Low-Odor) 1 kg /Pcs",,,,1,kg,Pcs,
AS196297,"Dimethicone 50 cst","Dimethicone 50 cst 500 g /Pcs",,,,500,g,Pcs,
AS196296,"Dimethicone 1 cst","Dimethicone 1 cst 500 g /Pcs",,,,500,g,Pcs,
AS196295,"Diammonium Dithiodiglycolate (45%, Liquid","Diammonium Dithiodiglycolate (45%, Liquid) 1 kg /Pcs",,,,1,kg,Pcs,
AS196290,"Chilli pepper extract","Chilli pepper extract 100 g /Pcs",,,,100,g,Pcs,
AS196289,"Cetyl PEG/PPG-10/1 Dimethicone (SM 3330P / Serasol SC 83-A","Cetyl PEG/PPG-10/1 Dimethicone (SM 3330P / Serasol SC 83-A) 100 g /Pcs",,,,100,g,Pcs,
AS196288,"Cetyl alcohol","Cetyl alcohol 1 kg /Pcs",,,,1,kg,Pcs,
AS196287,"Cetrimonium chloride (Dehyquart A-CA","Cetrimonium chloride (Dehyquart A-CA) 1 kg /Pcs",,,,1,kg,Pcs,
AS196286,"Cetrimonium chloride","Cetrimonium chloride 1 kg /Pcs",,,,1,kg,Pcs,
AS196285,"Cetearyl alcohol and Ceteareth 20 (Emulgade100N","Cetearyl alcohol and Ceteareth 20 (Emulgade100N) 1 kg /Pcs",,,,1,kg,Pcs,
AS196284,"Caprylyl glycol (Lexgard O","Caprylyl glycol (Lexgard O) 1 kg /Pcs",,,,1,kg,Pcs,
AS196282,"Calcium Thioglycolate","Calcium Thioglycolate 100 g /Pcs",,,,100,g,Pcs,
AS196281,"Butyric Acid, FEMA 2221","Butyric Acid, FEMA 2221 500 g /Pcs",,,,500,g,Pcs,
AS196279,"Blue Solar (สีน้าเงินละลายน้า","Blue Solar (สีน้าเงินละลายน้า) 100 g /Pcs",,,,100,g,Pcs,
AS196278,"Black iron oxide (CI 77499","Black iron oxide (CI 77499) 100 g /Pcs",,,,100,g,Pcs,
AS196277,"Bis-PEG-18 Methyl Ether Dimethyl silane","Bis-PEG-18 Methyl Ether Dimethyl silane 100 g /Pcs",,,,100,g,Pcs,
AS196276,"Bismuth oxychloride","Bismuth oxychloride 100 g /Pcs",,,,100,g,Pcs,
AS196272,"Benzyl Alcohol, FEMA 2137","Benzyl Alcohol, FEMA 2137 500 g /Pcs",,,,500,g,Pcs,
AS196270,"Basic Blue 99 (Basic Dyes","Basic Blue 99 (Basic Dyes) 100 g /Pcs",,,,100,g,Pcs,
AS196268,"Ascorbyl Glucoside (AA-2G Stabilized Vitamin C","Ascorbyl Glucoside (AA-2G Stabilized Vitamin C) 100 g /Pcs",,,,100,g,Pcs,
AS196265,"Aminopropyl dimethicone Silicone Hi-Cond (Japan","Aminopropyl dimethicone Silicone Hi-Cond (Japan) 1 kg /Pcs",,,,1,kg,Pcs,
AS196264,"Aluminium Chlorohydrate (Powder","Aluminium Chlorohydrate (Powder) 500 g /Pcs",,,,500,g,Pcs,
AS196260,"95% Ethanol","95% Ethanol 1 L /Pcs",,,,1,L,Pcs,
AS196259,"90% Behentrimonium methosulfate","90% Behentrimonium methosulfate 1 kg /Pcs",,,,1,kg,Pcs,
AS196258,"80% Behentrimonium Chloride","80% Behentrimonium Chloride 1 kg /Pcs",,,,1,kg,Pcs,
AS196257,"Zingiber cassumunar (ไพล) Essential Oil liquid","Zingiber cassumunar (ไพล) Essential Oil liquid 30 ml /ขวด",,,,30,mL,ขวด,
AS196256,"Zanthoxylum limonella (มะแขว่น) Essential Oil liquid","Zanthoxylum limonella (มะแขว่น) Essential Oil liquid 30 ml /ขวด",,,,30,mL,ขวด,
AS196255,"Hyptis suaveolens (กะเพราป่า) Essential Oil liquid","Hyptis suaveolens (กะเพราป่า) Essential Oil liquid 30 ml /ขวด",,,,30,mL,ขวด,
AS196254,"Alpinia malaccensis (ข่าป่า) Essential Oil liquid","Alpinia malaccensis (ข่าป่า) Essential Oil liquid 50 ml /ขวด",,,,50,mL,ขวด,
AS196253,"Ocimum tenuiflorum (กะเพราแดง) Essential Oil liquid","Ocimum tenuiflorum (กะเพราแดง) Essential Oil liquid 50 ml /ขวด",,,,50,mL,ขวด,
AS196252,"Curcuma longa (ขมิ้นชัน) Essential Oil liquid","Curcuma longa (ขมิ้นชัน) Essential Oil liquid 50 ml /ขวด",,,,50,mL,ขวด,
AS196251,"Perilla frutescens (งาม้อน) Essential Oil liquid","Perilla frutescens (งาม้อน) Essential Oil liquid 50 ml /ขวด",,,,50,mL,ขวด,
AS196250,"Citrus maxima (ผิวส้มโอ) Essential Oil liquid","Citrus maxima (ผิวส้มโอ) Essential Oil liquid 50 ml /ขวด",,,,50,mL,ขวด,
AS196249,"Cymbopogon citratus (ตะไคร้บ้าน) Essential Oil liquid","Cymbopogon citratus (ตะไคร้บ้าน) Essential Oil liquid 50 ml /ขวด",,,,50,mL,ขวด,
AS196248,"Citrus hystrix (ผิวมะกรูด) Essential Oil liquid","Citrus hystrix (ผิวมะกรูด) Essential Oil liquid 50 ml /ขวด",,,,50,mL,ขวด,
AS196247,"Citrus hystrix (ใบมะกรูด) Essential Oil liquid","Citrus hystrix (ใบมะกรูด) Essential Oil liquid 50 ml /ขวด",,,,50,mL,ขวด,
AS196246,"Melaleuca linariifolia (สนหอม) Essential Oil liquid","Melaleuca linariifolia (สนหอม) Essential Oil liquid 50 ml /ขวด",,,,50,mL,ขวด,
AS196245,"Psidium guajava (ใบฝรั่ง) Essential Oil liquid","Psidium guajava (ใบฝรั่ง) Essential Oil liquid 50 ml /ขวด",,,,50,mL,ขวด,
AS196244,"Eucalyptus globulus (ยูคาลิปตัส) Essential Oil liquid","Eucalyptus globulus (ยูคาลิปตัส) Essential Oil liquid 50 ml /ขวด",,,,50,mL,ขวด,
AS196243,"Cymbopogon nardus (ตะไคร้หอม) Essential Oil liquid","Cymbopogon nardus (ตะไคร้หอม) Essential Oil liquid 50 ml /ขวด",,,,50,mL,ขวด,
AS196242,"Sesamum indicum (งาดำ) Essential Oil liquid","Sesamum indicum (งาดำ) Essential Oil liquid 50 ml /ขวด",,,,50,mL,ขวด,
AS196240,"Sodium sulfite anhydrous 98%","Sodium sulfite anhydrous 98% 1 kg /ขวด",,,,1,kg,ขวด,
AS196239,"Silicone Oil fluid,350 CS (DOWCORNIG","Silicone Oil fluid,350 CS (DOWCORNIG) 500 ml /ขวด",,,,500,mL,ขวด,
AS196238,"Quinidine 85%","Quinidine 85% 5 g /ขวด",,,,5,g,ขวด,
AS196237,"MAGNESIUM CARBONATE (LIGHT","MAGNESIUM CARBONATE (LIGHT) EXTRA PURE 500 g /ถุง",,,"EXTRA PURE",500,g,ถุง,
AS196236,"Lecithin soya 30%","Lecithin soya 30% 100 g /ขวด",,,,100,g,ขวด,
AS196235,"HYDROGEN PERXOIDE 35%","HYDROGEN PERXOIDE 35% 2.5 L /ขวด",,,,2.5,L,ขวด,
AS196234,"Hydrogen peroxide 30%","Hydrogen peroxide 30% 2.5 L /ขวด",,,,2.5,L,ขวด,
AS196233,"Ethylene Glycol LAB 99.5%","Ethylene Glycol LAB 99.5% 2.5 L /ขวด",,,,2.5,L,ขวด,
AS196232,Ethanolamine,"Ethanolamine 2.5 L /ขวด",,,,2.5,L,ขวด,
AS196231,"Ammonia Solution 28%","Ammonia Solution 28% 2.5 L /ขวด",,,,2.5,L,ขวด,
AS196230,Acetonitrile,"Acetonitrile(AR) 2.5 L /ขวด",,,AR,2.5,L,ขวด,
AS196229,"Linalyl acetate","Linalyl acetate LR 1 kg /Bot",,,LR,1,kg,Bot,
AS196228,Geraniol,"Geraniol AR 100 g /Bot",,,AR,100,g,Bot,
AS196227,"Ethanol 99%","Ethanol 99% AR 2.5 L /Bot",,,AR,2.5,L,Bot,
AS196226,"UNILEX RED CI16255, CI14720","UNILEX RED CI16255, CI14720 100 g /ถุง",,,,100,g,ถุง,
AS196221,"PURE AUSTRALAIN TEA TREE OIL 100%","PURE AUSTRALAIN TEA TREE OIL 100% 100 g /ขวด",,,,100,g,ขวด,
AS196186,"LAVENDER ESSENTIAL OIL 100%","LAVENDER ESSENTIAL OIL 100% 100 g /ขวด",,,,100,g,ขวด,
AS196152,"Zinc pyrithione 50% Zinc pyrithione","Zinc pyrithione 50% Zinc pyrithione 1 kg /ขวด",,,,1,kg,ขวด,
AS196151,"VITACE 990 3-o-Ethyl ascobic acid","VITACE 990 3-o-Ethyl ascobic acid 100 g /ขวด",,,,100,g,ขวด,
AS196149,"TRISODIUM CITRATE","TRISODIUM CITRATE 1 kg /ถุง",,,,1,kg,ถุง,
AS196147,"Tetrasodium EDTA Tetrasodium EDTA","Tetrasodium EDTA Tetrasodium EDTA 1 kg /ถุง",,,,1,kg,ถุง,
AS196145,"SPECTRASTAT E Methylpropanediol (and) Ethylhexylglycerin (and) Caprylhydroxamic Acid","SPECTRASTAT E Methylpropanediol (and) Ethylhexylglycerin (and) Caprylhydroxamic Acid 1 kg /ขวด",,,,1,kg,ขวด,
AS196144,"SODIUM CHLORIDE NaCl","SODIUM CHLORIDE NaCl 5 kg /ถุง",,,,5,kg,ถุง,
AS196142,"PEMULEN TR-2 POLYMER Acrylates/C10-30 Alkyl Acrylate Crosspolymer","PEMULEN TR-2 POLYMER Acrylates/C10-30 Alkyl Acrylate Crosspolymer 1 kg /ขวด",,,,1,kg,ขวด,
AS196139,"LEXFEEL 7 Neopentyl Glycol Diheptanoate","LEXFEEL 7 Neopentyl Glycol Diheptanoate 1 kg /ขวด",,,,1,kg,ขวด,
AS196137,"GLUCAM P-20 HUMECTANT PPG-20 Methyl Glucose Ether","GLUCAM P-20 HUMECTANT PPG-20 Methyl Glucose Ether 1 kg /ขวด",,,,1,kg,ขวด,
AS196136,"GLUCAMATE DOE-120 THICKENER PEG-120 Methyl Glucose Dioleate","GLUCAMATE DOE-120 THICKENER PEG-120 Methyl Glucose Dioleate 1 kg /ขวด",,,,1,kg,ขวด,
AS196135,"Dipropylene glycol","Dipropylene glycol 1 kg /ขวด",,,,1,kg,ขวด,
AS196134,"CR-50 OTS Titanium dioxide,Triethoxycaprylylsilane, Aluminium hydroxide","CR-50 OTS Titanium dioxide,Triethoxycaprylylsilane, Aluminium hydroxide 1 kg /ถุง",,,,1,kg,ถุง,
AS196132,"Caprylyl glycol (Lexgard O) Caprylyl glycol","Caprylyl glycol (Lexgard O) Caprylyl glycol 1 kg /ขวด",,,,1,kg,ขวด,
AS196129,"AMILITE-12 Sodium Cocoyl Alaninate (and) Water","AMILITE ACS-12 Sodium Cocoyl Alaninate (and) Water 1 kg /ขวด",,,ACS,1,kg,ขวด,
AS196125,"Cryogenic vial Sterile w/cap . Solid 50/bag","Cryogenic vial Sterile w/cap 2 ml. Solid 50/bag /ถุง",,,,2,mL,ถุง,
AS196123,"Vacuum Pump Oil Liquid 1","Vacuum Pump Oil Liquid 1 ลิตร 1 /ขวด",,,,1,L,ขวด,
AS196122,"Iodine Solution 1% Liquid 1","Iodine Solution 1% Liquid 100 มิลลิลิตร 1 /ขวด",,,,100,mL,ขวด,
AS196121,"Formic acid CH2O264-18-6 Liquid 1","Formic acid CH2O264-18-6 Liquid 2.5 ลิตร 1 /ขวด",,,,2.5,L,ขวด,
AS196120,"Dimethyl sulfoxide (DMSO) C2H6OS67-68-5 cell cuture grade Liquid 1","Dimethyl sulfoxide (DMSO) C2H6OS67-68-5 cell cuture grade Liquid 1 ลิตร 1 /ขวด",,,,1,L,ขวด,
AS196119,"DEPC Treated Water C6H10O51609-47-8 Molecular grade Liquid 1","DEPC Treated Water C6H10O51609-47-8 Molecular grade Liquid 1000 มิลลิลิตร 1 /ขวด",,,,1000,mL,ขวด,
AS196118,"DNA staining solution (20000X) 7732-18-5 Liquid 1","DNA staining solution (20000X) 7732-18-5 Liquid 1 มิลลิลิตร 1 /ขวด",,,,1,mL,ขวด,
AS196117,"TBE buffer 5X solution 610769-35-2 Liquid 1","TBE buffer 5X solution 610769-35-2 Liquid 1000 มิลลิลิตร 1 /ขวด",,,,1000,mL,ขวด,
AS196116,"Tris-(hydroxymethyl) aminomethane C4H11NO377-86-1 Molecular grade Solid 1","Tris-(hydroxymethyl) aminomethane C4H11NO377-86-1 Molecular grade Solid 500 กรัม 1 /ขวด",,,,500,g,ขวด,
AS196115,"Tris-HCl (Molecular grade) C4H11NO3ClH1185-53-1 Molecular grade Solid 1","Tris-HCl (Molecular grade) C4H11NO3ClH1185-53-1 Molecular grade Solid 100 กรัม 1 /ขวด",,,,100,g,ขวด,
AS196114,"Sodium citrate Na3C6H5O76132-04-3 Solid 1","Sodium citrate Na3C6H5O76132-04-3 Solid 500 กรัม 1 /ขวด",,,,500,g,ขวด,
AS196113,"L-Proline C5H9NO2147-85-3 Solid 1","L-Proline C5H9NO2147-85-3 Solid 5 กรัม 1 /ขวด",,,,5,g,ขวด,
AS196112,"Direct Red 80 C45H26N10Na6O21S6 2610-10-8 Solid 1","Direct Red 80 C45H26N10Na6O21S6 2610-10-8 Solid 5 กรัม 1 /ขวด",,,,5,g,ขวด,
AS196111,"Ammonium Persulfate (NH4)2S2O87727-54-0 grade Solid 1","Ammonium Persulfate (NH4)2S2O87727-54-0 AR grade Solid 25 กรัม 1 /ขวด",,,AR,25,g,ขวด,
AS196110,"D-glucoseม solid","D-glucoseม LR solid 500 g /ขวด",,,LR,500,g,ขวด,
AS196109,"Aniline sulfate solid","Aniline sulfate AR solid 100 g /ขวด",,,AR,100,g,ขวด,
AS196108,"Mannitol solid .","Mannitol LR solid 1 Kg. /ขวด",,,LR,1,kg,ขวด,
AS196107,"Anise oil cosmetic Liquid .","Anise oil cosmetic Liquid 100 ml. /ขวด",,,,100,mL,ขวด,
AS196106,"น้ำกลั่น 5 ซีซี.(50 Vial)Injection Liquid . 50 ขวด","น้ำกลั่น 5 ซีซี.(50 Vial)Injection Liquid 5 ml. 50 ขวด /กล่อง",,,,5,mL,กล่อง,
AS196105,"LAKE Brillient Blue com solid .","LAKE Brillient Blue com solid 1 Kg. /ขวด",,,,1,kg,ขวด,
AS196104,"Lactose solid .","Lactose LR solid 25 Kg. /ถัง",,,LR,25,kg,ถัง,
AS196103,"HPMC K100M solid .","HPMC K100M LR solid 500 g. /ขวด",,,LR,500,g,ขวด,
AS196102,"HPMC K4M solid .","HPMC K4M LR solid 500 g. /ขวด",,,LR,500,g,ขวด,
AS196101,"phloroglucinol solid .","phloroglucinol AR solid 25 g. /ขวด",,,AR,25,g,ขวด,
AS196100,"Thioacetamide CH3CSNH262-55-5 grade solid","Thioacetamide CH3CSNH262-55-5 AR grade solid 100 g /ขวด",,,AR,100,g,ขวด,
AS196099,"Gallic acid (3,4,5-Trihydroxybenzoic acid) A.R Solid","Gallic acid (3,4,5-Trihydroxybenzoic acid) A.R Solid 50 กรัม /ขวด",,,,50,g,ขวด,
AS196098,"Xanthine oxidase A.R Solid 10 ยูนิต","Xanthine oxidase A.R Solid 10 ยูนิต /หลอด",,,,,,หลอด,YES
AS196097,"Hinf l A.R Liquid 2000 ยูนิต","Hinf l A.R Liquid 2000 ยูนิต /หลอด",,,,,,หลอด,YES
AS196096,"Hae Ill A.R Liquid 2000 ยูนิต","Hae Ill A.R Liquid 2000 ยูนิต /หลอด",,,,,,หลอด,YES
AS196095,"Hhal A.R Solid 2000 ยูนิต","Hhal A.R Solid 2000 ยูนิต /หลอด",,,,,,หลอด,YES
AS196094,"TEMED A.R Solid","TEMED A.R Solid 25 มิลลิลิตร /ขวด",,,,25,mL,ขวด,
AS196093,"Acrylamide/Bis (37:5:1) 30% A.R Liquid","Acrylamide/Bis (37:5:1) 30% A.R Liquid 500 มิลลิลิตร /ขวด",,,,500,mL,ขวด,
AS196092,"Primer 25 nmole. (4 เส้น) Solid 82 เบส","Primer 25 nmole. (4 เส้น) Solid 82 เบส /ชุด",,,,,,ชุด,YES
AS196091,"Desalted primer 25 nmole. Sequence 5->3 (6 เส้น) Solid 129 เบส","Desalted primer 25 nmole. Sequence 5->3 (6 เส้น) Solid 129 เบส /ชุด",,,,,,ชุด,YES
AS196090,"PCR supermix (100 rxn) Liquid","PCR supermix (100 rxn) Liquid /ชุด",,,,,,ชุด,YES
AS196089,"Ponceau S Staining Solution A.R Liquid","Ponceau S Staining Solution A.R Liquid 100 มิลลิลิตร /ขวด",,,,100,mL,ขวด,
AS196088,"10-200 kDa Wide Range Protein Molecular Weight Marker 2x250µl A.R Liquid","10-200 kDa Wide Range Protein Molecular Weight Marker 2x250µl A.R Liquid 500 ไมโครลิตร /หลอด",,,,500,uL,หลอด,
AS196087,"CytoFlex Sheath Fluid A.R Liquid","CytoFlex Sheath Fluid A.R Liquid 10 ลิตร /กล่อง",,,,10,L,กล่อง,
AS196086,"MEM ALPHA MEDIUM (1X) A.R Solid","MEM ALPHA MEDIUM (1X) A.R Solid 500 มิลลิลิตร /ขวด",,,,500,mL,ขวด,
AS196085,"Gas acetylene C2H267-64-1 gas","Gas acetylene C2H267-64-1 gas 6 kg /ถัง",,,,6,kg,ถัง,
AS196084,"Gas Argon HP Ar7440-37-1 HP gas 7 คิว","Gas Argon HP Ar7440-37-1 HP gas 7 คิว /ถัง",,,,,,ถัง,YES
AS196083,"Gas Air zero O132259-10-0 gas 7 คิว","Gas Air zero O132259-10-0 UHP gas 7 คิว /ถัง",,,UHP,,,ถัง,YES
AS196082,"Sodium sulfate anhydrous Na2SO47757-82-6 GC solid anhydrous","Sodium sulfate anhydrous Na2SO47757-82-6 GC solid anhydrous 2.5 kg /ขวด",,,,2.5,kg,ขวด,
AS196081,"Buffer solution pH10.01 COA liqiud","Buffer solution pH10.01 COA liqiud 480 ml /ขวด",,,,480,mL,ขวด,
AS196080,"Buffer solution pH7.00 COA liqiud","Buffer solution pH7.00 COA liqiud 480 ml /ขวด",,,,480,mL,ขวด,
AS196079,"Buffer solution pH4.01 COA liqiud","Buffer solution pH4.01 COA liqiud 480 ml /ขวด",,,,480,mL,ขวด,
AS196078,"n-Hexane 99% C₆H₁₄67-64-1 liqiud","n-Hexane 99% C₆H₁₄67-64-1 HPLC liqiud 4 L /ขวด",,,HPLC,4,L,ขวด,
AS196077,"n-Hexane 99% C₆H₁₄67-64-1 liqiud","n-Hexane 99% C₆H₁₄67-64-1 AR liqiud 2.5 L /ขวด",,,AR,2.5,L,ขวด,
AS196076,"Hydrogen Peroxide 30% H2O27722-84-1 liqiud","Hydrogen Peroxide 30% H2O27722-84-1 AR liqiud 2.5 L /ขวด",,,AR,2.5,L,ขวด,
AS196075,"Cobalt (II) nitrate hexahydrate Co(NO3)2·6H2O10026-22-9 powder","Cobalt (II) nitrate hexahydrate Co(NO3)2·6H2O10026-22-9 AR powder 100 g /ขวด",,,AR,100,g,ขวด,
AS196074,"Giemsa Solution","Giemsa Solution 500 ml /ขวด",,,,500,mL,ขวด,
AS196073,"Sodium phosphate dibasic dihydrate Na2HPO4.2H2O10028-24-7 powder","Sodium phosphate dibasic dihydrate Na2HPO4.2H2O10028-24-7 AR powder 500 g /ขวด",,,AR,500,g,ขวด,
AS196072,"Phytohemagglutinin-L (PHA-L) Solution liquid 500X","Phytohemagglutinin-L (PHA-L) Solution liquid 500X 100 µL /ขวด",,,,100,uL,ขวด,
AS196071,"Murashige & Skoog (MS) Medium plant cell culture powder","Murashige & Skoog (MS) Medium plant cell culture powder 50 L /ขวด",,,,50,L,ขวด,
AS196070,"Wright-Giemsa stain solution liquid","Wright-Giemsa stain solution liquid /ชุด",,,,,,ชุด,YES
AS196069,"Tryptophan powder","Tryptophan powder 25 g /ขวด",,,,25,g,ขวด,
AS196068,"Vacin and Went medium plant cell culture powder","Vacin and Went medium plant cell culture powder 25 L /ขวด",,,,25,L,ขวด,
AS196067,"Dimethylglyoxime CH3C(=NOH)C(=NOH)CH395-45-4 powder","Dimethylglyoxime CH3C(=NOH)C(=NOH)CH395-45-4 AR powder 100 g /ขวด",,,AR,100,g,ขวด,
AS196066,"Nickel(II) nitrate hexahydrate Ni(NO3)2·6H2O13478-00-7 powder","Nickel(II) nitrate hexahydrate Ni(NO3)2·6H2O13478-00-7 AR powder 500 g /ขวด",,,AR,500,g,ขวด,
AS196065,"Cyclohexene C6H10110-83-8 liquid","Cyclohexene C6H10110-83-8 AR liquid 1 L /ขวด",,,AR,1,L,ขวด,
AS196064,"Methyl red C15H15N3O2493-52-7 powder","Methyl red C15H15N3O2493-52-7 AR powder 25 g /ขวด",,,AR,25,g,ขวด,
AS196063,"Petroleum jelly semi-solid","Petroleum jelly BP semi-solid 1 kg /ถุง",,,BP,1,kg,ถุง,
AS196062,"Spermidine C7H19N3124-20-9 liquid","Spermidine C7H19N3124-20-9 liquid 1 g /ขวด",,,,1,g,ขวด,
AS196060,"Jasmonic acid C12H18O377026-92-7","Jasmonic acid C12H18O377026-92-7 100 mg /ขวด",,,,100,mg,ขวด,
AS196058,"L-Valine C5H11NO272-18-4 powder","L-Valine C5H11NO272-18-4 powder 25 g /ขวด",,,,25,g,ขวด,
AS196057,"L-Alanine C3H7NO256-41-7 powder","L-Alanine C3H7NO256-41-7 powder 25 g /ขวด",,,,25,g,ขวด,
AS196056,"Iron(II) sulfate heptahydrate FeSO4.7H2O7782-63-0 crystals","Iron(II) sulfate heptahydrate FeSO4.7H2O7782-63-0 LR crystals 500 g /ขวด",,,LR,500,g,ขวด,
AS196055,"Drierite with indicator pellets 1 lb","Drierite with indicator pellets 1 lb /ขวด",,,,,,ขวด,YES
AS196054,"Soda lime with idicator pellets","Soda lime with idicator LR pellets 500 g /ขวด",,,LR,500,g,ขวด,
AS196053,"Sodium metasilicate nonahydrate Na2O3Si · 9H2O13517-24-3 powder","Sodium metasilicate nonahydrate Na2O3Si · 9H2O13517-24-3 LR powder 500 g /ขวด",,,LR,500,g,ขวด,
AS196052,"Nickel (II) sulfate hexahydrate NiSO4.6H2O10101-97-0 powder","Nickel (II) sulfate hexahydrate NiSO4.6H2O10101-97-0 LR powder 500 g /ขวด",,,LR,500,g,ขวด,
AS196051,"Molybdic acid H2MoO47782-91-4 powder","Molybdic acid H2MoO47782-91-4 AR powder 500 g /ขวด",,,AR,500,g,ขวด,
AS196050,"Diuron C9H10Cl2N2O330-54-1 powder","Diuron C9H10Cl2N2O330-54-1 powder 250 mg /ขวด",,,,250,mg,ขวด,
AS196049,"Glyphosate [N-(phosphonomethyl) glycine] C3H8NO5P1071-83-6 powder","Glyphosate [N-(phosphonomethyl) glycine] C3H8NO5P1071-83-6 powder 250 mg /ขวด",,,,250,mg,ขวด,
AS196048,"Paraquat Dichloride C12H14Cl2N2 75365-73-0 powder","Paraquat Dichloride C12H14Cl2N2 75365-73-0 powder 1 g /ขวด",,,,1,g,ขวด,
AS196047,"น้ำยาทาเล็บใส liquid 30 ขวด","น้ำยาทาเล็บใส liquid 13 ml 30 ขวด",,,,13,mL,,
AS196046,"เคาน์เตอร์เพนคูลเจล Liquid","เคาน์เตอร์เพนคูลเจล Liquid 30 กรัม /ชิ้น",,,,30,g,ชิ้น,
AS196045,"โวลทาเรน อีมัลเจล Liquid","โวลทาเรน อีมัลเจล Liquid 50 กรัม /ชิ้น",,,,50,g,ชิ้น,
AS196044,"ไฮยาซองเข้มข้นX2 Liquid","ไฮยาซองเข้มข้นX2 Liquid 8 กรัม /ซอง",,,,8,g,ซอง,
AS196043,"เจลว่านหางจระเข้เข้มข้น 99.5% ผสมวิตามินอี และสารสกัดเมือกหอยทากธรรมชาติ Liquid","เจลว่านหางจระเข้เข้มข้น 99.5% ผสมวิตามินอี และสารสกัดเมือกหอยทากธรรมชาติ Liquid 50 ml /ซอง",,,,50,mL,ซอง,
AS196042,"วิตามิน ซี ไบรท์เทนนิ่ง เจล เจลวิตามินซี Liquid","วิตามิน ซี ไบรท์เทนนิ่ง เจล เจลวิตามินซี Liquid 30 ml /ซอง",,,,30,mL,ซอง,
AS196040,"ครีมขัดผิวมะขามพะเยา Liquid","ครีมขัดผิวมะขามพะเยา Liquid 70 กรัม /กระปุก",,,,70,g,กระปุก,
AS196039,"แผ่น mask หน้าสูตรเกาหลี คละสูตร Liquid","แผ่น mask หน้าสูตรเกาหลี คละสูตร Liquid /ชิ้น",,,,,,ชิ้น,YES
AS196038,"น้ำยาล้างหน้าสัมผัส สเปรย์ล้างหน้าสัมผัสทางไฟฟ้า (CRC CO CONTACT CLEANER) Liquid","น้ำยาล้างหน้าสัมผัส สเปรย์ล้างหน้าสัมผัสทางไฟฟ้า (CRC CO CONTACT CLEANER) Liquid 350กรัม /กระป๋อง",,,,350,g,กระป๋อง,
AS196037,"Sterile water for injection Liquid","Sterile water for injection Liquid 100 ml /ขวด",,,,100,mL,ขวด,
AS196036,"Freezing Container 18 หลุม (Cat.No. 5100-0001) solid","Freezing Container 18 หลุม  (Cat.No. 5100-0001) solid /อัน",,,,,,อัน,YES
AS196035,"Vivaspin 6,3K,25/PKG solid","Vivaspin 6,3K,25/PKG solid 25 ชิ้น /แพ็ค",,,,25,pcs,แพ็ค,
AS196034,"Thermal paper 1682007 solid","Thermal paper 1682007 solid /แพ็ค",,,,,,แพ็ค,YES
AS196033,"Short plates 1653308 solid","Short plates 1653308 solid /กล่อง",,,,,,กล่อง,YES
AS196032,"Qiagen plasmid plus midi( 5) liquid","Qiagen plasmid plus midi( 5) liquid /กล่อง",,,,,,กล่อง,YES
AS196030,"Preatained Protein ladder liquid 2x","Preatained Protein ladder liquid 2x250 µl /ชุด",,,,250,uL,ชุด,
AS196029,"DNA Ladder liquid 1 kb","DNA Ladder liquid 1 kb /ชุด",,,,,,ชุด,YES
AS196028,"Copper Sulphate ( CuSo4 ) 90% liquid","Copper Sulphate ( CuSo4 ) 90% liquid 450 ml /ขวด",,,,450,mL,ขวด,
AS196027,"Copper Sulphate ( CuSo4 ) 80% liquid","Copper Sulphate ( CuSo4 ) 80% liquid 450 ml /ขวด",,,,450,mL,ขวด,
AS196026,"Anti - P1 liquid","Anti - P1 liquid 10 ml /ขวด",,,,10,mL,ขวด,
AS196025,"Anti - N liquid","Anti - N liquid 10 ml /ขวด",,,,10,mL,ขวด,
AS196024,"Anti - M liquid","Anti - M liquid 10 ml /ขวด",,,,10,mL,ขวด,
AS196023,"Anti - H liquid","Anti - H liquid 10 ml /ขวด",,,,10,mL,ขวด,
AS196022,"Anti - A1 liquid","Anti - A1 liquid 10 ml /ขวด",,,,10,mL,ขวด,
AS196021,"Factor VIII deficient plasma liquid 5x","Factor VIII deficient plasma liquid 5x1 ml /กล่อง",,,,1,mL,กล่อง,
AS196020,"Rotavirus reverse Primer 2 (100 nmole) liquid 20 เบส","Rotavirus reverse Primer 2 (100 nmole) liquid 20 เบส /หลอด",,,,,,หลอด,YES
AS196019,"Rotavirus reverse Primer 1 (100 nmole) liquid 25 เบส","Rotavirus reverse Primer 1 (100 nmole) liquid 25 เบส /หลอด",,,,,,หลอด,YES
AS196018,"Rotavirus forward Primer 2 (100 nmole) liquid 22 เบส","Rotavirus forward Primer 2 (100 nmole) liquid 22 เบส /หลอด",,,,,,หลอด,YES
AS196017,"Rotavirus forward Primer 1 (100 nmole) liquid 26 เบส","Rotavirus forward Primer 1 (100 nmole) liquid 26 เบส /หลอด",,,,,,หลอด,YES
AS196016,"Reverse primer (100 nmole) liquid 19 เบส","Reverse primer (100 nmole) liquid 19 เบส /หลอด",,,,,,หลอด,YES
AS196015,"Forward primer 2 (100 nmole) liquid 23 เบส","Forward primer 2 (100 nmole) liquid 23 เบส /หลอด",,,,,,หลอด,YES
AS196014,"Forward primer 1 (100 nmole) liquid 26 เบส","Forward primer 1 (100 nmole) liquid 26 เบส /หลอด",,,,,,หลอด,YES
AS196013,"NucleoSpin RNA Virus liquid 50 preps","NucleoSpin RNA Virus liquid 50 preps /ชุด",,,,,,ชุด,YES
AS196012,"Redsafe nucleic acid staining solution liquid","Redsafe nucleic acid staining solution liquid 1 ml /ชุด",,,,1,mL,ชุด,
AS196011,"100+1.5 kb DNA ladder liquid","100 bp+1.5 kb DNA ladder liquid 50 µg /ชุด",,,BP,50,ug,ชุด,
AS196010,"ReverTra Ace qPCR RT with gDNA Remover liquid 200 rxn","ReverTra Ace qPCR RT with gDNA Remover liquid 200 rxn /ชุด",,,,,,ชุด,YES
AS196009,"SB203580 solid","SB203580 solid 50 mg /ขวด",,,,50,mg,ขวด,
AS196008,"Cyobox (สำหรับตู้ -80) solid 133x133x51 mm","Cyobox (สำหรับตู้ -80) solid 133x133x51 mm /ชุด",,,,,,ชุด,YES
AS196007,"D-(+)-Maltose monohydrate solid","D-(+)-Maltose monohydrate solid 10 mg /ขวด",,,,10,mg,ขวด,
AS196006,"Amylose from potato solid","Amylose from potato solid 1 g /ขวด",,,,1,g,ขวด,
AS196005,"s-butyrylthiocholine iodide crystalline solid","s-butyrylthiocholine iodide crystalline solid 5 g /ขวด",,,,5,g,ขวด,
AS196004,"Zinc Oxide ขัดมันวัสดุอะมัลกัม","Zinc Oxide ขัดมันวัสดุอะมัลกัม 50 กรัม /กระปุก",,,,50,g,กระปุก,
AS196003,"TAE BUFFER 25x solution","TAE BUFFER 25x solution 1 L /ขวด",,,,1,L,ขวด,
AS196002,"PCR 2X MASTER BLUE DYE","PCR 2X MASTER BLUE DYE 1 ml /หลอด",,,,1,mL,หลอด,
AS195998,"NSS 0.9% For inj. .","NSS 0.9% For inj. 1000 ml. /ขวด",,,,1000,mL,ขวด,
AS196001,"NSS 0.9% For inj. .","NSS 0.9% For inj. 100 ml. /ขวด",,,,100,mL,ขวด,
AS195995,"Glucose Food Grade 1 ขวด","Glucose Food Grade 450 g 1 ขวด /ขวด",,,,450,g,ขวด,
AS195992,"Benzoic acid กรดเบนโซอิก","Benzoic acid กรดเบนโซอิก / 1 กิโลกรัม",,,,1,kg,,
AS195990,"NAGS068,005 Green Stain 10,000x, 0.5 ml ของเหลว 10,000X Solution in DMSO","NAGS068,005 Green Stain 10,000x, 0.5 ml ของเหลว 10,000X Solution in DMSO 0.5 มิลลิลิตร",,,,0.5,mL,,
AS195989,"MBT051-200LN 1kb DNA Ladder (200 Lanes), 4x100 ul ของเหลว 4x","MBT051-200LN 1kb DNA Ladder (200 Lanes), 4x100 ul ของเหลว 4x100 ไมโครลิตร",,,,100,uL,,
AS195987,Mercury(ll)sulfate.,"Mercury(ll)sulfate AR. 100 g /ขวด",,,AR,100,g,ขวด,
AS195986,"Methyl orange solution","Methyl orange solution 125 ml /ขวด",,,,125,mL,ขวด,
AS195985,"Potassium sodium tartrate 99.0% solid .","Potassium sodium tartrate 99.0% AR solid 1 Kg. /ขวด",,,AR,1,kg,ขวด,
AS195983,"Phosphate Buffer Saline (PBS) Grade powder","Phosphate Buffer Saline (PBS) AR Grade powder 500 กรัม /ขวด",,,AR,500,g,ขวด,
AS195982,"Gas pack for anaerobic culture","Gas pack for anaerobic culture /กล่อง",,,,,,กล่อง,YES
AS195981,"อาหารเลี้ยงเชื้อ D-MEM(1X) liquid","อาหารเลี้ยงเชื้อ D-MEM(1X) liquid 500 มิลลิลิตร /ขวด",,,,500,mL,ขวด,
AS195980,"OneMARK 100 liquid","OneMARK 100 liquid 600 ไมโครลิตร /ชุด",,,,600,uL,ชุด,
AS195979,"3,5-Dinitrosalicylic acid Grade powder","3,5-Dinitrosalicylic acid AR Grade powder 100 กรัม /ขวด",,,AR,100,g,ขวด,
AS195974,"Alcohol gel 87.9 % v/v ขนาด","Alcohol gel 87.9 % v/v ขนาด 50 ml /หลอด",,,,50,mL,หลอด,
AS195973,"4-6%Sodium Hypochlorite .","4-6%Sodium Hypochlorite 1000 ml. /ขวด",,,,1000,mL,ขวด,
AS195972,"Tetracycline hydrochloride .","Tetracycline hydrochloride 100 g. /ขวด",,,,100,g,ขวด,
AS195971,"Malt extract .","Malt extract 500 g. /ขวด",,,,500,g,ขวด,
AS195970,"Mannitol salt agar .","Mannitol salt agar 500 g. /ขวด",,,,500,g,ขวด,
AS195968,"10% PROVIDIN SOLUTION .","10% PROVIDIN SOLUTION . 450 ml /ขวด",,,,450,mL,ขวด,
AS195967,"0.9% NSS 100 ขวด","0.9% NSS 2 ml 100 ขวด /กล่อง",,,,2,mL,กล่อง,
AS195961,"GAPDH antibody 1","GAPDH antibody 200 ug 1 /ขวด",,,,200,ug,ขวด,
AS195959,"Amersham ECL Western Blotting Detection Reagent 2 ขวด","Amersham ECL Western Blotting Detection Reagent 250 ml 2 ขวด /ชุด",,,,250,mL,ชุด,
AS195957,"Goat Anti-Rabbit lgG Antibody 1","Goat Anti-Rabbit lgG Antibody 2 ml 1 /ขวด",,,,2,mL,ขวด,
AS195956,"Goat Anti-Mouse lgG Antibody 1","Goat Anti-Mouse lgG Antibody 2 ml 1 /ขวด",,,,2,mL,ขวด,
AS195955,"Glycerol Bio Reagent 1","Glycerol Bio Reagent 100 ml 1 /ขวด",,,,100,mL,ขวด,
AS195953,"Acrylamide-Bis solution 30% 1","Acrylamide-Bis solution 30% 1,000 ml 1 /ขวด",,,,1000,mL,ขวด,
AS195952,"เบนโซอิก แอซิค ชนิดอัดเม็ด Solid 50 เม็ด","เบนโซอิก แอซิค ชนิดอัดเม็ด Solid 50 เม็ด /กล่อง",,,,,,กล่อง,YES
AS195951,"เจลตรวจคลื่นไฟฟ้าหัวใจ (Electrical Conductive Gel) Solid","เจลตรวจคลื่นไฟฟ้าหัวใจ (Electrical Conductive Gel) Solid 260 กรัม /ขวด",,,,260,g,ขวด,
AS195950,"Tris-(hydroxymethyl)aminomethane (Tris-Base) C4H11NO377-86-1 molecular solid MW 121.14","Tris-(hydroxymethyl)aminomethane (Tris-Base) C4H11NO377-86-1 molecular solid MW 121.14 1 กิโลกรัม /ขวด",,,,1,kg,ขวด,
AS195949,"Magnesium Oxide light MgO1309-48-4 ของแข็ง","Magnesium Oxide light MgO1309-48-4 AR ของแข็ง 1 Kg /ขวด",,,AR,1,kg,ขวด,
AS195948,"ชุดสีย้อม AFB Stain Set Kinyoun Liquid 4 ขวด","ชุดสีย้อม AFB Stain Set Kinyoun Liquid 450 มิลลิลิตร 4 ขวด /ชุด",,,,450,mL,ชุด,
AS195947,"Sodium Hypochlorite NaClO A.R Liquid","Sodium Hypochlorite NaClO A.R Liquid 1000 มิลลิลิตร /ขวด",,,,1000,mL,ขวด,
AS195946,"Petroleum ether 30-60 °C A.R Liquid","Petroleum ether 30-60 °C A.R Liquid 2.5 ลิตร /ขวด",,,,2.5,L,ขวด,
AS195945,"Nessler’s reagent A.R Liquid","Nessler’s reagent A.R Liquid 500 มิลลิลิตร /ขวด",,,,500,mL,ขวด,
AS195944,"Zinc sulfate ZnSO₄ A.R Solid","Zinc sulfate ZnSO₄ A.R Solid 500 กรัม /ถุง",,,,500,g,ถุง,
AS195943,"Potassium Tellurite A.R Solid","Potassium Tellurite A.R Solid 50 กรัม /ขวด",,,,50,g,ขวด,
AS195942,"Potassium Hydroxide KOH A.R Solid","Potassium Hydroxide KOH A.R Solid 1000 กรัม /ขวด",,,,1000,g,ขวด,
AS195941,"Mercuric Chloride HgCl2 A.R Solid","Mercuric Chloride HgCl2 A.R Solid 100 กรัม /ขวด",,,,100,g,ขวด,
AS195940,"Hematoxilin A.R Solid","Hematoxilin A.R Solid 100 กรัม /ขวด",,,,100,g,ขวด,
AS195939,"Glycine A.R Solid","Glycine A.R Solid 500 กรัม /ขวด",,,,500,g,ขวด,
AS195938,"L-Cysteine hydrochloride C3H7NO2S.HCl A.R Solid","L-Cysteine hydrochloride C3H7NO2S.HCl A.R Solid 25 กรัม /ขวด",,,,25,g,ขวด,
AS195937,"D-(+)-Cellobiose A.R Solid","D-(+)-Cellobiose A.R Solid 5 กรัม /ขวด",,,,5,g,ขวด,
AS195936,"Bovine serum albumin (BSA) A.R Solid","Bovine serum albumin (BSA) A.R Solid 100 กรัม /ขวด",,,,100,g,ขวด,
AS195935,"Ammonium Bicarbonate NH₄HCO₃ A.R Solid","Ammonium Bicarbonate NH₄HCO₃ A.R Solid 500 กรัม /ขวด",,,,500,g,ขวด,
AS195934,"Ammonium phosphate monobasic (NH4)H2PO4 A.R Solid","Ammonium phosphate monobasic (NH4)H2PO4 A.R Solid 500 กรัม /ขวด",,,,500,g,ขวด,
AS195933,"Adonitol A.R Solid","Adonitol A.R Solid 5 กรัม /ขวด",,,,5,g,ขวด,
AS195932,"Agar A.R Solid","Agar A.R Solid 1 กิโลกรัม /ขวด",,,,1,kg,ขวด,
AS195931,"PCR supermix molecular grade liquid 100 reactions","PCR supermix molecular grade liquid 100 reactions /ชุด",,,,,,ชุด,YES
AS195930,"Murashige & Skoog (MS) Medium plant cell culture powder","Murashige & Skoog (MS) Medium plant cell culture powder 25 L /ซอง",,,,25,L,ซอง,
AS195929,"Promisemed safety lancet (100 Pcs/Box) Solid 1.8 mm. 1","Promisemed safety lancet (100 Pcs/Box) Solid 28G 1.8 mm. 1 /กล่อง",,,,28,g,กล่อง,
AS195928,"ชุดทดสอบประสิทธิภาพการฆ่าเชื้อ autovlave (spore test) Liquid 1","ชุดทดสอบประสิทธิภาพการฆ่าเชื้อ autovlave (spore test) Liquid 1 /แพ็ค",,,,,,แพ็ค,YES
AS195927,"Nalidixic acid, Free acid Liquid 1","Nalidixic acid, Free acid Liquid 1 g 1 /ขวด",,,,1,g,ขวด,
AS195926,"One PCR Liquid 100 RXN 1","One PCR Liquid 100 RXN 1 /ชุด",,,,,,ชุด,YES
AS195925,"Fecal occult blood (FOB) test classette "" Solid 50 ng. 25 test 1","Fecal occult blood (FOB) test classette "" Solid 50 ng. 25 test 1 /ชุด",,,,,,ชุด,YES
AS195924,"ESR With Self Leveling System /Pack Solid 1","ESR With Self Leveling System /Pack Solid 100 ชิ้น 1 /กล่อง",,,,100,pcs,กล่อง,
AS195923,"กระป๋องเก็บปัสสาวะ(ใส) ถุง Solid เบอร์2 500 อัน 1","กระป๋องเก็บปัสสาวะ(ใส) ถุง Solid เบอร์2 500 อัน 1 /ถุง",,,,,,ถุง,YES
AS195922,"Control plasma normal Liquid 6*. 1","Control plasma normal Liquid 6*1 ml. 1 /ชุด",,,,1,mL,ชุด,
AS195921,"Conical tube (screw cap) Liquid 2 ml.","Conical tube (screw cap) Liquid 2 ml. 500 ชิ้น /แพ็ค",,,,500,pcs,แพ็ค,
AS195918,"แปรงล้าง tube Solid 1x5 ซม. ยาว 13 ซม. 1","แปรงล้าง tube Solid 1x5 ซม. ยาว 13 ซม.  1 /อัน",,,,,,อัน,YES
AS195920,"Reusable filter unit Solid 1","Reusable filter unit Solid 1 /ชิ้น",,,,,,ชิ้น,YES
AS195919,"Filter Holder, Top only Liquid 47 mm. . 2","Filter Holder, Top only Liquid 47 mm. 500 ml. 2 /ขวด",,,,500,mL,ขวด,
AS195917,"Albumin human fraction v powder 5 g Solid . 1","Albumin human fraction v powder 5 g Solid 5 g. 1 /ขวด",,,,5,g,ขวด,
AS194857,"น้ำยาล้างเครื่องแก้ว (Cleaning solution for glassware),Comercial grade ,Liquid","น้ำยาล้างเครื่องแก้ว (Cleaning solution for glassware),Comercial grade ,Liquid 3.6 L /แกลลอน",,,,3.6,L,แกลลอน,
AS195619,"Dichloromethane CH2Cl2 75-09-2 commercial liquid 1 ถัง","Dichloromethane CH2Cl2 75-09-2 commercial liquid 20 L 1 ถัง /ถัง",,,,20,L,ถัง,
AS195916,"Thiamine hydrochloride Solid","Thiamine hydrochloride AR Solid 250 g /ขวด",,,AR,250,g,ขวด,
AS195915,"Turpentine oil (น้ำมันสน) Liquid","Turpentine oil (น้ำมันสน) Liquid 1 kg /ขวด",,,,1,kg,ขวด,
AS195914,"Liquified Phenol Liquid","Liquified Phenol Liquid 500 ml /ขวด",,,,500,mL,ขวด,
AS195913,"Acetylsalicylic acid (Aspirin) Solid","Acetylsalicylic acid (Aspirin) AR Solid 500 g /ขวด",,,AR,500,g,ขวด,
AS195912,"L-Ascorbic acid 99% solid 1 ขวด","L-Ascorbic acid 99% solid 25 g 1 ขวด /ขวด",,,,25,g,ขวด,
AS195911,"Albumin human fraction V solid 1 ขวด","Albumin human fraction V solid 5 g 1 ขวด /ขวด",,,,5,g,ขวด,
AS195910,"Acrodisc (syring filter) solid 0.2 UM 32 mm","Acrodisc (syring filter) solid 0.2 UM 32 mm 50 ชิ้น /แพ็ค",,,,50,pcs,แพ็ค,
AS195909,"10K Microsep, Omega membrane solid 15 ml","10K Microsep, Omega membrane solid 15 ml 24 ชิ้น /แพ็ค",,,,24,pcs,แพ็ค,
AS195908,"Promisemed safely lancet solid 28 G 1.8 mm","Promisemed safely lancet solid 28 G 1.8 mm 100 ชิ้น /กล่อง",,,,100,pcs,กล่อง,
AS195907,"Control plasma abnormal liquid 6x1 ml 6 ขวด","Control plasma abnormal liquid 6x1 ml 1 ml 6 ขวด /ชุด",,,,1,mL,ชุด,
AS195906,"Urine analysis control liquid 8x3 ml 8 ขวด","Urine analysis control liquid 8x3 ml 3 ml 8 ขวด /แพ็ค",,,,3,mL,แพ็ค,
AS195904,"96 WELL MICROPLATE, WHITE, NON-STERILE Solid","96 WELL MICROPLATE, WHITE, NON-STERILE Solid 100 ชิ้น /แพ็ค",,,,100,pcs,แพ็ค,
AS195903,"Phloroglucinol liquid 1","Phloroglucinol liquid 25 g 1 /ขวด",,,,25,g,ขวด,
AS195902,"SD BIOLINE HCV Cassette solid 30 test","SD BIOLINE HCV Cassette solid 30 test /ชุด",,,,,,ชุด,YES
AS195901,"Lithium chloride anhydrous","Lithium chloride anhydrous 500 g /ขวด",,,,500,g,ขวด,
AS195899,"Sodium carbonate anhydrous","Sodium carbonate anhydrous AR 500 g /ขวด",,,AR,500,g,ขวด,
AS195898,"Potassium sodium tartrate","Potassium sodium tartrate AR 500 g /ขวด",,,AR,500,g,ขวด,
AS195897,"Ammonium nitrate","Ammonium nitrate 500 g /แพ็ค",,,,500,g,แพ็ค,
AS195896,"Glycine 0.995","Glycine AR 0.995 1 L /ขวด",,,AR,1,L,ขวด,
AS195894,"D-glucose anhydrous","D-glucose anhydrous AR 500 g /ขวด",,,AR,500,g,ขวด,
AS195893,"Manganese (II) Sulphate monohydrate","Manganese (II) Sulphate monohydrate AR 500 g /ขวด",,,AR,500,g,ขวด,
AS195892,"Wright rapid stain (Dipquick) /3 ขวด","Wright rapid stain (Dipquick) 450 ml /3 ขวด /ชุด",,,,450,mL,ชุด,
AS195891,"Sodium bromide","Sodium bromide AR 500 g /ขวด",,,AR,500,g,ขวด,
AS195889,"Zinc sulfate heptahydrate","Zinc sulfate heptahydrate 500 g /ขวด",,,,500,g,ขวด,
AS195887,Agar,"Agar 500 g /กระป๋อง",,,,500,g,กระป๋อง,
AS195886,"Potassium Hydrogen Phthalate","Potassium Hydrogen Phthalate 500 g /ขวด",,,,500,g,ขวด,
AS195885,"1,10-Phenanthroline monohydrate","1,10-Phenanthroline monohydrate AR 5 g /ขวด",,,AR,5,g,ขวด,
AS195884,"Calcium Acetate H2O","Calcium Acetate H2O 500 g /ขวด",,,,500,g,ขวด,
AS195883,"Potassium Acetate","Potassium Acetate 500 g /ขวด",,,,500,g,ขวด,
AS195882,"Cobalt (II) Chloride 6 Hydrate","Cobalt (II) Chloride 6 Hydrate 100 g /ขวด",,,,100,g,ขวด,
AS195881,2-Mercaptoethanol,"2-Mercaptoethanol 250 ml /ขวด",,,,250,mL,ขวด,
AS195880,"PBS (Phosphate Buffered Saline pH 7.4 10 เม็ด","PBS (Phosphate Buffered Saline pH 7.4 10 เม็ด /ขวด",,,,,,ขวด,YES
AS195874,"DEPC-treated Water 1609-47-8 Molecular Biology Grade liquid","DEPC-treated Water 1609-47-8 Molecular Biology Grade liquid 100 ml /ขวด",,,,100,mL,ขวด,
AS195873,"BCA Protein assay liquid 500 ตัวอย่าง","BCA Protein assay liquid 500 ตัวอย่าง /หลอด",,,,,,หลอด,YES
AS195872,"30% Acrylamide/Bis Solution, 29:1 liquid","30% Acrylamide/Bis Solution, 29:1 liquid 500 ml /ขวด",,,,500,mL,ขวด,
AS195871,"3,5-Dinitrosalicylic acid 609-99-4 powder","3,5-Dinitrosalicylic acid 609-99-4 powder 100 g /ขวด",,,,100,g,ขวด,
AS195870,"Griess reagent (modigied) 215-981-2 solid","Griess reagent (modigied) 215-981-2 solid 10 g /ขวด",,,,10,g,ขวด,
AS195869,"N,N-dimethylnaphthylamine 86-56-6 powder","N,N-dimethylnaphthylamine 86-56-6 powder 100 g /ขวด",,,,100,g,ขวด,
AS195868,"4% PFA (Paraformaldehyde) 30525-89-4 liquid","4% PFA (Paraformaldehyde) 30525-89-4 liquid 250 ml /ขวด",,,,250,mL,ขวด,
AS195867,"ABTS (2,2'-azino-bis (3-ethylbenzthiazoline-6-sulphonic acid) 30931-67-0 analytical standard powder","ABTS (2,2'-azino-bis (3-ethylbenzthiazoline-6-sulphonic acid) 30931-67-0 analytical standard powder 2 g /ขวด",,,,2,g,ขวด,
AS195858,"ยาลดกรดในกระเพาะอาหารแบบเม็ด 1 แผง เม็ด","ยาลดกรดในกระเพาะอาหารแบบเม็ด 1 แผง เม็ด /แผง",,,,,,แผง,YES
AS195854,"Velvesil 125 (Cyclopentasiloxane (and) C30-45 Alkyl Cetearyl Dimethicone Crosspolymer","Velvesil 125 (Cyclopentasiloxane (and) C30-45 Alkyl Cetearyl Dimethicone Crosspolymer) 1 kg /ขวด",,,,1,kg,ขวด,
AS195851,"Tributyl citrate","Tributyl citrate 100 g /ขวด",,,,100,g,ขวด,
AS195850,"Tributyl citrate","Tributyl citrate 50 g /ขวด",,,,50,g,ขวด,
AS195849,"Tranexamic acid","Tranexamic acid 25 g /ขวด",,,,25,g,ขวด,
AS195848,"TETRAAMINOPYRIMIDINE SULFATE","TETRAAMINOPYRIMIDINE SULFATE 100 g /ขวด",,,,100,g,ขวด,
AS195847,"TETRAAMINOPYRIMIDINE SULFATE","TETRAAMINOPYRIMIDINE SULFATE 50 g /ขวด",,,,50,g,ขวด,
AS195846,"TETRAAMINOPYRIMIDINE SULFATE","TETRAAMINOPYRIMIDINE SULFATE 10 g /ขวด",,,,10,g,ขวด,
AS195845,"SWD 7556 Titanium dioxide (สีขาว","SWD 7556 Titanium dioxide (สีขาว) 1 kg /ขวด",,,,1,kg,ขวด,
AS195844,"SWD 7556 Titanium dioxide (สีขาว","SWD 7556 Titanium dioxide (สีขาว) 500 g /ขวด",,,,500,g,ขวด,
AS195843,"SWD 7556 Titanium dioxide (สีขาว","SWD 7556 Titanium dioxide (สีขาว) 200 g /ขวด",,,,200,g,ขวด,
AS195842,"SWD 5073 Yellow iron oxide","SWD 5073 Yellow iron oxide 1 kg /ขวด",,,,1,kg,ขวด,
AS195841,"SWD 5073 Yellow iron oxide","SWD 5073 Yellow iron oxide 500 g /ขวด",,,,500,g,ขวด,
AS195840,"SWD 5018 Ultrimaline blue (สีน้ำเงิน","SWD 5018 Ultrimaline blue (สีน้ำเงิน) 1 kg /ขวด",,,,1,kg,ขวด,
AS195839,"SWD 5018 Ultrimaline blue (สีน้ำเงิน","SWD 5018 Ultrimaline blue (สีน้ำเงิน) 500 g /ขวด",,,,500,g,ขวด,
AS195838,"SWD 4519 DC Red 6 Na (สีส้ม","SWD 4519 DC Red 6 Na (สีส้ม) 1 kg /ขวด",,,,1,kg,ขวด,
AS195837,"SWD 4519 DC Red 6 Na (สีส้ม","SWD 4519 DC Red 6 Na (สีส้ม) 500 g /ขวด",,,,500,g,ขวด,
AS195836,"SWD 4512 DC Red 7 Ca (สีแดง","SWD 4512 DC Red 7 Ca (สีแดง) 1 kg /ขวด",,,,1,kg,ขวด,
AS195835,"SWD 4512 DC Red 7 Ca (สีแดง","SWD 4512 DC Red 7 Ca (สีแดง) 500 g /ขวด",,,,500,g,ขวด,
AS195834,"SWD 4512 DC Red 7 Ca (สีแดง","SWD 4512 DC Red 7 Ca (สีแดง) 200 g /ขวด",,,,200,g,ขวด,
AS195832,"Sodium C14-16 olefin sulfonate","Sodium C14-16 olefin sulfonate 1 kg /ขวด",,,,1,kg,ขวด,
AS195831,"SFE839 (Cyclopentasiloxane (and) Dimethicone (and) Dimethicone/Vinyl Dimethicone Crosspolymer","SFE839 (Cyclopentasiloxane (and) Dimethicone (and) Dimethicone/Vinyl Dimethicone Crosspolymer) 5 kg /ขวด",,,,5,kg,ขวด,
AS195829,Resorcinol,"Resorcinol 500 g /ขวด",,,,500,g,ขวด,
AS195828,"Propylene carbonate","Propylene carbonate 1 kg /ขวด",,,,1,kg,ขวด,
AS195827,Propanediol,"Propanediol 1 kg /ขวด",,,,1,kg,ขวด,
AS195825,"Potassium cetyl phosphate","Potassium cetyl phosphate 100 g /ขวด",,,,100,g,ขวด,
AS195816,"Pentylene glycol","Pentylene glycol 1 kg /ขวด",,,,1,kg,ขวด,
AS195811,"Melatonin Forte","Melatonin Forte 100 g /ขวด",,,,100,g,ขวด,
AS195806,"Lauryl PEG-9 polydimethylsiloxyethyl dimethicone","Lauryl PEG-9 polydimethylsiloxyethyl dimethicone 1 kg /ขวด",,,,1,kg,ขวด,
AS195805,"Lauryl PEG-9 polydimethylsiloxyethyl dimethicone","Lauryl PEG-9 polydimethylsiloxyethyl dimethicone 500 g /ขวด",,,,500,g,ขวด,
AS195800,"Gluconolactone (and) Sodium benzoate","Gluconolactone (and) Sodium benzoate 100 g /ขวด",,,,100,g,ขวด,
AS195799,"Gluconolactone (and) Sodium benzoate","Gluconolactone (and) Sodium benzoate 50 g /ขวด",,,,50,g,ขวด,
AS195798,"Gluconolactone (and) Sodium benzoate","Gluconolactone (and) Sodium benzoate 10 g /ขวด",,,,10,g,ขวด,
AS195793,"Ethyl ascorbic acid","Ethyl ascorbic acid 100 g /ขวด",,,,100,g,ขวด,
AS195792,"Ethyl ascorbic acid","Ethyl ascorbic acid 50 g /ขวด",,,,50,g,ขวด,
AS195791,"Ethyl ascorbic acid","Ethyl ascorbic acid 25 g /ขวด",,,,25,g,ขวด,
AS195790,"Disodium laureth sulfosuccinate","Disodium laureth sulfosuccinate 1 kg /ขวด",,,,1,kg,ขวด,
AS195788,"Dimethicone 1 Secs","Dimethicone 1 Secs 100 g /ขวด",,,,100,g,ขวด,
AS195782,"Capryloyl salicylic acid","Capryloyl salicylic acid 100 g /ขวด",,,,100,g,ขวด,
AS195781,"Capryloyl salicylic acid","Capryloyl salicylic acid 50 g /ขวด",,,,50,g,ขวด,
AS195780,"Capryloyl salicylic acid","Capryloyl salicylic acid 25 g /ขวด",,,,25,g,ขวด,
AS195778,"MONTANOV L (C14-22 alcohols (and) C12-20 alkyl glucoside","MONTANOV L (C14-22 alcohols (and) C12-20 alkyl glucoside) 1 kg /ขวด",,,,1,kg,ขวด,
AS195777,"Bis-PEG-18 Methyl Ether Dimethyl silane","Bis-PEG-18 Methyl Ether Dimethyl silane 500 g /ขวด",,,,500,g,ขวด,
AS195776,"Bis-PEG-18 Methyl Ether Dimethyl silane","Bis-PEG-18 Methyl Ether Dimethyl silane 100 g /ขวด",,,,100,g,ขวด,
AS195775,"Bis-PEG-18 Methyl Ether Dimethyl silane","Bis-PEG-18 Methyl Ether Dimethyl silane 50 g /ขวด",,,,50,g,ขวด,
AS195766,"Ascorbyl glucoside (AA-2G","Ascorbyl glucoside (AA-2G) 100 g /ขวด",,,,100,g,ขวด,
AS195765,"Ascorbyl glucoside (AA-2G","Ascorbyl glucoside (AA-2G) 25 g /ขวด",,,,25,g,ขวด,
AS195760,"6-AMINO-m-CRESOL >98.0%(GC)(T","6-AMINO-m-CRESOL >98.0%(GC)(T) 500 g /ขวด",,,,500,g,ขวด,
AS195759,"6-AMINO-m-CRESOL >98.0%(GC)(T","6-AMINO-m-CRESOL >98.0%(GC)(T) 100 g /ขวด",,,,100,g,ขวด,
AS195758,"6-AMINO-m-CRESOL >98.0%(GC)(T","6-AMINO-m-CRESOL >98.0%(GC)(T) 25 g /ขวด",,,,25,g,ขวด,
AS195757,"5-amino-o-cresol >98.0%(GC)(T","5-amino-o-cresol >98.0%(GC)(T) 500 g /ขวด",,,,500,g,ขวด,
AS195756,"5-amino-o-cresol >98.0%(GC)(T","5-amino-o-cresol >98.0%(GC)(T) 100 g /ขวด",,,,100,g,ขวด,
AS195755,"5-amino-o-cresol >98.0%(GC)(T","5-amino-o-cresol >98.0%(GC)(T) 25 g /ขวด",,,,25,g,ขวด,
AS195751,"4-(METHYLAMINO)PHENOL SULFATE >98.0%()(N","4-(METHYLAMINO)PHENOL SULFATE >98.0%(HPLC)(N) 500 g /ขวด",,,HPLC,500,g,ขวด,
AS195750,"4-(METHYLAMINO)PHENOL SULFATE >98.0%()(N","4-(METHYLAMINO)PHENOL SULFATE >98.0%(HPLC)(N) 100 g /ขวด",,,HPLC,100,g,ขวด,
AS195749,"4-(METHYLAMINO)PHENOL SULFATE >98.0%()(N","4-(METHYLAMINO)PHENOL SULFATE >98.0%(HPLC)(N) 25 g /ขวด",,,HPLC,25,g,ขวด,
AS195748,"4-CHLORORESORCINOL >98.0%(GC)(T","4-CHLORORESORCINOL >98.0%(GC)(T) 500 g /ขวด",,,,500,g,ขวด,
AS195747,"4-CHLORORESORCINOL >98.0%(GC)(T","4-CHLORORESORCINOL >98.0%(GC)(T) 100 g /ขวด",,,,100,g,ขวด,
AS195746,"4-CHLORORESORCINOL >98.0%(GC)(T","4-CHLORORESORCINOL >98.0%(GC)(T) 25 g /ขวด",,,,25,g,ขวด,
AS195745,"4-aminophenol >98.0%(GC)(T","4-aminophenol >98.0%(GC)(T) 500 g /ขวด",,,,500,g,ขวด,
AS195744,"4-aminophenol >98.0%(GC)(T","4-aminophenol >98.0%(GC)(T) 100 g /ขวด",,,,100,g,ขวด,
AS195743,"4-aminophenol >98.0%(GC)(T","4-aminophenol >98.0%(GC)(T) 25 g /ขวด",,,,25,g,ขวด,
AS195742,"4-Amino-m-cresol >98.0%(GC)(T","4-Amino-m-cresol >98.0%(GC)(T) 500 g /ขวด",,,,500,g,ขวด,
AS195741,"4-Amino-m-cresol >98.0%(GC)(T","4-Amino-m-cresol >98.0%(GC)(T) 100 g /ขวด",,,,100,g,ขวด,
AS195740,"4-Amino-m-cresol >98.0%(GC)(T","4-Amino-m-cresol >98.0%(GC)(T) 25 g /ขวด",,,,25,g,ขวด,
AS195739,"4-AMINO-3-NITROPHENOL >97.0%(T","4-AMINO-3-NITROPHENOL >97.0%(T) 500 g /ขวด",,,,500,g,ขวด,
AS195738,"4-AMINO-3-NITROPHENOL >97.0%(T","4-AMINO-3-NITROPHENOL >97.0%(T) 100 g /ขวด",,,,100,g,ขวด,
AS195737,"4-AMINO-3-NITROPHENOL >97.0%(T","4-AMINO-3-NITROPHENOL >97.0%(T) 25 g /ขวด",,,,25,g,ขวด,
AS195736,"3-methyl-1-phenyl-5-pyrazolone >98.0%()(T","3-methyl-1-phenyl-5-pyrazolone >98.0%(HPLC)(T) 500 g /ขวด",,,HPLC,500,g,ขวด,
AS195735,"3-methyl-1-phenyl-5-pyrazolone >98.0%()(T","3-methyl-1-phenyl-5-pyrazolone >98.0%(HPLC)(T) 100 g /ขวด",,,HPLC,100,g,ขวด,
AS195734,"3-methyl-1-phenyl-5-pyrazolone >98.0%()(T","3-methyl-1-phenyl-5-pyrazolone >98.0%(HPLC)(T) 25 g /ขวด",,,HPLC,25,g,ขวด,
AS195733,"3-aminophenol >98.5%(GC)(T","3-aminophenol >98.5%(GC)(T) 500 g /ขวด",,,,500,g,ขวด,
AS195732,"3-aminophenol >98.5%(GC)(T","3-aminophenol >98.5%(GC)(T) 100 g /ขวด",,,,100,g,ขวด,
AS195731,"3-aminophenol >98.5%(GC)(T","3-aminophenol >98.5%(GC)(T) 25 g /ขวด",,,,25,g,ขวด,
AS195730,"30% Sodium lauroyl sarcosinate","30% Sodium lauroyl sarcosinate 1 kg /ขวด",,,,1,kg,ขวด,
AS195729,"30% Cetrimonium chloride","30% Cetrimonium chloride 1 kg /ขวด",,,,1,kg,ขวด,
AS195728,"2-Nitro-1,4-phenylenediamine >94.0%(T","2-Nitro-1,4-phenylenediamine >94.0%(T) 500 g /ขวด",,,,500,g,ขวด,
AS195727,"2-Nitro-1,4-phenylenediamine >94.0%(T","2-Nitro-1,4-phenylenediamine >94.0%(T) 100 g /ขวด",,,,100,g,ขวด,
AS195726,"2-Nitro-1,4-phenylenediamine >94.0%(T","2-Nitro-1,4-phenylenediamine >94.0%(T) 25 g /ขวด",,,,25,g,ขวด,
AS195725,"2-METHYLRESORCINOL >98.0%(GC","2-METHYLRESORCINOL >98.0%(GC) 500 g /ขวด",,,,500,g,ขวด,
AS195724,"2-METHYLRESORCINOL >98.0%(GC","2-METHYLRESORCINOL >98.0%(GC) 100 g /ขวด",,,,100,g,ขวด,
AS195723,"2-METHYLRESORCINOL >98.0%(GC","2-METHYLRESORCINOL >98.0%(GC) 25 g /ขวด",,,,25,g,ขวด,
AS195722,"2-Chloro-1,4-phenylenediamine Sulfate >98.0%()(N","2-Chloro-1,4-phenylenediamine Sulfate >98.0%(HPLC)(N) 500 g /ขวด",,,HPLC,500,g,ขวด,
AS195721,"2-Chloro-1,4-phenylenediamine Sulfate >98.0%()(N) ขวด","2-Chloro-1,4-phenylenediamine Sulfate >98.0%(HPLC)(N) 100 g ขวด",,,HPLC,100,g,,
AS195720,"2-Chloro-1,4-phenylenediamine Sulfate >98.0%()(N","2-Chloro-1,4-phenylenediamine Sulfate >98.0%(HPLC)(N) 25 g /ขวด",,,HPLC,25,g,ขวด,
AS195719,"2-amino-4-nitrophenol >98.0%(T) ขวด","2-amino-4-nitrophenol >98.0%(T) 500 g ขวด",,,,500,g,,
AS195718,"2-amino-4-nitrophenol >98.0%(T","2-amino-4-nitrophenol >98.0%(T) 100 g /ขวด",,,,100,g,ขวด,
AS195717,"2-AMINO-3-HYDROXYPYRIDINE >98.0%()(T","2-AMINO-3-HYDROXYPYRIDINE >98.0%(HPLC)(T) 100 g /ขวด",,,HPLC,100,g,ขวด,
AS195716,"2-AMINO-3-HYDROXYPYRIDINE >98.0%()(T","2-AMINO-3-HYDROXYPYRIDINE >98.0%(HPLC)(T) 25 g /ขวด",,,HPLC,25,g,ขวด,
AS195715,"2,7-Dihydroxynaphthalene >99.0%(GC","2,7-Dihydroxynaphthalene >99.0%(GC) 500 g /ขวด",,,,500,g,ขวด,
AS195714,"2,7-Dihydroxynaphthalene >99.0%(GC","2,7-Dihydroxynaphthalene >99.0%(GC) 100 g /ขวด",,,,100,g,ขวด,
AS195713,"2,7-Dihydroxynaphthalene >99.0%(GC","2,7-Dihydroxynaphthalene >99.0%(GC) 25 g /ขวด",,,,25,g,ขวด,
AS195712,"2,6-Bis[(2-hydroxyethyl) amino] toluene >98.0%(GC)(T","2,6-Bis[(2-hydroxyethyl) amino] toluene >98.0%(GC)(T) 100 g /ขวด",,,,100,g,ขวด,
AS195711,"2,6-Bis[(2-hydroxyethyl) amino] toluene >98.0%(GC)(T","2,6-Bis[(2-hydroxyethyl) amino] toluene >98.0%(GC)(T) 25 g /ขวด",,,,25,g,ขวด,
AS195710,"2,5-Diaminotoluene Sulfate >98.0%()(T","2,5-Diaminotoluene Sulfate >98.0%(HPLC)(T) 500 g /ขวด",,,HPLC,500,g,ขวด,
AS195709,"2,5-Diaminotoluene Sulfate >98.0%()(T","2,5-Diaminotoluene Sulfate >98.0%(HPLC)(T) 100 g /ขวด",,,HPLC,100,g,ขวด,
AS195708,"2,5-Diaminotoluene Sulfate >98.0%()(T","2,5-Diaminotoluene Sulfate >98.0%(HPLC)(T) 25 g /ขวด",,,HPLC,25,g,ขวด,
AS195707,"2,4,5,6-Tetraaminopyrimidine Sulfate >98.0%(T","2,4,5,6-Tetraaminopyrimidine Sulfate >98.0%(T) 100 g /ขวด",,,,100,g,ขวด,
AS195706,"2,4,5,6-Tetraaminopyrimidine Sulfate >98.0%(T","2,4,5,6-Tetraaminopyrimidine Sulfate >98.0%(T) 25 g /ขวด",,,,25,g,ขวด,
AS195705,"1,4-Phenylenediamine Sulfate >98.0%(GC)(T","1,4-Phenylenediamine Sulfate >98.0%(GC)(T) 500 g /ขวด",,,,500,g,ขวด,
AS195704,"1,4-Phenylenediamine Sulfate >98.0%(GC)(T","1,4-Phenylenediamine Sulfate >98.0%(GC)(T) 100 g /ขวด",,,,100,g,ขวด,
AS195703,"1,4-Phenylenediamine Sulfate >98.0%(GC)(T","1,4-Phenylenediamine Sulfate >98.0%(GC)(T) 25 g /ขวด",,,,25,g,ขวด,
AS195702,"ชุดทดสอบยาปฏิชีวนะและยาต้านจุลชีพในนมและผลิตภัณฑ์นม liquid 100 ตัวอย่าง","ชุดทดสอบยาปฏิชีวนะและยาต้านจุลชีพในนมและผลิตภัณฑ์นม liquid 100 ตัวอย่าง /กล่อง",,,,,,กล่อง,YES
AS195701,"ชุดทดสอบสเตียรอยด์ในเครื่องสำอาง liquid 10 ตัวอย่าง","ชุดทดสอบสเตียรอยด์ในเครื่องสำอาง liquid 10 ตัวอย่าง /กล่อง",,,,,,กล่อง,YES
AS195700,"ชุดทดสอบ Humasis Influenza A/B antigen test liquid 25 ตัวอย่าง","ชุดทดสอบ Humasis Influenza A/B antigen test liquid 25 ตัวอย่าง /กล่อง",,,,,,กล่อง,YES
AS195699,"Ammonium Peroxodisulphate","Ammonium Peroxodisulphate 1000 g /ขวด",,,,1000,g,ขวด,
AS195696,"Methyl orange,solution","Methyl orange,solution 12 ml /ขวด",,,,12,mL,ขวด,
AS195695,ตลับกรองกรดแก๊สและไอสารอินทรีย์,"ตลับกรองกรดแก๊สและไอสารอินทรีย์ /ชิ้น",,,,,,ชิ้น,YES
AS195694,"Zirconyl chloride octahydrate","Zirconyl chloride octahydrate 100 g /ขวด",,,,100,g,ขวด,
AS195692,"Ammonium metavanedate","Ammonium metavanedate 100 g /ขวด",,,,100,g,ขวด,
AS195687,"Ripa Buffer Sterile Filtered","Ripa Buffer Sterile Filtered 500 ml /ขวด",,,,500,mL,ขวด,
AS195690,"Trypan Blue Stain","Trypan Blue Stain 100 ml /ขวด",,,,100,mL,ขวด,
AS195689,"Phosphate-Buffered Saline (PBS","Phosphate-Buffered Saline (PBS) 500 ml /ขวด",,,,500,mL,ขวด,
AS195682,"50% dextrose solution .","50% dextrose solution 50ml. /ขวด",,,,50,mL,ขวด,
AS195498,"Zinc sulfate heptahydrate [ZnSO4·7H2O] grade ,Solid","Zinc sulfate heptahydrate [ZnSO4·7H2O] cas no.7446-20-0 AR grade ,Solid 500 g /ขวด",7446-20-0,,AR,500,g,ขวด,
AS195495,"Manganese (II) Sulfate tetrahydrate [MnSO4·4H2O] grade ,Solid","Manganese (II) Sulfate tetrahydrate [MnSO4·4H2O] cas no.10101-68-5 AR grade ,Solid 1 kg /ขวด",10101-68-5,,AR,1,kg,ขวด,
AS195677,"แอลกอฮอล์เจล 75% หัวปั๊ม . /1 ขวด","แอลกอฮอล์เจล 75% หัวปั๊ม 500 ml. /1 ขวด",,,,500,mL,,
AS195660,"Xylenol orange liquid /1 ขวด","Xylenol orange 5 g liquid /1 ขวด",,,,5,g,,
AS195659,"Phloroglucinol liquid /1 ขวด","Phloroglucinol 1 g liquid /1 ขวด",,,,1,g,,
AS195658,"optochin disc solid 5 หลอด","optochin disc solid 5 หลอด /แพ็ค",,,,,,แพ็ค,YES
AS195657,"novobiocin disc solid 5 หลอด","novobiocin disc solid 5 หลอด /แพ็ค",,,,,,แพ็ค,YES
AS195656,"Fecal occult blood test classette ""25 test/kit"" (100ng) 100 ng solid 25 test","Fecal occult blood test classette ""25 test/kit"" (100ng) 100 ng solid 25 test /แพ็ค",,,,,,แพ็ค,YES
AS195655,"Ceftaroline Disc solid 5 หลอด","Ceftaroline Disc 30 ug solid 5 หลอด /แพ็ค",,,,30,ug,แพ็ค,
AS195654,"Bilirubin liquid /1 ขวด","Bilirubin 1 g liquid /1 ขวด",,,,1,g,,
AS195653,"Albumin from human serum liquid /1 ขวด","Albumin from human serum 1 g liquid /1 ขวด",,,,1,g,,
AS195676,"Test tube (plastic) solid 13*100 mm","Test tube (plastic) solid 13*100 mm 500 ชิ้น /แพ็ค",,,,500,pcs,แพ็ค,
AS195675,"Plate Elisa strip (469949) solid 10 กล่องเล็ก","Plate Elisa strip (469949) solid 10 กล่องเล็ก /กล่อง",,,,,,กล่อง,YES
AS195674,"microtube, clear solid /1 แพ็ค","microtube, clear solid 0.6 ml /1 แพ็ค",,,,0.6,mL,,
AS195673,"immunoplate solid 100 ชิ้น","immunoplate solid 100 ชิ้น 100 ชิ้น /กล่อง",,,,100,pcs,กล่อง,
AS195672,"gel loading tip 200 ul higed rack solid /1 กล่อง","gel loading tip 200 ul higed rack solid 200 ul /1 กล่อง",,,,200,uL,,
AS195671,"gel loading tip 200 ul solid /1 แพ็ค","gel loading tip 200 ul solid 200 ul /1 แพ็ค",,,,200,uL,,
AS195670,"Filters Tips Sterile Low retention, 960/PKG (1pg-ufpt-f--200L 200uL) solid /1 แพ็ค","Filters Tips Sterile Low retention, 960/PKG (1pg-ufpt-f--200L 200uL) solid 200 ul /1 แพ็ค",,,,200,uL,,
AS195669,"Filters Tips Sterile Low retention, 960/PKG (1pg-ufpt-f-10L: 0.1-10uL solid /1 แพ็ค","Filters Tips Sterile Low retention, 960/PKG (1pg-ufpt-f-10L: 0.1-10uL solid 10 ul /1 แพ็ค",,,,10,uL,,
AS195668,"EDTA Blood tube สูญญากาศ solid /1 แพ็ค","EDTA Blood tube สูญญากาศ solid 6 ml /1 แพ็ค",,,,6,mL,,
AS195667,"Cotton swab (Steriled) 3-/ซอง solid 50 ซอง","Cotton swab (Steriled) 3-5 ชิ้น/ซอง solid 50 ซอง /แพ็ค",,,,5,pcs,แพ็ค,
AS195666,"DG Gel Rh Pheno 100 test solid/gel 50*2 cards 1 cards กล่อง","DG Gel Rh Pheno 100 test solid/gel 50*2 cards 1 cards กล่อง",,,,,,,YES
AS195665,"Anti-Mia liquid /1 ขวด","Anti-Mia liquid 5 ml /1 ขวด",,,,5,mL,,
AS195664,"DiaCidel solid 1*10 test /1 ชุด","DiaCidel solid 1*10 test /1 ชุด",,,,,,,YES
AS195663,"Anti - E liquid /1 ขวด","Anti - E liquid 5 ml /1 ขวด",,,,5,mL,,
AS195662,"Anti - c liquid /1 ขวด","Anti - c liquid 5 ml /1 ขวด",,,,5,mL,,
AS195661,"Sodium Carbonate anhydrous (Na2CO3) solid /1 ขวด","Sodium Carbonate anhydrous (Na2CO3) solid 500 g /1 ขวด",,,,500,g,,
AS195652,"Polyvinyl alcohol (P.V.A.) (CH2CHOH)n9002-89-5 solid","Polyvinyl alcohol (P.V.A.) (CH2CHOH)n9002-89-5 AR solid 500 g /ขวด",,,AR,500,g,ขวด,
AS195651,"2-Chloro-4-nitrophenyl-α-D-maltotrioside ≥96.0% C24H34CINO18118291-90-0 solid .","2-Chloro-4-nitrophenyl-α-D-maltotrioside ≥96.0% C24H34CINO18118291-90-0 HPLC solid 100 mg. /ขวด",,,HPLC,100,mg,ขวด,
AS195629,"Sodium acetate anhydrous CH3COONa127-09-3 power 1 ขวด","Sodium acetate anhydrous CH3COONa127-09-3 AR power 500 g 1 ขวด /ขวด",,,AR,500,g,ขวด,
AS195628,"Zinc standard solution 1000 ppm -- Analytical standard liquid 1 ขวด","Zinc standard solution 1000 ppm -- Analytical standard liquid 500 ml 1 ขวด /ขวด",,,,500,mL,ขวด,
AS195627,"Sulfa ver 4 reagent powder pillows -- - powder - - 100 ซอง","Sulfa ver 4 reagent powder pillows -- - powder - - 100 ซอง /แพ็ค",,,,,,แพ็ค,YES
AS195626,"Soda lime CaHNaO28006-28-8 solid 1 ขวด","Soda lime CaHNaO28006-28-8 AR solid 1000 g 1 ขวด /ขวด",,,AR,1000,g,ขวด,
AS195625,"2,6-Dichlorophenol Indophenol Sodium Salt Dihydrate C12H6NNa.2H2O620-45-1 powder 1 ขวด","2,6-Dichlorophenol Indophenol Sodium Salt Dihydrate C12H6NNa.2H2O620-45-1 AR powder 5 g 1 ขวด /ขวด",,,AR,5,g,ขวด,
AS195624,"Glyphosate {N-(phosphonomethyl) glycine] C3H8NO5P1071-83-6 solid 1 ขวด","Glyphosate {N-(phosphonomethyl) glycine] C3H8NO5P1071-83-6 AR solid 5 g 1 ขวด /ขวด",,,AR,5,g,ขวด,
AS195623,"Murashige & Skoog (MS) Medium -- solid 1 ขวด","Murashige & Skoog (MS) Medium -- AR solid 500 g 1 ขวด /ขวด",,,AR,500,g,ขวด,
AS195622,"Genomic DNA isolation kit from tissue -- Molecular liquid - - 50 preps","Genomic DNA isolation kit from tissue -- Molecular liquid - - 50 preps /กล่อง",,,,,,กล่อง,YES
AS195621,"Iron standard solution 1000 ppm -- Analytical standard liquid 1 ขวด","Iron standard solution 1000 ppm -- Analytical standard liquid 500 ml 1 ขวด /ขวด",,,,500,mL,ขวด,
AS195620,"Gum arabic (from acacia tree) -9000-01-5 solid 1 ขวด","Gum arabic (from acacia tree) -9000-01-5 AR solid 500 g 1 ขวด /ขวด",,,AR,500,g,ขวด,
AS195618,"L-arginine Food","L-arginine Food 1 kg /ถุง",,,,1,kg,ถุง,
AS195612,"AZELOGLICINA (Potassium azeloyl diglycinate","AZELOGLICINA (Potassium azeloyl diglycinate) 1 kg /ขวด",,,,1,kg,ขวด,
AS195611,"Lipsi Red 70ER","Lipsi Red 70ER 1 kg /ขวด",,,,1,kg,ขวด,
AS195609,"Dextrose 5%","Dextrose 5% AR 100 ml /ขวด",,,AR,100,mL,ขวด,
AS195606,"Lake Brilliant Blue Com","Lake Brilliant Blue Com 1 kg /ขวด",,,,1,kg,ขวด,
AS195604,"Methyl cellulose 1500","Methyl cellulose 1500 AR 100 g /ถุง",,,AR,100,g,ถุง,
AS195603,"Magnesium sulfate","Magnesium sulfate AR 1 kg /ถุง",,,AR,1,kg,ถุง,
AS195602,"Magnesium carbonate (LIGHT","Magnesium carbonate (LIGHT) EXTRA PURE 500 g /ขวด",,,"EXTRA PURE",500,g,ขวด,
AS195600,"Sterile water for injection 50 ขวด","Sterile water for injection AR 5 ml 50 ขวด /กล่อง",,,AR,5,mL,กล่อง,
AS195599,"Sodium hydroxide","Sodium hydroxide AR 500 g /ขวด",,,AR,500,g,ขวด,
AS195598,"X-V FACTOR solid","X-V FACTOR solid /หลอด",,,,,,หลอด,YES
AS195597,"V-FACTOR solid","V-FACTOR solid /หลอด",,,,,,หลอด,YES
AS195596,"X-FACTOR solid","X-FACTOR solid /หลอด",,,,,,หลอด,YES
AS195595,"Meropenem MRP solid 5 หลอด","Meropenem MRP solid 10 MCG 5 หลอด /แพ็ค",,,,10,ug,แพ็ค,
AS195594,"CEFOTAXIME solid 5 หลอด","CEFOTAXIME solid 30 MCG 5 หลอด /แพ็ค",,,,30,ug,แพ็ค,
AS195593,"Ertapenem ETP solid 5 หลอด","Ertapenem ETP solid 10 MCG 5 หลอด /แพ็ค",,,,10,ug,แพ็ค,
AS195592,"STREPTOMYCIN HLS solid 5 หลอด","STREPTOMYCIN HLS solid 300 MCG 5 หลอด /แพ็ค",,,,300,ug,แพ็ค,
AS195591,"KETOCONAZOLE KT solid 5 หลอด","KETOCONAZOLE KT solid 10 MCG 5 หลอด /แพ็ค",,,,10,ug,แพ็ค,
AS195590,"AZTREONAM solid 5 หลอด","AZTREONAM solid 30 MCG 5 หลอด /แพ็ค",,,,30,ug,แพ็ค,
AS195589,"TETRACYCLINE TE solid 5 หลอด","TETRACYCLINE TE solid 10 MCG 5 หลอด /แพ็ค",,,,10,ug,แพ็ค,
AS195588,"FLUCONAZOLE FLC solid 5 หลอด","FLUCONAZOLE FLC solid 10 MCG 5 หลอด /แพ็ค",,,,10,ug,แพ็ค,
AS195587,"AMPICILLIN solid 5 หลอด","AMPICILLIN solid 30 MCG 5 หลอด /แพ็ค",,,,30,ug,แพ็ค,
AS195586,"AMPICILLIN AMP solid 5 หลอด","AMPICILLIN AMP solid 2 MCG 5 หลอด /แพ็ค",,,,2,ug,แพ็ค,
AS195585,"FLUCONAZOLE EZY MIC STRIP solid 30 ST 30 STRIPS","FLUCONAZOLE EZY MIC STRIP solid 30 ST 30 STRIPS /แพ็ค",,,,,,แพ็ค,YES
AS195584,"SPORE STRIPS, solid 25 STRIPS","SPORE STRIPS, solid 25 STRIPS /แพ็ค",,,,,,แพ็ค,YES
AS195583,"Ethanol absolute C2H5OH Liquid","Ethanol absolute C2H5OHcas no.64175 Liquid 4 ลิตร /ขวด",64-17-5,,,4,L,ขวด,
AS195582,"Potassium metabisulfite K2S2O5, Solid .","Potassium metabisulfite K2S2O5cas no.16731-55-8 AR, Solid 1 กก. /ขวด",16731-55-8,,AR,1,kg,ขวด,
AS195581,"Ammonium iron (II) sulfate hexahydrate (NH4)2Fe(SO4)2·6H2O, Solid .","Ammonium iron (II) sulfate hexahydrate (NH4)2Fe(SO4)2·6H2Ocas no.7783-85-9 AR, Solid 1 กก. /ขวด",7783-85-9,,AR,1,kg,ขวด,
AS195580,"Magnesium sulphate heptahydrate MgSO4·7H2O, Solid .","Magnesium sulphate heptahydrate MgSO4·7H2Ocas no.10034998 AR, Solid 1 กก. /ขวด",10034-99-8,,AR,1,kg,ขวด,
AS195579,"Acetylacetone , grade Liquid","Acetylacetone [C6H12O6] cas no.123-54-6 ,AR grade Liquid 1 ลิตร /ขวด",123-54-6,C6H12O6,AR,1,L,ขวด,
AS195578,"Myo-Inositol , grade Solid","Myo-Inositol [C6H12O6] cas no.87-89-8 ,AR grade Solid 100 กรัม /ขวด",87-89-8,C6H12O6,AR,100,g,ขวด,
AS195577,"SafeView FireRed หลอด","SafeView FireRed 1 ml หลอด /หลอด",,,,1,mL,หลอด,
AS195575,"สกิม มิลล์ เอการ์ (Skim milk agar) ขวด","สกิม มิลล์ เอการ์ (Skim milk agar) 500 g ขวด /ขวด",,,,500,g,ขวด,
AS195569,"Liquid paraffin grade/Liquid","Liquid paraffin grade BP/Liquid 800 g /ขวด",,,BP,800,g,ขวด,
AS195568,"Amaranth grade/Solid","Amaranth grade AR/Solid 50 g /ขวด",,,AR,50,g,ขวด,
AS195567,"Mefenamic acid grade/Solid","Mefenamic acid grade AR/Solid 50 g /ขวด",,,AR,50,g,ขวด,
AS195563,"Anti-Human IgG (H+L) Antibody ,Peroxidase labeled ,Liquids","Anti-Human IgG (H+L) Antibody ,Peroxidase labeled ,Liquids 1 mg / pack",,,,1,mg,pack,
AS195561,"TMB CHROMOGEN SOLUTION ,Liquids","TMB CHROMOGEN SOLUTION ,Liquids 500 ml / BOTTLE",,,,500,mL,BOTTLE,
AS195560,"Extrelut NT","Extrelut NT cas no.68855-54-9 /Set",68855-54-9,,,,,Set,YES
AS195559,"n-Hexane 95% PR , grade ,Liquids","n-Hexane 95% PR [C6H14]cas no.110-54-3 ,HPLC grade ,Liquids 2.5 L /bot",110-54-3,C6H14,HPLC,2.5,L,bot,
AS195558,"Dichloromethane ,HPLC grade ,Liquids","Dichloromethane HPLC [CH2Cl2]cas no.75-09-2 ,HPLC grade ,Liquids 2.5 L /bot",75-09-2,CH2Cl2,HPLC,2.5,L,bot,
AS195557,"Potassium antimony tartrate Lab [C4H4O6.1/2H2O] , grade","Potassium antimony tartrate Lab [C4H4O6.1/2H2O]cas no.28300-74-5 ,Ar grade 500 g /bot",28300-74-5,,AR,500,g,bot,
AS195556,"Phenol crystals synthesis","Phenol crystals synthesis [C6H5OH]cas no.108-95-2 500 g /bot",108-95-2,C6H5OH,,500,g,bot,
AS195555,"Ethanol absolute (HDPE) 99.7% , grade ,Liquids","Ethanol absolute (HDPE) 99.7% [C2H5OH]cas no.64-17-5 ,ACS grade ,Liquids 2.5 L /bot",64-17-5,C2H5OH,ACS,2.5,L,bot,
AS195554,"Caffeine (and) Phytosphingosine (Active Caffeine™) , grade cosmetic ,solid","Caffeine (and) Phytosphingosine (Active Caffeine™) , grade cosmetic ,solid 100 g /Pack",,,,100,g,Pack,
AS195553,"Calcium Thioglycolate , grade cosmetic ,solid","Calcium Thioglycolate , grade cosmetic ,solid 1 kg /Pack",,,,1,kg,Pack,
AS195552,"Sodium sulfite , grade cosmetic ,solid","Sodium sulfite , grade cosmetic ,solid 25 kg /Pack",,,,25,kg,Pack,
AS195551,"p-phenylenediamine [Rodol D Type J ] , grade cosmetic ,solid","p-phenylenediamine [Rodol D Type J ] , grade cosmetic ,solid 25 kg /Pack",,,,25,kg,Pack,
AS195549,"Bronidox L , grade cosmetic ,liquid","Bronidox L , grade cosmetic ,liquid 1 kg /GL",,,,1,kg,GL,
AS195550,"Stearamidopropyl dimethylamine (Lemamine S-13) , grade cosmetic ,solid","Stearamidopropyl dimethylamine (Lemamine S-13) , grade cosmetic ,solid 1 kg /GL",,,,1,kg,GL,
AS195548,"PEG-150 distearate (PEG 6000 DS) , grade cosmetic ,solid","PEG-150 distearate (PEG 6000 DS) , grade cosmetic ,solid 1 kg /GL",,,,1,kg,GL,
AS195547,"Sodium lauroamphoacetate , grade cosmetic ,liquid","Sodium lauroamphoacetate , grade cosmetic ,liquid 1 kg /GL",,,,1,kg,GL,
AS195538,"Wripht Giemso Stoin พร้อม Wripht Stain Buffer Solution ,Liquids","Wripht Giemso Stoin พร้อม Wripht Stain Buffer Solution ,Liquids 1 l /set",,,,1,L,set,
AS195536,"Fidrinogen Complete Kit ,Liquids 5x","Fidrinogen Complete Kit ,Liquids 5x2 ml /set",,,,2,mL,set,
AS195533,"Uric Acid Liquicolor ,Liquids 4x","Uric Acid Liquicolor ,Liquids 4x100 ml /set",,,,100,mL,set,
AS195528,"tert-Butanol Grade ,Liquid","tert-Butanol [C4H10O]cas no.75-65-0 AR Grade ,Liquid 2.5 L /ชวด",75-65-0,C4H10O,AR,2.5,L,ชวด,
AS195527,"Silica gel 60 (0.063-0.200 mm) for column chromatography (70-230 mesh ASTM) ,Solid","Silica gel 60 (0.063-0.200 mm) for column chromatography (70-230 mesh ASTM) [SiO2]cas no.7631-86-9 ,Solid 1 kg /ขวด",7631-86-9,SiO2,,1,kg,ขวด,
AS195526,"Silica gel 60 (0.040-0.063 mm) for column chromatography (230-400 mesh ASTM) ,Solid","Silica gel 60 (0.040-0.063 mm) for column chromatography (230-400 mesh ASTM) [SiO2]cas no.112926-00-8 ,Solid 1 kg /ขวด",112926-00-8,SiO2,,1,kg,ขวด,
AS195466,"ALT Liqui - Color UV ALT/PT ,Liquid 120 test 4 ขวด","ALT Liqui - Color UV ALT/PT ,Liquid 120 test 30 ml 4 ขวด /กล่อง",,,,30,mL,กล่อง,
AS195524,"Buffer Solution pH 4.01,Liquid","Buffer Solution pH 4.01,Liquid 1 L /ขวด",,,,1,L,ขวด,
AS194707,"Techical Buffer PH 4.01","Techical Buffer PH 4.01 250 ml /ขวด",,,,250,mL,ขวด,
AS195521,"Paraplast plus tissue embedding media Tissue embedding ,Solid","Paraplast plus tissue embedding media Tissue embedding ,Solid 1 kg /ถุง",,,,1,kg,ถุง,
AS195522,"Phosver 3 phosphate powder pillows grade ,Powder 100 pillows","Phosver 3 phosphate powder pillows AR grade ,Powder 100 pillows /แพ็ค",,,AR,,,แพ็ค,YES
AS195523,"Yeast (Baker' s yeast) Food ,solid","Yeast (Baker' s yeast) Food ,solid 500 g /ถุง",,,,500,g,ถุง,
AS195496,"Potassium metabisulfite grade ,Solid","Potassium metabisulfite [K2S2O5] cas no.16731-55-8 AR grade ,Solid 500 g /ขวด",16731-55-8,K2S2O5,AR,500,g,ขวด,
AS195497,"Zinc 99.9% grade ,Solid","Zinc 99.9% [Zn] cas no.7440-66-6 AR grade ,Solid 500 g /ขวด",7440-66-6,Zn,AR,500,g,ขวด,
AS195510,"PCR supermix+loading dye+fluorescent dye 100 reactions Molecular grade ,Liquid 2 หลอด","PCR supermix+loading dye+fluorescent dye 100 reactions Molecular grade ,Liquid 1.25 ml 2 หลอด /ชุด",,,,1.25,mL,ชุด,
AS195511,"Plant DNA extraction kit Molecular grade ,Liquid 50 prep","Plant DNA extraction kit Molecular grade ,Liquid 50 prep /กล่อง",,,,,,กล่อง,YES
AS195512,"TBE buffer (Tris-borate-EDTA) 10X solution Molecular grade ,Liquid","TBE buffer (Tris-borate-EDTA) 10X solution Molecular grade ,Liquid 1 l /ขวด",,,,1,L,ขวด,
AS195513,"Tris-base, [2-Amino-2-(hydroxymethyl)-1,3-propanediol] Molecular grade ,Solid","Tris-base, [2-Amino-2-(hydroxymethyl)-1,3-propanediol] [C4H11NO3] cas no.77-86-1 Molecular grade ,Solid 500 g /ขวด",77-86-1,C4H11NO3,,500,g,ขวด,
AS195514,"Bovine Calf Serum Cell culture grade ,Liquid","Bovine Calf Serum Cell culture grade ,Liquid 100 ml /ขวด",,,,100,mL,ขวด,
AS195515,"Colchicine grade ,Powder","Colchicine [C22H25NO6H] cas no.64-86-8 HPLC grade ,Powder 1 g /ขวด",64-86-8,C22H25NO6H,HPLC,1,g,ขวด,
AS195516,"Hank's balanced salt solution Cell culture grade ,Liquid","Hank's balanced salt solution Cell culture grade ,Liquid 500 ml /ขวด",,,,500,mL,ขวด,
AS195517,"Penicillin-Streptomycin Stabilized Cell culture grade ,Liquid","Penicillin-Streptomycin Stabilized cas no.3810-74-0 Cell culture grade ,Liquid 20 ml /ขวด",3810-74-0,,,20,mL,ขวด,
AS195518,"Phosphate buffered saline 50 เม็ด","Phosphate buffered saline 50 เม็ด /ขวด",,,,,,ขวด,YES
AS195519,"RPMI-1640 Media Cell culture grade ,Liquid","RPMI-1640 Media Cell culture grade ,Liquid 100 ml /ขวด",,,,100,mL,ขวด,
AS195520,"Trypsin Cell culture grade ,Powder","Trypsin cas no.9002-07-7 Cell culture grade ,Powder 50 g /ขวด",9002-07-7,,,50,g,ขวด,
AS195499,"tert-Butyl alcohol [(CH3)3COH] grade ,Liquid","tert-Butyl alcohol [(CH3)3COH] cas no.75-65-0 AR grade ,Liquid 2.5 L /ขวด",75-65-0,,AR,2.5,L,ขวด,
AS195500,"น้ำมันหอมระเหยกานพลู (Clove Essential Oil) Commercial grade ,Liquid","น้ำมันหอมระเหยกานพลู (Clove Essential Oil) Commercial grade ,Liquid 1 L /ขวด",,,,1,L,ขวด,
AS195501,"Acetylacetone grade ,Liquid","Acetylacetone [C5H8O2] cas no.123-54-6 AR grade ,Liquid 2.5 L /ขวด",123-54-6,C5H8O2,AR,2.5,L,ขวด,
AS195502,"Hydrazine solution grade ,Liquid","Hydrazine solution [H4N2] cas no.302-01-2 AR grade ,Liquid 500 g /ขวด",302-01-2,H4N2,AR,500,g,ขวด,
AS195503,"Polyvinyl pyrrolidone (PVP360) [(C6H9NO)n] grade ,solid","Polyvinyl pyrrolidone (PVP360) [(C6H9NO)n] cas no.9003-39-8 AR grade ,solid 100 g /ขวด",9003-39-8,,AR,100,g,ขวด,
AS195504,"Polyvinyl pyrrolidone (PVP40) [(C6H9NO)n] grade ,solid","Polyvinyl pyrrolidone (PVP40) [(C6H9NO)n] cas no.9003-39-8 AR grade ,solid 100 g /ขวด",9003-39-8,,AR,100,g,ขวด,
AS195505,"Toluidine blue O dye grade ,Solid","Toluidine blue O dye [C15H16CIN3S] cas no.92-31-9 LR grade ,Solid 25 g /ขวด",92-31-9,C15H16CIN3S,LR,25,g,ขวด,
AS195506,"3M Potassium Chloride, Electrode Storage Solution, Ag/AgCl electrodes ,Liquid 3M","3M Potassium Chloride, Electrode Storage Solution, Ag/AgCl electrodes [KCl] cas no.7447-40-7 ,Liquid 3M 250 mL /ขวด",7447-40-7,KCl,,250,mL,ขวด,
AS195507,"Copper standard solution grade ,Liquid 1000 ppm","Copper standard solution AR grade ,Liquid 1000 ppm 500 mL /ขวด",,,AR,500,mL,ขวด,
AS195508,"Redox Buffer Solution grade ,Liquid 220 mV","Redox Buffer Solution AR grade ,Liquid 220 mV 250 mL /ขวด",,,AR,250,mL,ขวด,
AS195492,"Naphthalene grade ,Solid","Naphthalene [C10H8] cas no.91203 AR grade ,Solid 500 g /ขวด",91-20-3,C10H8,AR,500,g,ขวด,
AS195493,"Ammonium iron (II) sulfate hexahydrate [(NH4)2Fe(SO4)2?6H2O] grade ,Solid","Ammonium iron (II) sulfate hexahydrate [(NH4)2Fe(SO4)2?6H2O] cas no.7783-85-9 AR grade ,Solid 500 g /ขวด",7783-85-9,,AR,500,g,ขวด,
AS195494,"D-Glucose Anhydrous grade ,Solid","D-Glucose Anhydrous [C6H12O6] cas no.50-99-7 AR grade ,Solid 500 g /ขวด",50-99-7,C6H12O6,AR,500,g,ขวด,
AS195491,"Ammonium phosphate monobasic Grade ,powder","Ammonium phosphate monobasic [NH4H2PO4] AR Grade ,powder 1000 g /ขวด",,NH4H2PO4,AR,1000,g,ขวด,
AS195490,"Potassium hydroxide Grade ,powder","Potassium hydroxide [KOH] AR Grade ,powder 500 g /ขวด",,KOH,AR,500,g,ขวด,
AS195489,"30 % Hydrogen Peroxide Solution (ไฮโดรเจนเปอร์ออกไซด์) ,liquid","30 % Hydrogen Peroxide Solution (ไฮโดรเจนเปอร์ออกไซด์) [H2O2] ,liquid 1000 ml /ขวด",,H2O2,,1000,mL,ขวด,
AS195488,"Paraffin oil Grade ,liquid","Paraffin oil AR Grade ,liquid 2.5 L /ขวด",,,AR,2.5,L,ขวด,
AS195487,"Ammonia Cyanurate 10 ml","Ammonia Cyanurate 10 ml 100 ชิ้น /แพ็ค",,,,100,pcs,แพ็ค,
AS195486,"ผงรีเอเจนต์ไนเตรต Nitraver 5 10 ml","ผงรีเอเจนต์ไนเตรต Nitraver 5 10 ml 100 ชิ้น /แพ็ค",,,,100,pcs,แพ็ค,
AS195485,"PhosVer 3 , OrthoPhosphate 10 ml","PhosVer 3 , OrthoPhosphate 10 ml 100 ชิ้น /แพ็ค",,,,100,pcs,แพ็ค,
AS195484,"Hexadecyltrimethylammonium bromide ,powder","Hexadecyltrimethylammonium bromide [C19H42BrN] ,powder 100 g /ขวด",,C19H42BrN,,100,g,ขวด,
AS195483,"Chrome Azurol S ,powder","Chrome Azurol S [C23H13Cl2O9SNa3] ,powder 25 g /ขวด",,C23H13Cl2O9SNa3,,25,g,ขวด,
AS195482,"PCR Clean Up and Gel Extraction Kit 100 Reaction","PCR Clean Up and Gel Extraction Kit 100 Reaction /กล่อง",,,,,,กล่อง,YES
AS195481,"Cycloheximide ,powder 1 ขวด","Cycloheximide ,powder 1 g 1 ขวด /ขวด",,,,1,g,ขวด,
AS190640,"Liquid Paraffin/Cosmetic grade","Liquid Paraffin/Cosmetic grade  2.5 L /ขวด",,,,2.5,L,ขวด,
AS195474,"Iodine crystal Grade ,solid","Iodine crystal [I2] CAS No.7553-56-2 AR Grade ,solid 100 กรัม /ขวด",7553-56-2,I2,AR,100,g,ขวด,
AS195475,"Kuromanin chloride Grade ,powder","Kuromanin chloride [C21H21ClO11] cas no.7084-24-4 AR Grade ,powder 1 mg /ขวด",7084-24-4,C21H21ClO11,AR,1,mg,ขวด,
AS195473,"Ammonium molybdate [(NH4)6Mo7O24 · 4H2O Grade ,solid","Ammonium molybdate [(NH4)6Mo7O24 · 4H2OCAS No.12054-85-2 AR Grade ,solid 100 กรัม /ขวด",12054-85-2,,AR,100,g,ขวด,
AS195467,"Urea Nitrogen Liqui- UV (BUN) ,Liquid 500 test 4 ขวด","Urea Nitrogen Liqui- UV (BUN) ,Liquid 500 test 125 ml 4 ขวด /กล่อง",,,,125,mL,กล่อง,
AS195468,"Creatinine Liqui - Color ,Liquid 500 test 2 ขวด","Creatinine Liqui - Color ,Liquid 500 test 250 ml 2 ขวด /กล่อง",,,,250,mL,กล่อง,
AS195469,"Cholesterol Liqui - Color ,Liquid 500 test 2 ขวด","Cholesterol Liqui - Color ,Liquid 500 test 250 ml 2 ขวด /กล่อง",,,,250,mL,กล่อง,
AS195472,"Annexin V & Dead cell kit ,Liquid 50 ตัวอย่าง","Annexin V & Dead cell kit ,Liquid 50 ตัวอย่าง /กล่อง",,,,,,กล่อง,YES
AS195453,"Instrument Cleaning Fluid ,Liquid","Instrument Cleaning Fluid cas no.1310-58-3 ,Liquid 100 ml /ขวด",1310-58-3,,,100,mL,ขวด,
AS195454,"Kojic acid , Grade ,powder","Kojic acid [C6H6O4] cas no.501-30-4 ,HPLC Grade ,powder 5 g /ขวด",501-30-4,C6H6O4,HPLC,5,g,ขวด,
AS195455,"Lipopolysaccharides from E.coli , cell culture ,lyophilized powder","Lipopolysaccharides from E.coli , cell culture ,lyophilized powder 1 mg /ขวด",,,,1,mg,ขวด,
AS195456,"p-coumaric acid [HOC6H4CH=CHCO2H] , Grade ,powder","p-coumaric acid [HOC6H4CH=CHCO2H] cas no.501-98-4 ,HPLC Grade ,powder 5 g /ขวด",501-98-4,,HPLC,5,g,ขวด,
AS195457,"Pencillin G sodium salt ,powder","Pencillin G sodium salt [C16H17N2NaO4S] cas no.69-57-8 ,powder 1 g /ขวด",69-57-8,C16H17N2NaO4S,,1,g,ขวด,
AS195458,"Protocatechuic acid [(HO)2C6H3CO2H] ,primary reference standard ,powder","Protocatechuic acid [(HO)2C6H3CO2H] cas no.99-50-3 ,primary reference standard ,powder 50 mg /ขวด",99-50-3,,,50,mg,ขวด,
AS195459,"sinapic acid [C11H12O5 ] , Grade ,powder","sinapic acid [C11H12O5 ] cas no.530-59-6 ,AR Grade ,powder 1 g /ขวด",530-59-6,,AR,1,g,ขวด,
AS195460,"syringic acid [HOC6H2(OCH3)2CO2H] , Grade ,powder","syringic acid [HOC6H2(OCH3)2CO2H] cas no.530-57-4 ,HPLC Grade ,powder 5 g /ขวด",530-57-4,,HPLC,5,g,ขวด,
AS195461,"Trypsin -EDTA with phenol red ,Liquid 0.0025","Trypsin -EDTA with phenol red ,Liquid 0.0025 100 ml /ขวด",,,,100,mL,ขวด,
AS195462,"vanillic acid [HOC6H3(OCH3)CO2H] ,purum ,powder","vanillic acid [HOC6H3(OCH3)CO2H] cas no.121-34-6 ,purum ,powder 10 g /ขวด",121-34-6,,,10,g,ขวด,
AS195463,"4-Hydroxybenzoic acid ,ReagentPlus ,powder","4-Hydroxybenzoic acid [HOC6H4CO2H] cas no.99-96-7 ,ReagentPlus ,powder 100 g /ขวด",99-96-7,HOC6H4CO2H,,100,g,ขวด,
AS195464,"Glucose LiquiColor ,Liquid 500 test 2 ขวด","Glucose LiquiColor ,Liquid 500 test 250 ml 2 ขวด /กล่อง",,,,250,mL,กล่อง,
AS195465,"AST Liqui - Color UV AST/OT ,Liquid 120 test 4 ขวด","AST Liqui - Color UV AST/OT ,Liquid 120 test 30 ml 4 ขวด /กล่อง",,,,30,mL,กล่อง,
AS195437,"Delphinidin 3-O-Beta-D-glucoside chloride , analytical standard ,powder","Delphinidin 3-O-Beta-D-glucoside chloride [C21H21ClO12] cas no.6906-38-3 , analytical standard ,powder 10 mg /ขวด",6906-38-3,C21H21ClO12,,10,mg,ขวด,
AS195438,"Kuromanin chloride , analytical standard ,powder","Kuromanin chloride [C21H21ClO11] cas no. 7084-24-4 , analytical standard ,powder 5 mg /ขวด",7084-24-4,C21H21ClO11,,5,mg,ขวด,
AS195439,"Peonidin3-glucoside chloride phyproof ,primary reference standard ,powder","Peonidin3-glucoside chloride phyproof [C22H23ClO11] cas no. 6906-39-4 ,primary reference standard ,powder 5 mg /ขวด",6906-39-4,C22H23ClO11,,5,mg,ขวด,
AS195440,"Rosmarinic acid , Grade ,powder","Rosmarinic acid [C18H16O8] cas no. 20283-92-5 ,HPLC Grade ,powder 50 mg /ขวด",20283-92-5,C18H16O8,HPLC,50,mg,ขวด,
AS195441,"3,5-Dinitrosalicylic acid (DNS) , Grade ,powder","3,5-Dinitrosalicylic acid (DNS) [C7H4N2O7] cas no.609-99-4 ,AR Grade ,powder 25 g /ขวด",609-99-4,C7H4N2O7,AR,25,g,ขวด,
AS195442,"caffeic acid [ C9H8O4] , Grade ,powder","caffeic acid [ C9H8O4] cas no. 331-39-5 ,HPLC Grade ,powder 2 g /ขวด",331-39-5,,HPLC,2,g,ขวด,
AS195443,"Caffeine ,Sigma Reference Standard ,powder","Caffeine [C8H10N4O2] cas no.58-08-2 ,Sigma Reference Standard ,powder 250 mg /ขวด",58-08-2,C8H10N4O2,,250,mg,ขวด,
AS195444,"chlorogenic acid [C16H18O9 ] ,primary reference standard ,powder","chlorogenic acid [C16H18O9 ] cas no.327-97-9 ,primary reference standard ,powder 25 mg /ขวด",327-97-9,,,25,mg,ขวด,
AS195445,"cinnamic acid , Grade ,powder","cinnamic acid [C9H8O2] cas no.140-10-3 ,AR Grade ,powder 250 g /ขวด",140-10-3,C9H8O2,AR,250,g,ขวด,
AS195446,"Curcumin from Curcuma longa (Turmeric) [ [HOC6H3(OCH3)CH=CHCO]2CH2] , Grade ,powder","Curcumin from Curcuma longa (Turmeric) [ [HOC6H3(OCH3)CH=CHCO]2CH2] cas no.458-37-7 ,HPLC Grade ,powder 10 g /ขวด",458-37-7,,HPLC,10,g,ขวด,
AS195447,"T4 DNA Ligase ,Liquid 4000 unit","T4 DNA Ligase cas no.9015-85-4 ,Liquid 4000 unit /ขวด",9015-85-4,,,,,ขวด,YES
AS195448,"ferulic acid [HOC6H3(OCH3)CH=CHCO2H ] , Grade ,powder","ferulic acid [HOC6H3(OCH3)CH=CHCO2H ] cas no.537-98-4 ,AR Grade ,powder 25 g /ขวด",537-98-4,,AR,25,g,ขวด,
AS195449,"Focusing Fluid ,Liquid 1X","Focusing Fluid ,Liquid 1X 1 L /ขวด",,,,1,L,ขวด,
AS195450,"gamma Aminobutyric acid [ NH2(CH2)3COOH] ,analytical standard ,powder","gamma Aminobutyric acid [ NH2(CH2)3COOH] cas no.56-12-2 ,analytical standard ,powder 250 mg /ขวด",56-12-2,,,250,mg,ขวด,
AS195451,"gamma Aminobutyric acid [NH2(CH2)3COOH] , Grade ,powder","gamma Aminobutyric acid [NH2(CH2)3COOH] cas no.56-12-2 ,AR Grade ,powder 25 g /ขวด",56-12-2,,AR,25,g,ขวด,
AS195452,"guanidine thiocyanate [NH2C(=NH)NH2 ? HSCN] ,molecular biology ,powder","guanidine thiocyanate [NH2C(=NH)NH2 ? HSCN] cas no.593-84-0 ,molecular biology ,powder 100 g /ขวด",593-84-0,,,100,g,ขวด,
AS195436,"α-Linolenic acid [CH3(CH2CH=CH)3(CH2)7CO2H] ,oil","α-Linolenic acid [CH3(CH2CH=CH)3(CH2)7CO2H] cas no. 463-40-1 ,oil 500 mg /ขวด",463-40-1,,,500,mg,ขวด,
AS195435,"แอซีโทน (Acetone PE","แอซีโทน (Acetone PE) [C3H6O]CAS No.67-64-1 2.5 l /ขวด",67-64-1,C3H6O,,2.5,L,ขวด,
AS195433,"เอทานอล (Ethanol absolute) ขวด","เอทานอล (Ethanol absolute) 2.5 l ขวด",,,,2.5,L,,
AS195432,"ซิงค์คลอไรด์ (Zinc chloride) [Zn Cl2] Grade","ซิงค์คลอไรด์ (Zinc chloride) [Zn Cl2] AR Grade 500 g /ขวด",,,AR,500,g,ขวด,
AS195431,"โซเดียมไฮดรอกไซด์ (Sodium hydroxide 99%","โซเดียมไฮดรอกไซด์ (Sodium hydroxide 99%) [NaOH]CAS No.1310-73-2 1 kg /ขวด",1310-73-2,NaOH,,1,kg,ขวด,
AS195430,"กรดซัลฟิวริก (sulfuric acid 98%) ขวด","กรดซัลฟิวริก (sulfuric acid 98%) [H2SO4]CAS No.7664-93-9 2.5 l ขวด",7664-93-9,H2SO4,,2.5,L,,
AS195425,"Antiseptic 95 % /Liquids","Antiseptic 95 % /Liquids 20 l /ถัง",,,,20,L,ถัง,
AS195424,"Antiseptic 95 % /Liquids","Antiseptic 95 % /Liquids 5 l /ถัง",,,,5,L,ถัง,
AS195421,"กลีเซอรีน (Glycerin) Liquids","กลีเซอรีน (Glycerin) Liquids 500 g /ขวด",,,,500,g,ขวด,
AS195420,"กลีเซอรีน (Glycerin) /Liquids","กลีเซอรีน (Glycerin) /Liquids 5 kg /ถัง",,,,5,kg,ถัง,
AS195419,"Triethanolamine (C6H15NO3) /Liquids","Triethanolamine (C6H15NO3) cas no.102-71-6 /Liquids 1kg/ขวด",102-71-6,,,1,kg,ขวด,
AS195418,"เนื้อแก๊สคาร์บอนไดออกไซด์ (Carbondioxied CO2) .","เนื้อแก๊สคาร์บอนไดออกไซด์ (Carbondioxied CO2) 20 กก. /ท่อ",,,,20,kg,ท่อ,
AS195413,"FDP C111S14 Cosmetic Grade /solid","FDP C111S14 Cosmetic Grade /solid 1 kg /ถุง",,,,1,kg,ถุง,
AS195410,"Styrene Acrylate Copolymer (สไตรีน อครีเลท โคโพลีเมอร์) Cosmetic Grade /Liquid","Styrene Acrylate Copolymer (สไตรีน อครีเลท โคโพลีเมอร์) Cosmetic Grade /Liquid 250 g /ขวด",,,,250,g,ขวด,
AS195409,"Styrene Acrylate Copolymer (สไตรีน อครีเลท โคโพลีเมอร์) Cosmetic Grade /Liquid","Styrene Acrylate Copolymer (สไตรีน อครีเลท โคโพลีเมอร์) Cosmetic Grade /Liquid 1 kg /ขวด",,,,1,kg,ขวด,
AS195408,"SI-2 Black BL-100 Cosmetic Grade /Solid","SI-2 Black BL-100 Cosmetic Grade /Solid 1 kg /ถุง",,,,1,kg,ถุง,
AS195407,"SI-2 Red R-516L Cosmetic Grade /Solid","SI-2 Red R-516L Cosmetic Grade /Solid 1 kg /ถุง",,,,1,kg,ถุง,
AS195406,"SI-2 Yellow LLXLO Cosmetic Grade /Solid","SI-2 Yellow LLXLO Cosmetic Grade /Solid 1 kg /ถุง",,,,1,kg,ถุง,
AS195405,"LLD-5 BaSO4(PL) Cosmetic Grade /Solid","LLD-5 BaSO4(PL) Cosmetic Grade /Solid 1 kg /ถุง",,,,1,kg,ถุง,
AS195404,"Vivapur CS 9 FM Cosmetic Grade /Solid","Vivapur CS 9 FM Cosmetic Grade /Solid 1 kg /ถุง",,,,1,kg,ถุง,
AS195416,"Di calcium phosphate (ไดแคลเซียม ฟอสเฟต","Di calcium phosphate (ไดแคลเซียม ฟอสเฟต) 25 kg/ถุง",,,,25,kg,ถุง,
AS195415,"Straberry flavour (63.07127) Cosmetic Grade /Liquid","Straberry flavour (63.07127) Cosmetic Grade /Liquid 100 g /ขวด",,,,100,g,ขวด,
AS195414,"LEXEMUL 561 (Glyceryl Stearate (and) PEG-100 Stearate) Cosmetic Grade /solid","LEXEMUL 561 (Glyceryl Stearate (and) PEG-100 Stearate) Cosmetic Grade /solid 1 kg /ถุง",,,,1,kg,ถุง,
AS195403,"SI01-2 MICA Y-2300 Cosmetic Solid","SI01-2 MICA Y-2300 Cosmetic Solid 1 kg /ถุง",,,,1,kg,ถุง,
AS195276,"Nicotinic acid tablets 100 เม็ด","Nicotinic acid tablets 100 เม็ด /กระปุก",,,,,,กระปุก,YES
AS190970,"Alcohol 95% (V/V) grade /liquid","Alcohol 95% (V/V)/AR grade /liquid 14.5 kg /ขวด",,,AR,14.5,kg,ขวด,
AS195401,"สีไมก้า สีฟ้าน้ำทะเล (hawaii blue","สีไมก้า สีฟ้าน้ำทะเล (hawaii blue) 30 กรัม /ชุด",,,,30,g,ชุด,
AS195398,"กลีเซอรีนก้อนใส (Glycerine) .","กลีเซอรีนก้อนใส (Glycerine) 1 กก. /ถุง",,,,1,kg,ถุง,
AS195005,"Tincture of iodine 2%(ทิงเจอร์ไอโอดีน","Tincture of iodine 2%(ทิงเจอร์ไอโอดีน) 450 ml /ขวด",,,,450,mL,ขวด,
AS195004,"Tincture of iodine 2%,(ทิงเจอร์ไอโอดีน","Tincture of iodine 2%,(ทิงเจอร์ไอโอดีน) 30 ml /ขวด",,,,30,mL,ขวด,
AS195258,"Sabouraud Dextrose Agar with chloramphenicol /Solid .","Sabouraud Dextrose Agar with chloramphenicol /Solid 500 g. /ขวด",,,,500,g,ขวด,
AS195259,"Tetracycline hydrochloride ?95% , Grade /Solid .","Tetracycline hydrochloride ?95% ,AR Grade /Solid 5 g. /ขวด",,,AR,5,g,ขวด,
AS195260,"Tween 40 /Solid .","Tween 40 /Solid 100 g. /ขวด",,,,100,g,ขวด,
AS195261,"Tween 60 /Solid .","Tween 60 /Solid 100 g. /ขวด",,,,100,g,ขวด,
AS195262,"40% Acrylamide/Bis Solution (29:1) /Liquids .","40% Acrylamide/Bis Solution (29:1) /Liquids 500 ml. /ขวด",,,,500,mL,ขวด,
AS195263,"Ethanol , grade /Liquids .","Ethanol [C2H5OH] ,HPLC grade /Liquids 4 L. /ขวด",,C2H5OH,HPLC,4,L,ขวด,
AS195264,"0.5 M EDTA (pH8) , Molecular grade /Liquids .","0.5 M EDTA (pH8) , Molecular grade /Liquids 500 ml. /ขวด",,,,500,mL,ขวด,
AS195265,"Giemsa's stain sulution , Grade /Liquids .","Giemsa's stain sulution ,AR Grade /Liquids 250 ml. /ขวด",,,AR,250,mL,ขวด,
AS195266,"Nessler's reagent , Grade /Liquids .","Nessler's reagent ,AR Grade /Liquids 500 ml. /ขวด",,,AR,500,mL,ขวด,
AS195268,"Permount (mounting medium) /Liquids .","Permount (mounting medium) /Liquids 500 ml. /ขวด",,,,500,mL,ขวด,
AS195269,"Silane , Grade /Liquids .","Silane [SiH4] ,AR Grade /Liquids 50 ml. /ขวด",,SiH4,AR,50,mL,ขวด,
AS195271,"O-toluidine solution , Grade /Liquids .","O-toluidine solution ,AR Grade /Liquids 500 ml. /ขวด",,,AR,500,mL,ขวด,
AS195273,"Immersion oil , Grade /Liquids .","Immersion oil ,AR Grade /Liquids 500 ml. /ขวด",,,AR,500,mL,ขวด,
AS195274,"LJ medium (Lowenstein Jensen medium base) /Solid .","LJ medium (Lowenstein Jensen medium base) /Solid 500 g. /ขวด",,,,500,g,ขวด,
AS195235,"L-ornithine hydrochloride 99% [C5H12O2.HCl] , grade /Solid .","L-ornithine hydrochloride 99% [C5H12O2.HCl] ,AR grade /Solid 100 g. /ขวด",,,AR,100,g,ขวด,
AS195236,"Paraformaldehyde , grade /Solid .","Paraformaldehyde ,AR grade /Solid 1 kg. /ขวด",,,AR,1,kg,ขวด,
AS195237,"Petrifilm Aerobic Count plate /Solid","Petrifilm Aerobic Count plate /Solid 100 ชิ้น /กล่อง",,,,100,pcs,กล่อง,
AS195238,"Petrifilm Staph Express Plate /Solid","Petrifilm Staph Express Plate /Solid 50 ชิ้น /กล่อง",,,,50,pcs,กล่อง,
AS195239,"Potassium permanganate [KMnO?] , grade /Solid .","Potassium permanganate [KMnO?] ,AR grade /Solid 500 g. /ขวด",,,AR,500,g,ขวด,
AS195240,"Rose bengal , grade /Solid .","Rose bengal ,AR grade /Solid 5 g. /ขวด",,,AR,5,g,ขวด,
AS195241,"5-Sulphosalicylic acid , reagent grade /Solid .","5-Sulphosalicylic acid [C7H6O6S] , ACS reagent grade /Solid 250 g. /ขวด",,C7H6O6S,ACS,250,g,ขวด,
AS195242,"Safanin O , grade /Solid .","Safanin O [C20H19ClN4] ,AR grade /Solid 50 g. /ขวด",,C20H19ClN4,AR,50,g,ขวด,
AS195243,"Sodium azide , grade /Solid .","Sodium azide [NaN3] ,AR grade /Solid 100 g. /กระปุก",,NaN3,AR,100,g,กระปุก,
AS195244,"Sodium bicarbonate [NaHCO?] , Culture grade /Solid .","Sodium bicarbonate [NaHCO?] , Culture grade /Solid 1 kg. /ขวด",,,,1,kg,ขวด,
AS195245,"Sodium hydrosulfite ?95% ,Technical grade /Solid .","Sodium hydrosulfite ?95% [Na2S2O4] ,Technical grade /Solid 50 g. /ขวด",,Na2S2O4,,50,g,ขวด,
AS195246,"Sodium tetraborate decahydrate [ Na?[B?O?(OH)?]?8H?O] , grade /Solid .","Sodium tetraborate decahydrate [ Na?[B?O?(OH)?]?8H?O] ,AR grade /Solid 25 g. /ขวด",,,AR,25,g,ขวด,
AS195247,"di-Sodium hydrogen phosphate anhydrous , grade /Solid .","di-Sodium hydrogen phosphate anhydrous [Na2HPO4] ,AR grade /Solid 1 kg. /ขวด",,Na2HPO4,AR,1,kg,ขวด,
AS195248,"Tris-HCl ,Molecular grade /Solid .","Tris-HCl [C4H11NO3ClH] ,Molecular grade /Solid 1 kg. /ขวด",,C4H11NO3ClH,,1,kg,ขวด,
AS195249,"2,4 dinitrophenyhydrazine ,Regent Grade /Solid .","2,4 dinitrophenyhydrazine ,Regent Grade /Solid 25 g. /ขวด",,,,25,g,ขวด,
AS195250,"Thiourea , grade /Solid .","Thiourea [CH4N2S] ,AR grade /Solid 500 g. /ขวด",,CH4N2S,AR,500,g,ขวด,
AS195251,"Vitamin E (Tocopheryl Acetate?) ,Food Grade /Solid .","Vitamin E (Tocopheryl Acetate?) ,Food Grade /Solid 200 g. /ขวด",,,,200,g,ขวด,
AS195252,"ผงน้ำยาฆ่าเชื้อสำหรับอุปกรณ์การแพทย์ (Virkon) /Solid . 100 ซอง","ผงน้ำยาฆ่าเชื้อสำหรับอุปกรณ์การแพทย์ (Virkon) /Solid 5 g. 100 ซอง /กล่อง",,,,5,g,กล่อง,
AS195253,"Buffered pepton water /Solid .","Buffered pepton water /Solid 500 g. /ขวด",,,,500,g,ขวด,
AS195254,"Dermatophyte test agar base /Solid .","Dermatophyte test agar base /Solid 500 g. /ขวด",,,,500,g,ขวด,
AS195255,"Dulcitol , Grade /Solid .","Dulcitol [C6H14O6] ,AR Grade /Solid 25 g. /ขวด",,C6H14O6,AR,25,g,ขวด,
AS195256,"Erythromycin , Grade /Solid .","Erythromycin [C37H67NO13] ,AR Grade /Solid 1 g. /ขวด",,C37H67NO13,AR,1,g,ขวด,
AS195257,"Motillity test medium /Solid .","Motillity test medium /Solid 500 g. /ขวด",,,,500,g,ขวด,
AS195214,"Talc and TiO2 and yellow iron oxide and dimethicone/methicone copolymer","Talc and TiO2 and yellow iron oxide and dimethicone/methicone copolymer 1 kg /Pack",,,,1,kg,Pack,
AS195215,"Talc (and) Titanium dioxide (and) Dimethicone/methicone copilymer = JP-mix white","Talc (and) Titanium dioxide (and) Dimethicone/methicone copilymer = JP-mix white 1 kg /Pack",,,,1,kg,Pack,
AS195217,"Titanium dioxide and Alumina and simethicone [Eusolex? T-2000]","Titanium dioxide and Alumina and simethicone [Eusolex? T-2000] 10 kg /Pack",,,,10,kg,Pack,
AS195218,"Titanium dioxide (and) Aluminium hydroxide (and)n-Octyltriethoxysilane เสนอแทนTitanium dioxide (and) Aluminium hydroxide (and)Triethoxy caprylylsilane","Titanium dioxide (and) Aluminium hydroxide (and)n-Octyltriethoxysilane เสนอแทนTitanium dioxide (and) Aluminium hydroxide (and)Triethoxy caprylylsilane 5 kg /Pack",,,,5,kg,Pack,
AS195219,"Titanium Dioxide (and) Iron Oxide (and) Hydrogen Dimethicone Titanium Dioxide(and) methicone","Titanium Dioxide (and) Iron Oxide (and) Hydrogen Dimethicone Titanium Dioxide(and) methicone 1 kg /Pack",,,,1,kg,Pack,
AS195220,"Titanium dioxide and silica (Eusolex T-AUO","Titanium dioxide and silica (Eusolex T-AUO) 1 kg /Pack",,,,1,kg,Pack,
AS195221,"Tranexamic acid","Tranexamic acid 100 g /Pack",,,,100,g,Pack,
AS195223,"Ammonium thiocyanate , grade /Solid .","Ammonium thiocyanate [NH4SCN] ,AR grade /Solid 100 g. /กระปุก",,NH4SCN,AR,100,g,กระปุก,
AS195224,"L-arabinose , grade /Solid .","L-arabinose [C5H10O5] ,AR grade /Solid 50 g. /ขวด",,C5H10O5,AR,50,g,ขวด,
AS195225,"Cellulose acetate , grade /Solid .","Cellulose acetate [C12H22O11] ,AR grade /Solid 500 g. /ขวด",,C12H22O11,AR,500,g,ขวด,
AS195226,"D-(+)-Cellobiose , grade /Solid .","D-(+)-Cellobiose ,AR grade /Solid 1 g. /ขวด",,,AR,1,g,ขวด,
AS195227,"Cresyl violet , grade /Solid .","Cresyl violet [C25H30ClN3] ,AR grade /Solid 25 g. /ขวด",,C25H30ClN3,AR,25,g,ขวด,
AS195228,"Glycine [C?H?NO?] , grade /Solid .","Glycine [C?H?NO?] ,AR grade /Solid 500 g. /ขวด",,,AR,500,g,ขวด,
AS195229,"GasPak (Anaerocult A) /Solid","GasPak (Anaerocult A) /Solid 20 ชิ้น /กล่อง",,,,20,pcs,กล่อง,
AS195230,"Iron(II) chloride , grade /Solid .","Iron(II) chloride [FeCl2] ,AR grade /Solid 100 g. /กระปุก",,FeCl2,AR,100,g,กระปุก,
AS195231,"Magnesium chloride anhydrous for synthesis , grade /Solid .","Magnesium chloride anhydrous for synthesis [MgCl] ,AR grade /Solid 100 g. /ขวด",,MgCl,AR,100,g,ขวด,
AS195232,"Manganese(II) chloride tetrahydrate [MnCl2 ? 4H2O] , grade /Solid .","Manganese(II) chloride tetrahydrate [MnCl2 ? 4H2O] ,AR grade /Solid 500 g. /ขวด",,,AR,500,g,ขวด,
AS195233,"P-Nitrophenol , grade /Solid .","P-Nitrophenol ,AR grade /Solid 50 g. /ขวด",,,AR,50,g,ขวด,
AS195234,"P-Nitrophenyl phosphate disodium salt hexahydrate , grade /Solid .","P-Nitrophenyl phosphate disodium salt hexahydrate ,AR grade /Solid 5 g. /ขวด",,,AR,5,g,ขวด,
AS195198,"PEG-12 Dimethicone = BRB526","PEG-12 Dimethicone = BRB526 1 kg /Bot",,,,1,kg,Bot,
AS195203,"Propyl paraben and phenoxyethanol = Lex guard O","Propyl paraben and phenoxyethanol = Lex guard O 500 g /Bot",,,,500,g,Bot,
AS195212,"Talc and TiO2 and black iron oxide and dimethicone/methicone copolymer","Talc and TiO2 and black iron oxide and dimethicone/methicone copolymer 1 kg /Pack",,,,1,kg,Pack,
AS195213,"Talc and TiO2 and red iron oxide and dimethicone/methicone copolymer(FDP-c red 3","Talc and TiO2 and red iron oxide and dimethicone/methicone copolymer(FDP-c red 3) 1 kg /Pack",,,,1,kg,Pack,
AS195168,"Citric acid monohydrate","Citric acid monohydrate 1 kg /กระปุก",,,,1,kg,กระปุก,
AS195170,"Cyclomethicone and Dimethicone = BRB 1744","Cyclomethicone and Dimethicone = BRB 1744 1 kg /Bot",,,,1,kg,Bot,
AS195171,"Cyclopentasiloxane (and) Dimethicone/Vinyl Dimethicone Crosspolymer = SFE 389","Cyclopentasiloxane (and) Dimethicone/Vinyl Dimethicone Crosspolymer = SFE 389 5 kg /Pack",,,,5,kg,Pack,
AS195172,"Cyclopentasiloxane (and) Dimethiconol","Cyclopentasiloxane (and) Dimethiconol [brb1834] 1 kg /Bot",,brb1834,,1,kg,Bot,
AS195173,"Cyclopentasiloxane (and) PEG/PPG-18/18 Dimethicone = DC5225","Cyclopentasiloxane (and) PEG/PPG-18/18 Dimethicone = DC5225 1 kg /Bot",,,,1,kg,Bot,
AS195174,"Diatomaceous earth and algin and calcium sulphate and tetrasodium pyrophosphate (Isagel mix mask","Diatomaceous earth and algin and calcium sulphate and tetrasodium pyrophosphate (Isagel mix mask) 1 kg /Pack",,,,1,kg,Pack,
AS195178,"Dimethicone (and) Dimethicone/PEG-10/15 Crosspolymer","Dimethicone (and) Dimethicone/PEG-10/15 Crosspolymer 100 g /Pack",,,,100,g,Pack,
AS195179,"Dimethicone /Vinyl Dimethicone Crosspolymer =DC9506","Dimethicone /Vinyl Dimethicone Crosspolymer =DC9506 5 kg /Bot",,,,5,kg,Bot,
AS195182,"Hydroxyeethyl Acrylate/Sodium Acryloydimethyl Taurate Copolymer and Isohexadecane and polysorbate 60","Hydroxyeethyl Acrylate/Sodium Acryloydimethyl Taurate Copolymer and Isohexadecane and polysorbate 60 5 kg /Pack",,,,5,kg,Pack,
AS195185,Laureth-23,"Laureth-23 500 g /Pack",,,,500,g,Pack,
AS195186,Laureth-4,"Laureth-4 500 g /Bot",,,,500,g,Bot,
AS195158,"Amodimethicone (and) Trideceth-12 (and)Cetrimonium Chloride [SeraShine EM 301-A]","Amodimethicone (and) Trideceth-12 (and)Cetrimonium Chloride [SeraShine EM 301-A] 20 kg /Pack",,,,20,kg,Pack,
AS195166,"cetearyl alcohol and ceteareth 20","cetearyl alcohol and ceteareth 20 1 kg /Pack",,,,1,kg,Pack,
AS195167,"Cetyl PEG/PPG-10/1 Dimethicone =Serasol S3-A","Cetyl PEG/PPG-10/1 Dimethicone =Serasol S3-A 5 kg /Pack",,,,5,kg,Pack,
AS191522,"Sodium bicarbonate tablets 1,000 เม็ด","Sodium bicarbonate tablets 1,000 เม็ด /กระปุก",,,,,,กระปุก,YES
AS191395,"Nicotinic acid tablets 1,000 เม็ด","Nicotinic acid tablets  1,000 เม็ด /ขวด",,,,,,ขวด,YES
AS195154,"Masson-goldner staining kit","Masson-goldner staining kit",,,,,,,YES
AS191025,"Hiper SGOT (ASAT) Estimation Teaching kit 20 pr","Hiper SGOT (ASAT) Estimation Teaching kit 20 pr /กล่อง",,,,,,กล่อง,YES
AS192075,"Hiper SGPT (ALAT) Estimation Teaching kit 20 pr","Hiper SGPT (ALAT) Estimation Teaching kit 20 pr /กล่อง",,,,,,กล่อง,YES
AS193853,"ชุดสกัดดีเอ็นเอจากเลือด (DNA Extraction kit) 50 ตัวอย่าง","ชุดสกัดดีเอ็นเอจากเลือด (DNA Extraction kit) 50 ตัวอย่าง /กล่อง",,,,,,กล่อง,YES
AS194937,"Silver stain kit 30 assay","Silver stain kit 30 assay /กล่อง",,,,,,กล่อง,YES
AS195146,"ชุดทดสอบปริมาณกรดน้ำส้มในน้ำส้มสายชู 30 ตัวอย่าง","ชุดทดสอบปริมาณกรดน้ำส้มในน้ำส้มสายชู 30 ตัวอย่าง /กล่อง",,,,,,กล่อง,YES
AS195131,"ViSafe Red Gel Stain 10000x","ViSafe Red Gel Stain 10000x 500 µl /หลอด",,,,500,uL,หลอด,
AS195130,"RIPA Lysis Buffer (10000X in water","RIPA Lysis Buffer (10000X in water) 50 ml /ขวด",,,,50,mL,ขวด,
AS195127,"Pcr master mix 100 RXN","Pcr master mix 100 RXN /แพ็ค",,,,,,แพ็ค,YES
AS195126,"Real-time PCR (HRM) master mix 100 RXN","Real-time PCR (HRM) master mix 100 RXN /แพ็ค",,,,,,แพ็ค,YES
AS193852,"Boric acid , Grade","Boric acid [H3BO3]cas no.10043-35-3 ,AR Grade 500 g /ขวด",10043-35-3,H3BO3,AR,500,g,ขวด,
AS194228,"*ยกเลิก*Methanol HDPE","*ยกเลิก*Methanol HDPE 2.5 L /bot",,,,2.5,L,bot,
AS193313,"*ยกเลิก*Clindamycin 10 เม็ด","*ยกเลิก*Clindamycin 150 mg 10 เม็ด /แผง",,,,150,mg,แผง,
AS193171,"*ยกเลิก*Clindamycin 100 เม็ด","*ยกเลิก*Clindamycin 300mg 100 เม็ด/กล่อง",,,,300,mg,กล่อง,
AS195125,"Ethyl Alcohol 99.9 % cas.64-17-5 , Grade liquid","Ethyl Alcohol 99.9 % cas.64-17-5 ,AR Grade liquid 2.5 L /bot",,,AR,2.5,L,bot,
AS195124,"Sorbic acid cas.110-44-1 , Grade solid","Sorbic acid cas.110-44-1 ,AR Grade solid 500 g /bot",,,AR,500,g,bot,
AS195123,"DL-Malic acid cas.6915-15-7 , Grade solid","DL-Malic acid cas.6915-15-7 ,AR Grade solid 500 g /bot",,,AR,500,g,bot,
AS195122,"Maltose H2O 92 % cas.6363-53-7 , Grade solid","Maltose H2O 92 % cas.6363-53-7 ,AR Grade solid 100 g /bot",,,AR,100,g,bot,
AS195121,"D-Glucose anahydrous cas. 50-99-7 , Grade solid","D-Glucose anahydrous cas. 50-99-7 ,AR Grade solid 500 g /bot",,,AR,500,g,bot,
AS193832,"Triethanolamine , grade","Triethanolamine [C6H15NO3] cas no.102716 ,AR grade 1 Kg /ขวด",102-71-6,C6H15NO3,AR,1,kg,ขวด,
AS191805,"Glycerol 99.5% , grade","Glycerol 99.5% [C3H8O3] cas no.56-81-5 ,AR grade 500 ml /ขวด",56-81-5,C3H8O3,AR,500,mL,ขวด,
AS191566,"Alcohol gel 73% (เจลแอลกอฮอลล์","Alcohol gel 73% (เจลแอลกอฮอลล์) 1000 ml /แกลอน",,,,1000,mL,แกลอน,
AS195120,"RelyX Ceramic Primer (Silane","RelyX Ceramic Primer (Silane) 5 ml /ขวด",,,,5,mL,ขวด,
AS195052,"96 Well PCR Plate ,Non Skirt White 0.1 ml","96 Well PCR Plate ,Non Skirt White 0.1 ml 25 ชิ้น /แพ็ค",,,,25,pcs,แพ็ค,
AS195051,"DNA for Validation of 2% Agarose Cassettes","DNA for Validation of 2% Agarose Cassettes /แพ็ค",,,,,,แพ็ค,YES
AS195050,"2% Agarose,dye-free,W/internal standards 50 Test","2% Agarose,dye-free,W/internal standards 50 Test /แพ็ค",,,,,,แพ็ค,YES
AS195049,"1,10-phenanthroline hydrate /solid","1,10-phenanthroline hydrate /solid 5 g /ขวด",,,,5,g,ขวด,
AS195048,"Ammonium Ferrous sulfate [Fe(NH4)2(SO4)2·6H2O] , /solid","Ammonium Ferrous sulfate [Fe(NH4)2(SO4)2·6H2O] ,AR /solid 500 g /ขวด",,,AR,500,g,ขวด,
AS195047,"Potassium dichromate /solid","Potassium dichromate [K2Cr2O7] /solid 500 g /ขวด",,K2Cr2O7,,500,g,ขวด,
AS195046,"Calcium chloride 2H2O [CaCl2.2H2O] , /solid","Calcium chloride 2H2O [CaCl2.2H2O] ,AR /solid 500 g /ขวด",,,AR,500,g,ขวด,
AS195045,"Potassium Chloride /solid 99.5%","Potassium Chloride [KCl] /solid 99.5% 500 g /ขวด",,KCl,,500,g,ขวด,
AS195044,"Sodium chloride , /solid 0.99","Sodium chloride [NaCl] ,AR /solid 0.99 1 kg /ขวด",,NaCl,AR,1,kg,ขวด,
AS195043,"Zinc chloride /solid","Zinc chloride [ZnCl2] /solid 500 g /ขวด",,ZnCl2,,500,g,ขวด,
AS195036,"ชุดทดสอบวัตถุกันเสีย (กรดเบนโซอิก) สำหรับอาหารประเภทเส้น 20 test","ชุดทดสอบวัตถุกันเสีย (กรดเบนโซอิก) สำหรับอาหารประเภทเส้น 20 test /ชุด",,,,,,ชุด,YES
AS195032,"Dexamethasone sodium phosphate 4mg/ml","Dexamethasone sodium phosphate 4mg/ml 1 ml /Ampoule",,,,1,mL,Ampoule,
AS195025,"Clindamycin 10 เม็ด","Clindamycin 300 mg 10 เม็ด /แผง",,,,300,mg,แผง,
AS195022,"Amoxicillin 500 mg + Clavulanic acid 375mg (Augmentin ) 10 เม็ด","Amoxicillin 500 mg + Clavulanic acid 375mg (Augmentin 875mg) 10 เม็ด /แผง",,,,875,mg,แผง,
AS195020,"Solcoseryl paste 10%","Solcoseryl paste 10% 5 g /หลอด",,,,5,g,หลอด,
AS195008,"0.1% Triamcinolone acetonide orabase","0.1% Triamcinolone acetonide orabase 5 g /หลอด",,,,5,g,หลอด,
AS195007,"Clobetasol propionate 0.05%","Clobetasol propionate 0.05% 30 g /หลอด",,,,30,g,หลอด,
AS193883,"ผง Zinc oxide ชนิดไม่มีตัวเร่ง","ผง Zinc oxide ชนิดไม่มีตัวเร่ง 100 g /ถุง",,,,100,g,ถุง,
AS195002,"น้ำยาบ้วนปาก Chlorhexidine 0.12%","น้ำยาบ้วนปาก Chlorhexidine 0.12% 180 ml /ขวด",,,,180,mL,ขวด,
AS194981,"10% Lidocaine Spray (ยาชาเฉพาะที่ ชนิดพ่น","10% Lidocaine Spray (ยาชาเฉพาะที่ ชนิดพ่น ) 36 ml /ขวด",,,,36,mL,ขวด,
AS194983,"Articaine Hydrochloride 4% with epinephrine 1:200000 (ยาชาเฉพาะที่สำหรับใช้ทางทันตกรรม) 50 หลอด","Articaine Hydrochloride 4% with epinephrine 1:200000 (ยาชาเฉพาะที่สำหรับใช้ทางทันตกรรม) 1.7 ml 50 หลอด /กล่อง",,,,1.7,mL,กล่อง,
AS194984,"5% Lidocaine Gel (ยาชาเฉพาะที่ ชนิดครีม","5% Lidocaine Gel (ยาชาเฉพาะที่ ชนิดครีม ) 15 g /หลอด",,,,15,g,หลอด,
AS194997,"High spot Indicator Arti-Spot 2","High spot Indicator Arti-Spot 2 15 ml /ขวด",,,,15,mL,ขวด,
AS194999,"1.23% Acidulated phosphate fluoride ,APF Gel (ฟลูออไรด์เจล","1.23% Acidulated phosphate fluoride ,APF Gel (ฟลูออไรด์เจล) 50 ml /ขวด",,,,50,mL,ขวด,
AS195000,"น้ำยาล้างคลองรากฟัน ชนิด EDTA 17% solution","น้ำยาล้างคลองรากฟัน ชนิด EDTA 17% solution 200 ml /ขวด",,,,200,mL,ขวด,
AS195001,"น้ำยาฆ่าเชื้อ สำหรับล้างมือ Chlorhexidine gluconate 4%","น้ำยาฆ่าเชื้อ สำหรับล้างมือ Chlorhexidine gluconate 4% 5000 ml /แกลลอน",,,,5000,mL,แกลลอน,
AS191813,"Hemolynac .3N (cyanide Free) Liquids 1x","Hemolynac .3N (cyanide Free) Liquids 1x500 ml /กล่อง",,,,500,mL,กล่อง,
AS194975,"Miller Luria Bertani Broth","Miller Luria Bertani Broth 500 g /ขวด",,,,500,g,ขวด,
AS194974,"Luria-Bertani Agar,Miller","Luria-Bertani Agar,Miller 500 g /ขวด",,,,500,g,ขวด,
AS194973,"Hydranol Composite 5 , grade ,Liquid","Hydranol Composite 5 ,AR grade ,Liquid 1 ลิตร /ขวด",,,AR,1,L,ขวด,
AS194972,"Nylon-6 ,solid","Nylon-6 ,solid 1 kg /Pack",,,,1,kg,Pack,
AS194971,"Nylon-12 ,solid","Nylon-12 ,solid 1 kg /Pack",,,,1,kg,Pack,
AS194970,"Kaolin ,solid","Kaolin ,solid 1 kg /Pack",,,,1,kg,Pack,
AS194969,"Titanium Dioxide 200 Nm Easy Disperse (Titanium Dioxide Coat Dimethicone) ,solid","Titanium Dioxide 200 Nm Easy Disperse (Titanium Dioxide Coat Dimethicone) ,solid 100 g /Pack",,,,100,g,Pack,
AS194968,"Isagel (Mix Mask) ,solid","Isagel (Mix Mask) ,solid 1 kg /Pack",,,,1,kg,Pack,
AS194967,"Titanium Dioxide (Cr50Sc23) ,solid","Titanium Dioxide (Cr50Sc23) ,solid 5 kg /Pack",,,,5,kg,Pack,
AS194966,"Mc 30 (Polyisobutene) ,solid","Mc 30 (Polyisobutene) ,solid 5 kg /GL",,,,5,kg,GL,
AS194965,"Resin (Dc Fc-5002 Idd Resin Gum) ,solid","Resin (Dc Fc-5002 Idd Resin Gum) ,solid 100 g /Bot",,,,100,g,Bot,
AS194964,"Polymethylsilsesquioxane ,solid","Polymethylsilsesquioxane ,solid 1 kg /Pack",,,,1,kg,Pack,
AS194963,"Clariant (Btac) ,solid","Clariant (Btac) ,solid 25 kg /Drum",,,,25,kg,Drum,
AS194962,"Coal Tar ,Liquid","Coal Tar ,Liquid 100 g /Bot",,,,100,g,Bot,
AS194961,"Climbazole ,solid","Climbazole ,solid 100 g /Pack",,,,100,g,Pack,
AS194960,"Zinc Pyrithione ,solid","Zinc Pyrithione ,solid 120 g /Pack",,,,120,g,Pack,
AS194959,"Britney ,Liquid NO.5","Britney ,Liquid NO.5 100 g /ขวด",,,,100,g,ขวด,
AS194958,"Linden Sl-5645 ,Liquid","Linden Sl-5645 ,Liquid 100 g /ขวด",,,,100,g,ขวด,
AS194957,"Lavender Officinalis ,Liquid","Lavender Officinalis ,Liquid 100 g /ขวด",,,,100,g,ขวด,
AS194956,"Noir P-9344 ,Liquid","Noir P-9344 ,Liquid 100 g /ขวด",,,,100,g,ขวด,
AS194955,"Honey Milk Sl-7159 ,Liquid","Honey Milk Sl-7159 ,Liquid 100 g /ขวด",,,,100,g,ขวด,
AS194954,"Coconut Milk Flavour (63.4515) ,Liquid","Coconut Milk Flavour (63.4515) ,Liquid 100 g /ขวด",,,,100,g,ขวด,
AS194953,"Golden Gate (1087270) ,Liquid","Golden Gate (1087270) ,Liquid 100 g /ขวด",,,,100,g,ขวด,
AS194952,"Riches P-8465 ,Liquid","Riches P-8465 ,Liquid 100 g /ขวด",,,,100,g,ขวด,
AS194951,"Escatone Sh-12191 ,Liquid","Escatone Sh-12191 ,Liquid 100 g /ขวด",,,,100,g,ขวด,
AS194950,"Nive Pearl ,Liquid NO.3","Nive Pearl ,Liquid NO.3 100 g /ขวด",,,,100,g,ขวด,
AS194949,"Riz ,Liquid NO.1","Riz ,Liquid NO.1 100 g /ขวด",,,,100,g,ขวด,
AS194948,"Api ,Liquid NO.1","Api ,Liquid NO.1 100 g /ขวด",,,,100,g,ขวด,
AS194947,"Match Point Sh-11612 ,Liquid","Match Point Sh-11612 ,Liquid 100 g /ขวด",,,,100,g,ขวด,
AS194946,"Occasion Rose Sh-11199 ,Liquid","Occasion Rose Sh-11199 ,Liquid 100 g /ขวด",,,,100,g,ขวด,
AS194945,"Strawberry Flavour(63.07127) ,Liquid","Strawberry Flavour(63.07127) ,Liquid 100 g /ขวด",,,,100,g,ขวด,
AS194944,"Lexemul 561 ,cosmetic grade ,solid","Lexemul 561 ,cosmetic grade ,solid 1 kg /ถุง",,,,1,kg,ถุง,
AS194943,"Fdp C111S 14 ,cosmetic grade ,Powder","Fdp C111S 14 ,cosmetic grade ,Powder 1 kg /ถุง",,,,1,kg,ถุง,
AS194942,"Hydranol Methanol Dry , grade ,Liquid","Hydranol Methanol Dry ,Ar grade ,Liquid 1 ลิตร /ขวด",,,AR,1,L,ขวด,
AS194941,"Stearic Acid , grade ,solid","Stearic Acid [C18H36O2] ,Ar grade ,solid 500 g /ขวด",,C18H36O2,AR,500,g,ขวด,
AS194940,"Acetylsalicylic Acid [C₉H₈O₄] , grade ,solid","Acetylsalicylic Acid [C₉H₈O₄] cas no.50-78-2 ,AR grade ,solid 100 g /ขวด",50-78-2,,AR,100,g,ขวด,
AS194936,"30% Acrylamide and Bis-acrylamide solution , 29:1","30% Acrylamide and Bis-acrylamide solution , 29:1 500 ml /ขวด",,,,500,mL,ขวด,
AS194935,"Trichloroacetic acid C2HCl3O2 Grade","Trichloroacetic acid C2HCl3O2cas no.76-03-9 AR Grade 1 kg /ขวด",76-03-9,,AR,1,kg,ขวด,
AS194934,"Malondialdehyde tetrabutylammonium salt","Malondialdehyde tetrabutylammonium salt 1 g /ขวด",,,,1,g,ขวด,
AS194933,"MEM alpha medium /ซอง 10 ซอง","MEM alpha medium 1 L/ซอง 10 ซอง /แพ็ค",,,,1,L,แพ็ค,
AS194932,"2-Thiobarbituric acid","2-Thiobarbituric acid 25 g /ขวด",,,,25,g,ขวด,
AS194929,"Ketoconazole C26H28Cl2N4O4 .","Ketoconazole C26H28Cl2N4O4cas no.65244-42-1 100 mg. /ขวด",65244-42-1,,,100,mg,ขวด,
AS194928,"ชุดตรวจวัดความเป็นกรด-ด่าง Ph 0-14","ชุดตรวจวัดความเป็นกรด-ด่าง Ph 0-14",,,,,,,YES
AS194926,"SERODIA MYCOII solid 5x5 test","SERODIA MYCOII solid 5x5 test /กล่อง",,,,,,กล่อง,YES
AS194925,"Orlistat ≥98% , Grade /solid","Orlistat ≥98% cas no.96829-58-2 ,AR Grade /solid 25 mg /กระปุก",96829-58-2,,AR,25,mg,กระปุก,
AS194924,"Bovine Serum Albumin heat shock fraction, pH 7, ≥98% , Grade /solid","Bovine Serum Albumin heat shock fraction, pH 7, ≥98% cas no.9048-46-8 ,AR Grade /solid 10 g /กระปุก",9048-46-8,,AR,10,g,กระปุก,
AS194923,"2,3- Dimercapto-1-propanol tributyrate 97 % , Grade /solid","2,3- Dimercapto-1-propanol tributyrate 97 % cas no.58428-97-0 ,AR Grade /solid 1 g /กระปุก",58428-97-0,,AR,1,g,กระปุก,
AS194906,"Liquid-Paraffin [CnH2n+2] ,Liquids","Liquid-Paraffin [CnH2n+2]cas no.8012951 ,Liquids 450 ml /ขวด",8012-95-1,,,450,mL,ขวด,
AS194903,CR2;TTCGCCCCTATACTCACGTTAT,"CR2;TTCGCCCCTATACTCACGTTAT /Primer",,,,,,Primer,YES
AS194902,CF1;GAGTTGAACTGCAAGCTCTGG,"CF1;GAGTTGAACTGCAAGCTCTGG /Primer",,,,,,Primer,YES
AS194901,"Pikovskaya's Broth (Medium","Pikovskaya's Broth (Medium) 500 g /ขวด",,,,500,g,ขวด,
AS194900,"Go Taq green master mix","Go Taq green master mix 1 ml /ชุด",,,,1,mL,ชุด,
AS193289,"*ยกเลิกไปใช้ AS194898* Amitriptyline hydrochloride 500 เม็ด","*ยกเลิกไปใช้ AS194898* Amitriptyline hydrochloride 10mg 500 เม็ด/กล่อง",,,,10,mg,กล่อง,
AS194896,"Acetylcysteine powder 200mg /ซอง 30 ซอง","Acetylcysteine powder 200mg 3g/ซอง 30 ซอง/กล่อง",,,,3,g,กล่อง,
AS193268,"*ยกเลิกไปใช้ AS194896* Acetylcysteine powder 200mg /ซอง 30 ซอง","*ยกเลิกไปใช้ AS194896* Acetylcysteine powder 200mg 3g/ซอง 30 ซอง/กล่อง",,,,3,g,กล่อง,
AS194885,"Orphenadrine Paracetamol (Paracetamol 450 mg + Orphenadrine citrate ) 1000 เม็ด","Orphenadrine Paracetamol  (Paracetamol 450 mg + Orphenadrine citrate 35 mg) 1000 เม็ด/กล่อง",,,,35,mg,กล่อง,
AS193224,"*ยกเลิกไปใช้ AS194885* Orphenadrine Paracetamol (Paracetamol 450 mg + Orphenadrine citrate ) 1000 เม็ด","*ยกเลิกไปใช้ AS194885* Orphenadrine Paracetamol  (Paracetamol 450 mg + Orphenadrine citrate 35 mg) 1000 เม็ด/กล่อง",,,,35,mg,กล่อง,
AS193144,"*ยกเลิกไปใช้ AS194879* Amoxicillin trihydrate + Potassium clavulanate (Amoxicillin trihydrate 875 mg + Potassium clavulanate ) 50 เม็ด","*ยกเลิกไปใช้ AS194879* Amoxicillin trihydrate + Potassium clavulanate (Amoxicillin trihydrate 875 mg + Potassium clavulanate 125 mg) 50 เม็ด/กล่อง",,,,125,mg,กล่อง,
AS194879,"Amoxicillin and Potassium clavulanate (875 mg+) 50 เม็ด","Amoxicillin and Potassium clavulanate (875 mg+125 mg) 50 เม็ด/กล่อง",,,,125,mg,กล่อง,
AS193281,"salicylic acid+phenol (25g+1.5ml/100ml","salicylic acid+phenol (25g+1.5ml/100ml) 15 ml/ขวด",,,,15,mL,ขวด,
AS194809,"Gibberellic acid / Molecular grade ,Solid","Gibberellic acid [C19H22O6] cas no.77065 / Molecular grade ,Solid 1 g /ขวด",77-06-5,C19H22O6,,1,g,ขวด,
AS194875,"Chlorhexidine gluconate 2% Q-Bac2W","Chlorhexidine gluconate 2% Q-Bac2W3800 ml /แกลอน",,,,3800,mL,แกลอน,
AS194874,"Sodium hypochlorite 2.5%","Sodium hypochlorite 2.5% 1,000 ml /ขวด",,,,1000,mL,ขวด,
AS194873,"Sodium hypochlorite 10%","Sodium hypochlorite 10% 20,000 ml /แกลอน",,,,20000,mL,แกลอน,
AS194872,"Self-cured acrylic #white","Self-cured acrylic #white1 kg /กล่อง",,,,1,kg,กล่อง,
AS194871,"Porcelain etching gel 9.5% Hydrofluoric Acid","Porcelain etching gel 9.5% Hydrofluoric Acid5 g /ชิ้น",,,,5,g,ชิ้น,
AS194865,"Mepivacaine 3% 50 หลอด","Mepivacaine 3% 1.8 ml 50 หลอด /กล่อง",,,,1.8,mL,กล่อง,
AS194864,"Silane Coupling Agent","Silane Coupling Agent 8 ml /ขวด",,,,8,mL,ขวด,
AS191773,"Hicrome UTI agar","Hicrome UTI agar 500 g /ขวด",,,,500,g,ขวด,
AS191654,"ชุดสีย้อมแกรม (Gram Stain Set","ชุดสีย้อมแกรม (Gram Stain Set)",,,,,,,YES
AS190987,"Manganese (II) sulfate monohydrate (MnSO4.H2O) /Cosmetic grade /powder","Manganese (II) sulfate monohydrate (MnSO4.H2O) cas no.10034-96-5/Cosmetic grade /powder 500 g /ขวด",10034-96-5,,,500,g,ขวด,
AS193158,"*ยกเลิกไปใช้ AS194842* Cetirizine dihydrochloride 500 เม็ด","*ยกเลิกไปใช้ AS194842* Cetirizine dihydrochloride 10mg 500 เม็ด/กล่อง",,,,10,mg,กล่อง,
AS191567,"*ยกเลิกไปใช้ AS071955* Sterile water for injection /Liquid 5 ml100 ขวด","*ยกเลิกไปใช้ AS071955* Sterile water for injection /LR /Liquid 5 ml100 ขวด /กล่อง",,,LR,,,กล่อง,YES
AS191568,"*ยกเลิกไปใช้ AS071956* Sterile water for injection /Liquid 10 ml50 ขวด","*ยกเลิกไปใช้ AS071956* Sterile water for injection /LR /Liquid 10 ml50 ขวด /กล่อง",,,LR,,,กล่อง,YES
AS194863,"Sodium hypochlorite 10% (โซเดียมไฮโปคลอไรท์) ,Liquid .","Sodium hypochlorite 10% (โซเดียมไฮโปคลอไรท์) [NaOCl]cas no.7681-52-9 ,Liquid 20 กก. /ถัง",7681-52-9,NaOCl,,20,kg,ถัง,
AS194862,"Sodium chloride 7.5% (โซเดียมคลอไรด์) ,Liquid .","Sodium chloride 7.5% (โซเดียมคลอไรด์) [NaCl]cas no.7647-14-5 ,Liquid 20 กก. /ถัง",7647-14-5,NaCl,,20,kg,ถัง,
AS194861,"Hydrochloric acid 9% (กรดไฮโดรคลอริก) ,Liquid .","Hydrochloric acid 9% (กรดไฮโดรคลอริก) [HCl]cas no.7647-01-0 ,Liquid 20 กก. /ถัง",7647-01-0,HCl,,20,kg,ถัง,
AS194860,"Sodium Carbonate (Soda Ash) (โซเดียมคาร์บอเนต) .","Sodium Carbonate (Soda Ash) (โซเดียมคาร์บอเนต) [Na2CO3] 25 กก. /กระสอบ",,Na2CO3,,25,kg,กระสอบ,
AS194859,"Aluminium sulfate 16% (สารส้มขุ่นผง) [Al2(SO4)3] ,Powder .","Aluminium sulfate 16% (สารส้มขุ่นผง) [Al2(SO4)3]cas no.10043-01-3 ,Powder 25 กก. /กระสอบ",10043-01-3,,,25,kg,กระสอบ,
AS194858,"Tocopheryl Acetate ,Cosmetic grade ,Liquid","Tocopheryl Acetate [C31H52O3]cas no.58-95-7 ,Cosmetic grade ,Liquid 500 g /ขวด",58-95-7,C31H52O3,,500,g,ขวด,
AS194856,"Potassium permanganate , grade ,Solid","Potassium permanganate [KMnO4] cas no.7722-64-7 ,AR grade ,Solid 500 g /ขวด",7722-64-7,KMnO4,AR,500,g,ขวด,
AS194853,"Glycerol 99.5% , grade ,Liquid","Glycerol 99.5% [C3H8O3] cas no.6-81-5 ,AR grade ,Liquid 1 L /ขวด",6-81-5,C3H8O3,AR,1,L,ขวด,
AS193314,"*ยกเลิกไปใช้ AS194848* Clindamycin 10 เม็ด","*ยกเลิกไปใช้ AS194848* Clindamycin 300 mg 10 เม็ด /แผง",,,,300,mg,แผง,
AS194847,"Clindamycin 10 เม็ด","Clindamycin 150 mg 10 เม็ด /แผง",,,,150,mg,แผง,
AS194842,"Cetirizine dihydrochloride 500 เม็ด","Cetirizine dihydrochloride 10mg 500 เม็ด/กล่อง",,,,10,mg,กล่อง,
AS194840,"Methanol ( grade) /Liquids","Methanol (HPLC grade) /Liquids 2.5 L/ขวด",,,HPLC,2.5,L,ขวด,
AS194839,"Sudan III /Solid","Sudan III [C22H16N4O] cas no.85-86-9 /Solid 10 g /ขวด",85-86-9,C22H16N4O,,10,g,ขวด,
AS193702,"Paraffin wax /commercial grade /Solid","Paraffin wax cas no.8002-74-2 /commercial grade /Solid 1 kg /ถุง",8002-74-2,,,1,kg,ถุง,
AS191989,"Safranin O /Solid","Safranin O [C20H19N4] cas no.477-73-6 /Solid 100 g /ขวด",477-73-6,C20H19N4,,100,g,ขวด,
AS193701,"Paraffin wax /cosmetic, /solid","Paraffin wax cas no.8002-74-2 /cosmetic, /solid, 1 kg /ถุง",8002-74-2,,,1,kg,ถุง,
AS191756,"Paraffin wax Pionier 52/54 /Cosmetic /Solid","Paraffin wax Pionier 52/54 cas no.8002-74-2 /Cosmetic /Solid 1 kg /ถุง",8002-74-2,,,1,kg,ถุง,
AS193572,"Hard Paraffin wax /cosmetic, /solid","Hard Paraffin wax /cosmetic, /solid, 1 kg /ถุง",,,,1,kg,ถุง,
AS191421,"Paraffin wax Pionier 52/54 grade /Solid","Paraffin wax Pionier 52/54 cas no.8002-74-2 /LR grade /Solid 1 kg /ถุง",8002-74-2,,LR,1,kg,ถุง,
AS194838,"Polyaniline (PANI) ,solid","Polyaniline (PANI) ,solid 25 g /ขวด",,,,25,g,ขวด,
AS194837,"Nitric acid ,A.R.grade ,Liquid","Nitric acid [HNO3] ,A.R.grade ,Liquid 2.5 l /ขวด",,HNO3,,2.5,L,ขวด,
AS194836,"Aleksandrov agar","Aleksandrov agar 500 g /ขวด",,,,500,g,ขวด,
AS193650,"Pyridoxine Hydrochloride (Vitamin B6) [C8H11NO3 · HCl] ,standard grade ,Solid","Pyridoxine Hydrochloride (Vitamin B6) [C8H11NO3 · HCl] cas no.58-56-2 ,standard grade ,Solid 1000 mg /ขวด",58-56-2,,,1000,mg,ขวด,
AS194810,"Adenosine 5′-triphosphate (ATP) disodium salt hydrate [C10H14N5Na2O13P3 · xH2O] / Molecular Grade grade ,solid","Adenosine 5′-triphosphate (ATP) disodium salt hydrate [C10H14N5Na2O13P3 · xH2O] cas no.34369078 / Molecular Grade grade ,solid 1 g /ขวด",34369-07-8,,,1,g,ขวด,
AS194835,"δ-Tocopherol (Vitamin E) ,standard grade ,Solid","δ-Tocopherol (Vitamin E) [C27H46O2] cas no.59-02-9 ,standard grade ,Solid 100 mg /ขวด",59-02-9,C27H46O2,,100,mg,ขวด,
AS194834,"Vitamin B12 ,standard grade ,Solid","Vitamin B12 [C63H88CoN14O14P] cas no.68-19-9 ,standard grade ,Solid 1000 mg /ขวด",68-19-9,C63H88CoN14O14P,,1000,mg,ขวด,
AS194833,"Thiamine Hydrochloride (Vitamin B1) [C12H17ClN4OS · HCl ] ,standard grade ,Solid","Thiamine Hydrochloride (Vitamin B1) [C12H17ClN4OS · HCl ] cas no.67-03-8 ,standard grade ,Solid 1000 mg /ขวด",67-03-8,,,1000,mg,ขวด,
AS194832,"Riboflavin (Vitamin B2) ,standard grade ,Solid","Riboflavin (Vitamin B2) [C17H20N4O6] cas no.83-88-5 ,standard grade ,Solid 1000 mg /ขวด",83-88-5,C17H20N4O6,,1000,mg,ขวด,
AS194831,"Retinol (Vitamin A) synthetic, ≥95%, crystalline ,standard grade ,Solid","Retinol (Vitamin A) synthetic, ≥95%, crystalline HPLC [C20H30O] cas no.68-26-8 ,standard grade ,Solid 500 mg /ขวด",68-26-8,C20H30O,HPLC,500,mg,ขวด,
AS192205,"Nicotinamide (Niacinamide) : Vitamin B3 ,standard grade ,Solid","Nicotinamide (Niacinamide) : Vitamin B3 [C6H6N2O] cas no.98-92-0 ,standard grade ,Solid 1000 mg /ขวด",98-92-0,C6H6N2O,,1000,mg,ขวด,
AS191785,"N-Acetyl-D-glucosamine ≥99% ,Molecular grade ,solid","N-Acetyl-D-glucosamine ≥99% [C8H15NO6] cas no.7512-17-6 ,Molecular grade ,solid 10 mg /ขวด",7512-17-6,C8H15NO6,,10,mg,ขวด,
AS191741,"D-Pantothenic acid hemicalcium salt (Vitamin B5) [HOCH2C(CH3)2CH(OH)CONHCH2CH2CO2 ·1/2Ca] , grade ,Solid","D-Pantothenic acid hemicalcium salt (Vitamin B5) [HOCH2C(CH3)2CH(OH)CONHCH2CH2CO2 ·1/2Ca] cas no.137-08-6 ,AR grade ,Solid 1000 mg /ขวด",137-08-6,,AR,1000,mg,ขวด,
AS190983," β-NADH phosphate disodium salt [ C21H26N7Na2O17P3] ,Molecular grade ,solid"," β-NADH phosphate disodium salt [ C21H26N7Na2O17P3] cas no.24292-60-2 ,Molecular grade ,solid 50 mg /ขวด",24292-60-2,,,50,mg,ขวด,
AS194792,"tri - Sodium citrate dihydrate [HOC(COONa)(CH2COONa)2 · 2H2O] grade ,Solid","tri - Sodium citrate dihydrate [HOC(COONa)(CH2COONa)2 · 2H2O] cas no.6132043 /AR grade ,Solid 500 g /ขวด",6132-04-3,,AR,500,g,ขวด,
AS194826,"Copper (II) nitrate trihydrate [Cu(NO3)2.3H2O] grade ,Solid","Copper (II) nitrate trihydrate [Cu(NO3)2.3H2O] cas no.10031433 /AR grade ,Solid 500 g /ขวด",10031-43-3,,AR,500,g,ขวด,
AS194827,"Potassium permanganate /Commercial grade ,Solid","Potassium permanganate [KMnO4] cas no.7722647 /Commercial grade ,Solid 1 kg /ขวด",7722-64-7,KMnO4,,1,kg,ขวด,
AS194828,"Ethanol 95% /Commercial grade ,Liquid","Ethanol 95% [C2H5OH] /Commercial grade ,Liquid 5 L /ขวด",,C2H5OH,,5,L,ขวด,
AS194829,"Distilled Water ,Liquid","Distilled Water [H2O] ,Liquid 20 L /ถัง",,H2O,,20,L,ถัง,
AS194830,"Detergent ,Liquid","Detergent ,Liquid 150 ml /ขวด",,,,150,mL,ขวด,
AS194804,"4-(Dimethylamino)benzaldehyde 99% grade ,solid","4-(Dimethylamino)benzaldehyde 99% [C9H11NO] cas no.100107 /AR grade ,solid 25 g /ขวด",100-10-7,C9H11NO,AR,25,g,ขวด,
AS194805,"Chitinase from Streptomyces griseus [] / Molecular Grade grade ,solid 5 unit","Chitinase from Streptomyces griseus [] cas no.9001063 / Molecular Grade grade ,solid 5 unit /ขวด",9001-06-3,,,,,ขวด,YES
AS194806,"Hexokinase and Glucose-6-phosphate Dehydrogenase from baker's yeast (S. cerevisiae) [] cas no. / Molecular Grade grade ,liquid 500 unit","Hexokinase and Glucose-6-phosphate Dehydrogenase from baker's yeast (S. cerevisiae) [] cas no. / Molecular Grade grade ,liquid 500 unit /ขวด",,,,,,ขวด,YES
AS194807,"2,4-dichlorophenoxyacetic acid [C8H6Cl2O3 ] / Molecular Grade grade ,Solid","2,4-dichlorophenoxyacetic acid [C8H6Cl2O3 ] cas no.94757 / Molecular Grade grade ,Solid 100 g /ขวด",94-75-7,,,100,g,ขวด,
AS194808,"Indole-3-butyric acid (IBA) / Molecular Grade grade ,Solid","Indole-3-butyric acid (IBA) [C12H13NO2] cas no.133324 / Molecular Grade grade ,Solid 5 g /ขวด",133-32-4,C12H13NO2,,5,g,ขวด,
AS194811,"Hexokinase and Glucose-6-phosphate Dehydrogenase [] cas no. / Molecular Grade grade ,liquid 500 unit","Hexokinase and Glucose-6-phosphate Dehydrogenase [] cas no. / Molecular Grade grade ,liquid 500 unit /ขวด",,,,,,ขวด,YES
AS194812,"Chloral hydrate grade ,Solid","Chloral hydrate [C2H3Cl3O2] cas no.302170 /AR grade ,Solid 500 g /ขวด",302-17-0,C2H3Cl3O2,AR,500,g,ขวด,
AS194813,"Janus Green B [] /for biology grade grade ,Solid","Janus Green B [] cas no.2869832 /for biology grade grade ,Solid 5 g /ขวด",2869-83-2,,,5,g,ขวด,
AS194814,"Sodium Hypochlorite grade ,Liquid","Sodium Hypochlorite [NaOCl] cas no.7681529 /AR grade ,Liquid 5 L /แกลลอน",7681-52-9,NaOCl,AR,5,L,แกลลอน,
AS194815,"Gold (III) chloride trihydrate [HAuCl4.3H2O] grade ,Solid","Gold (III) chloride trihydrate [HAuCl4.3H2O] cas no.16961254 /AR grade ,Solid 1 g /ขวด",16961-25-4,,AR,1,g,ขวด,
AS194816,"Sodium alginate [(C6H7NaO6)n ] grade ,Solid","Sodium alginate [(C6H7NaO6)n ] cas no.9005383 /AR grade ,Solid 500 g /ขวด",9005-38-3,,AR,500,g,ขวด,
AS194817,"6X Novel juice DNA staining dye Molecular Biology Grade [] cas no. /Molecular Grade grade ,Liquid /vial","6X Novel juice DNA staining dye Molecular Biology Grade [] cas no. /Molecular Grade grade ,Liquid 1 ml/vial /หลอด",,,,1,mL,หลอด,
AS194818,"Nutrient Broth [] cas no. grade ,Solid","Nutrient Broth [] cas no. /AR grade ,Solid 500 g /ขวด",,,AR,500,g,ขวด,
AS194819,"Potato dextrose agar (PDA) [] cas no. grade ,Solid","Potato dextrose agar (PDA) [] cas no. /AR grade ,Solid 500 g /ขวด",,,AR,500,g,ขวด,
AS194820,"TISAB II for Fluoride ion [] grade ,Liquid","TISAB II for Fluoride ion [] cas no.1310732 /AR grade ,Liquid 500 ml /ขวด",1310-73-2,,AR,500,mL,ขวด,
AS194821,"Valine grade ,Solid","Valine [C5H11NO2] cas no.72184 /AR grade ,Solid 100 g /ขวด",72-18-4,C5H11NO2,AR,100,g,ขวด,
AS194822,"Ethanol 95% /Commercial grade ,Liquid","Ethanol 95% [C2H5OH] cas no.64175 /Commercial grade ,Liquid 18 L /ถัง",64-17-5,C2H5OH,,18,L,ถัง,
AS194823,"Potassium iodide grade ,Solid","Potassium iodide [KI] cas no.7681110 /AR grade ,Solid 1 kg /ขวด",7681-11-0,KI,AR,1,kg,ขวด,
AS194824,"Glycerine soap สบู่ใส [] cas no. /Commercial grade ,Solid","Glycerine soap สบู่ใส [] cas no. /Commercial grade ,Solid 1 kg /ถุง",,,,1,kg,ถุง,
AS194825,"Iodine (resublimed) grade ,Solid","Iodine (resublimed) [I2] cas no.7553562 /AR grade ,Solid 500 g /ขวด",7553-56-2,I2,AR,500,g,ขวด,
AS194793,"L-Lysine grade ,Solid","L-Lysine [C6H14N2O2] cas no.56871 /AR grade ,Solid 100 g /ขวด",56-87-1,C6H14N2O2,AR,100,g,ขวด,
AS194794,"Drextrin white technical grade [(C6H10O5)n•xH2O] grade ,Solid","Drextrin white technical grade [(C6H10O5)n•xH2O] cas no.9004539 /AR grade ,Solid 500 g /ขวด",9004-53-9,,AR,500,g,ขวด,
AS194795,"s-butyl chloride grade ,Liquid","s-butyl chloride [C4H9Cl] cas no.78864 /AR grade ,Liquid 1 L /ขวด",78-86-4,C4H9Cl,AR,1,L,ขวด,
AS194796,"t-butyl chloride grade ,Liquid","t-butyl chloride [C4H9Cl] cas no.507200 /AR grade ,Liquid 500 ml /ขวด",507-20-0,C4H9Cl,AR,500,mL,ขวด,
AS194797,"Calcium carbide grade ,Solid","Calcium carbide [CaC2] cas no.75207 /AR grade ,Solid 1 kg /ขวด",75-20-7,CaC2,AR,1,kg,ขวด,
AS194798,"Azocasein protease substrate [] cas no. grade ,solid","Azocasein protease substrate [] cas no. /AR grade ,solid 1 g /ขวด",,,AR,1,g,ขวด,
AS194799,"Bacterial Genomic DNA Isolation Kit [] cas no. /Molecular Grade grade ,Liquid 1 kit","Bacterial Genomic DNA Isolation Kit [] cas no. /Molecular Grade grade ,Liquid 1 kit /กล่อง",,,,,,กล่อง,YES
AS194800,"DNA Gel Loading Dye (6X) [] cas no. /Molecular Grade grade ,Liquid","DNA Gel Loading Dye (6X) [] cas no. /Molecular Grade grade ,Liquid 1 ml /หลอด",,,,1,mL,หลอด,
AS194801,"DNeasy Plant Mini Kit [] cas no. /Molecular Grade grade ,Liquid 50 preps","DNeasy Plant Mini Kit [] cas no. /Molecular Grade grade ,Liquid 50 preps /กล่อง",,,,,,กล่อง,YES
AS194802,"Agar commercial grade [] cas no. /Commercial grade ,Solid","Agar commercial grade [] cas no. /Commercial grade ,Solid 1 kg /ถุง",,,,1,kg,ถุง,
AS194803,"Calcium lactate pentahydrate [C6H10CaO6.5H2O] cas no. grade ,Solid","Calcium lactate pentahydrate [C6H10CaO6.5H2O] cas no. /AR grade ,Solid 1 kg /ขวด",,,AR,1,kg,ขวด,
AS194783,"Methanol grade ,Liquid","Methanol [CH3OH] cas no.67561 /AR grade ,Liquid 4 L /ขวด",67-56-1,CH3OH,AR,4,L,ขวด,
AS194784,"Methyl Violet grade ,Solid","Methyl Violet [C25H30CIN3] cas no.548629 /AR grade ,Solid 100 g /ขวด",548-62-9,C25H30CIN3,AR,100,g,ขวด,
AS194785,"Naphthalene grade ,Solid","Naphthalene [C10H9] cas no.91203 /AR grade ,Solid 500 g /ขวด",91-20-3,C10H9,AR,500,g,ขวด,
AS194786,"Periodic acid grade ,Solid","Periodic acid [H5IO6] cas no.10450609 /AR grade ,Solid 25 g /ขวด",10450-60-9,H5IO6,AR,25,g,ขวด,
AS194787,"Potassium chromate grade ,Solid","Potassium chromate [K2CrO4] cas no.7789006 /AR grade ,Solid 500 g /ขวด",7789-00-6,K2CrO4,AR,500,g,ขวด,
AS194788,"Potassium ferrocyanide trihydrate [K4[Fe(CN)6]] grade ,Solid","Potassium ferrocyanide trihydrate [K4[Fe(CN)6]] cas no.14459951 /AR grade ,Solid 500 g /ขวด",14459-95-1,,AR,500,g,ขวด,
AS194789,"di-Potassium hydrogen phosphate grade ,Solid","di-Potassium hydrogen phosphate [K2HPO4] cas no.7758114 /AR grade ,Solid 500 g /ขวด",7758-11-4,K2HPO4,AR,500,g,ขวด,
AS194790,"Sodium oxalate [(COONa)2 ] grade ,Solid","Sodium oxalate [(COONa)2 ] cas no.62760 /AR grade ,Solid 500 g /ขวด",62-76-0,,AR,500,g,ขวด,
AS194791,"Sodium thiosulphate pentahydrate [Na2S2O3.5H2O] grade ,Solid","Sodium thiosulphate pentahydrate [Na2S2O3.5H2O] cas no.10102177 /AR grade ,Solid 500 g /ขวด",10102-17-7,,AR,500,g,ขวด,
AS194761,"1,2-Propandiol grade ,Liquid","1,2-Propandiol [C3H8O2] cas no.57556 /AR grade ,Liquid 1 L /ขวด",57-55-6,C3H8O2,AR,1,L,ขวด,
AS194762,"1,3-Propandiol grade ,Liquid","1,3-Propandiol [C3H8O2] cas no.504632 /AR grade ,Liquid 1 L /ขวด",504-63-2,C3H8O2,AR,1,L,ขวด,
AS194763,"1-Butanol grade ,Liquid","1-Butanol [C4H10O] cas no.71363 /AR grade ,Liquid 2.5 L /ขวด",71-36-3,C4H10O,AR,2.5,L,ขวด,
AS194764,"Acetonyl acetone (Hexane-2,5-dione) grade ,Liquid","Acetonyl acetone (Hexane-2,5-dione) [CH3COCH2COCH3] cas no.123546 /AR grade ,Liquid 1 L /ขวด",123-54-6,CH3COCH2COCH3,AR,1,L,ขวด,
AS194765,"Acridine orange /dye content grade ,Solid","Acridine orange [C17H20N3Cl3Zn] cas no.10127023 /dye content grade ,Solid 25 g /ขวด",10127-02-3,C17H20N3Cl3Zn,,25,g,ขวด,
AS194766,"L-Alanine grade ,Solid","L-Alanine [C3H7NO2] cas no.56417 /AR grade ,Solid 100 g /ขวด",56-41-7,C3H7NO2,AR,100,g,ขวด,
AS194767,"Ammonium chloride grade ,Solid","Ammonium chloride [NH4Cl] cas no.12125029 /AR grade ,Solid 1 kg /ขวด",12125-02-9,NH4Cl,AR,1,kg,ขวด,
AS194768,"Aspartic acid [HOOCCH(NH2)CH2COOH] grade ,Solid","Aspartic acid [HOOCCH(NH2)CH2COOH] cas no.56844 /AR grade ,Solid 100 g /ขวด",56-84-4,,AR,100,g,ขวด,
AS194769,"Benzaldehyde grade ,Liquid","Benzaldehyde [C7H6O] cas no.100527 /AR grade ,Liquid 1 L /ขวด",100-52-7,C7H6O,AR,1,L,ขวด,
AS194770,"Biphenyl grade ,Solid","Biphenyl [C12H10] cas no.92524 /AR grade ,Solid 1 kg /ขวด",92-52-4,C12H10,AR,1,kg,ขวด,
AS194771,"Cetrimonium bromide (CTAB) [CH3(CH2)15N(CH3)Br] grade ,Solid","Cetrimonium bromide (CTAB) [CH3(CH2)15N(CH3)Br] cas no.57090 /AR grade ,Solid 100 g /ขวด",57-09-0,,AR,100,g,ขวด,
AS194772,"Cobalt (II) chloride hexahydrate [CoCl2.6H2O] grade ,Solid","Cobalt (II) chloride hexahydrate [CoCl2.6H2O] cas no.7791131 /AR grade ,Solid 500 g /ขวด",7791-13-1,,AR,500,g,ขวด,
AS194773,"Copper (ll) nitrate trihydrate [Cu(NO3)2.3H2O] grade ,Solid","Copper (ll) nitrate trihydrate [Cu(NO3)2.3H2O] cas no.10031433 /AR grade ,Solid 500 g /ขวด",10031-43-3,,AR,500,g,ขวด,
AS194774,"Copper (II) sulphate pentahydrate [CuSO4.5H2O] grade ,Solid","Copper (II) sulphate pentahydrate [CuSO4.5H2O] cas no.7758998 /AR grade ,Solid 500 g /ขวด",7758-99-8,,AR,500,g,ขวด,
AS194775,"Diacetyl grade ,Liquid","Diacetyl [C4H6O2] cas no.431038 /AR grade ,Liquid 100 ml /ขวด",431-03-8,C4H6O2,AR,100,mL,ขวด,
AS194776,"Dibutylamine grade ,Liquid","Dibutylamine [C8H19N] cas no.111922 /AR grade ,Liquid 1 L /ขวด",111-92-2,C8H19N,AR,1,L,ขวด,
AS194777,"D-Sorbital grade ,Solid","D-Sorbital [C6H14O6] cas no.50704 /AR grade ,Solid 1 kg /ขวด",50-70-4,C6H14O6,AR,1,kg,ขวด,
AS194778,"Ethyl acetoacetate grade ,Liquid","Ethyl acetoacetate [C6H10O3] cas no.141979 /AR grade ,Liquid 1 L /ขวด",141-97-9,C6H10O3,AR,1,L,ขวด,
AS194779,"Glycerol 99.5% grade ,Liquid","Glycerol 99.5% [C3H8O3] cas no.56815 /AR grade ,Liquid 2.5 L /ขวด",56-81-5,C3H8O3,AR,2.5,L,ขวด,
AS194780,"Iminodiacetic acid grade ,Solid","Iminodiacetic acid [C4H7NO4] cas no.142734 /AR grade ,Solid 250 g /ขวด",142-73-4,C4H7NO4,AR,250,g,ขวด,
AS194781,"L-Leucine grade ,Solid","L-Leucine [C6H13NO2] cas no.61905 /AR grade ,Solid 100 g /ขวด",61-90-5,C6H13NO2,AR,100,g,ขวด,
AS194782,"Magnesium sulphate heptahydrate [MgSO4.7H2O] grade ,Solid","Magnesium sulphate heptahydrate [MgSO4.7H2O] cas no.10034998 /AR grade ,Solid 500 g /ขวด",10034-99-8,,AR,500,g,ขวด,
AS192001,"Nutrient agar/Solid","Nutrient agar AR/Solid 500 g /ขวด",,,AR,500,g,ขวด,
AS191515,"Sodium alginate (C5H7O4COON)a /Solid","Sodium alginate (C5H7O4COON)a cas no.9005383 /LR /Solid 1 kg /ขวด",9005-38-3,,LR,1,kg,ขวด,
AS190686,"Potassium Monopersulfate grade /powder","Potassium Monopersulfate [KHSO4]cas no.70693-62-8 /LR grade /powder 500 g /ขวด",70693-62-8,KHSO4,LR,500,g,ขวด,
AS190588,"Methanol /Cosmetic grade /liquid","Methanol [MoO3]cas no.1313275 /Cosmetic grade /liquid 2.5 L /ขวด",1313-27-5,MoO3,,2.5,L,ขวด,
AS194759,"PLATINUM TAQ DNA POLYMERASE 500 u 4 หลอด","PLATINUM TAQ DNA POLYMERASE 500 u 4 หลอด /ชุด",,,,,,ชุด,YES
AS194757,"One Mark 100 DNA Ladder","One Mark 100 DNA Ladder 600 ul",,,,600,uL,,
AS194755,"ddPCR Prob Supermix,200 rxn 2 หลอด","ddPCR Prob Supermix,200 rxn 1 ml 2 หลอด /ชุด",,,,1,mL,ชุด,
AS194753,"Kit Capillarys HB 4 ขวด","Kit Capillarys HB 4 ขวด /ชุด",,,,,,ชุด,YES
AS194752,"QIAquick Gel Extration kit (50","QIAquick Gel Extration kit (50) 50 ชิ้น /กล่อง",,,,50,pcs,กล่อง,
AS194751,"Custom Oligos Syn,1 Oligos, 20 mers, 100 nmole, 20 base","Custom Oligos Syn,1 Oligos, 20 mers, 100 nmole, HPLC 20 base /หลอด",,,HPLC,,,หลอด,YES
AS194749,"DMEM ,Liquid .","DMEM ,Liquid 1 L.",,,,1,L,,
AS1944749,"Hematoxylin (C.I.75290","Hematoxylin (C.I.75290) [C16H14O6] cas no.517-28-2 ,25 g /ขวด",517-28-2,C16H14O6,,25,g,ขวด,
AS194747,"Tris SDS Buffer pH 6.8 500 ml","Tris SDS Buffer pH 6.8 500 ml 10 ชิ้น /แพ็ค",,,,10,pcs,แพ็ค,
AS194746,"Tris SDS Buffer pH 8.8 500 ml","Tris SDS Buffer pH 8.8 500 ml 10 ชิ้น /แพ็ค",,,,10,pcs,แพ็ค,
AS194745,"Kplus Dna Ladder","Kplus Dna Ladder 500 μl /หลอด",,,,500,,หลอด,YES
AS194744,Glycoblue,"Glycoblue 300 μl /หลอด",,,,300,,หลอด,YES
AS194738,"Sodium Dodecyl-Sulfate /Solid","Sodium Dodecyl-Sulfate /Solid 500 g /ขวด",,,,500,g,ขวด,
AS194736,"Ponceau-s Stain /Liquids","Ponceau-s Stain /Liquids 250 ml /ขวด",,,,250,mL,ขวด,
AS194737,"30% Acrylamide/Bis Solution /Liquids","30% Acrylamide/Bis Solution /Liquids 450 ml /ขวด",,,,450,mL,ขวด,
AS194735,"2-Mercaptoethanol For Molecular Biology /Liquids","2-Mercaptoethanol For Molecular Biology /Liquids 100 ml/ขวด",,,,100,mL,ขวด,
AS194733,"Ammonium Persulphate /Solid","Ammonium Persulphate /Solid 100 g /ขวด",,,,100,g,ขวด,
AS194732,"Genedirex Jetblue Protein Staining Solution /Liquids","Genedirex Jetblue Protein Staining Solution /Liquids 500 ml /ขวด",,,,500,mL,ขวด,
AS194728,"Penicillin G disc 10 ยูนิต","Penicillin G disc 10 ยูนิต /disc",,,,,,disc,YES
AS194727,"Doxycycline disc","Doxycycline disc 30 μg /disc",,,,30,,disc,YES
AS194725,"Actinomycete Isolation Agar","Actinomycete Isolation Agar 500 g /ขวด",,,,500,g,ขวด,
AS194724,"PBS,TABLETS cas no.1IVG4-18912-014 100x","PBS,TABLETS cas no.1IVG4-18912-014 100x500 ml /EACH",,,,500,mL,EACH,
AS194723,"AGAROSE, TABLET cas no. 1BHC-AGT002-0500","AGAROSE, TABLET cas no. 1BHC-AGT002-0500 /Liquids",,,,,,Liquids,YES
AS194717,"SD BIOLINE Tsutsugamushi /Solid 30 test","SD BIOLINE Tsutsugamushi /Solid 30 test /set",,,,,,set,YES
AS194711,"Buffer Usa Ph 10.01","Buffer Usa Ph 10.01 20 ml /ขวด",,,,20,mL,ขวด,
AS194710,"Buffer Sachets Ph","Buffer Sachets Ph 9.2120 ml /ขวด",,,,9.2120,mL,ขวด,
AS194709,"Kcl 3M Electrolyte","Kcl 3M Electrolyte 250 ml /ขวด",,,,250,mL,ขวด,
AS194708,"Techical Buffer PH","Techical Buffer PH 7.00250 ml /ขวด",,,,7.00250,mL,ขวด,
AS194706,"Perfringens agar base","Perfringens agar base 500 g /ขวด",,,,500,g,ขวด,
AS194705,"Brilliant green bile broth2%","Brilliant green bile broth2% 500 g /ขวด",,,,500,g,ขวด,
AS194704,"Baird Parker agar base","Baird Parker agar base 500 g /ขวด",,,,500,g,ขวด,
AS194703,"Tryptone soya agar","Tryptone soya agar 500 g /ขวด",,,,500,g,ขวด,
AS194702,"Anaerocult A (Carbon dioxide) 10 ชุด","Anaerocult A (Carbon dioxide) 10 ชุด /กล่อง",,,,,,กล่อง,YES
AS194701,"Sodium bromide NaBr","Sodium bromide NaBr cas no. 7647-15-6 /AR 500 g /ขวด",7647-15-6,,AR,500,g,ขวด,
AS194700,"Potassium carbonate anhydrous K2CO3","Potassium carbonate anhydrous K2CO3 cas no. 584-08-7 /AR 500 g /ขวด",584-08-7,,AR,500,g,ขวด,
AS194699,"Nutrient broth","Nutrient broth 500 g /ขวด",,,,500,g,ขวด,
AS194698,"Potato dextrose broth","Potato dextrose broth 500 g /ขวด",,,,500,g,ขวด,
AS194697,"Agar /Food","Agar cas no. 9002-18-0 /Food 500 g /ขวด",9002-18-0,,,500,g,ขวด,
AS194691,"สารห้ามเลือด Racestyptine - Haemostatic solution for gingival retraction","สารห้ามเลือด Racestyptine - Haemostatic solution for gingival retraction 13 ml /ขวด",,,,13,mL,ขวด,
AS194690,"กรดกัดผิวฟัน 37% Phosphoric acid 2 หลอด","กรดกัดผิวฟัน 37% Phosphoric acid 2 ml 2 หลอด /ถุง",,,,2,mL,ถุง,
AS194689,"SMD-TMBM-0100-D1 TBM1 component HRP Membrane Substrate ,Molecular /Liquid","SMD-TMBM-0100-D1 TBM1 component HRP Membrane Substrate ,Molecular /Liquid 100 ml /Bot",,,,100,mL,Bot,
AS194688,"Myo-inositol , /Solid","Myo-inositol [C6H12O6] cas no. 87-89-8 ,AR /Solid 25 g /Bot",87-89-8,C6H12O6,AR,25,g,Bot,
AS194687,"Agarose ,Molecular /Solid","Agarose cas no. 9012-36-6 ,Molecular /Solid 100 g /Bot",9012-36-6,,,100,g,Bot,
AS1946876,"ยาชา 2% 1:100000 Lidocaine /หลอด 50 หลอด","ยาชา 2% 1:100000 Lidocaine 1.8 mg/หลอด 50 หลอด /กล่อง",,,,1.8,mg,กล่อง,
AS190713,"Potato dextrose broth [C6H3(OH)3] grade /powder","Potato dextrose broth [C6H3(OH)3]cas no.87661 /LR grade /powder 500 g /ขวด",87-66-1,,LR,500,g,ขวด,
AS194686,"Nitric acid 69%","Nitric acid 69% ,AR 2.5 L /ขวด",,,AR,2.5,L,ขวด,
AS194676,"TIO2 AS 61D ,powder","TIO2 AS 61D ,powder 1 kg /Pack",,,,1,kg,Pack,
AS194677,"Stearyl alcohol ,solid","Stearyl alcohol [C18H38O] cas no.112-92-5 ,solid 1 kg /Pack",112-92-5,C18H38O,,1,kg,Pack,
AS194678,"Span 20 ,liquid","Span 20 cas no.1338-39-2 ,liquid 500 ml /ขวด",1338-39-2,,,500,mL,ขวด,
AS194679,"AGARROSE cas no.1IV18-75510-019 /solid","AGARROSE cas no.1IV18-75510-019 /solid 100 g /ขวด",,,,100,g,ขวด,
AS194680,"COLCEMID SOLUTION cas no.1IVG5-15210-040 /Liquids","COLCEMID SOLUTION cas no.1IVG5-15210-040 /Liquids 10 ml /ขวด",,,,10,mL,ขวด,
AS194681,"PHYTOHEMAGGLUTININ M FORM ,FORM,LYO. cas no.1IVG7-10576-015 /Liquids","PHYTOHEMAGGLUTININ M FORM ,FORM,LYO. cas no.1IVG7-10576-015 /Liquids 10 ml /ขวด",,,,10,mL,ขวด,
AS194682,"PENICILLIN-STREPTOMYCIN cas no.1IVG7-15140-122 /Liquids","PENICILLIN-STREPTOMYCIN cas no.1IVG7-15140-122 /Liquids 100 ml /ขวด",,,,100,mL,ขวด,
AS194683,"CENTRIFUGE TUBE,AUTOCLAVABLE cas no.1SPL-50015: /solid 50 PKG","CENTRIFUGE TUBE,AUTOCLAVABLE cas no.1SPL-50015:15 ML /solid 50 PKG /แพ็ค",,,,15,mL,แพ็ค,
AS194684,"CENTRIFUGE TUBE,AUTOCLAVABLE cas no.1SPL-50050: /solid 25 PKG","CENTRIFUGE TUBE,AUTOCLAVABLE cas no.1SPL-50050:50 ML /solid 25 PKG /แพ็ค",,,,50,mL,แพ็ค,
AS194668,"D-Mannitol ,solid","D-Mannitol [C6H14O6] cas no.69-65-8 /AR ,solid 500 g /ขวด",69-65-8,C6H14O6,AR,500,g,ขวด,
AS194669,"Gelatin solution ,liquid","Gelatin solution cas no.9000-70-8 ,liquid 100 ml /ขวด",9000-70-8,,,100,mL,ขวด,
AS194670,"Mercuric Iodide red 99% ,solid","Mercuric Iodide red 99% [HgI2] cas no.7774-29-0 ,solid 100 g /ขวด",7774-29-0,HgI2,,100,g,ขวด,
AS194671,"Saccharin sodium salt hydrate [C7H4NNaO3S ? xH2O] ,solid","Saccharin sodium salt hydrate [C7H4NNaO3S ? xH2O] cas no.82385-42-0 ,solid 500 g /ขวด",82385-42-0,,,500,g,ขวด,
AS194672,"L-Ascorbic acid ,solid","L-Ascorbic acid [C6H8O6] cas no.50-81-7 ,solid 1000 mg /ขวด",50-81-7,C6H8O6,,1000,mg,ขวด,
AS194673,"3,5-Dinitrobenzoic acid ,solid","3,5-Dinitrobenzoic acid [C7H4O6N2] cas no.99-34-3 ,solid 100 g /ขวด",99-34-3,C7H4O6N2,,100,g,ขวด,
AS194674,"Silica gel ,solid","Silica gel ,solid 1 kg /ถุง",,,,1,kg,ถุง,
AS194641,"STERILE DISC cas no.1HMD-SD067-5CT ,solid","STERILE DISC cas no.1HMD-SD067-5CT ,solid 250 ชิ้น /แพ็ค",,,,250,pcs,แพ็ค,
AS194642,"CEFOPERAZONE CPZ cas no.1HMD-SD072-5CT ,solid .","CEFOPERAZONE CPZ cas no.1HMD-SD072-5CT ,solid 75 UG. /กล่อง",,,,75,ug,กล่อง,
AS194643,"IMIPENEM IPM cas no.1HMD-SD073-5CT ,solid .","IMIPENEM IPM cas no.1HMD-SD073-5CT ,solid 10 UG. /กล่อง",,,,10,ug,กล่อง,
AS194644,"OFLOXACIN OF cas no.1HMD-SD087-5CT ,solid","OFLOXACIN OF cas no.1HMD-SD087-5CT ,solid 5 MCG /กล่อง",,,,5,ug,กล่อง,
AS194645,"OXACILLIN OX cas no.1HMD-SD088-5CT ,solid","OXACILLIN OX cas no.1HMD-SD088-5CT ,solid 1 MCG /กล่อง",,,,1,ug,กล่อง,
AS194646,"CEFTIZOXIME CZX cas no.1HMD-SD110-5CT ,solid .","CEFTIZOXIME CZX cas no.1HMD-SD110-5CT ,solid 30 UG. /กล่อง",,,,30,ug,กล่อง,
AS194647,"TETRACYCLINE TE cas no.1HMD-SD133-5CT ,solid .","TETRACYCLINE TE cas no.1HMD-SD133-5CT ,solid 30 UG. /กล่อง",,,,30,ug,กล่อง,
AS194648,"GENTAMICIN cas no.1HMD-SD195-5CT ,solid .","GENTAMICIN cas no.1HMD-SD195-5CT ,solid 120 UG. /ขวด",,,,120,ug,ขวด,
AS194649,"FOSFOMYCIN FO cas no.1HMD-SD205-5CT ,solid .","FOSFOMYCIN FO cas no.1HMD-SD205-5CT ,solid 200 UG. /ขวด",,,,200,ug,ขวด,
AS194650,"CEFTAZIDIME/CLAVULANIC ACID cas no.1HMD-SD207-5CT ,solid 30I.","CEFTAZIDIME/CLAVULANIC ACID cas no.1HMD-SD207-5CT ,solid 30I10 UG. /ขวด",,,,10,ug,ขวด,
AS194651,"LEVOFLOXACIN LE cas no.1HMD-SD216-5CT ,solid .","LEVOFLOXACIN LE cas no.1HMD-SD216-5CT ,solid 5 UG. /ขวด",,,,5,ug,ขวด,
AS194652,"STREPTOMYCIN HLS cas no.1HMD-SD236-5CT ,solid .","STREPTOMYCIN HLS cas no.1HMD-SD236-5CT ,solid 300 UG. /ขวด",,,,300,ug,ขวด,
AS194653,"ERTAPENEM DISC cas no.1HMD-SD280-5CT ,solid .","ERTAPENEM DISC cas no.1HMD-SD280-5CT ,solid 10 UG. /ขวด",,,,10,ug,ขวด,
AS194654,"CEFOTAXIME/ CLAVULANIC ACID cas no.1HMD-SD724-5CT ,solid 30I.","CEFOTAXIME/ CLAVULANIC ACID cas no.1HMD-SD724-5CT ,solid 30I10 UG. /แพ็ค",,,,10,ug,แพ็ค,
AS194655,"CEFPODOXIME CPD cas no.1HMD-SD725-5CT ,solid .","CEFPODOXIME CPD cas no.1HMD-SD725-5CT ,solid 10 UG. /แพ็ค",,,,10,ug,แพ็ค,
AS194656,"MEROPENEM DISC cas no.1HMD-SD727-5CT ,solid .","MEROPENEM DISC cas no.1HMD-SD727-5CT ,solid 10 UG. /กล่อง",,,,10,ug,กล่อง,
AS194657,"GATIFLOXACIN GAT cas no.1HMD-SD737-5CT ,solid .","GATIFLOXACIN GAT cas no.1HMD-SD737-5CT ,solid 5 UG. /กล่อง",,,,5,ug,กล่อง,
AS194658,"L-LYSINE,CELL CULTURE TESTED cas no.1HMD-TC207-5CT ,solid .","L-LYSINE,CELL CULTURE TESTED cas no.1HMD-TC207-5CT ,solid 25 G. /ขวด",,,,25,g,ขวด,
AS194659,"HUMAN IgG,WHOLE MOLECULE CONTROL cas no.1TFS-AB-31154 ,solid . 1 EACH","HUMAN IgG,WHOLE MOLECULE CONTROL cas no.1TFS-AB-31154 ,solid 10 MG. 1 EACH /EACH",,,,10,mg,EACH,
AS194660,"Dimethyl sulfoxide ? 99.5%(GC),plant ceell culture tested ,Liquids 1 หน่วย","Dimethyl sulfoxide ? 99.5%(GC),plant ceell culture tested ,Liquids 1 หน่วย",,,,,,,YES
AS194661,"Doxycycline drochloride ,Liquids .","Doxycycline drochloride ,Liquids 500 MG. /หน่วย",,,,500,mg,หน่วย,
AS194663,"Glucose syrup แบะแซใส","Glucose syrup แบะแซใส 1 kg /ถุง",,,,1,kg,ถุง,
AS194664,"Copper (II) acetate 99% [Cu(CH3COO)2] ,solid","Copper (II) acetate 99% [Cu(CH3COO)2] cas no.142-71-2 /AR ,solid 250 g /ขวด",142-71-2,,AR,250,g,ขวด,
AS194665,"Copper (II) sulfate 5H2O [CuSO4.5H2O] ,solid","Copper (II) sulfate 5H2O [CuSO4.5H2O] cas no.7758-99-8 /AR ,solid 500 g /ขวด",7758-99-8,,AR,500,g,ขวด,
AS194666,"Coumarin ,solid","Coumarin [C9H6O2] cas no.91-64-5 ,solid 100 g /ขวด",91-64-5,C9H6O2,,100,g,ขวด,
AS194667,"Dextrose H2O [C6H12O6 H2O] cas no.5996.-10-1 ,solid","Dextrose H2O [C6H12O6 H2O] cas no.5996.-10-1 ,solid 500 g /ขวด",,,,500,g,ขวด,
AS194613,"XYLOSE LYSINE DEOXYCHOLATE AGAR (XLD AGAR) cas no.1HMD-M031-500G ,solid .","XYLOSE LYSINE DEOXYCHOLATE AGAR (XLD AGAR) cas no.1HMD-M031-500G ,solid 500 G. /ขวด",,,,500,g,ขวด,
AS194614,"SABOURAUD DEXTROSE BROTH cas no.1HMD-M033-500G ,solid .","SABOURAUD DEXTROSE BROTH cas no.1HMD-M033-500G ,solid 500 G. /ขวด",,,,500,g,ขวด,
AS194615,"BLOOD AGAR BASE (INFUSION AGAR) cas no.1HMD-M073-500G ,solid .","BLOOD AGAR BASE (INFUSION AGAR) cas no.1HMD-M073-500G ,solid 500 G. /ขวด",,,,500,g,ขวด,
AS194616,"MACCONKEY AGAR W/0.15% BILE SALTS CV AND NACL cas no.1HMD-M081-500G ,solid .","MACCONKEY AGAR W/0.15% BILE SALTS CV AND NACL cas no.1HMD-M081-500G ,solid 500 G. /ขวด",,,,500,g,ขวด,
AS194617,"HICROME CANDIDA DIFFERENTIAL AGAR cas no.1HMD-M1297A-100G ,solid .","HICROME CANDIDA DIFFERENTIAL AGAR cas no.1HMD-M1297A-100G ,solid 100 G. /ขวด",,,,100,g,ขวด,
AS194618,"MUELLER HINTON AGAR cas no.1HMD-M173A-500G ,solid .","MUELLER HINTON AGAR cas no.1HMD-M173A-500G ,solid 500 G. /ขวด",,,,500,g,ขวด,
AS194619,"BRAIN HEART INFUSION AGAR cas no.1HMD-M211-500G ,solid .","BRAIN HEART INFUSION AGAR cas no.1HMD-M211-500G ,solid 500 G. /ขวด",,,,500,g,ขวด,
AS194620,"STAIBS MEDIUM (BIRD DEED AGAR OR NIGER SEED AGAR) cas no.1HMD-M675-500G ,solid .","STAIBS MEDIUM (BIRD DEED AGAR OR NIGER SEED AGAR) cas no.1HMD-M675-500G ,solid 500 G. /ขวด",,,,500,g,ขวด,
AS194621,"MOTILITY-INDOLE-LYSINE MEDIUM (MIL MEDIUM) cas no.1HMD-M847-500G ,solid .","MOTILITY-INDOLE-LYSINE MEDIUM (MIL MEDIUM) cas no.1HMD-M847-500G ,solid 500 G. /ขวด",,,,500,g,ขวด,
AS194622,"AMPICILLIN AMP cas no.1HMD-SD002-5CT ,solid .","AMPICILLIN AMP cas no.1HMD-SD002-5CT ,solid 10 UG. /แพ็ค",,,,10,ug,แพ็ค,
AS194623,"AMPICILLIN cas no.1HMD-SD00A-5CT ,solid .","AMPICILLIN cas no.1HMD-SD00A-5CT ,solid 2 UG. /แพ็ค",,,,2,ug,แพ็ค,
AS194624,"CHLORAMPHENICOL C cas no.1HMD-SD006-5CT ,solid .","CHLORAMPHENICOL C cas no.1HMD-SD006-5CT ,solid 30 UG. /แพ็ค",,,,30,ug,แพ็ค,
AS194625,"CO-TRIMOXAZOLE (SULPHA/TRIMETHOPRIMCOT) cas no.1HMD-SD010-5CT ,solid 1.25","CO-TRIMOXAZOLE (SULPHA/TRIMETHOPRIMCOT) cas no.1HMD-SD010-5CT ,solid 1.25/23.75 MCG /แพ็ค",,,,23.75,ug,แพ็ค,
AS194626,"ERYTHROMYCIN E cas no.1HMD-SD013-5CT ,solid .","ERYTHROMYCIN E cas no.1HMD-SD013-5CT ,solid 15 UG. /แพ็ค",,,,15,ug,แพ็ค,
AS194627,"GENTAMICIN GEN cas no.1HMD-SD016-5CT ,solid .","GENTAMICIN GEN cas no.1HMD-SD016-5CT ,solid 10 UG. /แพ็ค",,,,10,ug,แพ็ค,
AS194628,"NALIDIXIC ACID NA cas no.1HMD-SD021-5CT ,solid .","NALIDIXIC ACID NA cas no.1HMD-SD021-5CT ,solid 30 UG. /กล่อง",,,,30,ug,กล่อง,
AS194629,"PENICILLIN-G P cas no.1HMD-SD028-5CT ,solid 10 UNITS","PENICILLIN-G P cas no.1HMD-SD028-5CT ,solid 10 UNITS /แพ็ค",,,,,,แพ็ค,YES
AS194630,"RIFAMPICIN RIF cas no.1HMD-SD030-5CT ,solid .","RIFAMPICIN RIF cas no.1HMD-SD030-5CT ,solid 5 UG. /แพ็ค",,,,5,ug,แพ็ค,
AS194631,"AMIKACIN AK cas no.1HMD-SD035-5CT ,solid .","AMIKACIN AK cas no.1HMD-SD035-5CT ,solid 30 UG. /แพ็ค",,,,30,ug,แพ็ค,
AS194632,"CEFOTAXIME (CEPHOTAXIME) CTX cas no.1HMD-SD040-5CT ,solid .","CEFOTAXIME (CEPHOTAXIME) CTX cas no.1HMD-SD040-5CT ,solid 30 UG. /แพ็ค",,,,30,ug,แพ็ค,
AS194633,"CEFOXITIN (CEPHOXITIN) CX cas no.1HMD-SD041-5CT ,solid .","CEFOXITIN (CEPHOXITIN) CX cas no.1HMD-SD041-5CT ,solid 30 UG. /แพ็ค",,,,30,ug,แพ็ค,
AS194634,"VANCOMYCIN VA cas no.1HMD-SD045-5CT ,solid .","VANCOMYCIN VA cas no.1HMD-SD045-5CT ,solid 30 UG. /แพ็ค",,,,30,ug,แพ็ค,
AS194635,"CLINDAMYCIN CD cas no.1HMD-SD051-5CT ,solid .","CLINDAMYCIN CD cas no.1HMD-SD051-5CT ,solid 2 UG. /แพ็ค",,,,2,ug,แพ็ค,
AS194636,"CIPROFLOXACIN CIP cas no.1HMD-SD060-5CT ,solid .","CIPROFLOXACIN CIP cas no.1HMD-SD060-5CT ,solid 5 UG. /แพ็ค",,,,5,ug,แพ็ค,
AS194637,"CEFUROXIME cas no.1HMD-SD061-5CT ,solid .","CEFUROXIME cas no.1HMD-SD061-5CT ,solid 30 UG. /แพ็ค",,,,30,ug,แพ็ค,
AS194638,"CEFTAZIDIME CAZ cas no.1HMD-SD062-5CT ,solid .","CEFTAZIDIME CAZ cas no.1HMD-SD062-5CT ,solid 30 UG. /แพ็ค",,,,30,ug,แพ็ค,
AS194639,"AMOXYCLAV (AMOXYCELLIN/CLAVULANIC ACID) cas no.1HMD-SD063-5CT ,solid 20I.","AMOXYCLAV (AMOXYCELLIN/CLAVULANIC ACID) cas no.1HMD-SD063-5CT ,solid 20I10 UG. /แพ็ค",,,,10,ug,แพ็ค,
AS194640,"CEFTRIAXONE cas no.1HMD-SD065-5CT ,solid .","CEFTRIAXONE cas no.1HMD-SD065-5CT ,solid 30 UG. /แพ็ค",,,,30,ug,แพ็ค,
AS194609,"TAQ DNA POLYMERASE cas no.1BHC-MB101-0500 ,Liquids 500 U.","TAQ DNA POLYMERASE cas no.1BHC-MB101-0500 ,Liquids 500 U. /KIT",,,,,,KIT,YES
AS194610,"PETRI DISHES,PS MATERIAL DIA 90*15 MM.E.O.STERIL, cas no.1AEC-CLM-230-1090 ,solid","PETRI DISHES,PS MATERIAL DIA 90*15 MM.E.O.STERIL, cas no.1AEC-CLM-230-1090 ,solid 500 ชิ้น /CASE",,,,500,pcs,CASE,
AS194611,"AGAR POWDER,BACTERIOLOGICAL cas no.GRM026-500G ,solid .","AGAR POWDER,BACTERIOLOGICAL cas no.GRM026-500G ,solid 500 G. /ขวด",,,,500,g,ขวด,
AS194612,"DEXTROSE ANHYDROUS, cas no.1HMD-GRM077-500G ,solid .","DEXTROSE ANHYDROUS, cas no.1HMD-GRM077-500G /AR ,solid 500 G. /ขวด",,,AR,500,g,ขวด,
AS194608,"Ethanol 70%","Ethanol 70% 18 L/ถัง",,,,18,L,ถัง,
AS194604,"Cetrimonium bromide (CTAB","Cetrimonium bromide (CTAB) 100 g /ขวด",,,,100,g,ขวด,
AS194603,"sodium dodecyl sulfate","sodium dodecyl sulfate 25 g /ขวด",,,,25,g,ขวด,
AS194602,"Oxidative-Fermentation (OF) Medium","Oxidative-Fermentation (OF) Medium 500 g /ขวด",,,,500,g,ขวด,
AS194601,"HiChrome Candida difference agar","HiChrome Candida difference agar 500 g /ขวด",,,,500,g,ขวด,
AS194600,"Luria Bertani broth","Luria Bertani broth 500 g /ขวด",,,,500,g,ขวด,
AS194599,"Brillant Green Lactose Blie Broth","Brillant Green Lactose Blie Broth 500 g /ขวด",,,,500,g,ขวด,
AS194598,"MaConkey agar","MaConkey agar 500 g /ขวด",,,,500,g,ขวด,
AS194597,"Peptone water","Peptone water 500 g /ขวด",,,,500,g,ขวด,
AS194596,"sodium acetate","sodium acetate 250 g /ขวด",,,,250,g,ขวด,
AS194594,"100 DNA Ladder (Ready to load)100 Lanes","100 bp DNA Ladder (Ready to load)100 Lanes /หลอด",,,BP,,,หลอด,YES
AS194593,"PCR master mix 200 reactions","PCR master mix 200 reactions /หลอด",,,,,,หลอด,YES
AS194591,"Bird seed agar","Bird seed agar 500 g /ขวด",,,,500,g,ขวด,
AS194590,"Benet's agar","Benet's agar 500 g /ขวด",,,,500,g,ขวด,
AS194588,"Real-time PCR mastermix สำหรับ probe 100 reactions","Real-time PCR mastermix สำหรับ probe 100 reactions /แพ็ค",,,,,,แพ็ค,YES
AS194587,"Annexin V & Dead Cell Kit สำหรับ flow cytometry 100 test","Annexin V & Dead Cell Kit สำหรับ flow cytometry 100 test /กล่อง",,,,,,กล่อง,YES
AS194586,"ชุดสกัด DNA จากเลือด 50 ตัวอย่าง","ชุดสกัด DNA จากเลือด 50 ตัวอย่าง /กล่อง",,,,,,กล่อง,YES
AS194585,"Plant DNA extraction kit 100 reactions","Plant DNA extraction kit 100 reactions /หลอด",,,,,,หลอด,YES
AS194583,"1 kb DNA Ladder (Ready to load) 100 Lanes","1 kb DNA Ladder (Ready to load) 100 Lanes /หลอด",,,,,,หลอด,YES
AS194582,"6X Loading dye","6X Loading dye 1 ml /หลอด",,,,1,mL,หลอด,
AS194581,2-propanol,"2-propanol 2.5 L /ขวด",,,,2.5,L,ขวด,
AS194579,"Human Turmor Necrosis factor α ELISA kit milipore","Human Turmor Necrosis factor α ELISA kit milipore /กล่อง",,,,,,กล่อง,YES
AS194574,"Restriction enzme Hhal 2000 unit","Restriction enzme Hhal 2000 unit /vial",,,,,,vial,YES
AS194567,"ชุดทดสอบปรอทแอมโมเนีย 20 ตัวอย่าง","ชุดทดสอบปรอทแอมโมเนีย 20 ตัวอย่าง /กล่อง",,,,,,กล่อง,YES
AS194564,"ชุดทดสอบ อีโคไล (E.coli Test kit","ชุดทดสอบ อีโคไล (E.coli Test kit) /กล่อง",,,,,,กล่อง,YES
AS194560,"Congo red Labchem","Congo red Labchem [C32H22N6Na2O6S2] cas no.573-58-0 25 g /bot",573-58-0,C32H22N6Na2O6S2,,25,g,bot,
AS194559,"Hydrogen peroxide 30%","Hydrogen peroxide 30% [H2O2] cas no.7722-84-1 1 L /bot",7722-84-1,H2O2,,1,L,bot,
AS194558,"O F Basal medium","O F Basal medium 500 g /bot",,,,500,g,bot,
AS194557,"Malachite green oxalate /solid","Malachite green oxalate [C23H25CIN2] cas no.569-64-2 /solid 25 g /bot",569-64-2,C23H25CIN2,,25,g,bot,
AS194556,"Thiamine HCL (Vitamin B1) Lab /solid","Thiamine HCL (Vitamin B1) Lab [C12H17CIN4OS] cas no.59-43-8 /solid 50 g /bot",59-43-8,C12H17CIN4OS,,50,g,bot,
AS194555,"Cobalt(II)chloride 6-hydrate /solid","Cobalt(II)chloride 6-hydrate [CoCl2] cas no.7646-79-9 /solid 500 g /bot",7646-79-9,CoCl2,,500,g,bot,
AS194554,"Cobalt (II) chloride 6H2O [CoCl2*6H2O] /solid","Cobalt (II) chloride 6H2O [CoCl2*6H2O] cas no.7791-13-1 /solid 500 g /bot",7791-13-1,,,500,g,bot,
AS194553,"NAA /solid","NAA [C10H7CH2COOH] cas no.86-87-3 /solid 25 g /bot",86-87-3,C10H7CH2COOH,,25,g,bot,
AS194552,"6-Benzylaminopurine /solid","6-Benzylaminopurine [C12H11N5] cas no.1214-39-7 /solid 1 g /bot",1214-39-7,C12H11N5,,1,g,bot,
AS194551,"Copper(II)sulphate 5-hydrate /solid","Copper(II)sulphate 5-hydrate AR [CuSO4] cas no.7758-98-7 /solid 500 g /bot",7758-98-7,CuSO4,AR,500,g,bot,
AS194550,"Pyridoxine hydrochloride /solid","Pyridoxine hydrochloride [C8H11NO3] cas no.65-23-6 /solid 25 g /bot",65-23-6,C8H11NO3,,25,g,bot,
AS194549,"Thiamine HCL (Vitamin B1) /solid","Thiamine HCL (Vitamin B1) [C12H17CIN4OS] cas no.59-43-8 /solid 50 g /bot",59-43-8,C12H17CIN4OS,,50,g,bot,
AS194548,"Nicotinic acid /solid","Nicotinic acid [C6H5NO2] cas no.59-67-6 /solid 100 g /bot",59-67-6,C6H5NO2,,100,g,bot,
AS194547,"Glycine /solid","Glycine [C2H5NO2] cas no.56-40-6 /AR/solid 500 g /bot",56-40-6,C2H5NO2,AR,500,g,bot,
AS194546,"Potassium dihydrogen phosphate(ANH) /solid","Potassium dihydrogen phosphate(ANH) [KH2PO4] cas no.7778-77-0 /AR /solid /bot",7778-77-0,KH2PO4,AR,,,bot,YES
AS194544,"Potassium nitrate /solid","Potassium nitrate [KNO3] /AR /solid 500 g /bot",,KNO3,AR,500,g,bot,
AS194543,"2,4-D [ C8H6Cl2O3] /solid","2,4-D [ C8H6Cl2O3] cas no.94-75-7 /solid 250 mg /bot",94-75-7,,,250,mg,bot,
AS194542,"Agar bacto /solid","Agar bacto [C12HC12H18O918O9] cas no.9009002-18-0 /solid 500 g /bot",9009002-18-0,C12HC12H18O918O9,,500,g,bot,
AS194541,"Hydrochloric acid 37% A.R. Grade Liquid","Hydrochloric acid 37% A.R. Grade Liquid 2.5 L /ขวด",,,,2.5,L,ขวด,
AS194528,"Potassium thiocyanate A.R. Grade","Potassium thiocyanate A.R. Grade 500 g /ขวด",,,,500,g,ขวด,
AS194529,"Silicone Grease","Silicone Grease 100 g /หลอด",,,,100,g,หลอด,
AS194530,"Silver nitrate A.R. Grade","Silver nitrate A.R. Grade 500 g /ขวด",,,,500,g,ขวด,
AS194531,"Sodium acetate trihydrate A.R. Grade","Sodium acetate trihydrate A.R. Grade 500 g /ขวด",,,,500,g,ขวด,
AS194532,"Sodium Chloride A.R. Grade","Sodium Chloride A.R. Grade 1 kg /ขวด",,,,1,kg,ขวด,
AS194533,"Sodium phosphate monobasic A.R. Grade","Sodium phosphate monobasic A.R. Grade 1 kg /ขวด",,,,1,kg,ขวด,
AS194534,"Sodium sulfate A.R. Grade","Sodium sulfate A.R. Grade 1 kg /ขวด",,,,1,kg,ขวด,
AS194536,"Sulfanilic acid A.R. Grade","Sulfanilic acid A.R. Grade 100 g /ขวด",,,,100,g,ขวด,
AS194537,"Trichloroacetic acid A.R. Grade","Trichloroacetic acid A.R. Grade 250 g /ขวด",,,,250,g,ขวด,
AS194538,"Trypan blue powder","Trypan blue powder 25 g /ขวด",,,,25,g,ขวด,
AS194539,"Zinc 99.9% A.R. Grade","Zinc 99.9% A.R. Grade 100 g /ขวด",,,,100,g,ขวด,
AS194510,"Gallic acid monohydrate A.C.S","Gallic acid monohydrate A.C.S reagent Grade 100 g /ขวด",,,"REAGENT GRADE",100,g,ขวด,
AS194513,"Lactose A.R. Grade","Lactose A.R. Grade 1 kg /ขวด",,,,1,kg,ขวด,
AS194516,"Methylene blue","Methylene blue 25 g /ขวด",,,,25,g,ขวด,
AS194517,"Skimmed milk powder","Skimmed milk powder 500 g /ขวด",,,,500,g,ขวด,
AS194518,"Orcinol (3,5-Dihydroxytoluene-1 hydrate) A.R. Grade","Orcinol (3,5-Dihydroxytoluene-1 hydrate) A.R. Grade 500 g /ขวด",,,,500,g,ขวด,
AS194519,Paraformaldehyde,"Paraformaldehyde Reagent Grade 1 kg /ขวด",,,"REAGENT GRADE",1,kg,ขวด,
AS194521,Phenolphthalein,"Phenolphthalein [C20H14O4]cas no.77098 500 g /ขวด",77-09-8,C20H14O4,,500,g,ขวด,
AS194522,"Potassium chloride A.R. Grade","Potassium chloride A.R. Grade 1 kg /ขวด",,,,1,kg,ขวด,
AS194523,"Potassium ferrocyanide A.R. Grade","Potassium ferrocyanide A.R. Grade 500 g /ขวด",,,,500,g,ขวด,
AS194524,"Potassium hydrogen phthalate A.R. Grade","Potassium hydrogen phthalate A.R. Grade 100 g /ขวด",,,,100,g,ขวด,
AS194525,"Potassium iodate A.R. Grade","Potassium iodate A.R. Grade 500 g /ขวด",,,,500,g,ขวด,
AS194526,"Potassium persulfate A.R. Grade","Potassium persulfate A.R. Grade 500 g /ขวด",,,,500,g,ขวด,
AS194527,"Potassium phosphate monobasic A.R. Grade","Potassium phosphate monobasic A.R. Grade 1 kg /ขวด",,,,1,kg,ขวด,
AS194494,"AAPH (2,2'-Azobis (2-methylpropionamidine) dihydrochloride A.R. Grade","AAPH (2,2'-Azobis (2-methylpropionamidine) dihydrochloride A.R. Grade 25 g /ขวด",,,,25,g,ขวด,
AS194495,"ABTS (2,2'-azino-bis (3-ethylbenzthiazoline-6-sulphonic acid","ABTS (2,2'-azino-bis (3-ethylbenzthiazoline-6-sulphonic acid) 1 g /ขวด",,,,1,g,ขวด,
AS194498,"Aluminium chloride hexahydrate A.R. Grade","Aluminium chloride hexahydrate A.R. Grade 1 kg /ขวด",,,,1,kg,ขวด,
AS194499,"Ammonium iron (III) sulfate hexahydrate A.R. Grade","Ammonium iron (III) sulfate hexahydrate A.R. Grade 500 g /ขวด",,,,500,g,ขวด,
AS194500,"Atropine Alkaloid Standard Grade","Atropine Alkaloid Standard Grade 5 g /ขวด",,,,5,g,ขวด,
AS194501,"Blue Silica gel","Blue Silica gel 1 kg /ถุง",,,,1,kg,ถุง,
AS194506,"Copper sulfate anhydrous A.R. Grade","Copper sulfate anhydrous A.R. Grade 500 g /ขวด",,,,500,g,ขวด,
AS194507,"Dipotassium hydrogenphosphate A.R. Grade","Dipotassium hydrogenphosphate A.R. Grade 1 kg /ขวด",,,,1,kg,ขวด,
AS194508,"Ferric (III) chloride hexahydrate A.R. Grade","Ferric (III) chloride hexahydrate A.R. Grade 500 g /ขวด",,,,500,g,ขวด,
AS194477,"Buffer Solution pH 4.0 Liquid","Buffer Solution pH 4.0 Liquid 1000 ml /ขวด",,,,1000,mL,ขวด,
AS194478,"Buffer Solution pH 7.0 Liquid","Buffer Solution pH 7.0 Liquid 1000 ml /ขวด",,,,1000,mL,ขวด,
AS194479,"Diethyl ether A.R. Grade Liquid","Diethyl ether A.R. Grade Liquid 2.5 L /ขวด",,,,2.5,L,ขวด,
AS194480,"Dimethyl sulfoxide 99.9% A.R. Grade Liquid","Dimethyl sulfoxide 99.9% A.R. Grade Liquid 2.5 L /ขวด",,,,2.5,L,ขวด,
AS194481,"Dimethyl sulfoxide (Cell culture Grade) Liquid","Dimethyl sulfoxide (Cell culture Grade) Liquid 250 ml /ขวด",,,,250,mL,ขวด,
AS194482,"Ethanol ( grade) HPLC grade Liquid","Ethanol (HPLC grade) HPLC grade Liquid 2.5 L /ขวด",,,HPLC,2.5,L,ขวด,
AS194483,"Hydrogen peroxide 30% Liquid","Hydrogen peroxide 30% Liquid 500 ml /ขวด",,,,500,mL,ขวด,
AS194484,"Kovac 's Reagent Liquid","Kovac 's Reagent Liquid 100 ml /ขวด",,,,100,mL,ขวด,
AS194485,"Lactophenol Cotton Blue Liquid","Lactophenol Cotton Blue Liquid 100 ml /ขวด",,,,100,mL,ขวด,
AS194486,"Nitric acid 65-70% A.R. Grade Liquid","Nitric acid 65-70% A.R. Grade Liquid 500 ml /ขวด",,,,500,mL,ขวด,
AS194487,"Petroleum ether A.R. Grade Liquid","Petroleum ether A.R. Grade Liquid 2.5 L /ขวด",,,,2.5,L,ขวด,
AS194488,"Sulfuric acid 95-98% A.R. Grade Liquid","Sulfuric acid 95-98% A.R. Grade Liquid 2.5 L /ขวด",,,,2.5,L,ขวด,
AS194489,"Trifluoroacetic acid grade Liquid","Trifluoroacetic acid HPLC grade Liquid 100 ml /ขวด",,,HPLC,100,mL,ขวด,
AS194490,"Tween 80 Liquid","Tween 80 Liquid 500 ml /ขวด",,,,500,mL,ขวด,
AS194491,"ชุดน้ำยาสำเร็จรูปสำหรับ Real-time PCR และ High-resolution melting analysis Liquid 200 reaction","ชุดน้ำยาสำเร็จรูปสำหรับ Real-time PCR และ High-resolution melting analysis Liquid 200 reaction /ชุด",,,,,,ชุด,YES
AS194492,"Formaldehyde 35-40% A.R. Grade Liquid","Formaldehyde 35-40% A.R. Grade Liquid 2.5 L /ขวด",,,,2.5,L,ขวด,
AS194475,"Acetonitrile ( grade) HPLC grade Liquid","Acetonitrile (HPLC grade) HPLC grade Liquid 2.5 L /ขวด",,,HPLC,2.5,L,ขวด,
AS194476,"Buffer Solution pH 10.0 Liquid","Buffer Solution pH 10.0 Liquid 1000 ml /ขวด",,,,1000,mL,ขวด,
AS194473,"3 M Potassium Chloride Electrolyte Standard Solution Liquid","3 M Potassium Chloride Electrolyte Standard Solution Liquid 250 ml /ขวด",,,,250,mL,ขวด,
AS194474,"Absolute ethanol 99.9% A.R. Grade Liquid","Absolute ethanol 99.9% A.R. Grade Liquid 2.5 L /ขวด",,,,2.5,L,ขวด,
AS194472,"Tetracycline disc /disc","Tetracycline disc 30 μg/disc /หลอด",,,,30,,หลอด,YES
AS194471,"Penicillin disc /disc","Penicillin disc 25 μg/disc /หลอด",,,,25,,หลอด,YES
AS194470,"Kanamycin disc /disc","Kanamycin disc 30 μg/disc /หลอด",,,,30,,หลอด,YES
AS194469,"Imipenem disc /disc","Imipenem disc 10 μg/disc /หลอด",,,,10,,หลอด,YES
AS194468,"Gentamicin disc /disc","Gentamicin disc 10 μg/disc /หลอด",,,,10,,หลอด,YES
AS194467,"Deoxycycline disc /disc","Deoxycycline disc 30 μg/disc /หลอด",,,,30,,หลอด,YES
AS194466,Colistin,"Colistin 1 g /ขวด",,,,1,g,ขวด,
AS194465,"Colistin disc /disc","Colistin disc 10 μg/disc /หลอด",,,,10,,หลอด,YES
AS194464,"Ciprofloxacin disc /disc","Ciprofloxacin disc 5 μg/disc /หลอด",,,,5,,หลอด,YES
AS194463,"Ceftazidime disc /disc","Ceftazidime disc 30 μg/disc /หลอด",,,,30,,หลอด,YES
AS194462,"Cefotaxime disc /disc","Cefotaxime disc 30 μg/disc /หลอด",,,,30,,หลอด,YES
AS194461,"Cefepime disc /disc","Cefepime disc 30 μg/disc /หลอด",,,,30,,หลอด,YES
AS192021,"Ampicillin disc /disc","Ampicillin disc 10 μg/disc /หลอด",,,,10,,หลอด,YES
AS191971,"Imipenem Disc /Liquids 5หลอด","Imipenem Disc cas no.1028635 /Liquids 5 ml 5หลอด/กล่อง",1028-63-5,,,5,mL,กล่อง,
AS190057,"Trichloroacetic acid /Solid","Trichloroacetic acid [CCl3COOH] /Solid 250 g /ขวด",,CCl3COOH,,250,g,ขวด,
AS191467,"Potassium iodide KI grade /Solid","Potassium iodide KI cas no.7681110 /LR grade /Solid 500 g /ขวด",7681-11-0,,LR,500,g,ขวด,
AS192012,"Phenolphthalein /Liquids","Phenolphthalein [C20H14O4]cas no.77098 /Liquids 125 ml /ขวด",77-09-8,C20H14O4,,125,mL,ขวด,
AS192011,"Phenolphthalein /Solid","Phenolphthalein [C20H14O4]cas no.77098 /Solid 100 g /ขวด",77-09-8,C20H14O4,,100,g,ขวด,
AS193587,"Inositol /food/solid","Inositol /food/solid, 1 kg /ถุง",,,,1,kg,ถุง,
AS190032,"Methanol /Liquids","Methanol [CH3OH] cas no.67561 /Liquids 2.5 L /ขวด",67-56-1,CH3OH,,2.5,L,ขวด,
AS194459,"dNTP Set 100 mM Solution . 4 Vials","dNTP Set 100 mM Solution 0.25 ml. 4 Vials /Pack",,,,0.25,mL,Pack,
AS194457,"GRAM'S STAIN /Liquids","GRAM'S STAIN /Liquids 475 ml /LB",,,,475,mL,LB,
AS194438,"GeneJET Plasmid Maxiprep kit /Liquids 100 react","GeneJET Plasmid Maxiprep kit /Liquids 100 react /kit",,,,,,kit,YES
AS194436,"Propylene glycol ,liquid","Propylene glycol [C3H8O2] cas no.57556 /LR ,liquid 1 l /ขวด",57-55-6,C3H8O2,LR,1,L,ขวด,
AS194435,"Glycerine ,liquid","Glycerine [C3H8O3] cas no.56543 /LR ,liquid 500 ml /ขวด",56-54-3,C3H8O3,LR,500,mL,ขวด,
AS194434,"Zinc oxide ,liquid","Zinc oxide /LR ,liquid 500 g /ขวด",,,LR,500,g,ขวด,
AS194433,"Liquid paraffin [CnH2n+2 (n=16~24)] ,liquid","Liquid paraffin [CnH2n+2 (n=16~24)] cas no.8012951 /LR ,liquid 450 ml /ขวด",8012-95-1,,LR,450,mL,ขวด,
AS194432,"Sorbitol 70% ,liquid","Sorbitol 70% [C6H14O6] cas no.50704 /LR ,liquid 450 ml /ขวด",50-70-4,C6H14O6,LR,450,mL,ขวด,
AS194431,"Methyl salicylate (น้ำมันระกำ) ,liquid","Methyl salicylate (น้ำมันระกำ) /LR ,liquid 450 g /ขวด",,,LR,450,g,ขวด,
AS194403,"Calcium chloride 2H2O grade /solid, .","Calcium chloride 2H2O AR grade /solid, 500 g. /Bot",,,AR,500,g,Bot,
AS194429,Catechin,"Catechin cas no.154-23-4 /AR 1 g /ขวด",154-23-4,,AR,1,g,ขวด,
AS194428,"Starch 1500 solid","Starch 1500 [C6H10O5] cas no.68412293 /LR solid 50 Kg /ถัง",68412-29-3,C6H10O5,LR,50,kg,ถัง,
AS194427,"B-Sitosterol /solid","B-Sitosterol cas no.83-46-5 /AR /solid 10 mg /ขวด",83-46-5,,AR,10,mg,ขวด,
AS194426,"Zinc oxide /COM","Zinc oxide [ZnO] cas no.1314132 /COM 1 Kg /ขวด",1314-13-2,ZnO,,1,kg,ขวด,
AS194425,"Polyethylene glycol 6000 /COM /solid","Polyethylene glycol 6000 cas no.7778509 /COM /solid 1 Kg /ขวด",7778-50-9,,,1,kg,ขวด,
AS194424,"Polyethylene glycol 6000 /solid","Polyethylene glycol 6000 cas no.7778509 /BP /solid 1 Kg /ขวด",7778-50-9,,BP,1,kg,ขวด,
AS194234,"Tartaric acid /COM /solid","Tartaric acid [C4H6O6] cas no.87694 /COM /solid 1 Kg /ขวด",87-69-4,C4H6O6,,1,kg,ขวด,
AS194067,"Tartaric acid /solid","Tartaric acid [C4H6O6] cas no.87694 /BP /solid 1 Kg /ขวด",87-69-4,C4H6O6,BP,1,kg,ขวด,
AS193580,"Corn starch /Food /solid","Corn starch [C6H10O5] cas no.68412293 /Food /solid 1 Kg /ขวด",68412-29-3,C6H10O5,,1,kg,ขวด,
AS191946,"Hydroxy propyl methyl cellulose (HPMC) /solid","Hydroxy propyl methyl cellulose (HPMC) cas no.9004653 /LR /solid 500 g /ขวด",9004-65-3,,LR,500,g,ขวด,
AS191899,"Sennoside /solid","Sennoside [C42H38O20] cas no.517-43-1 /AR /solid 5 mg /ขวด",517-43-1,C42H38O20,AR,5,mg,ขวด,
AS191856,"Sennoside A","Sennoside A cas no.81-27-6 /AR 5 mg /ขวด",81-27-6,,AR,5,mg,ขวด,
AS191715,"Sodium benzoate /cosmetic grade bot","Sodium benzoate /cosmetic grade 1 kg bot",,,,1,kg,,
AS191662,"Sodium Saccharine /cosmetic grade","Sodium Saccharine /cosmetic grade 1 kg /bot",,,,1,kg,bot,
AS191649,"Sodium Lauryl sulfate(SLS) /cosmetic grade","Sodium Lauryl sulfate(SLS) /cosmetic grade 1 kg /bot",,,,1,kg,bot,
AS191646,"sodium citrate monobasic [HOC(COONa)(CH2COOH)2]","sodium citrate monobasic [HOC(COONa)(CH2COOH)2] /AR 250 g /ขวด",,,AR,250,g,ขวด,
AS191297,"sodium citrate dibasic sesquihydrate [HOC(COOH)(CH2COONa)2 · 1.5H2O] /solid","sodium citrate dibasic sesquihydrate [HOC(COOH)(CH2COONa)2 · 1.5H2O] /AR /solid 250 g /ขวด",,,AR,250,g,ขวด,
AS191146,"น้ำมันหอมระเหยไพล /cosmetic grade /solid","น้ำมันหอมระเหยไพล /cosmetic grade /solid 250 g /ขวด",,,,250,g,ขวด,
AS191093,"น้ำมันหอมระเหยขิง /cosmetic grade /liquid","น้ำมันหอมระเหยขิง /cosmetic grade /liquid 250 g /ขวด",,,,250,g,ขวด,
AS190935,"น้ำมันหอมระเหยขิง /Food grade /liquid","น้ำมันหอมระเหยขิง /Food grade /liquid 250 g /ขวด",,,,250,g,ขวด,
AS194410,"Glycerol /liquid, .","Glycerol AR /liquid, 500 ml. /Bot",,,AR,500,mL,Bot,
AS194411,"L-Arginine hydrochloride /solid, .","L-Arginine hydrochloride /solid, 25 g. /Bot",,,,25,g,Bot,
AS194412,"Magnesium chloride 6H2O grade /solid, .","Magnesium chloride 6H2O /AR grade /solid, 500 g. /Bot",,,AR,500,g,Bot,
AS194413,"Magnesium sulfate 7H2O grade /solid, .","Magnesium sulfate 7H2O /AR grade /solid, 500 g. /Bot",,,AR,500,g,Bot,
AS194414,"L-Ornithine /solid, .","L-Ornithine /solid, 100 g. /Bot",,,,100,g,Bot,
AS194415,"Phenol solution /liquid, .","Phenol solution /liquid, 100 ml. /Bot",,,,100,mL,Bot,
AS194416,"Potassium hydrogen carbonate /solid, .","Potassium hydrogen carbonate /solid, 500 g. /Bot",,,,500,g,Bot,
AS194417,"Potassium chloride /solid, .","Potassium chloride AR /solid, 1 kg. /Bot",,,AR,1,kg,Bot,
AS194418,"Potassium dihydrogen phosphate(ANH) grade /solid, .","Potassium dihydrogen phosphate(ANH) /AR grade /solid, 500 g. /Bot",,,AR,500,g,Bot,
AS194419,"Sodium hydrogen carbonate grade /solid, .","Sodium hydrogen carbonate /AR grade /solid, 1 kg. /Bot",,,AR,1,kg,Bot,
AS194420,"Starch azure /solid, .","Starch azure /solid, 1 g. /Bot",,,,1,g,Bot,
AS194421,"Bacto Tryptone /solid, .","Bacto Tryptone /solid, 500 g. /Bot",,,,500,g,Bot,
AS194422,"Wright's eosin Methylene Blue /solid, .","Wright's eosin Methylene Blue /solid, 25 g. /Bot",,,,25,g,Bot,
AS194423,"Xylene cyanol FF /solid, .","Xylene cyanol FF /solid, 25 g. /Bot",,,,25,g,Bot,
AS194404,"คลอรีนน้ำ 6% /liquid, ,Clorox.","คลอรีนน้ำ 6% /liquid, ,Clorox1.89 L.",,,,1.89,L,,
AS194405,"Dichloromethan grade /liquid, .","Dichloromethan /AR grade /liquid, 2.5 L. /Bot",,,AR,2.5,L,Bot,
AS194406,"Dimethyl sulphoxide grade /liquid, .","Dimethyl sulphoxide /AR grade /liquid, 1 L. /Bot",,,AR,1,L,Bot,
AS194407,"Ferrozine /solid, .","Ferrozine /solid, 1 g. /Bot",,,,1,g,Bot,
AS194408,"Iron II sulphate 7H2O grade /solid, .","Iron II sulphate 7H2O /AR grade /solid, 500 g. /Bot",,,AR,500,g,Bot,
AS194409,"Giemsa's azur eosin methylene blue /solid, .","Giemsa's azur eosin methylene blue /solid, 25 g. /Bot",,,,25,g,Bot,
AS194394,"Dextran /solid, .","Dextran /solid, 100 g. /Bot",,,,100,g,Bot,
AS194395,"Hexane /liquid","Hexane /liquid, 2.5 L /Bot",,,,2.5,L,Bot,
AS194396,"n-Buthyl alcohol /liquid","n-Buthyl alcohol /liquid, 2.5 L /Bot",,,,2.5,L,Bot,
AS194397,"Sodium diethyl barbiturate acid /solid, .","Sodium diethyl barbiturate acid /solid, 25 g. /Bot",,,,25,g,Bot,
AS194398,"ABTS /solid, .","ABTS /solid, 1 g. /Bot",,,,1,g,Bot,
AS194399,"Denatured alcohol 95% ALCO-AI /liquid, 14.5 () kg.","Denatured alcohol 95% ALCO-AI /liquid, 14.5 (18L) kg. /Drum",,,,18,L,Drum,
AS194400,"Methanol /liquid, .","Methanol GR /liquid, 2.5 L. /Bot",,,GR,2.5,L,Bot,
AS194401,"Acetylthiocholine iodide /solid, .","Acetylthiocholine iodide /solid, 5 g. /Bot",,,,5,g,Bot,
AS194402,"Acrylamide /solid, .","Acrylamide /solid, 100 g. /Bot",,,,100,g,Bot,
AS194381,"Glucose /Liquicolor , HUMAN.","Glucose /Liquicolor , HUMAN1000 ml. /Set",,,,1000,mL,Set,
AS194382,"Lipase Liquicolor Reagent Kit /Liquicolor , HUMAN2x.","Lipase Liquicolor Reagent Kit /Liquicolor , HUMAN2x100 ml. /Set",,,,100,mL,Set,
AS194383,"ASO Latex /liquid, 100 test","ASO Latex /liquid, 100 test /Set",,,,,,Set,YES
AS194384,"CRP Latex /liquid, 100 S","CRP Latex /liquid, 100 S /Set",,,,,,Set,YES
AS194385,"RA Latex /liquid, 100 test","RA Latex /liquid, 100 test /Set",,,,,,Set,YES
AS194386,"SLE Test Kit (Anti-DNA) /liquid, 100 test","SLE Test Kit (Anti-DNA) /liquid, 100 test /Set",,,,,,Set,YES
AS194387,"Proteus OX19 /liquid, .","Proteus OX19 /liquid, 5 ml. /Bot",,,,5,mL,Bot,
AS194388,"Proteus OX2 /liquid, .","Proteus OX2 /liquid, 5 ml. /Bot",,,,5,mL,Bot,
AS194389,"Proteus OXK /liquid, .","Proteus OXK /liquid, 5 ml. /Bot",,,,5,mL,Bot,
AS194390,"Salmonella Typhi H /liquid, .","Salmonella Typhi H /liquid, 5 ml. /Bot",,,,5,mL,Bot,
AS194391,"Salmonella Typhi O /liquid, .","Salmonella Typhi O /liquid, 5 ml. /Bot",,,,5,mL,Bot,
AS194392,"Isoprep (ficoll-hypaque) /liquid, .","Isoprep (ficoll-hypaque) /liquid, 500 ml. /Bot",,,,500,mL,Bot,
AS194393,"Bovine serum albumin /solid, .","Bovine serum albumin /solid, 100 g. /Bot",,,,100,g,Bot,
AS194378,"Calcium /Liquicolor , HUMAN 2x.","Calcium /Liquicolor , HUMAN 2x100 ml. /Set",,,,100,mL,Set,
AS190374,"Coomassie&reg Brilliant blue R-250 grade /powder","Coomassie&reg Brilliant blue R-250 [C3H6N2O2]cas no.68417 /LR grade /powder 25 g /ขวด",68-41-7,C3H6N2O2,LR,25,g,ขวด,
AS190373,"Coomassie brilliant blue G 250 /Cosmetic grade /powder","Coomassie brilliant blue G 250 [C15H23NO4]cas no.66819 /Cosmetic grade /powder 25 g /ขวด",66-81-9,C15H23NO4,,25,g,ขวด,
AS193672,"MYS 40 / Cosmetic grade/solid","MYS 40 / Cosmetic grade/solid, 1 kg /ขวด",,,,1,kg,ขวด,
AS194376,"Sodium CMC /Cosmetic grade","Sodium CMC /Cosmetic grade, 1 kg /bot",,,,1,kg,bot,
AS194374,"Carbopol Ultrez 20 /Cosmetic grade /solid","Carbopol Ultrez 20 /Cosmetic grade /solid, 0.5 kg /bot",,,,0.5,kg,bot,
AS194373,"CARBOPOL@ULTREZ 10 /Cosmetic grade/solid","CARBOPOL@ULTREZ 10 /Cosmetic grade/solid, 0.5 kg /bot",,,,0.5,kg,bot,
AS194371,"2% Mepivacaine 50 หลอด","2% Mepivacaine 1.7 ml 50 หลอด /กล่อง",,,,1.7,mL,กล่อง,
AS193318,"pH 10.01 Buffer , /liquid, 30 ซอง","pH 10.01 Buffer /AR, /liquid, 20 ml 30 ซอง/กล่อง",,,AR,20,mL,กล่อง,
AS193084,"pH 7.00 Buffer , /liquid, 30 ซอง","pH 7.00 Buffer /AR, /liquid, 20 ml 30 ซอง/กล่อง",,,AR,20,mL,กล่อง,
AS192727,"pH 4.01 Buffer , /liquid, 30 ซอง","pH 4.01 Buffer /AR, /liquid, 20 ml 30 ซอง/กล่อง",,,AR,20,mL,กล่อง,
AS194362,"20% benzocaine ointment กลิ่นผลไม้","20% benzocaine ointment กลิ่นผลไม้ 30 g /ขวด",,,,30,g,ขวด,
AS194365,"Sodiumhypochloride 2.5%","Sodiumhypochloride 2.5% 500 g /ขวด",,,,500,g,ขวด,
AS194364,"Zinc oxide powder without accelerator","Zinc oxide powder without accelerator 50 g /ขวด",,,,50,g,ขวด,
AS194361,"น้ำยาบ้วนปาก Chlorhexidine 0.12%","น้ำยาบ้วนปาก Chlorhexidine 0.12% 250 ml /ขวด",,,,250,mL,ขวด,
AS191237,"Ethyl acetate grade /Liquid","Ethyl acetate [CH3COOC2H5] cas no.141786 /AR grade /Liquid 2.5 L /ขวด",141-78-6,CH3COOC2H5,AR,2.5,L,ขวด,
AS191238,"Ethyl acetate /Liquid","Ethyl acetate [CH3COOC2H5] cas no.141786 /Liquid 20 L /แกลลอน",141-78-6,CH3COOC2H5,,20,L,แกลลอน,
AS193535,"Ethyl acetate , /liquid","Ethyl acetate [C4H8O2] cas no.141-78-6 /AR, /liquid, 2.5 L /ขวด",141-78-6,C4H8O2,AR,2.5,L,ขวด,
AS193412,"Boric acid , solid","Boric acid [H3BO3]cas no.10043-35-3 /AR, solid, 500 g /ถุง",10043-35-3,H3BO3,AR,500,g,ถุง,
AS194366,"self-cured acrylic resin clear สีใส (ผง 1 kg.+น้ำ .","self-cured acrylic resin clear สีใส (ผง 1 kg.+น้ำ 500 cc.) /ขวด",,,,500,mL,ขวด,
AS194352,"Self cure acrylic resin สีชมพู (pink) (ผง1,000 g น้ำ","Self cure acrylic resin สีชมพู (pink) (ผง1,000 g น้ำ500 ml) /ชุด",,,,500,mL,ชุด,
AS194354,"Impression Material - addition silicone - heavy body","Impression Material - addition silicone - heavy body",,,,,,,YES
AS194355,"Impression Material - addition silicone - putty","Impression Material - addition silicone - putty",,,,,,,YES
AS194356,"Impression Material - addition silicone -light body & mixing pad","Impression Material - addition silicone -light body & mixing pad /ชุด",,,,,,ชุด,YES
AS194359,"Acrylic resin - Self cured, tooth colored (Powder + Liquid) สีต่างๆ (ผง100 g.น้ำ ) 1 ชุด ชุด","Acrylic resin - Self cured, tooth colored (Powder + Liquid) สีต่างๆ (ผง100 g.น้ำ 125 ml) 1 ชุด ชุด",,,,125,mL,,
AS194342,"วัสดุ Glass ionomer ชนิดผสมมือ (Fuji IX) ชนิดผสมมือ (สียูนิเวอร์ซัล 10 g ,Liquid 6 g. ,Vanish .","วัสดุ Glass ionomer ชนิดผสมมือ (Fuji IX) ชนิดผสมมือ (สียูนิเวอร์ซัล 10 g ,Liquid 6 g. ,Vanish 5 g.)",,,,5,g,,
AS194349,"Impression Material - zinc oxide Eugenol impression paste & mixing pad","Impression Material - zinc oxide Eugenol impression paste & mixing pad",,,,,,,YES
AS194351,"seperating medium","seperating medium 500 ml /ขวด",,,,500,mL,ขวด,
AS194335,"NITROGEN GAS 99.99% min.","NITROGEN GAS UHP 99.99% min. 6 kg /ถัง",,,UHP,6,kg,ถัง,
AS194333,"ACETYLENE GAS INSTUMENT 99.5% min.","ACETYLENE GAS INSTUMENT 99.5% min. 6 kg /ถัง",,,,6,kg,ถัง,
AS194332,"Chlorhexidine gluconate 4%","Chlorhexidine gluconate 4% 5,000 ml /ขวด",,,,5000,mL,ขวด,
AS194324,"Erythrosine 6%","Erythrosine 6% 15 ml /ขวด",,,,15,mL,ขวด,
AS194323,"Talbot's solution","Talbot's solution 15 ml /ขวด",,,,15,mL,ขวด,
AS194319,"สารสกัดขิง /Food /Powder","สารสกัดขิง /Food /Powder 1 Kg /Bag",,,,1,kg,Bag,
AS194309,"ORTHOPHOSPHORIC ACID 85 %","ORTHOPHOSPHORIC ACID 85 % /AR 2.5 L /bot",,,AR,2.5,L,bot,
AS194310,Coumarin,"Coumarin [C9H6O2] cas no.91-64-5 /HPLC 50 g /ขวด",91-64-5,C9H6O2,HPLC,50,g,ขวด,
AS194311,"Sennoside A /Solid","Sennoside A [C42H38O20] cas no.81-27-6 /AR /Solid, 25 mg /ขวด",81-27-6,C42H38O20,AR,25,mg,ขวด,
AS194312,"Sennoside B /Solid","Sennoside B [C42H38O20] cas no.128-57-4 /AR /Solid, 25 mg /ขวด",128-57-4,C42H38O20,AR,25,mg,ขวด,
AS194313,"Sennoside C /Solid","Sennoside C [C42H40O19] cas no.37271-16-2 /AR /Solid, 25 mg /ขวด",37271-16-2,C42H40O19,AR,25,mg,ขวด,
AS194314,"Sennoside D /Solid","Sennoside D [C42H40O19] cas no.37271-17-3 /AR /Solid, 25 mg /ขวด",37271-17-3,C42H40O19,AR,25,mg,ขวด,
AS194315,"EMCOMPRESS? (Calcium Hydrogen Phosphate Dihydrate) [CaHPO4 ? 2H2O]","EMCOMPRESS? (Calcium Hydrogen Phosphate Dihydrate) [CaHPO4 ? 2H2O] cas no. 7789-77-7 /LR 500 g /ขวด",7789-77-7,,LR,500,g,ขวด,
AS194316,"Chlorpheniramine maleate [C16H19ClN2 ? C4H4O4]","Chlorpheniramine maleate [C16H19ClN2 ? C4H4O4] cas no.113-92-8 /AR 5 g /ขวด",113-92-8,,AR,5,g,ขวด,
AS194317,Hydrochlorothiazide,"Hydrochlorothiazide [C7H8ClN3O4S2]  cas no.200-403-3 /AR 5 g /ขวด",200-403-3,C7H8ClN3O4S2,AR,5,g,ขวด,
AS194318,"สารสกัดมะขามป้อม /Food /Powder","สารสกัดมะขามป้อม /Food /Powder 1 Kg /Bag",,,,1,kg,Bag,
AS194302,"LAURETH 23","LAURETH 23 100 GM /bot",,,,100,g,bot,
AS194303,"PMMA POWDER CREAM. /cosmetic","PMMA POWDER CREAM. /cosmetic 100 GM /bot",,,,100,g,bot,
AS194306,"PROPYLENE GLYCOL /Food","PROPYLENE GLYCOL /Food 1 KG /bot",,,,1,kg,bot,
AS194307,"SODIUM SACCHARIN /Food 1 LB","SODIUM SACCHARIN /Food 1 LB /bot",,,,,,bot,YES
AS194286,"Thioglycolic acid","Thioglycolic acid 250 ml /bot",,,,250,mL,bot,
AS194292,"White bee wax 100%","White bee wax 100% USP 1 kg /Pcs",,,USP,1,kg,Pcs,
AS194298,"สารสกัดกุหลาบ (ROSE EXTRACT","สารสกัดกุหลาบ (ROSE EXTRACT) 1 KG /bot",,,,1,kg,bot,
AS194300,"CETYLPYRIDINIUM CHLORIDE","CETYLPYRIDINIUM CHLORIDE 100 GM /bot",,,,100,g,bot,
AS194258,"SAW PALMETTO EXTRACT","SAW PALMETTO EXTRACT 1 kg /bot",,,,1,kg,bot,
AS194263,"SILICONE 1501","SILICONE 1501 1 kg /bot",,,,1,kg,bot,
AS194264,"SILICONE DC 344(STV-5","SILICONE DC 344(STV-5) 1 kg /bot",,,,1,kg,bot,
AS194265,"SODIUM BICARBONATE(J","SODIUM BICARBONATE(J) 1 kg /bot",,,,1,kg,bot,
AS194266,"Sodium borohydride","Sodium borohydride 100 g /bot",,,,100,g,bot,
AS194267,"Sodium carboxymethyl cellulose(cmc","Sodium carboxymethyl cellulose(cmc) 1 kg /bot",,,,1,kg,bot,
AS194268,"Sodium hyaluronate (High M.W.","Sodium hyaluronate (High M.W.) 100 g /bot",,,,100,g,bot,
AS194269,"Sodium lauryl sulfate (powder","Sodium lauryl sulfate (powder) 1 kg /แพ็ค",,,,1,kg,แพ็ค,
AS194270,"Sodium metabisulphite /Food","Sodium metabisulphite /Food 1 kg /bot",,,,1,kg,bot,
AS194271,"Sodium PCA 50% (Aqueous solution","Sodium PCA 50% (Aqueous solution) 1 kg /bot",,,,1,kg,bot,
AS194272,"Sodium Sulfate anhydrous","Sodium Sulfate anhydrous /AR 500 g /bot",,,AR,500,g,bot,
AS194273,"Sorbitol 70% solution","Sorbitol 70% solution 1 kg /bot",,,,1,kg,bot,
AS194275,"Stearic acid NAA-175","Stearic acid NAA-175 1 kg /bot",,,,1,kg,bot,
AS194276,"STRAWBERRY RED R2002 (สีแดงอมชมพู ละลายน้า","STRAWBERRY RED R2002 (สีแดงอมชมพู ละลายน้า) 50 g /แพ็ค",,,,50,g,แพ็ค,
AS194277,"Sulfuric acid 98%","Sulfuric acid 98% 2.5 L /bot",,,,2.5,L,bot,
AS194279,"SupGuard GM","SupGuard GM-BP 1 kg /bot",,,BP,1,kg,bot,
AS194248,"Potassium citrate","Potassium citrate 1 kg /bot",,,,1,kg,bot,
AS194249,"Potassium dichromate","Potassium dichromate 500 g /bot",,,,500,g,bot,
AS194257,"Salicylic acid","Salicylic acid 100 g /แพ็ค",,,,100,g,แพ็ค,
AS194233,"Neroli Abs.10% (Citrus aurantium-Morocco","Neroli Abs.10% (Citrus aurantium-Morocco) 50 ml /bot",,,,50,mL,bot,
AS194230,"Monopropylene glycol","Monopropylene glycol 1 kg /bot",,,,1,kg,bot,
AS194231,"MULBERRY EXTRACT BG-10","MULBERRY EXTRACT BG-10 100 g /bot",,,,100,g,bot,
AS194210,Isododecane,"Isododecane 1 kg /bot",,,,1,kg,bot,
AS194212,"LACTIC ACID 88%EXEL","LACTIC ACID 88%EXEL 1 kg /bot",,,,1,kg,bot,
AS194213,"LALIT STEARIC ACID SA 1850","LALIT STEARIC ACID SA 1850 1 kg /bot",,,,1,kg,bot,
AS194222,"LIQUID PARAFFIN PIONIER 2071 (HEAVY","LIQUID PARAFFIN PIONIER 2071 (HEAVY) 1 kg /bot",,,,1,kg,bot,
AS194223,"LIQUID PARAFFIN PIONIER 2076(LIGHT","LIQUID PARAFFIN PIONIER 2076(LIGHT) 1 kg /bot",,,,1,kg,bot,
AS194224,"LIQUID PARAFFIN PIONIER 2076 LIGHT (MINERAL OIL","LIQUID PARAFFIN PIONIER 2076 LIGHT (MINERAL OIL) 1 kg /bot",,,,1,kg,bot,
AS194199,"Gallic acid","Gallic acid 100 g /bot",,,,100,g,bot,
AS194202,"Glycolic Acid 70%","Glycolic Acid 70% 1 kg /bot",,,,1,kg,bot,
AS194203,"Guar Hydroxypropyltrimonium Chloride","Guar Hydroxypropyltrimonium Chloride 100 g /แพ็ค",,,,100,g,แพ็ค,
AS194204,"Heptanoic acid","Heptanoic acid 100 ml /bot",,,,100,mL,bot,
AS194207,"IPM(ISOPROPYL MYRISTATE","IPM(ISOPROPYL MYRISTATE) 1 kg /bot",,,,1,kg,bot,
AS194208,"IPP(ISOPROPYL PALMITATE","IPP(ISOPROPYL PALMITATE) 1 kg /bot",,,,1,kg,bot,
AS194209,"Isoamyl alcohol","Isoamyl alcohol 2.5 L /bot",,,,2.5,L,bot,
AS194173,"COSMETIC RICE POWDER-100 (CPR-100","COSMETIC RICE POWDER-100 (CPR-100) 1 kg /bot",,,,1,kg,bot,
AS194175,"CRISTALHYAL(Hyaluronic acid","CRISTALHYAL(Hyaluronic acid) 1 kg /bot",,,,1,kg,bot,
AS194183,"Denatured alcohol 95%","Denatured alcohol 95% 18 L /bot",,,,18,L,bot,
AS194184,"Dimethicone 350","Dimethicone 350 1 kg /bot",,,,1,kg,bot,
AS194185,"DIMETHISIL DM-100 (Dimethicone 100 cs","DIMETHISIL DM-100 (Dimethicone 100 cs) 1 kg /bot",,,,1,kg,bot,
AS194186,"DIPOTASSIUM GLYCYRRHIZINATE","DIPOTASSIUM GLYCYRRHIZINATE 1 kg /bot",,,,1,kg,bot,
AS194150,"Blue Solar (สีน้ำเงินละลายน้ำ","Blue Solar (สีน้ำเงินละลายน้ำ) 50 g /แพ็ค",,,,50,g,แพ็ค,
AS194157,"Cetearyl alcohol","Cetearyl alcohol 1 kg /แพ็ค",,,,1,kg,แพ็ค,
AS194160,"CETO STEARYL ALCOHOL 50:50 (Cetearyl Alcohol","CETO STEARYL ALCOHOL 50:50 (Cetearyl Alcohol) 1 kg /bot",,,,1,kg,bot,
AS194161,"Cetyl alcohol (95%MINO.","Cetyl alcohol (95%MINO.) 1 kg /bot",,,,1,kg,bot,
AS194168,"CITRIC ACID AMHYDROUS /Food","CITRIC ACID AMHYDROUS /Food 1 kg /Pcs",,,,1,kg,Pcs,
AS194133,"Acetic acid","Acetic acid 2.5 L /bot",,,,2.5,L,bot,
AS194134,"Alcohol (Denatured","Alcohol (Denatured) 1 kg /bot",,,,1,kg,bot,
AS194135,"Alcohol (Denatured alcohol 95%","Alcohol (Denatured alcohol 95%) 1 kg /bot",,,,1,kg,bot,
AS194138,"Aluminium Chlorohydrate 50%","Aluminium Chlorohydrate 50% 1 kg /bot",,,,1,kg,bot,
AS194148,"BLACK GALINGALE EXTRACT POWDER","BLACK GALINGALE EXTRACT POWDER 1 kg /Pcs",,,,1,kg,Pcs,
AS194129,"ชุด GPO M Kit 1 ชุด","ชุด GPO M Kit 1 ชุด /กล่อง",,,,,,กล่อง,YES
AS194130,"1,3-Butylene Glycol","1,3-Butylene Glycol 1 kg /bot",,,,1,kg,bot,
AS194131,"ABC 35%","ABC 35% 1 kg /bot",,,,1,kg,bot,
AS194132,"ABC 45% (Dehyton K","ABC 45% (Dehyton K) 1 kg /bot",,,,1,kg,bot,
AS194127,"Lipid control serum level II 1 ขวด","Lipid control serum level II 1 ml 1 ขวด /แพ็ค",,,,1,mL,แพ็ค,
AS194126,"Lipid control serum level I 1 ขวด","Lipid control serum level I 1 ml 1 ขวด /แพ็ค",,,,1,mL,แพ็ค,
AS194125,"Biochemistry control serum level II 1 ขวด","Biochemistry control serum level II 5 ml 1 ขวด /แพ็ค",,,,5,mL,แพ็ค,
AS194124,"Biochemistry control serum level I 1 ขวด","Biochemistry control serum level I 5 ml 1 ขวด /แพ็ค",,,,5,mL,แพ็ค,
AS194120,"GD 100BP DNA LADDER H3 RTU","GD 100BP DNA LADDER H3 RTU 500 µl /ชุด",,,,500,uL,ชุด,
AS194119,"Taq DNA Polymerase ,recombinant 500 u","Taq DNA Polymerase ,recombinant 500 u /ชุด",,,,,,ชุด,YES
AS194117,"Trizol reagent Liquids","Trizol reagent Liquids 100 ml /ขวด",,,,100,mL,ขวด,
AS194116,"chlohexidine 2%","chlohexidine 2% 60 ml /ขวด",,,,60,mL,ขวด,
AS194115,"Temporary cement - ชนิดที่มี Zinc Oxide Eugenal","Temporary cement - ชนิดที่มี Zinc Oxide Eugenal 65 g/ชุด",,,,65,g,ชุด,
AS194111,"luting cement - zinc phosphate cement ผง 60 / น้ำ","luting cement - zinc phosphate cement ผง 60 / น้ำ 25 g /ชุด",,,,25,g,ชุด,
AS194109,"Temporary cement - ชนิดที่ไม่มี Zinc Oxide Eugenal","Temporary cement - ชนิดที่ไม่มี Zinc Oxide Eugenal 65 g /ชุด",,,,65,g,ชุด,
AS191834,"Sennoside /Solid ขวด","Sennoside cas no.81-27-6 /AR /Solid 25 mg ขวด /ขวด",81-27-6,,AR,25,mg,ขวด,
AS194103,"Talbot' solution","Talbot' solution 30 ml /ขวด",,,,30,mL,ขวด,
AS1940121,"Uric Acid Liquicolor /Liquids, ""HUMAN"" 4x","Uric Acid Liquicolor /Liquids, ""HUMAN"" 4x100 ml /set",,,,100,mL,set,
AS1940115,"Serodos Control Serum (Normal) /Solid, ""HUMAN"" 6x","Serodos Control Serum (Normal) /Solid, ""HUMAN"" 6x5 ml /set",,,,5,mL,set,
AS1940114,"Magnesium liquicolor /Liquids, ""HUMAN"" 2x","Magnesium liquicolor /Liquids, ""HUMAN"" 2x100 ml /set",,,,100,mL,set,
AS1940113,"Lipasa Liquicolor Reagent Kit /Liquids, ""HUMAN"" 2x","Lipasa Liquicolor Reagent Kit /Liquids, ""HUMAN"" 2x100 ml /set",,,,100,mL,set,
AS1940112,"LDL-Cholesterol Liquicolor Complete Kit /Liquids, ""HUMAN""","LDL-Cholesterol Liquicolor Complete Kit /Liquids, ""HUMAN"" 200 ml /set",,,,200,mL,set,
AS1940111,"HDL-Cholesterol Liquicolor Complete Kit /Liquids, ""HUMAN""","HDL-Cholesterol Liquicolor Complete Kit /Liquids, ""HUMAN"" 200 ml /set",,,,200,mL,set,
AS1940105,"Albumin Liquicolor /Liquids, HUMAN,4x","Albumin Liquicolor /Liquids, HUMAN,4x100 ml /set",,,,100,mL,set,
AS1940104,"Serodos Plus Control Serum (Abnormal) /Solid, HUMAN,6x","Serodos Plus Control Serum (Abnormal) /Solid, HUMAN,6x5 ml /set",,,,5,mL,set,
AS1940102,"SD BIOLINE Leptospira IgG/IgM /Solid, 30 Test","SD BIOLINE Leptospira IgG/IgM /Solid, 30 Test /set",,,,,,set,YES
AS1940101,"SD BIOLINE Malaria Ag P.f/Pan /Solid, 25 Test","SD BIOLINE Malaria Ag P.f/Pan /Solid, 25 Test /set",,,,,,set,YES
AS1940100,"SD BIOLINE HIV 1/2 3.0 Cassette /Solid, 30 Test","SD BIOLINE HIV 1/2 3.0 Cassette /Solid, 30 Test /set",,,,,,set,YES
AS194099,"WH accu HCG Pregnancy Strip 3 mm. /Solid, 100 Test","WH accu HCG Pregnancy Strip 3 mm. /Solid, 100 Test /set",,,,,,set,YES
AS194098,"SD BIOLINE HBsAg Fast /Solid, 100 Test","SD BIOLINE HBsAg Fast /Solid, 100 Test /set",,,,,,set,YES
AS194097,"SD BIOLINE Anti-HBs Fast /Solid, 100 Test","SD BIOLINE Anti-HBs Fast /Solid, 100 Test /set",,,,,,set,YES
AS194093,"WONDFO Diagnostic kit for HIV 1+2 25 Test","WONDFO Diagnostic kit for HIV 1+2 25 Test /กล่อง",,,,,,กล่อง,YES
AS193513,"Vitamin C tablets /ยา/Solid, 100 เม็ด","Vitamin C tablets /ยา/Solid, 100 เม็ด/กระปุก",,,,,,กระปุก,YES
AS194091,"Betadine Solution","Betadine Solution 500 ml",,,,500,mL,,
AS193413,"Borneol (พิมเสน) /cosmetic, /solid","Borneol (พิมเสน) [C10H18O]cas no.507-70-0 /cosmetic, /solid, 1 kg /ถุง",507-70-0,C10H18O,,1,kg,ถุง,
AS193310,"Alcohol 70%","Alcohol 70% 180 cc /ขวด",,,,180,mL,ขวด,
AS193319,"Alcohol 70%","Alcohol 70% 450 cc /ขวด",,,,450,mL,ขวด,
AS194084,"น้ำยาแอนตี้ซีรั่ม Copper 90% /Liquids, .","น้ำยาแอนตี้ซีรั่ม Copper 90% /Liquids, 450 ml. /ขวด",,,,450,mL,ขวด,
AS194083,"น้ำยาแอนตี้ซีรั่ม Copper 80% /Liquids, .","น้ำยาแอนตี้ซีรั่ม Copper 80% /Liquids, 450 ml. /ขวด",,,,450,mL,ขวด,
AS194075,"Calcium Hypochlorite (Chlorine 65%) [ Ca(OCl)2]","Calcium Hypochlorite (Chlorine 65%) [ Ca(OCl)2] cas no.7778-54-3",7778-54-3,,,,,,YES
AS194068,"Sodium carbonate anhydrous /solid, Sodium carbonate","Sodium carbonate anhydrous /solid, Sodium carbonate500 g /Bot",,,,500,g,Bot,
AS194069,"Gallic acid /solid, Galic acid","Gallic acid /solid, Galic acid100 g /Bot",,,,100,g,Bot,
AS194070,"DPPH /solid, 1,1diphenyl2picrylhydrazyl radical (DPPH","DPPH /solid, 1,1diphenyl2picrylhydrazyl radical (DPPH)1 g /Bot",,,,1,g,Bot,
AS194071,"Trolox /solid, 6hydroxy2,5,7,8tetramethylchlorman2carboxylic acid (trolox","Trolox /solid, 6hydroxy2,5,7,8tetramethylchlorman2carboxylic acid (trolox)1 g /Bot",,,,1,g,Bot,
AS194072,"L-DOPA /solid, l3,4dihydroxyphenylalanine (lDOPA","L-DOPA /solid, l3,4dihydroxyphenylalanine (lDOPA)5 g /Bot",,,,5,g,Bot,
AS194073,"Tyrosinase from mushroom /liquid, Tyrosinase25 KU","Tyrosinase from mushroom /liquid, Tyrosinase25 KU /Bot",,,,,,Bot,YES
AS194074,"Phosphate buffer saline /liquid, Phosphate Buffered Saline (PBS","Phosphate buffer saline /liquid, Phosphate Buffered Saline (PBS)1 L /Bot",,,,1,L,Bot,
AS194058,"White Thyme Oil /liquid","White Thyme Oil /liquid, 10 g /ขวด",,,,10,g,ขวด,
AS194059,"Wintergreen Oil /liquid","Wintergreen Oil /liquid, 10 g /ขวด",,,,10,g,ขวด,
AS194060,"Ylang Extra (Cananga odorata genuina-Comores) /liquid","Ylang Extra (Cananga odorata genuina-Comores) /liquid, 2 g /ขวด",,,,2,g,ขวด,
AS194061,"Ylang Ylang Oil (Flower) /liquid","Ylang Ylang Oil (Flower) /liquid, 10 g /ขวด",,,,10,g,ขวด,
AS194062,"1LLD-MBL-BIO-32005 : SENSIFAST HRM KIT, 500 RXN /liquid","1LLD-MBL-BIO-32005 : SENSIFAST HRM KIT, 500 RXN /liquid, /KIT",,,,,,KIT,YES
AS194063,"1KGB-KG2531 : ., 8-STRIP TUBES, WITH CLEAR CAP (qPCR), 125/PKG, CLEAR /solid","1KGB-KG2531 : 0.2 ML., 8-STRIP TUBES, WITH CLEAR CAP (qPCR), 125/PKG, CLEAR /solid, /แพ็ค",,,,0.2,mL,แพ็ค,
AS194064,"1KGB-KG2543 : ., qPCR 8-STRIPS WITH ATTACHED FLAT CAPS, WHITE, 125/PKG /solid","1KGB-KG2543 : 0.2 ML., qPCR 8-STRIPS WITH ATTACHED FLAT CAPS, WHITE, 125/PKG /solid, /แพ็ค",,,,0.2,mL,แพ็ค,
AS194065,"5x HOT FIREPol EvaGreen qPCR Mix Plus (no ROX) /liquid","5x HOT FIREPol EvaGreen qPCR Mix Plus (no ROX) /liquid, /แพ็ค",,,,,,แพ็ค,YES
AS194066,"1KGB-KG2542 : ., qPCR 8-STRIPS WITH ATTACHED FLAT CAPS, WHITE, 125/PKG /solid","1KGB-KG2542 : 0.1 ML., qPCR 8-STRIPS WITH ATTACHED FLAT CAPS, WHITE, 125/PKG /solid, /แพ็ค",,,,0.1,mL,แพ็ค,
AS194039,"Rosewood (Aniba rosaeodora-Brazil) /liquid","Rosewood (Aniba rosaeodora-Brazil) /liquid, 5 g /ขวด",,,,5,g,ขวด,
AS194040,"Sandalwood (Santalum album-Mysore-India) /liquid","Sandalwood (Santalum album-Mysore-India) /liquid, 1 g /ขวด",,,,1,g,ขวด,
AS194041,"SAW palmello extract /liquid","SAW palmello extract /liquid, 10 g /ขวด",,,,10,g,ขวด,
AS194042,"Spearmint Oil /liquid","Spearmint Oil /liquid, 10 g /ขวด",,,,10,g,ขวด,
AS194043,"Spikenard Oil /liquid","Spikenard Oil /liquid, 10 g /ขวด",,,,10,g,ขวด,
AS194044,"Styrax Resinoid /liquid","Styrax Resinoid /liquid, 10 g /ขวด",,,,10,g,ขวด,
AS194045,"Sugar Fix? /liquid","Sugar Fix? /liquid, 50 g /ขวด",,,,50,g,ขวด,
AS194046,"Sumatra Benzoin Resinoid /liquid","Sumatra Benzoin Resinoid /liquid, 10 g /ขวด",,,,10,g,ขวด,
AS194047,"Sweet Basil Oil /liquid","Sweet Basil Oil /liquid, 10 g /ขวด",,,,10,g,ขวด,
AS194048,"Tagetes Oil /liquid","Tagetes Oil /liquid, 10 g /ขวด",,,,10,g,ขวด,
AS194049,"Tangerine (Citrus reticulata-South Africa) /liquid","Tangerine (Citrus reticulata-South Africa) /liquid, 5 g /ขวด",,,,5,g,ขวด,
AS194050,"Tea Tree (Melaleuca alternifolia-Australia) /liquid","Tea Tree (Melaleuca alternifolia-Australia) /liquid, 5 g /ขวด",,,,5,g,ขวด,
AS194051,"TEA TREE OIL-PG /liquid","TEA TREE OIL-PG /liquid, 100 g /ขวด",,,,100,g,ขวด,
AS194052,"Thyme White (Thymus vulgaris-England) /liquid","Thyme White (Thymus vulgaris-England) /liquid, 5 g /ขวด",,,,5,g,ขวด,
AS194053,"Tolu Balsam Oil (South America) /liquid","Tolu Balsam Oil (South America) /liquid, 10 g /ขวด",,,,10,g,ขวด,
AS194054,"Tuberose Abs.10% (Polianthes tuberosa-India) /liquid","Tuberose Abs.10% (Polianthes tuberosa-India) /liquid, 1 g /ขวด",,,,1,g,ขวด,
AS194055,"Turmeric Oil /liquid","Turmeric Oil /liquid, 10 g /ขวด",,,,10,g,ขวด,
AS194056,"Vanilla Oil /liquid","Vanilla Oil /liquid, 10 g /ขวด",,,,10,g,ขวด,
AS194057,"Vetiver (Vetiveria zizanoides-Indonesia) /liquid","Vetiver (Vetiveria zizanoides-Indonesia) /liquid, 2 g /ขวด",,,,2,g,ขวด,
AS194024,"Peppermint (Mentha piperita-England) /liquid","Peppermint (Mentha piperita-England) /liquid, 5 g /ขวด",,,,5,g,ขวด,
AS194025,"Peppermint Oil /liquid","Peppermint Oil /liquid, 10 g /ขวด",,,,10,g,ขวด,
AS194026,"Peru Balsam Oil /liquid","Peru Balsam Oil /liquid, 10 g /ขวด",,,,10,g,ขวด,
AS194027,"Petitgrain orange (Citrus aurantium bigarade-Paraguay) /liquid","Petitgrain orange (Citrus aurantium bigarade-Paraguay) /liquid, 5 g /ขวด",,,,5,g,ขวด,
AS194028,"Pine Needle Oil (Scotch, Pinus Sylvestris) /liquid","Pine Needle Oil (Scotch, Pinus Sylvestris) /liquid, 10 g /ขวด",,,,10,g,ขวด,
AS194029,"Pine Scotch (Pinus sylvestris-Bulgaria) /liquid","Pine Scotch (Pinus sylvestris-Bulgaria) /liquid, 5 g /ขวด",,,,5,g,ขวด,
AS194030,"Plai (Zingiber cassumunar roxb-Thailand) /liquid","Plai (Zingiber cassumunar roxb-Thailand) /liquid, 5 g /ขวด",,,,5,g,ขวด,
AS194031,"Ravensara (Ravensara aromtica-Madagascar) /liquid","Ravensara (Ravensara aromtica-Madagascar) /liquid, 5 g /ขวด",,,,5,g,ขวด,
AS194032,"Rock Rose (Cistus ladaniferus-spain) /liquid","Rock Rose (Cistus ladaniferus-spain) /liquid, 1 g /ขวด",,,,1,g,ขวด,
AS194033,"Rose Bulgarian Abs. (Rosa damascena-Bularia) /liquid","Rose Bulgarian Abs. (Rosa damascena-Bularia) /liquid, 2 g /ขวด",,,,2,g,ขวด,
AS194034,"Rose Geranium Oil (Flower) /liquid","Rose Geranium Oil (Flower) /liquid, 10 g /ขวด",,,,10,g,ขวด,
AS194035,"Rosemary French (Rosmarinus ct. verbenone-France) /liquid","Rosemary French (Rosmarinus ct. verbenone-France) /liquid, 5 g /ขวด",,,,5,g,ขวด,
AS194036,"Rosemary Oil (Leaf) /liquid","Rosemary Oil (Leaf) /liquid, 10 g /ขวด",,,,10,g,ขวด,
AS194037,"Rosemary (Rosmarinus officinalis ct.cineole-Tunisia) /liquid","Rosemary (Rosmarinus officinalis ct.cineole-Tunisia) /liquid, 5 g /ขวด",,,,5,g,ขวด,
AS194038,"Rose Otto (Rosa damascena-Bulgaria) /liquid","Rose Otto (Rosa damascena-Bulgaria) /liquid, 10 g /ขวด",,,,10,g,ขวด,
AS194012,"Nutmeg Oil (Fruit) /liquid","Nutmeg Oil (Fruit) /liquid, 10 g /ขวด",,,,10,g,ขวด,
AS194013,"Oakmoss Absolute /liquid","Oakmoss Absolute /liquid, 10 g /ขวด",,,,10,g,ขวด,
AS194014,"Olibanum (Frankincense) Oil /liquid","Olibanum (Frankincense) Oil /liquid, 10 g /ขวด",,,,10,g,ขวด,
AS194015,"Opoponax (Commiphora erythraea-Somalia) /liquid","Opoponax (Commiphora erythraea-Somalia) /liquid, 2 g /ขวด",,,,2,g,ขวด,
AS194016,"Orange Oil Terpenes /liquid","Orange Oil Terpenes /liquid, 10 g /ขวด",,,,10,g,ขวด,
AS194017,"Orange sweet (Citrus sinensis-South Africa) /liquid","Orange sweet (Citrus sinensis-South Africa) /liquid, 10 g /ขวด",,,,10,g,ขวด,
AS194018,"Oregano (Origanum vulgare-Turkey) /liquid","Oregano (Origanum vulgare-Turkey) /liquid, 5 g /ขวด",,,,5,g,ขวด,
AS194019,"Osmanthus Abs. (Osmanthus fragrans-China) /liquid","Osmanthus Abs. (Osmanthus fragrans-China) /liquid, 2 g /ขวด",,,,2,g,ขวด,
AS194020,"Palmarosa (Cymbopogon martini-Nepal) /liquid","Palmarosa (Cymbopogon martini-Nepal) /liquid, 5 g /ขวด",,,,5,g,ขวด,
AS194021,"Palmarosa Oil (Gingergrass Oil) /liquid","Palmarosa Oil (Gingergrass Oil) /liquid, 10 g /ขวด",,,,10,g,ขวด,
AS194022,"Patchouli Oil /liquid","Patchouli Oil /liquid, 10 g /ขวด",,,,10,g,ขวด,
AS194023,"Patchouli (Pogostemon cablin-Indonesia) /liquid","Patchouli (Pogostemon cablin-Indonesia) /liquid, 5 g /ขวด",,,,5,g,ขวด,
AS194011,"Nutmeg (Myristica fragrans-Indonesia) /liquid","Nutmeg (Myristica fragrans-Indonesia) /liquid, 5 g /ขวด",,,,5,g,ขวด,
AS194007,"Neroli Abs.10% (Citrus aurantium-Morocco) /liquid","Neroli Abs.10% (Citrus aurantium-Morocco) /liquid, 2 g /ขวด",,,,2,g,ขวด,
AS194008,"Neroli (Citrus aurantium-Egypt) /liquid","Neroli (Citrus aurantium-Egypt) /liquid, 10 g /ขวด",,,,10,g,ขวด,
AS194009,"Niaouli (Melaleuca quniquenervid-Madagascar) /liquid","Niaouli (Melaleuca quniquenervid-Madagascar) /liquid, 5 g /ขวด",,,,5,g,ขวด,
AS194010,"Niaouli Oil (Leaf) /liquid","Niaouli Oil (Leaf) /liquid, 10 g /ขวด",,,,10,g,ขวด,
AS193990,"Lime (Citrus Aurantifolia) Oil /liquid","Lime (Citrus Aurantifolia) Oil /liquid, 10 g /ขวด",,,,10,g,ขวด,
AS193991,"Lime (Citrus aurantifolia-South Africa) /liquid","Lime (Citrus aurantifolia-South Africa) /liquid, 10 g /ขวด",,,,10,g,ขวด,
AS193992,"Litsea Cubeba (May Chang) Oil /liquid","Litsea Cubeba (May Chang) Oil /liquid, 10 g /ขวด",,,,10,g,ขวด,
AS193993,"Lotus blue 10% (Nymphaea caerulea-Thailand) /liquid","Lotus blue 10% (Nymphaea caerulea-Thailand) /liquid, 1 g /ขวด",,,,1,g,ขวด,
AS193994,"MACADMIA NUT OIL /liquid","MACADMIA NUT OIL /liquid, 1 kg /ขวด",,,,1,kg,ขวด,
AS193995,"Mace Oil (Kernel) /liquid","Mace Oil (Kernel) /liquid, 10 g /ขวด",,,,10,g,ขวด,
AS193996,"Malt Extract /liquid","Malt Extract /liquid, 10 g /ขวด",,,,10,g,ขวด,
AS193997,"Mandarin Green (Citrus reticulata-Brazil) /liquid","Mandarin Green (Citrus reticulata-Brazil) /liquid, 5 g /ขวด",,,,5,g,ขวด,
AS193998,"Mandarin Red (Citrus reticulata-South Africa) /liquid","Mandarin Red (Citrus reticulata-South Africa) /liquid, 5 g /ขวด",,,,5,g,ขวด,
AS193999,"Marjoram Oil (Sweet) /liquid","Marjoram Oil (Sweet) /liquid, 10 g /ขวด",,,,10,g,ขวด,
AS194000,"Marjoram sweet (Origanum majorana-France) /liquid","Marjoram sweet (Origanum majorana-France) /liquid, 5 g /ขวด",,,,5,g,ขวด,
AS194001,"May Chang (Litsea cubeba-China) /liquid","May Chang (Litsea cubeba-China) /liquid, 5 g /ขวด",,,,5,g,ขวด,
AS194002,"Melissa Oil (Leaf) /liquid","Melissa Oil (Leaf) /liquid, 10 g /ขวด",,,,10,g,ขวด,
AS194003,"Melissa True(Melissa officinalis-England) /liquid","Melissa True(Melissa officinalis-England) /liquid, 1 g /ขวด",,,,1,g,ขวด,
AS194004,"Myrrh Absolute /liquid","Myrrh Absolute /liquid, 10 g /ขวด",,,,10,g,ขวด,
AS194005,"Myrrh (Commiphora myrrha-Kenya) /liquid","Myrrh (Commiphora myrrha-Kenya) /liquid, 1 g /ขวด",,,,1,g,ขวด,
AS194006,"Myrtle (Myrtus communis-Morocco) /liquid","Myrtle (Myrtus communis-Morocco) /liquid, 5 g /ขวด",,,,5,g,ขวด,
AS193974,"Juniper Berry Oil /liquid","Juniper Berry Oil /liquid, 10 g /ขวด",,,,10,g,ขวด,
AS193975,"Kaffir Lime Leaf (Citrus hystrix DC.-Indonesia) /liquid","Kaffir Lime Leaf (Citrus hystrix DC.-Indonesia) /liquid, 5 g /ขวด",,,,5,g,ขวด,
AS193976,"Kaffir Lime Peel (Citrus hystrix DC.-Thailand) /liquid","Kaffir Lime Peel (Citrus hystrix DC.-Thailand) /liquid, 5 g /ขวด",,,,5,g,ขวด,
AS193977,"Labdanum Absolute /liquid","Labdanum Absolute /liquid, 10 g /ขวด",,,,10,g,ขวด,
AS193978,"Last Fix? /liquid","Last Fix? /liquid, 100 g /ขวด",,,,100,g,ขวด,
AS193979,"Lavander Provence (Lavandula angustifolai-France) /liquid","Lavander Provence (Lavandula angustifolai-France) /liquid, 2 g /ขวด",,,,2,g,ขวด,
AS193980,"Lavander Spike (Lavandula latifolia-France) /liquid","Lavander Spike (Lavandula latifolia-France) /liquid, 5 g /ขวด",,,,5,g,ขวด,
AS193981,"Lavandin Abrialis Oil /liquid","Lavandin Abrialis Oil /liquid, 10 g /ขวด",,,,10,g,ขวด,
AS193982,"Lavandin (Lavandula hybrida grosso-France) /liquid","Lavandin (Lavandula hybrida grosso-France) /liquid, 5 g /ขวด",,,,5,g,ขวด,
AS193983,"Lavender french H.A.(Lavandula angustifolia-France) /liquid","Lavender french H.A.(Lavandula angustifolia-France) /liquid, 5 g /ขวด",,,,5,g,ขวด,
AS193984,"Lavender French (Lavandula angustifolia-France) /liquid","Lavender French (Lavandula angustifolia-France) /liquid, 5 g /ขวด",,,,5,g,ขวด,
AS193985,"Lemon (Citrus limon-South Africa) /liquid","Lemon (Citrus limon-South Africa) /liquid, 10 g /ขวด",,,,10,g,ขวด,
AS193986,"Lemongrass(Cymbopogoh citratus-Tghailand) /liquid","Lemongrass(Cymbopogoh citratus-Tghailand) /liquid, 10 g /ขวด",,,,10,g,ขวด,
AS193987,"Lemongrass (Cymbopogon Flexuosus) Oil /liquid","Lemongrass (Cymbopogon Flexuosus) Oil /liquid, 10 g /ขวด",,,,10,g,ขวด,
AS193988,"Lemon Oil (Peel) /liquid","Lemon Oil (Peel) /liquid, 10 g /ขวด",,,,10,g,ขวด,
AS193989,"Lemon Verbena Oil /liquid","Lemon Verbena Oil /liquid, 10 g /ขวด",,,,10,g,ขวด,
AS193957,"Geranium Egypt (Pelargonium graveolens-Egypt) /liquid","Geranium Egypt (Pelargonium graveolens-Egypt) /liquid, 5 g /ขวด",,,,5,g,ขวด,
AS193958,"GERANIUM OIL EXTRA /liquid","GERANIUM OIL EXTRA /liquid, 100 g /ขวด",,,,100,g,ขวด,
AS193959,"Geranium Rose (Pelargonium roseum-France) /liquid","Geranium Rose (Pelargonium roseum-France) /liquid, 5 g /ขวด",,,,5,g,ขวด,
AS193960,"GINGER OIL EXTRA /liquid","GINGER OIL EXTRA /liquid, 100 g /ขวด",,,,100,g,ขวด,
AS193961,"Ginger Root Oil /liquid","Ginger Root Oil /liquid, 10 g /ขวด",,,,10,g,ขวด,
AS193962,"Ginger Dried(Zingiber offinale-Indonesia) /liquid","Ginger Dried(Zingiber offinale-Indonesia) /liquid, 5 g /ขวด",,,,5,g,ขวด,
AS193963,"Grapefruit (Citrus paradisi-Madagascar) /liquid","Grapefruit (Citrus paradisi-Madagascar) /liquid, 5 g /ขวด",,,,5,g,ขวด,
AS193964,"Grapefruit Oil /liquid","Grapefruit Oil /liquid, 10 g /ขวด",,,,10,g,ขวด,
AS193965,"Guaiacwood Oil /liquid","Guaiacwood Oil /liquid, 10 g /ขวด",,,,10,g,ขวด,
AS193966,"Guava Leaf (Psidium guajava-Thailand) /liquid","Guava Leaf (Psidium guajava-Thailand) /liquid, 5 g /ขวด",,,,5,g,ขวด,
AS193967,"Ho Oil (Leaf) /liquid","Ho Oil (Leaf) /liquid, 10 g /ขวด",,,,10,g,ขวด,
AS193968,"Hyssop (Hyssopus officinalis-England) /liquid","Hyssop (Hyssopus officinalis-England) /liquid, 2 g /ขวด",,,,2,g,ขวด,
AS193969,"Immortelle French (Helichrysum italicum-France) /liquid","Immortelle French (Helichrysum italicum-France) /liquid, 1 g /ขวด",,,,1,g,ขวด,
AS193970,"Immortelle (Helichrysum splendidum-Madagascar) /liquid","Immortelle (Helichrysum splendidum-Madagascar) /liquid, 10 g /ขวด",,,,10,g,ขวด,
AS193971,"Jasmine Egypt (Jasminum officinale-Egypt) /liquid","Jasmine Egypt (Jasminum officinale-Egypt) /liquid, 10 g /ขวด",,,,10,g,ขวด,
AS193972,"Jasmine (Jasminum sambac-China) /liquid","Jasmine (Jasminum sambac-China) /liquid, 1 g /ขวด",,,,1,g,ขวด,
AS193973,"Juniper Berry(Juniperus communis-Bulgaria) /liquid","Juniper Berry(Juniperus communis-Bulgaria) /liquid, 5 g /ขวด",,,,5,g,ขวด,
AS193942,"Elemi (Canarium Iuzonicum-Philippines) /liquid","Elemi (Canarium Iuzonicum-Philippines) /liquid, 5 g /ขวด",,,,5,g,ขวด,
AS193943,"Elemi Gum /liquid","Elemi Gum /liquid, 10 g /ขวด",,,,10,g,ขวด,
AS193944,"Elemi Oil /liquid","Elemi Oil /liquid, 10 g /ขวด",,,,10,g,ขวด,
AS193945,"Eucalyptus (Eucalyptus globulus-China) /liquid","Eucalyptus (Eucalyptus globulus-China) /liquid, 10 g /ขวด",,,,10,g,ขวด,
AS193946,"Eucalyptus Globulus Oil (China) /liquid","Eucalyptus Globulus Oil (China) /liquid, 10 g /ขวด",,,,10,g,ขวด,
AS193947,"Eucalyptus Lemon (Eucalyptus citriodora-Masagascar) /liquid","Eucalyptus Lemon (Eucalyptus citriodora-Masagascar) /liquid, 10 g /ขวด",,,,10,g,ขวด,
AS193948,"EUCALYPTUS OIL (CHINA) /liquid","EUCALYPTUS OIL (CHINA) /liquid, 100 g /ขวด",,,,100,g,ขวด,
AS193949,"Fennel Seed Oil (Sweet, India) /liquid","Fennel Seed Oil (Sweet, India) /liquid, 10 g /ขวด",,,,10,g,ขวด,
AS193950,"Fennel Sweet (Foeniculum vulgare-France) /liquid","Fennel Sweet (Foeniculum vulgare-France) /liquid, 5 g /ขวด",,,,5,g,ขวด,
AS193951,"Fingerroot (Boesengergia pandurata-Thailand) /liquid","Fingerroot (Boesengergia pandurata-Thailand) /liquid, 2 g /ขวด",,,,2,g,ขวด,
AS193952,"Fir Needle Oil (Canada) /liquid","Fir Needle Oil (Canada) /liquid, 10 g /ขวด",,,,10,g,ขวด,
AS193953,"Flora Fix? /liquid","Flora Fix? /liquid, 100 g /ขวด",,,,100,g,ขวด,
AS193954,"Frankincense(Boswellia carterii-Kenya) /liquid","Frankincense(Boswellia carterii-Kenya) /liquid, 2 g /ขวด",,,,2,g,ขวด,
AS193955,"Galbanum Oil /liquid","Galbanum Oil /liquid, 10 g /ขวด",,,,10,g,ขวด,
AS193956,"Geranium Bourbon (Pelargonium graveolens-France) /liquid","Geranium Bourbon (Pelargonium graveolens-France) /liquid, 2 g /ขวด",,,,2,g,ขวด,
AS193926,"CINNMON LEAF OIL EXTRA /liquid","CINNMON LEAF OIL EXTRA /liquid, 10 g /ขวด",,,,10,g,ขวด,
AS193927,"Citronella (Cymbopogen nardus-Thailand) /liquid","Citronella (Cymbopogen nardus-Thailand) /liquid, 10 g /ขวด",,,,10,g,ขวด,
AS193928,"Citronella Oil (Java) /liquid","Citronella Oil (Java) /liquid, 10 g /ขวด",,,,10,g,ขวด,
AS193929,"Clary Sage Oil /liquid","Clary Sage Oil /liquid, 10 g /ขวด",,,,10,g,ขวด,
AS193930,"Clary Sage (Salarea-France) /liquid","Clary Sage (Salarea-France) /liquid, 5 g /ขวด",,,,5,g,ขวด,
AS193931,"Clove bud (Eugenia caryphyllus-Indonesia) /liquid","Clove bud (Eugenia caryphyllus-Indonesia) /liquid, 5 g /ขวด",,,,5,g,ขวด,
AS193932,"Clove Bud Oil /liquid (น้ำมันสกัดเย็น","Clove Bud Oil /liquid (น้ำมันสกัดเย็น) 1 L /ขวด",,,,1,L,ขวด,
AS193933,"Coconut oil (น้ำมันมะพร้าวสกัดเย็น) /liquid","Coconut oil (น้ำมันมะพร้าวสกัดเย็น) /liquid, 1 L /ขวด",,,,1,L,ขวด,
AS193934,"Coffee Extract /liquid","Coffee Extract /liquid, 10 g /ขวด",,,,10,g,ขวด,
AS193935,"Coriajder (Coriandrum sativum-Russia) /liquid","Coriajder (Coriandrum sativum-Russia) /liquid, 5 g /ขวด",,,,5,g,ขวด,
AS193936,"Coriander Seed Oil /liquid","Coriander Seed Oil /liquid, 10 g /ขวด",,,,10,g,ขวด,
AS193937,"Corn Mint Oil (Leaf) /liquid","Corn Mint Oil (Leaf) /liquid, 10 g /ขวด",,,,10,g,ขวด,
AS193938,"CUMIN, OIL (CUMINUM CYMINUM L.) /liquid","CUMIN, OIL (CUMINUM CYMINUM L.) /liquid, 10 g /ขวด",,,,10,g,ขวด,
AS193939,"cypress French (Cupressus sempervirens-France) /liquid","cypress French (Cupressus sempervirens-France) /liquid, 5 g /ขวด",,,,5,g,ขวด,
AS193940,"Cypress Oil (Leaf) /liquid","Cypress Oil (Leaf) /liquid, 10 g /ขวด",,,,10,g,ขวด,
AS193941,"Dill Seed Oil /liquid","Dill Seed Oil /liquid, 10 g /ขวด",,,,10,g,ขวด,
AS193911,"Caraway Seed Oil /liquid","Caraway Seed Oil /liquid, 10 g /ขวด",,,,10,g,ขวด,
AS193912,"Cardamom Seed Oil /liquid","Cardamom Seed Oil /liquid, 10 g /ขวด",,,,10,g,ขวด,
AS193913,"Carrot Seed (Daucus carota-France) /liquid","Carrot Seed (Daucus carota-France) /liquid, 5 g /ขวด",,,,5,g,ขวด,
AS193914,"Carrot Seed Oil /liquid","Carrot Seed Oil /liquid, 10 g /ขวด",,,,10,g,ขวด,
AS193915,"Cassia Oil /liquid","Cassia Oil /liquid, 10 g /ขวด",,,,10,g,ขวด,
AS193916,"Cedarwood Atlas (Cedurus atlantica-Morocco) /liquid","Cedarwood Atlas (Cedurus atlantica-Morocco) /liquid, 5 g /ขวด",,,,5,g,ขวด,
AS193917,"Cedarwood (Blood, China) /liquid","Cedarwood (Blood, China) /liquid, 10 g /ขวด",,,,10,g,ขวด,
AS193918,"Celery Seed Oil /liquid","Celery Seed Oil /liquid, 10 g /ขวด",,,,10,g,ขวด,
AS193919,"Chamomile German (Matricaria recutita-England) /liquid","Chamomile German (Matricaria recutita-England) /liquid, 1 g /ขวด",,,,1,g,ขวด,
AS193920,"Chamomile Oil (Roman) /liquid","Chamomile Oil (Roman) /liquid, 10 g /ขวด",,,,10,g,ขวด,
AS193921,"Chamomile Roman (Chamaemelum nobile-England) /liquid","Chamomile Roman (Chamaemelum nobile-England) /liquid, 1 g /ขวด",,,,1,g,ขวด,
AS193922,"Champaca Leaf Absolute /liquid","Champaca Leaf Absolute /liquid, 10 g /ขวด",,,,10,g,ขวด,
AS193923,"Champacp White (Michelia alba D.C.-China) /liquid","Champacp White (Michelia alba D.C.-China) /liquid, 1 g /ขวด",,,,1,g,ขวด,
AS193924,"Cinnamon Bark (Cinnamomum burmani-Indonesia) /liquid","Cinnamon Bark (Cinnamomum burmani-Indonesia) /liquid, 5 g /ขวด",,,,5,g,ขวด,
AS193925,"Cinnamon Bark Oil /liquid","Cinnamon Bark Oil /liquid, 10 g /ขวด",,,,10,g,ขวด,
AS193895,"Basil Sweet (Ocimum basilicum ct.linalool-Egypt) /liquid","Basil Sweet (Ocimum basilicum ct.linalool-Egypt) /liquid, 10 g /ขวด",,,,10,g,ขวด,
AS193896,"Bay Oil, Bay West Indies Oil (Leaf) /liquid","Bay Oil, Bay West Indies Oil (Leaf) /liquid, 10 g /ขวด",,,,10,g,ขวด,
AS193897,"Bay west Indian (Pimenta racemosa-India) /liquid","Bay west Indian (Pimenta racemosa-India) /liquid, 10 g /ขวด",,,,10,g,ขวด,
AS193898,"Bergamot (Citrus bergamia-Italy) /liquid","Bergamot (Citrus bergamia-Italy) /liquid, 10 g /ขวด",,,,10,g,ขวด,
AS193899,"Bergamot Essential Oil (italy, Fruit) /liquid","Bergamot Essential Oil (italy, Fruit) /liquid, 10 g /ขวด",,,,10,g,ขวด,
AS193900,"Bergamot FCF (Citrus bergamia-Italy) /liquid","Bergamot FCF (Citrus bergamia-Italy) /liquid, 5 g /ขวด",,,,5,g,ขวด,
AS193901,"Birch Sweet Oil /liquid","Birch Sweet Oil /liquid, 10 g /ขวด",,,,10,g,ขวด,
AS193902,"Black Pepper Oil /liquid","Black Pepper Oil /liquid, 10 g /ขวด",,,,10,g,ขวด,
AS193903,"Blackpepper (Piper nigrum-Indonesia) /liquid","Blackpepper (Piper nigrum-Indonesia) /liquid, 10 g /ขวด",,,,10,g,ขวด,
AS193904,"Bois De Rose (Rosewood) Oil Brazil /liquid","Bois De Rose (Rosewood) Oil Brazil /liquid, 10 g /ขวด",,,,10,g,ขวด,
AS193905,"Cade Oil /liquid","Cade Oil /liquid, 10 g /ขวด",,,,10,g,ขวด,
AS193906,"Cajeput / Cajuput / Cajaput Oil /liquid","Cajeput / Cajuput / Cajaput Oil /liquid, 10 g /ขวด",,,,10,g,ขวด,
AS193907,"Cajeput (Melaleuca Leucadendron var.cajuputi-Indonesia) /liquid","Cajeput (Melaleuca Leucadendron var.cajuputi-Indonesia) /liquid, 10 g /ขวด",,,,10,g,ขวด,
AS193908,"calendula 10% (Calendula officinalis-South Africa) /liquid","calendula 10% (Calendula officinalis-South Africa) /liquid, 10 g /ขวด",,,,10,g,ขวด,
AS193909,"Camphor Oil (Brown) /liquid","Camphor Oil (Brown) /liquid, 10 g /ขวด",,,,10,g,ขวด,
AS193910,"Cananga (Cananga odorata macrophylla-Indonesia) /liquid","Cananga (Cananga odorata macrophylla-Indonesia) /liquid, 5 g /ขวด",,,,5,g,ขวด,
AS193884,"Zinc Pyrithione /cosmetic, /liquid","Zinc Pyrithione [C10H8N2O2S2Zn]cas no.13463-41-7 /cosmetic, /liquid, 100 g /ขวด",13463-41-7,C10H8N2O2S2Zn,,100,g,ขวด,
AS193885,"ZINC STEARATE J /cosmetic, /solid","ZINC STEARATE J /cosmetic, /solid, 1 kg /ถุง",,,,1,kg,ถุง,
AS193886,"ZOHAR EDGS 771,Euperlan PK 771 (Glycol Distearate) /cosmetic, /semi-solid","ZOHAR EDGS 771,Euperlan PK 771 (Glycol Distearate) /cosmetic, /semi-solid, 1 kg /ขวด",,,,1,kg,ขวด,
AS193887,"ZOHAR GLST SE (GMS SE),(Glyceryl Stearate SE) /cosmetic, /solid","ZOHAR GLST SE (GMS SE),(Glyceryl Stearate SE) /cosmetic, /solid, 1 kg /ถุง",,,,1,kg,ถุง,
AS193888,"Zoharlab 60 (Sosium Linear Alkyl Benzene Sulphonate) /cosmetic, /liquid","Zoharlab 60 (Sosium Linear Alkyl Benzene Sulphonate) /cosmetic, /liquid, 1 kg /ขวด",,,,1,kg,ขวด,
AS193889,"Amyris Wood Oil /liquid","Amyris Wood Oil /liquid, 10 g /ขวด",,,,10,g,ขวด,
AS193890,"Angelica Root Oil /liquid","Angelica Root Oil /liquid, 10 g /ขวด",,,,10,g,ขวด,
AS193891,"Anise Seed Oil /liquid","Anise Seed Oil /liquid, 10 g /ขวด",,,,10,g,ขวด,
AS193892,"Anise Star (Illicium verum-China) /liquid","Anise Star (Illicium verum-China) /liquid, 10 g /ขวด",,,,10,g,ขวด,
AS193893,"Armoise Oil /liquid","Armoise Oil /liquid, 10 g /ขวด",,,,10,g,ขวด,
AS193894,"Basil Holy (Ocimum sanctum-Thailand) /liquid","Basil Holy (Ocimum sanctum-Thailand) /liquid, 10 g /ขวด",,,,10,g,ขวด,
AS193880,"Xylitol /food, /liquid","Xylitol /food, /liquid, 1 kg /ขวด",,,,1,kg,ขวด,
AS193881,"Zeodent 113 (Precipitated amorphous silica) /cosmetic, /powder","Zeodent 113 (Precipitated amorphous silica) /cosmetic, /powder, 500 g /ถุง",,,,500,g,ถุง,
AS193882,"Zeodent 165 (Precipitated amorphous silica) /cosmetic, /powder","Zeodent 165 (Precipitated amorphous silica) /cosmetic, /powder, 500 g /ถุง",,,,500,g,ถุง,
AS193864,"UREA /cosmetic, /solid","UREA /cosmetic, /solid, 0.5 kg /ขวด",,,,0.5,kg,ขวด,
AS193865,"UVINUL MS-40 (Benzophenone 4) /cosmetic, /solid","UVINUL MS-40 (Benzophenone 4) /cosmetic, /solid, 100 g /ถุง",,,,100,g,ถุง,
AS193866,"UV SPERSE T40/TN (40% TITANIUM DIOXIDE IN C15-15 ALKYL BENZOATE) /cosmetic, /liquid","UV SPERSE T40/TN (40% TITANIUM DIOXIDE IN C15-15 ALKYL BENZOATE) /cosmetic, /liquid, 1 kg /ขวด",,,,1,kg,ขวด,
AS193867,"Vasaline (Petrolatum) /cosmetic, /solid","Vasaline (Petrolatum) /cosmetic, /solid, 1 kg /ขวด",,,,1,kg,ขวด,
AS193868,"VISCOLAM AT 100 P (Sodium polyacryloyldimethyl taurate and hydrogenated polydecene and trideceth-10) /cosmetic, /liquid","VISCOLAM AT 100 P (Sodium polyacryloyldimethyl taurate and hydrogenated polydecene and trideceth-10) /cosmetic, /liquid, 3 kg /แกลลอน",,,,3,kg,แกลลอน,
AS193869,"Viscolam CK-1 (Acrylates Copolymer) /cosmetic, /liquid","Viscolam CK-1 (Acrylates Copolymer) /cosmetic, /liquid, 1 kg /แกลลอน",,,,1,kg,แกลลอน,
AS193870,"Vitamin B3 /cosmetic, /solid","Vitamin B3 /cosmetic, /solid, 1 kg /ถุง",,,,1,kg,ถุง,
AS193871,"Vitamin C /cosmetic, /solid","Vitamin C /cosmetic, /solid, 1 kg /ถุง",,,,1,kg,ถุง,
AS193872,"WAX-S(CETO STEARYL ALCOHOL) /cosmetic, /solid","WAX-S(CETO STEARYL ALCOHOL) /cosmetic, /solid, 1 kg /ถุง",,,,1,kg,ถุง,
AS193873,"White bee wax 100% (Cera Alba) /cosmetic, /solid","White bee wax 100% USP (Cera Alba) /cosmetic, /solid, 1 kg /ถุง",,,USP,1,kg,ถุง,
AS193874,"WHITE PETROLEUM JELLY PIONIER 3476 /cosmetic, /solid","WHITE PETROLEUM JELLY PIONIER 3476 /cosmetic, /solid, 1 kg /ขวด",,,,1,kg,ขวด,
AS193875,"WITCH HAZEL DISTILLATE /cosmetic, /liquid","WITCH HAZEL DISTILLATE /cosmetic, /liquid, 1 kg /ขวด",,,,1,kg,ขวด,
AS193876,"XANTHAN GUM /cosmetic, /solid","XANTHAN GUM /cosmetic, /solid, 1 kg /ถุง",,,,1,kg,ถุง,
AS193877,"XIAMETER MEM-0949 Emulsion (Amodimethicone and cetrimonium chloride and trideceth-12) /cosmetic, /semi-solid","XIAMETER MEM-0949 Emulsion (Amodimethicone and cetrimonium chloride and trideceth-12) /cosmetic, /semi-solid, 250 g /ขวด",,,,250,g,ขวด,
AS193878,"Xiameter MEM-1784 Emulsion (Dimethiconol (and) TEA-Dodecylbenzeneslfonate) /cosmetic, /liquid","Xiameter MEM-1784 Emulsion (Dimethiconol (and) TEA-Dodecylbenzeneslfonate) /cosmetic, /liquid, 1 kg /ขวด",,,,1,kg,ขวด,
AS193879,"Xiameter MEM-1785 Emulsion (Dimethiconol (and) TEA-Dodecylbenzenesulfonate) /cosmetic, /liquid","Xiameter MEM-1785 Emulsion (Dimethiconol (and) TEA-Dodecylbenzenesulfonate) /cosmetic, /liquid, 1 kg /ขวด",,,,1,kg,ขวด,
AS193854,"TRIFAT S-308 (Triethylhexanoin) /cosmetic, /liquid","TRIFAT S-308 (Triethylhexanoin) /cosmetic, /liquid, 1 kg /แกลลอน",,,,1,kg,แกลลอน,
AS193855,"TRISODIUM CITRATE , /solid","TRISODIUM CITRATE [Na3C6H5O7]cas no.1545801 /AR, /solid, 500 g /ขวด",1545-80-1,Na3C6H5O7,AR,500,g,ขวด,
AS193856,"Tri-Sodium orthophosphate , /solid","Tri-Sodium orthophosphate cas no.7601-54-9 /AR, /solid, 500 g /ขวด",7601-54-9,,AR,500,g,ขวด,
AS193857,"Tween 20 (Polysorbate 20) /cosmetic, /semi-solid","Tween 20 (Polysorbate 20) /cosmetic, /semi-solid, 1 kg /แกลลอน",,,,1,kg,แกลลอน,
AS193858,"Tween 40 (Polysorbate 40) /cosmetic, /semi-solid","Tween 40 (Polysorbate 40) /cosmetic, /semi-solid, 1 kg /แกลลอน",,,,1,kg,แกลลอน,
AS193859,"Tween 60 (Polysorbate 60) /cosmetic, /semi-solid","Tween 60 (Polysorbate 60) /cosmetic, /semi-solid, 1 kg /แกลลอน",,,,1,kg,แกลลอน,
AS193860,"Tween 60 (Nonion ST 60),(Polysorbate 60) /cosmetic, /semi-solid","Tween 60 (Nonion ST 60),(Polysorbate 60) /cosmetic, /semi-solid, 1 kg /แกลลอน",,,,1,kg,แกลลอน,
AS193861,"Tween 80 (Polysorbate 80) /cosmetic, /semi-solid","Tween 80 (Polysorbate 80) /cosmetic, /semi-solid, 1 kg /แกลลอน",,,,1,kg,แกลลอน,
AS193862,"Unigerm G-2 (Propylene Glycol (and) Diazolidinyl Urea (and) Methylparaben (and) Propylparaben) /cosmetic, /liquid","Unigerm G-2 (Propylene Glycol (and) Diazolidinyl Urea (and) Methylparaben (and) Propylparaben) /cosmetic, /liquid, 1 kg /แกลลอน",,,,1,kg,แกลลอน,
AS193863,"UNILEX PEA GREEN /food, /solid","UNILEX PEA GREEN /food, /solid, 100 g /ถุง",,,,100,g,ถุง,
AS193847,"Titanium dioxide , /powder","Titanium dioxide [TiO2]cas no.13463-67-7 /AR, /powder, 500 g /ขวด",13463-67-7,TiO2,AR,500,g,ขวด,
AS193848,"Tospearl 3000A (POLYMETHYLSILSESQUIOXANE) /cosmetic, /solid","Tospearl 3000A (POLYMETHYLSILSESQUIOXANE) /cosmetic, /solid, 1 kg /ถุง",,,,1,kg,ถุง,
AS193849,"TRACACANTH GUM POWDER /commercial, /solid","TRACACANTH GUM POWDER /commercial, /solid, 500 g /ถุง",,,,500,g,ถุง,
AS193850,"Tranexamic acid /cosmetic, /solid","Tranexamic acid [C8H15NO2]cas no.1977-18-8 /cosmetic, /solid, 1 kg /ถุง",1977-18-8,C8H15NO2,,1,kg,ถุง,
AS193851,"Trehalose /cosmetic, /powder","Trehalose /cosmetic, /powder, 100 g /ถุง",,,,100,g,ถุง,
AS193833,"TEA TREE OIL-PG /cosmetic, /liquid","TEA TREE OIL-PG /cosmetic, /liquid, 100 g /ขวด",,,,100,g,ขวด,
AS193834,"Tegocare 450 (Polyglyceryl-3 Methylglucose Distearate) /cosmetic, /liquid","Tegocare 450 (Polyglyceryl-3 Methylglucose Distearate) /cosmetic, /liquid, 1 kg /ขวด",,,,1,kg,ขวด,
AS193835,"Tegosoft GMC 6 (PEG-6 Caprylic/Capric Glycerides) /cosmetic, /liquid","Tegosoft GMC 6 (PEG-6 Caprylic/Capric Glycerides) /cosmetic, /liquid, 1 kg /ขวด",,,,1,kg,ขวด,
AS193836,"TEXAPON N-70 (Sodium laureth sulfate) /cosmetic, /semi-solid","TEXAPON N-70 (Sodium laureth sulfate) /cosmetic, /semi-solid, 1 kg /แกลลอน",,,,1,kg,แกลลอน,
AS193837,"Texapon N-8000 /cosmetic, /semi-solid","Texapon N-8000 /cosmetic, /semi-solid, 1 kg /แกลลอน",,,,1,kg,แกลลอน,
AS193838,"TGI-20 (PEG-20 glyceryl triisostearate) /cosmetic, /liquid","TGI-20 (PEG-20 glyceryl triisostearate) /cosmetic, /liquid, 1 kg /แกลลอน",,,,1,kg,แกลลอน,
AS193839,"Thioglycolic acid , /liquid","Thioglycolic acid [C2H4O2H]cas no.68-11-1 /AR, /liquid, 1 kg /ขวด",68-11-1,C2H4O2H,AR,1,kg,ขวด,
AS193840,"Thioglycolic acid 80% /cosmetic, /liquid","Thioglycolic acid 80% [C2H4O2H]cas no.68-11-2 /cosmetic, /liquid, 500 g /ขวด",68-11-2,C2H4O2H,,500,g,ขวด,
AS193841,"Thymol , /solid","Thymol [C10H14O]cas no.89-83-8 /LR, /solid, 100 g /ขวด",89-83-8,C10H14O,LR,100,g,ขวด,
AS193842,"Tinosorb S cas no.C38H49N3O5 /cosmetic, /solid","Tinosorb S cas no.C38H49N3O5 /cosmetic, /solid, 500 g /ขวด",,,,500,g,ขวด,
AS193843,"Tinosorb S Aqua cas no.C38H49N3O5 /cosmetic, /liquid","Tinosorb S Aqua cas no.C38H49N3O5 /cosmetic, /liquid, 500 g /ขวด",,,,500,g,ขวด,
AS193844,"Tinsorb s cas no.C38H49N3O5 /cosmetic, /solid","Tinsorb s cas no.C38H49N3O5 /cosmetic, /solid, 500 g /ขวด",,,,500,g,ขวด,
AS193845,"TiO2 CR50SC23 (Titanium Dioxide (and) Aluminium hydroxide (and) n-Octyltriethoxysilane) /cosmetic, /powder","TiO2 CR50SC23 (Titanium Dioxide (and) Aluminium hydroxide (and) n-Octyltriethoxysilane) /cosmetic, /powder, 1 kg /ถุง",,,,1,kg,ถุง,
AS193846,"Tipaque A-100 (Titanium Dioxide) /cosmetic, /powder","Tipaque A-100 (Titanium Dioxide) /cosmetic, /powder, 1 kg /ขวด",,,,1,kg,ขวด,
AS193829,"Talc DS /cosmetic, /powder","Talc DS /cosmetic, /powder, 1 kg /ถุง",,,,1,kg,ถุง,
AS193830,"TALC LS-61 D /cosmetic, /powder","TALC LS-61 D /cosmetic, /powder, 1 kg /ถุง",,,,1,kg,ถุง,
AS193831,"Talcum (Aluminum Starch Octenylsuccinate) /cosmetic, /powder","Talcum (Aluminum Starch Octenylsuccinate) /cosmetic, /powder, 1 kg /ถุง",,,,1,kg,ถุง,
AS193810,"Span 60 (Nonion SPA 60),(Sorbitan Stearate) /cosmetic, /solid","Span 60 (Nonion SPA 60),(Sorbitan Stearate) /cosmetic, /solid, 1 kg /ถุง",,,,1,kg,ถุง,
AS193811,"Span 80 (Nonion OP 80R),(Sorbitan Oleate) /cosmetic, /liquid","Span 80 (Nonion OP 80R),(Sorbitan Oleate) /cosmetic, /liquid, 1 kg /ขวด",,,,1,kg,ขวด,
AS193812,"SPECTRASTATE BHL (Caprylhydroxamic Acid (and) 1,2-Hexanediol (and) Butylene Glycol) /cosmetic, /liquid","SPECTRASTATE BHL (Caprylhydroxamic Acid (and) 1,2-Hexanediol (and) Butylene Glycol) /cosmetic, /liquid, 1 kg /แกลลอน",,,,1,kg,แกลลอน,
AS193813,"SPERMACETI, /cosmetic, /solid","SPERMACETI,BP /cosmetic, /solid, 1 kg /ถุง",,,BP,1,kg,ถุง,
AS193814,"Splash Fiber 2 7T-4MM (Nylon-6 (and) lron Oxides (Cl 77499) (and) Silica) /cosmetic, /solid","Splash Fiber 2 7T-4MM (Nylon-6 (and) lron Oxides (Cl 77499) (and) Silica) /cosmetic, /solid, 1 kg /ถุง",,,,1,kg,ถุง,
AS193815,"SQUALANE NATURAL /cosmetic, /liquid","SQUALANE NATURAL /cosmetic, /liquid, 1 kg /ขวด",,,,1,kg,ขวด,
AS193816,"STARCH RICE /powder","STARCH RICE cas no.9005-25-8 /powder, 1 kg /ขวด",9005-25-8,,,1,kg,ขวด,
AS193817,"Stearic acid /cosmetic, /solid","Stearic acid [C18H36O2]cas no.57-11-4 /cosmetic, /solid, 1 kg /ถุง",57-11-4,C18H36O2,,1,kg,ถุง,
AS193818,"Stearic acid NAA-175 /cosmetic, /solid","Stearic acid NAA-175 [C18H36O3]cas no.57-11-5 /cosmetic, /solid, 1 kg /ถุง",57-11-5,C18H36O3,,1,kg,ถุง,
AS193819,"Stylene Acrylate copolymer (OPM 504) /cosmetic, /liquid","Stylene Acrylate copolymer (OPM 504) /cosmetic, /liquid, 250 g /ขวด",,,,250,g,ขวด,
AS193820,"SUCRALOSE /cosmetic, /liquid","SUCRALOSE [C12H19CI3O8]cas no.56038-13-2 /cosmetic, /liquid, 1 kg /ขวด",56038-13-2,C12H19CI3O8,,1,kg,ขวด,
AS193821,"Sufuric acid , /liquid","Sufuric acid [H2SO4]cas no.7664-93-9 /AR, /liquid, 2.5 L /ขวด",7664-93-9,H2SO4,AR,2.5,L,ขวด,
AS193822,"Sulfer /solid","Sulfer [S]cas no.7704-34-9 /solid, 1 kg /ขวด",7704-34-9,S,,1,kg,ขวด,
AS193823,"SulFoam (Disodium laureth Sulfosuccinate) /cosmetic, /liquid","SulFoam (Disodium laureth Sulfosuccinate) /cosmetic, /liquid, 100 g /ขวด",,,,100,g,ขวด,
AS193824,"Sulfuric acid 98% , /liquid","Sulfuric acid 98% [H2SO4]cas no.7664-93-9 /AR, /liquid, 2.5 L /ขวด",7664-93-9,H2SO4,AR,2.5,L,ขวด,
AS193825,"Sunsphere H-53 /cosmetic, /solid","Sunsphere H-53 /cosmetic, /solid, 1 kg /ถุง",,,,1,kg,ถุง,
AS193826,"SUPER CITRIMAX HCA600-SXM /cosmetic, /liquid","SUPER CITRIMAX HCA600-SXM /cosmetic, /liquid, 1 kg /ถุง",,,,1,kg,ถุง,
AS193827,"SupGuard GM- (Diazolidinyl Urea (and) Iodopropynyl Butylcarbamate (and) Propylene Glycol) /cosmetic, /liquid","SupGuard GM-BP (Diazolidinyl Urea (and) Iodopropynyl Butylcarbamate (and) Propylene Glycol) /cosmetic, /liquid, 1 kg /แกลลอน",,,BP,1,kg,แกลลอน,
AS193828,"Sweet almond oil /cosmetic, /liquid","Sweet almond oil /cosmetic, /liquid, 1 kg /ขวด",,,,1,kg,ขวด,
AS193793,"Sodium cocoyl isethionate /solid","Sodium cocoyl isethionate [C6H11NaO5S]cas no.61789-32-0 /solid, 500 g /ขวด",61789-32-0,C6H11NaO5S,,500,g,ขวด,
AS193794,"Sodium hyaluronate (High M.W.) /cosmetic, /solid","Sodium hyaluronate (High M.W.) /cosmetic, /solid, 100 g /ขวด",,,,100,g,ขวด,
AS193795,"SODIUM HYDROSULPHITE /commercial, /solid","SODIUM HYDROSULPHITE /commercial, /solid, 1 kg /ขวด",,,,1,kg,ขวด,
AS193796,"SODIUM HYDROXIDE (NaOH) /cosmetic, /solid","SODIUM HYDROXIDE BP (NaOH) [NaOH]cas no.1310-73-2 /cosmetic, /solid, 1 kg /ขวด",1310-73-2,NaOH,BP,1,kg,ขวด,
AS193797,"SODIUM L-ASCORBATE /solid","SODIUM L-ASCORBATE [C6H7O6Na]cas no.0134-03-02 /solid, 1 kg /ขวด",0134-03-02,C6H7O6Na,,1,kg,ขวด,
AS193798,"Sodium lauroamphoacetate (Mild-wash) /cosmetic, /liquid","Sodium lauroamphoacetate (Mild-wash) [C18H34N2NaO3]cas no.156028-14-7 /cosmetic, /liquid, 100 g /ขวด",156028-14-7,C18H34N2NaO3,,100,g,ขวด,
AS193799,"Sodium lauryl sulfate (powder) [CH3(CH2)11(OCH2CH2)nOSO3Na] /cosmetic, /powder","Sodium lauryl sulfate (powder) [CH3(CH2)11(OCH2CH2)nOSO3Na]cas no.9004-82-4 /cosmetic, /powder, 1 kg /ขวด",9004-82-4,,,1,kg,ขวด,
AS193800,"Sodium metabisulfite /, /solid","Sodium metabisulfite [Na2S2O5]cas no.7681-57-4 /, /solid, 1 kg /ขวด",7681-57-4,Na2S2O5,,1,kg,ขวด,
AS193801,"Sodium metabisulphite /solid","Sodium metabisulphite [Na2S2O6]cas no.7681-57-5 /solid, 1 kg /ขวด",7681-57-5,Na2S2O6,,1,kg,ขวด,
AS193802,"Sodium nitrate , /solid","Sodium nitrate [NaNO3]cas no.7631-99-4 /AR, /solid, 500 g /ขวด",7631-99-4,NaNO3,AR,500,g,ขวด,
AS193803,"Sodium PCA 50% (Aqueous solution) /liquid","Sodium PCA 50% (Aqueous solution) cas no.28874-51-2 /liquid, 1 kg /ขวด",28874-51-2,,,1,kg,ขวด,
AS193804,"Sodium PCA (Nalidone) /liquid","Sodium PCA (Nalidone) cas no.28874-51-2 /liquid, 1 kg /ขวด",28874-51-2,,,1,kg,ขวด,
AS193805,"Sodium saccharin [C7H4NO3SNa?2H2O] /, /solid","Sodium saccharin [C7H4NO3SNa?2H2O]cas no.6155-57-4 /, /solid, 1 kg /ถุง",6155-57-4,,,1,kg,ถุง,
AS193806,"Sodium sesquicarbonate [Na3H(CO3)2] /solid","Sodium sesquicarbonate [Na3H(CO3)2]cas no.533-69-0 /solid, 1 kg /ขวด",533-69-0,,,1,kg,ขวด,
AS193807,"Sodium Sulfate anhydrous /solid","Sodium Sulfate anhydrous [Na2SO4] /solid, 1 kg /ขวด",,Na2SO4,,1,kg,ขวด,
AS193808,"SOFTOUCH CC6069 (BORON NITRIDE POEDER) /cosmetic, /powder","SOFTOUCH CC6069 (BORON NITRIDE POEDER) /cosmetic, /powder, 1 kg /ถุง",,,,1,kg,ถุง,
AS193809,"Sorbitol 70% solution /food, /liquid","Sorbitol 70% solution /food, /liquid, 500 g /ขวด",,,,500,g,ขวด,
AS193774,"Shea butter (Butyrospermum parkii) /cosmetic, /solid","Shea butter (Butyrospermum parkii) /cosmetic, /solid, 1 kg /ขวด",,,,1,kg,ขวด,
AS193775,"SI01-2 Mica No.5500 /cosmetic, /solid","SI01-2 Mica No.5500 /cosmetic, /solid, 1 kg /ถุง",,,,1,kg,ถุง,
AS193776,"SI01-2 Sericite FSE /cosmetic, /solid","SI01-2 Sericite FSE /cosmetic, /solid, 1 kg /ถุง",,,,1,kg,ถุง,
AS193777,"SI-2 TiO2 MT-500SA /cosmetic, /solid","SI-2 TiO2 MT-500SA /cosmetic, /solid, 1 kg /ถุง",,,,1,kg,ถุง,
AS193778,"SI-5 Sildex H-52 /cosmetic, /solid","SI-5 Sildex H-52 /cosmetic, /solid, 1 kg /ถุง",,,,1,kg,ถุง,
AS193779,"SILICONE 1501 (CYCLOPENTASILOXANE (AND) DIMETHICONOL) /cosmetic, /liquid","SILICONE 1501 (CYCLOPENTASILOXANE (AND) DIMETHICONOL) /cosmetic, /liquid, 1 kg /ขวด",,,,1,kg,ขวด,
AS193780,"SILICONE DC 344(STV-5) /cosmetic, /liquid","SILICONE DC 344(STV-5) /cosmetic, /liquid, 1 kg /แกลลอน",,,,1,kg,แกลลอน,
AS193781,"Silicone elastomer (DC 2-3040 BLEND) /cosmetic, /semi-solid","Silicone elastomer (DC 2-3040 BLEND) /cosmetic, /semi-solid, 1 kg /ขวด",,,,1,kg,ขวด,
AS193782,"Silicone fluid (1000 cs viscosity) /cosmetic, /liquid","Silicone fluid (1000 cs viscosity) /cosmetic, /liquid, 5 kg /แกลลอน",,,,5,kg,แกลลอน,
AS193783,"Silicone Hi-Cond (Aminopropyl dimethicone) /cosmetic, /liquid","Silicone Hi-Cond (Aminopropyl dimethicone) /cosmetic, /liquid, 100 g /ขวด",,,,100,g,ขวด,
AS193784,"SIMUGEL INS100 /cosmetic, /semi-solid","SIMUGEL INS100 /cosmetic, /semi-solid, 5 kg /ขวด",,,,5,kg,ขวด,
AS193785,"SM3330P (Serasol SC83-A) /cosmetic, /liquid","SM3330P (Serasol SC83-A) /cosmetic, /liquid, 1 kg /ขวด",,,,1,kg,ขวด,
AS193786,"Sodium alginate /cosmetic, /solid","Sodium alginate [C6H7NaO6]cas no.532-32-1 /cosmetic, /solid, 500 g /ขวด",532-32-1,C6H7NaO6,,500,g,ขวด,
AS193787,"Sodium benzoate NF/FCC Powder cas no. /cosmetic, /powder","Sodium benzoate NF/FCC Powder [C7H5NaO2]cas no. /cosmetic, /powder, 1 kg /ขวด",,C7H5NaO2,,1,kg,ขวด,
AS193788,"Sodium bicarbonate , /solid","Sodium bicarbonate [NaCHO3]cas no.114-55-8 /AR, /solid, 500 g /ขวด",114-55-8,NaCHO3,AR,500,g,ขวด,
AS193789,"Sodium borohydride , /solid","Sodium borohydride [NaBH4]cas no.16940-66-2 /AR, /solid, 100 g /ขวด",16940-66-2,NaBH4,AR,100,g,ขวด,
AS193790,"Sodium carboxymethyl cellulose(cmc) /food, /solid","Sodium carboxymethyl cellulose(cmc) [C28H30Na8O27]cas no.9004-32-4 /food, /solid, 500 g /ขวด",9004-32-4,C28H30Na8O27,,500,g,ขวด,
AS193791,"Sodium carboxymethyl cellulose(cmc) /food, /solid","Sodium carboxymethyl cellulose(cmc) [C28H30Na8O28]cas no.9004-32-5 /food, /solid, 1 kg /ขวด",9004-32-5,C28H30Na8O28,,1,kg,ขวด,
AS193792,"Sodium chloride /food, /solid","Sodium chloride [NaCL]cas no.7647-14-5 /food, /solid, 1 kg /ขวด",7647-14-5,NaCL,,1,kg,ขวด,
AS193754,"RHEOLEX XP /cosmetic, /liquid","RHEOLEX XP /cosmetic, /liquid, 1 kg /ขวด",,,,1,kg,ขวด,
AS193755,"Rheopearl MKL2 (Dextrin Palmitate) /cosmetic, /solid","Rheopearl MKL2 (Dextrin Palmitate) /cosmetic, /solid, 1 kg /ถุง",,,,1,kg,ถุง,
AS193756,"Rhesperse RM100 (Sodium Polyacrylate) /cosmetic, /solid","Rhesperse RM100 (Sodium Polyacrylate) /cosmetic, /solid, 100 g /ถุง",,,,100,g,ถุง,
AS193757,"Rhesperse RM100 (Sodium Polyacrylate) /cosmetic, /solid","Rhesperse RM100 (Sodium Polyacrylate) /cosmetic, /solid, 500 g /ถุง",,,,500,g,ถุง,
AS193758,"Rice vitamin /cosmetic, /solid","Rice vitamin /cosmetic, /solid, 1 kg /ถุง",,,,1,kg,ถุง,
AS193759,"Ropearl-4000 /cosmetic, /solid","Ropearl-4000 /cosmetic, /solid, 1 kg /ถุง",,,,1,kg,ถุง,
AS193760,"Rose extract /cosmetic, /liquid","Rose extract /cosmetic, /liquid, 100 g /ขวด",,,,100,g,ขวด,
AS193761,"ROSEMARY OIL EXTRA /cosmetic, /liquid","ROSEMARY OIL EXTRA /cosmetic, /liquid, 100 g /ขวด",,,,100,g,ขวด,
AS193762,"ROSE MILK /cosmetic, /liquid","ROSE MILK /cosmetic, /liquid, 100 g /ขวด",,,,100,g,ขวด,
AS193763,"Salicylic acid /cosmetic, /solid","Salicylic acid [C7H6O3]cas no.69-72-7 /cosmetic, /solid, 100 g /ขวด",69-72-7,C7H6O3,,100,g,ขวด,
AS193764,"Salisol 4 (Benzophenone-4) /cosmetic, /solid","Salisol 4 (Benzophenone-4) /cosmetic, /solid, 1 kg /ถุง",,,,1,kg,ถุง,
AS193765,"SEPIGEL 305 (POLYACRYLAMIDE (AND) C13-14 ISOPARAFF (AND) LAURETH-7) /cosmetic, /semi-solid","SEPIGEL 305 (POLYACRYLAMIDE (AND) C13-14 ISOPARAFF (AND) LAURETH-7) /cosmetic, /semi-solid, 5 kg /ขวด",,,,5,kg,ขวด,
AS193766,"Sepiplus 265 (Polyacrylate-13 (and) Polyisobutene (and) Polysorbate 20) /cosmetic, /liquid","Sepiplus 265 (Polyacrylate-13 (and) Polyisobutene (and) Polysorbate 20) /cosmetic, /liquid, 1 kg /ขวด",,,,1,kg,ขวด,
AS193767,"Sera Sense SF PTM /cosmetic, /liquid","Sera Sense SF PTM /cosmetic, /liquid, 50 g /ขวด",,,,50,g,ขวด,
AS193768,"SeraSol EL92 /cosmetic, /solid","SeraSol EL92 /cosmetic, /solid, 50 g /ขวด",,,,50,g,ขวด,
AS193769,"Sesame oil /cosmetic, /liquid","Sesame oil /cosmetic, /liquid, 1 kg /ขวด",,,,1,kg,ขวด,
AS193770,"SFE839 (Cyclopentasiloxane (and) Dimethicone (and) Dimethicone/Vinyl Dimethicone Crosspolymer) /cosmetic, /semi-solid","SFE839 (Cyclopentasiloxane (and) Dimethicone (and) Dimethicone/Vinyl Dimethicone Crosspolymer) /cosmetic, /semi-solid, 1 kg /ขวด",,,,1,kg,ขวด,
AS193771,"SG-KH4000(HCO-40) /cosmetic, /semi-solid","SG-KH4000(HCO-40) /cosmetic, /semi-solid, 1 kg /แกลลอน",,,,1,kg,แกลลอน,
AS193772,"SG-KH 4000 (RH-40) /cosmetic, /semi-solid","SG-KH 4000 (RH-40) /cosmetic, /semi-solid, 1 kg /แกลลอน",,,,1,kg,แกลลอน,
AS193773,"SG-KH6000(HCO-60) /cosmetic, /semi-solid","SG-KH6000(HCO-60) /cosmetic, /semi-solid, 1 kg /แกลลอน",,,,1,kg,แกลลอน,
AS193736,"Potassium iodide , /solid","Potassium iodide [KI]cas no.7681-11-0 /AR, /solid, 500 g /ขวด",7681-11-0,KI,AR,500,g,ขวด,
AS193737,"PowderCream (PMMA ผงโพลิเมอร์ให้ครีมเนื้อแป้ง) /cosmetic, /solid","PowderCream (PMMA ผงโพลิเมอร์ให้ครีมเนื้อแป้ง) /cosmetic, /solid, 5 g /ขวด",,,,5,g,ขวด,
AS193738,"PRIME YELLOW CARNAUBA WAX FLAKE /cosmetic, /solid","PRIME YELLOW CARNAUBA WAX FLAKE /cosmetic, /solid, 1 kg /ถุง",,,,1,kg,ถุง,
AS193739,"Prodew 500 (Sodium PCA (and) Sodium Lactate (and) Arginine (and) Aspartic Acid (and) PCA (and) Glycine (and) Alanine (and) Serine (and) Valine (and) Proline (and) Threonine (and) Isoleucine (and) Hist","Prodew 500 (Sodium PCA (and) Sodium Lactate (and) Arginine (and) Aspartic Acid (and) PCA (and) Glycine (and) Alanine (and) Serine (and) Valine (and) Proline (and) Threonine (and) Isoleucine (and) Hist",,,,,,,YES
AS193740,"PROPYLENE GLYCOL /cosmetic, /liquid","PROPYLENE GLYCOL /cosmetic, /liquid, 1 kg /แกลลอน",,,,1,kg,แกลลอน,
AS193741,"Propyl paraben /commercial, /solid","Propyl paraben /commercial, /solid, 1 kg /ถุง",,,,1,kg,ถุง,
AS193742,"Purasal S/HQ60 (Sodium Lactate) /cosmetic, /liquid","Purasal S/HQ60 (Sodium Lactate) /cosmetic, /liquid, 500 ml /ขวด",,,,500,mL,ขวด,
AS193743,"Pureact Gluco L (Lauryl Glucoside) /cosmetic, /semi-solid","Pureact Gluco L (Lauryl Glucoside) /cosmetic, /semi-solid, 1 kg /ขวด",,,,1,kg,ขวด,
AS193744,"PUREACT I-78C (TAURANOL I-78C) /cosmetic, /solid","PUREACT I-78C (TAURANOL I-78C) /cosmetic, /solid, 1 kg /ถุง",,,,1,kg,ถุง,
AS193745,"PUREACT WS CONC (TAURANOL WS CONC) /cosmetic, /solid","PUREACT WS CONC (TAURANOL WS CONC) /cosmetic, /solid, 1 kg /ขวด",,,,1,kg,ขวด,
AS193746,"PURETOSE L /cosmetic, /liquid","PURETOSE L /cosmetic, /liquid, 1 kg /ขวด",,,,1,kg,ขวด,
AS193747,"PURE WHITE BEES WAX 100% /cosmetic, /solid","PURE WHITE BEES WAX 100% /cosmetic, /solid, 1 kg /ถุง",,,,1,kg,ถุง,
AS193748,"PVA /cosmetic, /solid","PVA /cosmetic, /solid, 1 kg /ถุง",,,,1,kg,ถุง,
AS193749,"PVA K90 /cosmetic, /solid","PVA K90 /cosmetic, /solid, 1 kg /ถุง",,,,1,kg,ถุง,
AS193750,"PVP /cosmetic, /solid","PVP /cosmetic, /solid, 1 kg /ถุง",,,,1,kg,ถุง,
AS193751,"PVP K90 /cosmetic, /solid","PVP K90 /cosmetic, /solid, 1 kg /ถุง",,,,1,kg,ถุง,
AS193752,"PYRIDOXINE HCI (VITAMIN B6) /cosmetic, /solid","PYRIDOXINE HCI (VITAMIN B6) /cosmetic, /solid, 1 kg /ถุง",,,,1,kg,ถุง,
AS193753,"REFINED GLYCERINE 99.5% MIN /cosmetic, /liquid","REFINED GLYCERINE 99.5% MIN USP /cosmetic, /liquid, 5 kg /แกลลอน",,,USP,5,kg,แกลลอน,
AS193734,"POTASSIUM HYDROXIDE /cosmetic, /solid","POTASSIUM HYDROXIDE BP [KOH]cas no.1310-58-3 /cosmetic, /solid, 1 kg /แกลลอน",1310-58-3,KOH,BP,1,kg,แกลลอน,
AS193735,"potassium iodate , /solid","potassium iodate [KIO3]cas no.2139718 /AR, /solid, 500 g /ขวด",2139-71-8,KIO3,AR,500,g,ขวด,
AS193720,"Piroctone olamine /cosmetic, /liquid","Piroctone olamine /cosmetic, /liquid, 1 kg /แกลลอน",,,,1,kg,แกลลอน,
AS193721,"Plantacare 1200 /cosmetic, /semi-solid","Plantacare 1200 /cosmetic, /semi-solid, 1 kg /แกลลอน",,,,1,kg,แกลลอน,
AS193722,"Plantacare 1200 UP (Lauryl Glucoside) /cosmetic, /semi-solid","Plantacare 1200 UP (Lauryl Glucoside) /cosmetic, /semi-solid, 1 kg /แกลลอน",,,,1,kg,แกลลอน,
AS193723,"Plantacare 2000 (Decyl Glucoside) /cosmetic, /liquid","Plantacare 2000 (Decyl Glucoside) /cosmetic, /liquid, 1 kg /แกลลอน",,,,1,kg,แกลลอน,
AS193724,"Plastic Powder D-400 (HDI/Trimethylol Hexyllactone Crosspolymer (and) Silica) /cosmetic, /powder","Plastic Powder D-400 (HDI/Trimethylol Hexyllactone Crosspolymer (and) Silica) /cosmetic, /powder, 1 kg /ถุง",,,,1,kg,ถุง,
AS193725,"Poloxamer 407 /cosmetic, /solid","Poloxamer 407 /cosmetic, /solid, 10 g /ขวด",,,,10,g,ขวด,
AS193726,"Polyox WSR (PEG-90M) /cosmetic, /solid","Polyox WSR (PEG-90M) /cosmetic, /solid, 100 g /ถุง",,,,100,g,ถุง,
AS193727,"Polyquaternium-10 /cosmetic, /liquid","Polyquaternium-10 /cosmetic, /liquid, 1 kg /ขวด",,,,1,kg,ขวด,
AS193728,"Polysynlane /cosmetic, /liquid","Polysynlane /cosmetic, /liquid, 1 kg /ขวด",,,,1,kg,ขวด,
AS193729,"Polysynlane V (Hydrogenated polyisobutene) /cosmetic, /liquid","Polysynlane V (Hydrogenated polyisobutene) /cosmetic, /liquid, 1 kg /ขวด",,,,1,kg,ขวด,
AS193730,"Polyvinyl alcohol (P.V.A.) /cosmetic, /solid","Polyvinyl alcohol (P.V.A.) /cosmetic, /solid, 500 g /ขวด",,,,500,g,ขวด,
AS193731,"POLYVINYLPYRROLIDONE [(C6H9NO)n] /cosmetic, /solid","POLYVINYLPYRROLIDONE [(C6H9NO)n]cas no.9003-39-8 /cosmetic, /solid, 1 kg /ขวด",9003-39-8,,,1,kg,ขวด,
AS193732,"Potassium citrate /cosmetic, /solid","Potassium citrate [K3C6H5O7]cas no.866-84-2 /cosmetic, /solid, 1 kg /ขวด",866-84-2,K3C6H5O7,,1,kg,ขวด,
AS193716,"Phosphoric acid , /liquid","Phosphoric acid [H3PO4]cas no.7664-38-2 /LR, /liquid, 450 ml /ขวด",7664-38-2,H3PO4,LR,450,mL,ขวด,
AS193717,"Phosphoric acid , /liquid","Phosphoric acid [H3PO5]cas no.7664-38-3 /LR, /liquid, 1 L /ขวด",7664-38-3,H3PO5,LR,1,L,ขวด,
AS193718,"Photolite LY SSC31 (Titanium Dioxide (and) Iron Oxide (and) hydrogen dimethicone) /cosmetic, /solid","Photolite LY SSC31 (Titanium Dioxide (and) Iron Oxide (and) hydrogen dimethicone) /cosmetic, /solid, 1 kg /ถุง",,,,1,kg,ถุง,
AS193719,"PHYTOSQUALAN /cosmetic, /liquid","PHYTOSQUALAN /cosmetic, /liquid, 1 kg /แกลลอน",,,,1,kg,แกลลอน,
AS193704,"PARSOL 1789 (DSM / SWITZERLAND) /cosmetic, /liquid","PARSOL 1789 (DSM / SWITZERLAND) /cosmetic, /liquid, 1 kg /ขวด",,,,1,kg,ขวด,
AS193705,"Parsol HMS (Homosalate) /cosmetic, /liquid","Parsol HMS (Homosalate) /cosmetic, /liquid, 1 kg /ขวด",,,,1,kg,ขวด,
AS193706,"Parsol MCX /cosmetic, /liquid","Parsol MCX /cosmetic, /liquid, 1 kg /ขวด",,,,1,kg,ขวด,
AS193707,"PEG 400 (POLYETHYLENE GLYCOL NO.400 /cosmetic, /liquid","PEG 400 (POLYETHYLENE GLYCOL NO.400 /cosmetic, /liquid, 1 kg /แกลลอน",,,,1,kg,แกลลอน,
AS193708,"PEG 6000 DI (NONION DS60HN) /cosmetic, /solid","PEG 6000 DI (NONION DS60HN) /cosmetic, /solid, 1 kg /ถุง",,,,1,kg,ถุง,
AS193709,"PEG-7 glyceryl cocoate (Cetiol HE) /cosmetic, /liquid","PEG-7 glyceryl cocoate (Cetiol HE) /cosmetic, /liquid, 1 kg /แกลลอน",,,,1,kg,แกลลอน,
AS193710,"PEMULEN EZ-4U (Acrylates/C10-30 Alkyl Acrylate Crosspolymer) /cosmetic, /solid","PEMULEN EZ-4U (Acrylates/C10-30 Alkyl Acrylate Crosspolymer) /cosmetic, /solid, 1 kg /ถุง",,,,1,kg,ถุง,
AS193711,"Pentavitin (Saccharide Isomerate (and) Aqua (and) Citric Acid (and) Sodium Citrate) /cosmetic, /liquid","Pentavitin (Saccharide Isomerate (and) Aqua (and) Citric Acid (and) Sodium Citrate) /cosmetic, /liquid, 1 kg /ขวด",,,,1,kg,ขวด,
AS193712,"PEPPERMINT OIL EXTRA /liquid","PEPPERMINT OIL EXTRA /liquid, 100 g /ขวด",,,,100,g,ขวด,
AS193713,"petrolatum white /cosmetic, /liquid","petrolatum white /cosmetic, /liquid, 1 kg /ขวด",,,,1,kg,ขวด,
AS193714,"PHENOXY ETHANOL /cosmetic, /liquid","PHENOXY ETHANOL /cosmetic, /liquid, 1 kg /แกลลอน",,,,1,kg,แกลลอน,
AS193715,"Phenyl ethyl alcohol /cosmetic, /liquid","Phenyl ethyl alcohol /cosmetic, /liquid, 1 kg /แกลลอน",,,,1,kg,แกลลอน,
AS193703,"PARLEAM V (POLYSYNLANE V) /cosmetic, /semi-solid","PARLEAM V (POLYSYNLANE V) /cosmetic, /semi-solid, 1 kg /ขวด",,,,1,kg,ขวด,
AS193687,"OCTYLDODECANOL /commercial, /liquid","OCTYLDODECANOL /commercial, /liquid, 1 kg /แกลลอน",,,,1,kg,แกลลอน,
AS193688,"Octyl palmitate /cosmetic, /liquid","Octyl palmitate /cosmetic, /liquid, 1 kg /แกลลอน",,,,1,kg,แกลลอน,
AS193689,"OCTYL SALICYLATE (OS) (Chem OS) /cosmetic, /liquid","OCTYL SALICYLATE (OS) (Chem OS) /cosmetic, /liquid, 1 kg /แกลลอน",,,,1,kg,แกลลอน,
AS193690,"Octyl stearate /cosmetic, /liquid","Octyl stearate /cosmetic, /liquid, 1 kg /แกลลอน",,,,1,kg,แกลลอน,
AS193691,"OLEIC ACID /commercial, /liquid","OLEIC ACID [C18H34O2]cas no.112-80-1 /commercial, /liquid, 1 kg /แกลลอน",112-80-1,C18H34O2,,1,kg,แกลลอน,
AS193692,"OLIVE OIL REFINED /cosmetic, /liquid","OLIVE OIL REFINED /cosmetic, /liquid, 1 kg /แกลลอน",,,,1,kg,แกลลอน,
AS193693,"OMC (Octyl methoxycinnamate/Ethylhexyl Methoxycinnamate) /cosmetic, /liquid","OMC (Octyl methoxycinnamate/Ethylhexyl Methoxycinnamate) /cosmetic, /liquid, 1 kg /แกลลอน",,,,1,kg,แกลลอน,
AS193694,"Opulyn 301 (Styrene/Acrylates Copolymer (and) Aqua) /cosmetic, /solid","Opulyn 301 (Styrene/Acrylates Copolymer (and) Aqua) /cosmetic, /solid, 1 kg /ถุง",,,,1,kg,ถุง,
AS193695,"OTS-2 Mica Y-2300 /cosmetic, /solid","OTS-2 Mica Y-2300 /cosmetic, /solid, 1 kg /ถุง",,,,1,kg,ถุง,
AS193696,"OTS-2 Sericite FSE /cosmetic, /solid","OTS-2 Sericite FSE /cosmetic, /solid, 1 kg /ถุง",,,,1,kg,ถุง,
AS193697,"OTS-2 Talc JA-46R /cosmetic, /solid","OTS-2 Talc JA-46R /cosmetic, /solid, 1 kg /ถุง",,,,1,kg,ถุง,
AS193698,"OZOKERITE WAX 7488 /cosmetic, /solid","OZOKERITE WAX 7488 /cosmetic, /solid, 1 kg /ถุง",,,,1,kg,ถุง,
AS193699,"Palm oil /food, /liquid","Palm oil /food, /liquid, 500 g /ขวด",,,,500,g,ขวด,
AS193700,"palm oil /food, /liquid","palm oil /food, /liquid, 1 kg /ขวด",,,,1,kg,ขวด,
AS193673,"Nikkol Nikkomulese WO (Cyclopentasiloxane (and) PEG-10 Dimethicone (and) Disteardimonium Hectorite) /cosmetic, /solid","Nikkol Nikkomulese WO (Cyclopentasiloxane (and) PEG-10 Dimethicone (and) Disteardimonium Hectorite) /cosmetic, /solid, 500 g /ขวด",,,,500,g,ขวด,
AS193674,"NIKKO MULESE LC /cosmetic, /solid","NIKKO MULESE LC /cosmetic, /solid, 1 kg /ขวด",,,,1,kg,ขวด,
AS193675,"NIKKOMULESE WO /cosmetic, /solid","NIKKOMULESE WO /cosmetic, /solid, 1 kg /ขวด",,,,1,kg,ขวด,
AS193676,"Nikkomuless 41 /cosmetic, /solid","Nikkomuless 41 /cosmetic, /solid, 1 kg /ขวด",,,,1,kg,ขวด,
AS193677,"Nikkomuless LH /cosmetic, /solid","Nikkomuless LH /cosmetic, /solid, 1 kg /ขวด",,,,1,kg,ขวด,
AS193678,"Nikkomuless-SE-W /cosmetic, /solid","Nikkomuless-SE-W /cosmetic, /solid, 1 kg /ขวด",,,,1,kg,ขวด,
AS193679,"Nitric acid 65% , /liquid","Nitric acid 65% [HNO3]cas no.7697-37-2 /AR, /liquid, 2.5 L /ขวด",7697-37-2,HNO3,AR,2.5,L,ขวด,
AS193680,"Nitrocellulose /commercial, /solid","Nitrocellulose cas no.9004-70-0 /commercial, /solid, 100 g /ขวด",9004-70-0,,,100,g,ขวด,
AS193681,"Nitrocellulose /commercial, /solid","Nitrocellulose cas no.9004-70-1 /commercial, /solid, 1 kg /ขวด",9004-70-1,,,1,kg,ขวด,
AS193682,"NOVEMER EC-1 POLYMER /cosmetic, /liquid","NOVEMER EC-1 POLYMER /cosmetic, /liquid, 1 kg /แกลลอน",,,,1,kg,แกลลอน,
AS193683,"NOVEMER EC-2 POLYMER /cosmetic, /liquid","NOVEMER EC-2 POLYMER /cosmetic, /liquid, 1 kg /แกลลอน",,,,1,kg,แกลลอน,
AS193684,"Nylon-12 /cosmetic, /solid","Nylon-12 /cosmetic, /solid, 100 g /ขวด",,,,100,g,ขวด,
AS193685,"Octocrylene /cosmetic, /liquid","Octocrylene /cosmetic, /liquid, 1 kg /แกลลอน",,,,1,kg,แกลลอน,
AS193686,"OCTOCRYLENE /cosmetic, /liquid","OCTOCRYLENE /cosmetic, /liquid, 500 g /แกลลอน",,,,500,g,แกลลอน,
AS193670,"Nikkol CIO /cosmetic, /solid","Nikkol CIO /cosmetic, /solid, 1 kg /ขวด",,,,1,kg,ขวด,
AS193671,"Nikkol Muless WO-NS (Polyglyceryl-6 polyricinoleate, Polyglyceryl-2 isostearate (and) Disteardimonium hectorite) /cosmetic, /solid","Nikkol Muless WO-NS (Polyglyceryl-6 polyricinoleate, Polyglyceryl-2 isostearate (and) Disteardimonium hectorite) /cosmetic, /solid, 1 kg /ขวด",,,,1,kg,ขวด,
AS193655,"Microcare PHC /cosmetic, /liquid","Microcare PHC /cosmetic, /liquid, 1 kg /ขวด",,,,1,kg,ขวด,
AS193656,"Microcare PPD /cosmetic, /liquid","Microcare PPD /cosmetic, /liquid, 100 g /ขวด",,,,100,g,ขวด,
AS193657,"MICROCRYSTALLINE WAX PHC 3691 /cosmetic, /solid","MICROCRYSTALLINE WAX PHC 3691 /cosmetic, /solid, 1 kg /ถุง",,,,1,kg,ถุง,
AS193658,"Microscrub 50 PC /cosmetic, /solid","Microscrub 50 PC /cosmetic, /solid, 250 g /ถุง",,,,250,g,ถุง,
AS193659,"MINERAL OIL /cosmetic, /liquid","MINERAL OIL /cosmetic, /liquid, 1 kg /แกลลอน",,,,1,kg,แกลลอน,
AS193660,"monoethanolamine /cosmetic, /liquid","monoethanolamine /cosmetic, /liquid, 1 kg /ขวด",,,,1,kg,ขวด,
AS193661,"Monopropylene glycol /cosmetic, /liquid","Monopropylene glycol /cosmetic, /liquid, 1 kg /แกลลอน",,,,1,kg,แกลลอน,
AS193662,"Montanov 68 (Cetearyl Alcohol and Cetearyl Glucoside) /cosmetic, /solid, 1 bot","Montanov 68 (Cetearyl Alcohol and Cetearyl Glucoside) /cosmetic, /solid, 1 bot /ถุง",,,,,,ถุง,YES
AS193663,"MULBERRY EXTRACT BG-10 /cosmetic, /liquid","MULBERRY EXTRACT BG-10 /cosmetic, /liquid, 100 g /ถุง",,,,100,g,ถุง,
AS193664,"Multifruit extract /cosmetic, /liquid","Multifruit extract /cosmetic, /liquid, 100 g /ขวด",,,,100,g,ขวด,
AS193665,"Myristic Acid /cosmetic, /solid","Myristic Acid /cosmetic, /solid, 1 kg /ถุง",,,,1,kg,ถุง,
AS193666,"Myristic acid 1499 /cosmetic, /solid","Myristic acid 1499 /cosmetic, /solid, 1 kg /ถุง",,,,1,kg,ถุง,
AS193667,"NATURAL ALPHA BISABOLOL (Bisabolol) /cosmetic, /liquid","NATURAL ALPHA BISABOLOL (Bisabolol) /cosmetic, /liquid, 1 kg /ขวด",,,,1,kg,ขวด,
AS193668,"N-BUTYL ACETATE 99.5% , /liquid","N-BUTYL ACETATE 99.5% /AR, /liquid, 2.5 L /ขวด",,,AR,2.5,L,ขวด,
AS193669,"Niacinamide (Niacinamide ) /cosmetic, /solid","Niacinamide BP (Niacinamide ) /cosmetic, /solid, 1 kg /ถุง",,,BP,1,kg,ถุง,
AS193651,"Methyl paraben /commercial, /solid","Methyl paraben /commercial, /solid, 1 kg /ถุง",,,,1,kg,ถุง,
AS193652,"MICA 500 /cosmetic, /solid","MICA 500 /cosmetic, /solid, 1 kg /ถุง",,,,1,kg,ถุง,
AS193653,"Miconium STMS (30%Steartrimonium Methosulfate) /cosmetic, /solid","Miconium STMS (30%Steartrimonium Methosulfate) /cosmetic, /solid, 1 kg /ถุง",,,,1,kg,ถุง,
AS193654,"Microcare PHC /cosmetic, /liquid","Microcare PHC /cosmetic, /liquid, 100 g /ขวด",,,,100,g,ขวด,
AS193639,"Mackine 301 (Stearamidopropyl Dimethylamine) /cosmetic, /solid","Mackine 301 (Stearamidopropyl Dimethylamine) /cosmetic, /solid, 1 kg /ถุง",,,,1,kg,ถุง,
AS193640,"MAGNESIUM CARBONATE /commercial, /solid","MAGNESIUM CARBONATE [MgCO3]cas no.546-93-0 /commercial, /solid, 1 kg /ถุง",546-93-0,MgCO3,,1,kg,ถุง,
AS193641,"Magnesium Myristate /cosmetic, /solid","Magnesium Myristate /cosmetic, /solid, 1 kg /ถุง",,,,1,kg,ถุง,
AS193642,"MAGNESIUM STEARATE (J) /cosmetic, /solid","MAGNESIUM STEARATE (J) /cosmetic, /solid, 1 kg /ถุง",,,,1,kg,ถุง,
AS193643,"Makibeads 250 /cosmetic, /solid","Makibeads 250 /cosmetic, /solid, 1 kg /ถุง",,,,1,kg,ถุง,
AS193644,"Makibeads SP10 /cosmetic, /solid","Makibeads SP10 /cosmetic, /solid, 1 kg /ถุง",,,,1,kg,ถุง,
AS193645,"Makibind 17 /cosmetic, /solid","Makibind 17 /cosmetic, /solid, 1 kg /ถุง",,,,1,kg,ถุง,
AS193646,"Makifix SBM /cosmetic, /solid","Makifix SBM /cosmetic, /solid, 1 kg /ถุง",,,,1,kg,ถุง,
AS193647,"Masester E1160 (IPP),(Isopropyl Palmitate) /cosmetic, /liquid","Masester E1160 (IPP),(Isopropyl Palmitate) /cosmetic, /liquid, 1 kg /แกลลอน",,,,1,kg,แกลลอน,
AS193648,"Matte Silica (silica ดูดซับความมันผิว) /cosmetic, /solid","Matte Silica (silica ดูดซับความมันผิว) /cosmetic, /solid, 5 g /ขวด",,,,5,g,ขวด,
AS193649,"MENTHOL /commercial, /solid","MENTHOL [C10H20O]cas no.2216-61-5 /commercial, /solid, 1 kg /ถุง",2216-61-5,C10H20O,,1,kg,ถุง,
AS193623,"LEXFEEL NATURAL /cosmetic, /liquid","LEXFEEL NATURAL /cosmetic, /liquid, 1 kg /แกลลอน",,,,1,kg,แกลลอน,
AS193624,"Lexgard E (Ethylhexylglycerin) /cosmetic, /liquid","Lexgard E (Ethylhexylglycerin) /cosmetic, /liquid, 100 g /ขวด",,,,100,g,ขวด,
AS193625,"LEXGARD NATURAL /cosmetic, /liquid","LEXGARD NATURAL /cosmetic, /liquid, 1 kg /แกลลอน",,,,1,kg,แกลลอน,
AS193626,"Lexgard O (Caprylyl Glycol) /cosmetic, /liquid","Lexgard O (Caprylyl Glycol) /cosmetic, /liquid, 100 g /ขวด",,,,100,g,ขวด,
AS193627,"Lexgard PE 9010 (Phenoxyethanol (and) Ethylhexylglycerin) /cosmetic, /liquid","Lexgard PE 9010 (Phenoxyethanol (and) Ethylhexylglycerin) /cosmetic, /liquid, 100 g /ขวด",,,,100,g,ขวด,
AS193628,"LEXOL EHP (Ethylhexyl palmitate) /cosmetic, /liquid","LEXOL EHP (Ethylhexyl palmitate) /cosmetic, /liquid, 1 kg /แกลลอน",,,,1,kg,แกลลอน,
AS193629,"Lexol GT-865 (Caprylic/Capric Triglyceride) /cosmetic, /liquid","Lexol GT-865 (Caprylic/Capric Triglyceride) /cosmetic, /liquid, 1 kg /แกลลอน",,,,1,kg,แกลลอน,
AS193630,"L-GLUTATHIONE /cosmetic, /solid","L-GLUTATHIONE /cosmetic, /solid, 1 kg /ถุง",,,,1,kg,ถุง,
AS193631,"L-GLUTATHIONE OXIDIZED HEXAHYDRATE /cosmetic, /solid","L-GLUTATHIONE OXIDIZED HEXAHYDRATE /cosmetic, /solid, 1 kg /ถุง",,,,1,kg,ถุง,
AS193632,"LIGHT MINERAL OIL (WHITE MINERAL OIL GRADE 15) /cosmetic, /liquid","LIGHT MINERAL OIL (WHITE MINERAL OIL USP GRADE 15) /cosmetic, /liquid, 1 kg /แกลลอน",,,USP,1,kg,แกลลอน,
AS193633,"LIQUID PARAFFIN PIONIER 2071 (HEAVY),(Heavy mineral oil) /cosmetic, /liquid","LIQUID PARAFFIN PIONIER 2071 (HEAVY),(Heavy mineral oil) /cosmetic, /liquid, 1 kg /แกลลอน",,,,1,kg,แกลลอน,
AS193634,"LIQUID PARAFFIN PIONIER 2076(LIGHT),(Mineral oil) /cosmetic, /liquid","LIQUID PARAFFIN PIONIER 2076(LIGHT),(Mineral oil) /cosmetic, /liquid, 1 kg /แกลลอน",,,,1,kg,แกลลอน,
AS193635,"Lithium hydroxide (LiOH) , /solid","Lithium hydroxide (LiOH) [LiOH]cas no.1310-65-2 /AR, /solid, 250 g /ขวด",1310-65-2,LiOH,AR,250,g,ขวด,
AS193636,"Barium sulfate (BaSO4) /commercial, /solid","Barium sulfate (BaSO4) cas no.7727-43-7 /commercial, /solid, 500 g /ขวด",7727-43-7,,,500,g,ขวด,
AS193637,"L-METHIONINE /cosmetic, /solid","L-METHIONINE /cosmetic, /solid, 1 kg /ขวด",,,,1,kg,ขวด,
AS193638,"MACADAMIA NUT OIL /cosmetic, /liquid","MACADAMIA NUT OIL /cosmetic, /liquid, 1 kg /ขวด",,,,1,kg,ขวด,
AS193606,"LACTIC ACID 88%EXEL /cosmetic, /solid","LACTIC ACID 88%EXEL [C3H6O3]cas no.50-21-5 /cosmetic, /solid, 1 kg /แกลลอน",50-21-5,C3H6O3,,1,kg,แกลลอน,
AS193607,"LALIT LAURIC ACID 1299 (Lauric acid) /cosmetic, /solid","LALIT LAURIC ACID 1299 (Lauric acid) /cosmetic, /solid, 1 kg /ถุง",,,,1,kg,ถุง,
AS193608,"LALIT MYRISTIC ACID 1499 /cosmetic, /solid","LALIT MYRISTIC ACID 1499 /cosmetic, /solid, 1 kg /ถุง",,,,1,kg,ถุง,
AS193609,"LALIT PALMITIC ACID 1698 /cosmetic, /solid","LALIT PALMITIC ACID 1698 /cosmetic, /solid, 1 kg /ถุง",,,,1,kg,ถุง,
AS193610,"LALIT STEARIC ACID SA 1850 /cosmetic, /solid","LALIT STEARIC ACID SA 1850 /cosmetic, /solid, 1 kg /ถุง",,,,1,kg,ถุง,
AS193611,"Lanolin /cosmetic, /solid","Lanolin /cosmetic, /solid, 1 kg /ถุง",,,,1,kg,ถุง,
AS193612,"LANOLIN ANHYDROUS /cosmetic, /solid","LANOLIN ANHYDROUS USP /cosmetic, /solid, 1 kg /ถุง",,,USP,1,kg,ถุง,
AS193613,"LANOLIN PEG 75 FLAKE /cosmetic, /solid","LANOLIN PEG 75 FLAKE /cosmetic, /solid, 1 kg /ถุง",,,,1,kg,ถุง,
AS193614,"L-ASCORBIC ACID /food, /solid","L-ASCORBIC ACID /food, /solid, 1 kg /ถุง",,,,1,kg,ถุง,
AS193615,"LAURETH 23 /cosmetic, /solid","LAURETH 23 /cosmetic, /solid, 100 g /ขวด",,,,100,g,ขวด,
AS193616,"Lauric acid /cosmetic, /solid","Lauric acid /cosmetic, /solid, 1 kg /ถุง",,,,1,kg,ถุง,
AS193617,"L-CARNITINE L-TARTRATE /food, /solid","L-CARNITINE L-TARTRATE /food, /solid, 1 kg /ถุง",,,,1,kg,ถุง,
AS193618,"L-CYSTEINE FREE BASE /food, /solid","L-CYSTEINE FREE BASE /food, /solid, 50 g /ถุง",,,,50,g,ถุง,
AS193619,"L-cysteine hydrochloride , monohydrate [C3H8NO2SCI.H2O] , /solid","L-cysteine hydrochloride , monohydrate [C3H8NO2SCI.H2O]cas no.1880366 /AR, /solid, 25 g /ขวด",1880-36-6,,AR,25,g,ขวด,
AS193620,"LEXAMINE S-13 /cosmetic, /solid","LEXAMINE S-13 /cosmetic, /solid, 1 kg /ขวด",,,,1,kg,ขวด,
AS193621,"LEXAMUL 561 (Glyceryl Stearate (and) PEG-100 Stearate) /cosmetic, /solid","LEXAMUL 561 (Glyceryl Stearate (and) PEG-100 Stearate) /cosmetic, /solid, 1 kg /ถุง",,,,1,kg,ถุง,
AS193622,"LexFeel D5 (Neopentyl Glycol Diheptanoate (and) Isododecane) /cosmetic, /liquid","LexFeel D5 (Neopentyl Glycol Diheptanoate (and) Isododecane) /cosmetic, /liquid, 1 kg /แกลลอน",,,,1,kg,แกลลอน,
AS193589,"IPM (ISOPROPYL MYRISTATE) /cosmetic, /liquid","IPM (ISOPROPYL MYRISTATE) /cosmetic, /liquid, 1 kg /แกลลอน",,,,1,kg,แกลลอน,
AS193590,"IPP (ISOPROPYL PALMITATE) /cosmetic, /liquid","IPP (ISOPROPYL PALMITATE) /cosmetic, /liquid, 1 kg /แกลลอน",,,,1,kg,แกลลอน,
AS193591,"ISELUX LQ CLR-SB (Sodium Lauroyl Methyl Isethionate) /cosmetic, /liquid","ISELUX LQ CLR-SB (Sodium Lauroyl Methyl Isethionate) /cosmetic, /liquid, 1 kg /แกลลอน",,,,1,kg,แกลลอน,
AS193592,"ISELUX ULTRA MILD (Aqua (and) Sodium Lauroyl Methyl Isethionate (and) Cocamidopropyl Betaine (and) Sodium Methyl Oleoyl Taurate (and) Lauryl Glucoside (and) Coco-Glucoside) /cosmetic, /liquid","ISELUX ULTRA MILD (Aqua (and) Sodium Lauroyl Methyl Isethionate (and) Cocamidopropyl Betaine (and) Sodium Methyl Oleoyl Taurate (and) Lauryl Glucoside (and) Coco-Glucoside) /cosmetic, /liquid, 1 kg /แ",,,,1,kg,แ,
AS193593,"Isoamyl alcohol , /liquid","Isoamyl alcohol /AR, /liquid, 2.5 L /แกลลอน",,,AR,2.5,L,แกลลอน,
AS193594,"Isododecane /cosmetic, /liquid","Isododecane /cosmetic, /liquid, 1 kg /แกลลอน",,,,1,kg,แกลลอน,
AS193595,"ISP XG 80 (XANTHAN GUM) /commercial, /solid","ISP XG 80 (XANTHAN GUM) /commercial, /solid, 1 kg /ถุง",,,,1,kg,ถุง,
AS193596,"Jeenate 4H (Polyethylene wax) /cosmetic, /solid","Jeenate 4H (Polyethylene wax) /cosmetic, /solid, 100 g /ถุง",,,,100,g,ถุง,
AS193597,"JP - mix SB /cosmetic, /powder","JP - mix SB /cosmetic, /powder, 100 g /ถุง",,,,100,g,ถุง,
AS193598,"JP-mix SW /cosmetic, /powder","JP-mix SW /cosmetic, /powder, 100 g /ถุง",,,,100,g,ถุง,
AS193599,"JR mix white /cosmetic, /powder","JR mix white /cosmetic, /powder, 100 g /ถุง",,,,100,g,ถุง,
AS193600,"KAEMPFERIA PARVIFLORA EXTRACT POWDER /cosmetic, /powder","KAEMPFERIA PARVIFLORA EXTRACT POWDER /cosmetic, /powder, 1 kg /ถุง",,,,1,kg,ถุง,
AS193601,"KAK-99 (Isononyl isononanoate) /cosmetic, /liquid","KAK-99 (Isononyl isononanoate) /cosmetic, /liquid, 1 kg /ขวด",,,,1,kg,ขวด,
AS193602,"KAOLIN LUGHT /BP, /solid","KAOLIN LUGHT BP /BP, /solid, 1 kg /ขวด",,,BP,1,kg,ขวด,
AS193603,"Kemaben 2 (PROPYLENE GLYCOL, DIAZOLIDINYL UREA, METHYL PARABEN, PROPYL PARABEN) /cosmetic, /solid","Kemaben 2 (PROPYLENE GLYCOL, DIAZOLIDINYL UREA, METHYL PARABEN, PROPYL PARABEN) /cosmetic, /solid, 1 kg /ขวด",,,,1,kg,ขวด,
AS193604,"KF 995 (Cyclopentasiloxane & Cyclohexasiloxane) /cosmetic, /liquid","KF 995 (Cyclopentasiloxane & Cyclohexasiloxane) /cosmetic, /liquid, 1 kg /แกลลอน",,,,1,kg,แกลลอน,
AS193605,"Kojic Acid dipalmitate /cosmetic, /solid","Kojic Acid dipalmitate /cosmetic, /solid, 1 kg /ถุง",,,,1,kg,ถุง,
AS193573,"Hydrogen chloride , /liquid","Hydrogen chloride [HCI]cas no.7647-01-0 /AR, /liquid, 2.5 L /ขวด",7647-01-0,HCI,AR,2.5,L,ขวด,
AS193574,"HCO-40 (PEG-40 Hydrogenated Castor oil) /cosmetic, /liquid","HCO-40 (PEG-40 Hydrogenated Castor oil) /cosmetic, /liquid, 1 kg /แกลลอน",,,,1,kg,แกลลอน,
AS193575,"HCO-60 (PEG-60 Hydrogenated Castor oil) /cosmetic, /liquid","HCO-60 (PEG-60 Hydrogenated Castor oil) /cosmetic, /liquid, 1 kg /แกลลอน",,,,1,kg,แกลลอน,
AS193576,"Hexane 99% , /liquid","Hexane 99% [C6H14]cas no.110-54-3 /AR, /liquid, 2.5 L /ขวด",110-54-3,C6H14,AR,2.5,L,ขวด,
AS193577,"Homosalate /cosmetic, /liquid","Homosalate /cosmetic, /liquid, 1 kg /ขวด",,,,1,kg,ขวด,
AS193578,"Hyaluronic acid [(C14H21NO11)n] /cosmetic, /powder","Hyaluronic acid [(C14H21NO11)n]cas no.9004-61-9 /cosmetic, /powder, 100 g /ขวด",9004-61-9,,,100,g,ขวด,
AS193579,"Hydrated silica /cosmetic, /powder","Hydrated silica /cosmetic, /powder, 100 g /ขวด",,,,100,g,ขวด,
AS193581,"Hydrogenated olive oil /cosmetic, /liquid","Hydrogenated olive oil /cosmetic, /liquid, 1 kg /ขวด",,,,1,kg,ขวด,
AS193582,"Hydrogenated polyisobutene (Panalane L-14E) /cosmetic, /liquid","Hydrogenated polyisobutene (Panalane L-14E) /cosmetic, /liquid, 1 kg /ขวด",,,,1,kg,ขวด,
AS193583,"HYDROGEN PERXOIDE 35% /food, /liquid","HYDROGEN PERXOIDE 35% [H2O2]cas no.7722-84-1 /food, /liquid, 1 kg /ขวด",7722-84-1,H2O2,,1,kg,ขวด,
AS193584,"Hydroxyethyl cellulose (HEC) /cosmetic, /powder","Hydroxyethyl cellulose (HEC) /cosmetic, /powder, 1 kg /ถุง",,,,1,kg,ถุง,
AS193585,"Hydroxy propyl methyl cellulose (HPMC) /cosmetic, /solid","Hydroxy propyl methyl cellulose (HPMC) /cosmetic, /solid, 1 kg /ถุง",,,,1,kg,ถุง,
AS193586,"Imex 2EHP (Octyl Palmitate) /cosmetic, /liquid","Imex 2EHP (Octyl Palmitate) /cosmetic, /liquid, 1 kg /ขวด",,,,1,kg,ขวด,
AS193588,"IPA /cosmetic, /liquid","IPA /cosmetic, /liquid, 1 kg /แกลลอน",,,,1,kg,แกลลอน,
AS193557,"GENAMIN BTMS (80% Behentrimonium methosulfate) /cosmetic, /solid","GENAMIN BTMS (80% Behentrimonium methosulfate) /cosmetic, /solid, 100 g /ขวด",,,,100,g,ขวด,
AS193558,"GENAMIN CTAC (51% Cetrimonium chloride) /cosmetic, /liquid","GENAMIN CTAC (51% Cetrimonium chloride) /cosmetic, /liquid, 100 g /ขวด",,,,100,g,ขวด,
AS193559,"GENAMIN KDMP (80% Behentrimonium chloride) /cosmetic, /solid","GENAMIN KDMP (80% Behentrimonium chloride) /cosmetic, /solid, 100 g /ขวด",,,,100,g,ขวด,
AS193560,"GERANIUM OIL EXTRA /cosmetic, /liquid","GERANIUM OIL EXTRA /cosmetic, /liquid, 100 g /ขวด",,,,100,g,ขวด,
AS193561,"Glycerin 99% /cosmetic, /liquid","Glycerin 99% /cosmetic, /liquid, 1 kg /แกลลอน",,,,1,kg,แกลลอน,
AS193562,"GLYCERINE /cosmetic, /liquid","GLYCERINE /cosmetic, /liquid, 1 kg /แกลลอน",,,,1,kg,แกลลอน,
AS193563,"Glycerin G 99.5% /cosmetic, /liquid","Glycerin G 99.5% USP /cosmetic, /liquid, 5 kg /แกลลอน",,,USP,5,kg,แกลลอน,
AS193564,"Glyceryl monostearate (GMS) /cosmetic, /solid","Glyceryl monostearate (GMS) /cosmetic, /solid, 1 kg /ถุง",,,,1,kg,ถุง,
AS193565,"Glyceryl monostearate (GMS SE) /cosmetic, /solid","Glyceryl monostearate (GMS SE) /cosmetic, /solid, 1 kg /ถุง",,,,1,kg,ถุง,
AS193566,"Glyceryl monothioglycolate /cosmetic, /solid","Glyceryl monothioglycolate /cosmetic, /solid, 500 g /ถุง",,,,500,g,ถุง,
AS193567,"Glycolic Acid 70% /cosmetic, /liquid","Glycolic Acid 70% /cosmetic, /liquid, 1 kg /ขวด",,,,1,kg,ขวด,
AS193568,"Guanidine carbonate /cosmetic, /solid","Guanidine carbonate /cosmetic, /solid, 1 kg /ถุง",,,,1,kg,ถุง,
AS193569,"Guanidine hydroxide /cosmetic, /solid","Guanidine hydroxide /cosmetic, /solid, 1 kg /ถุง",,,,1,kg,ถุง,
AS193570,"GUM ARABIC (ACACIA POWDER), /BP, /solid","GUM ARABIC (ACACIA POWDER),BP /BP, /solid, 500 g /ถุง",,,BP,500,g,ถุง,
AS193571,"HARD PARAFFIN /commercial, /solid","HARD PARAFFIN /commercial, /solid, 1 kg /ถุง",,,,1,kg,ถุง,
AS193541,"EUDRAGIT L100-55 , /powder","EUDRAGIT L100-55 /AR, /powder, 400 g /ขวด",,,AR,400,g,ขวด,
AS193542,"EUTANOL G (OCTYLCODECANOL) /cosmetic, /liquid","EUTANOL G (OCTYLCODECANOL) /cosmetic, /liquid, 1 kg /แกลลอน",,,,1,kg,แกลลอน,
AS193543,"FDP C111S14 /cosmetic, /powder","FDP C111S14 /cosmetic, /powder, 0.5 kg /ถุง",,,,0.5,kg,ถุง,
AS193544,"Fentacare 1631 30 (C-TAC),(Cetrimonium chloride) /cosmetic, /solid","Fentacare 1631 30 (C-TAC),(Cetrimonium chloride) /cosmetic, /solid, 100 g /ขวด",,,,100,g,ขวด,
AS193545,"Fentacare BTMAC (B-TAC),(Behentrimonium chloride) /cosmetic, /solid","Fentacare BTMAC (B-TAC),(Behentrimonium chloride) /cosmetic, /solid, 100 g /ขวด",,,,100,g,ขวด,
AS193546,"FHS-3A Talc JA-13R /cosmetic, /solid","FHS-3A Talc JA-13R /cosmetic, /solid, 1 kg /ถุง",,,,1,kg,ถุง,
AS193547,"FHS-3 Sericite FSE /cosmetic, /solid","FHS-3 Sericite FSE /cosmetic, /solid, 1 kg /ถุง",,,,1,kg,ถุง,
AS193548,"FHS-3 TiO2 CR-50 /cosmetic, /solid","FHS-3 TiO2 CR-50 /cosmetic, /solid, 1 kg /ถุง",,,,1,kg,ถุง,
AS193549,"FHS-BLACK BL 100P /cosmetic, /solid","FHS-BLACK BL 100P /cosmetic, /solid, 1 kg /ถุง",,,,1,kg,ถุง,
AS193550,"FINSOLV TN (C12-15 ALKYL BENZOATE) /cosmetic, /liquid","FINSOLV TN (C12-15 ALKYL BENZOATE) /cosmetic, /liquid, 1 kg /แกลลอน",,,,1,kg,แกลลอน,
AS193551,"FME 5225 C (Cyclopentasiloxane and PEG/PPG-18/18 Dimethicone) /cosmetic, /liquid","FME 5225 C (Cyclopentasiloxane and PEG/PPG-18/18 Dimethicone) /cosmetic, /liquid, 5 kg /แกลลอน",,,,5,kg,แกลลอน,
AS193552,"FME 9040 (Cyclopentasiloxane (and) Dimethicone Crosspolymer) /cosmetic, /liquid","FME 9040 (Cyclopentasiloxane (and) Dimethicone Crosspolymer) /cosmetic, /liquid, 1 kg /แกลลอน",,,,1,kg,แกลลอน,
AS193553,"FOS-P POWDER /food, /solid","FOS-P POWDER /food, /solid, 1 kg /ถุง",,,,1,kg,ถุง,
AS193554,"GELAID CPE /cosmetic, /liquid","GELAID CPE /cosmetic, /liquid, 1 kg /ขวด",,,,1,kg,ขวด,
AS193555,"GELAID CPE (Cyclopentasiloxane (and) Dimethicone/Vinyl Dimethicone Crosspolymer (and) Hydroxyethyl Acrylate/Sodium Acryloyldimethyl Taurate Copolymer) /cosmetic, /liquid","GELAID CPE (Cyclopentasiloxane (and) Dimethicone/Vinyl Dimethicone Crosspolymer (and) Hydroxyethyl Acrylate/Sodium Acryloyldimethyl Taurate Copolymer) /cosmetic, /liquid, 1 kg /ขวด",,,,1,kg,ขวด,
AS193556,"Gelatin Lab , /solid","Gelatin Lab /LR, /solid, 500 g /ขวด",,,LR,500,g,ขวด,
AS193525,"Dutasteride /cosmetic, /powder","Dutasteride /cosmetic, /powder, 100 g /ขวด",,,,100,g,ขวด,
AS193526,"EDTA/2NA (Disodium Ethylene Diamine Tetra Acetic) /cosmetic, /powder","EDTA/2NA (Disodium Ethylene Diamine Tetra Acetic) /cosmetic, /powder, 1 kg /ถุง",,,,1,kg,ถุง,
AS193527,"EDTA/4NA (Tetrasodium Ethylene Diamine Tetra Acetic) /cosmetic, /powder","EDTA/4NA (Tetrasodium Ethylene Diamine Tetra Acetic) /cosmetic, /powder, 0.5 kg /ถุง",,,,0.5,kg,ถุง,
AS193528,"Elastomer DC 2-3040 BLEND /cosmetic, /semi-solid","Elastomer DC 2-3040 BLEND /cosmetic, /semi-solid, 1 kg /ขวด",,,,1,kg,ขวด,
AS193529,"Emal AD-25 (Ammonium Lauryl Sulfate) /cosmetic, /liquid","Emal AD-25 (Ammonium Lauryl Sulfate) /cosmetic, /liquid, 1 kg /ขวด",,,,1,kg,ขวด,
AS193530,"Emulgin O5-V /cosmetic, /liquid","Emulgin O5-V /cosmetic, /liquid, 1 kg /ขวด",,,,1,kg,ขวด,
AS193531,"ESFLOR EC 4 BN2016070009 (Guar hydroxypropyl trimonium chloride) /cosmetic, /solid","ESFLOR EC 4 BN2016070009 (Guar hydroxypropyl trimonium chloride) /cosmetic, /solid, 1 kg /ขวด",,,,1,kg,ขวด,
AS193532,"ETHANOL 95% /commercial, /liquid","ETHANOL 95% [C2H6O]cas no.64-17-6 /commercial, /liquid, 18 L /แกลลอน",64-17-6,C2H6O,,18,L,แกลลอน,
AS193533,"Ethanolamine /cosmetic, /liquid","Ethanolamine /cosmetic, /liquid, 1 kg /แกลลอน",,,,1,kg,แกลลอน,
AS193534,"Ethanol (DEB) /cosmetic, /liquid","Ethanol (DEB) [C2H6O]cas no.64-17-6 /cosmetic, /liquid, 1 kg /แกลลอน",64-17-6,C2H6O,,1,kg,แกลลอน,
AS193536,"ETHYLENE GLYCOL DISTEARATE /commercial, /liquid","ETHYLENE GLYCOL DISTEARATE /commercial, /liquid, 1 kg /ขวด",,,,1,kg,ขวด,
AS193537,"ETHYLHEXYL PALMITATE /cosmetic, /liquid","ETHYLHEXYL PALMITATE /cosmetic, /liquid, 1 kg /ขวด",,,,1,kg,ขวด,
AS193538,"EtoAc (Ethyl acetate) /cosmetic, /liquid","EtoAc (Ethyl acetate) [C4H8O2]cas no.141-78-6 /cosmetic, /liquid, 100 g /ขวด",141-78-6,C4H8O2,,100,g,ขวด,
AS193539,"Et-VC (3-O-Ethyl Ascorbic Acid) /cosmetic, /solid","Et-VC (3-O-Ethyl Ascorbic Acid) /cosmetic, /solid, 100 g /ขวด",,,,100,g,ขวด,
AS193540,"EUCALYPTUS OIL(CHINA) /cosmetic, /liquid","EUCALYPTUS OIL(CHINA) /cosmetic, /liquid, 100 g /ขวด",,,,100,g,ขวด,
AS193509,"DI-SODIUM EDTA (DISODIUM Ethylene Diamine Tetra Acetic) /cosmetic, /solid","DI-SODIUM EDTA (DISODIUM Ethylene Diamine Tetra Acetic) /cosmetic, /solid, 100 g /ถุง",,,,100,g,ถุง,
AS193510,"DI-SODIUM EDTA (DISODIUM Ethylene Diamine Tetra Acetic) /cosmetic, /solid","DI-SODIUM EDTA (DISODIUM Ethylene Diamine Tetra Acetic) /cosmetic, /solid, 1 kg /ถุง",,,,1,kg,ถุง,
AS193511,"DL-ALPHA TOCOPHERYL ACETATE (Tocopheryl Acetate) /cosmetic, /liquid","DL-ALPHA TOCOPHERYL ACETATE (Tocopheryl Acetate) /cosmetic, /liquid, 1 kg /ขวด",,,,1,kg,ขวด,
AS193512,"DL-ALPHA TOCOPHERYL ACETATE (Tocopheryl Acetate) /cosmetic, /liquid","DL-ALPHA TOCOPHERYL ACETATE (Tocopheryl Acetate) /cosmetic, /liquid, 100 g /ขวด",,,,100,g,ขวด,
AS193514,"DL-MALIC ACID /food, /solid","DL-MALIC ACID /food, /solid, 1 kg /ถุง",,,,1,kg,ถุง,
AS193515,"DL-panthenol (Panthenol) /cosmetic, /semi-solid","DL-panthenol (Panthenol) /cosmetic, /semi-solid, 100 g /ขวด",,,,100,g,ขวด,
AS193516,"DMDM HYDANTOIN /cosmetic, /liquid","DMDM HYDANTOIN /cosmetic, /liquid, 1 kg /แกลลอน",,,,1,kg,แกลลอน,
AS193517,"Dow corning 344 (Cyclotetrasiloxane (and) Cyclopentasiloxane) /cosmetic, /liquid","Dow corning 344 (Cyclotetrasiloxane (and) Cyclopentasiloxane) /cosmetic, /liquid, 1 kg /แกลลอน",,,,1,kg,แกลลอน,
AS193518,"Dow corning 3901 /cosmetic, /liquid","Dow corning 3901 /cosmetic, /liquid, 400 g /แกลลอน",,,,400,g,แกลลอน,
AS193519,"Dow corning 5225 C (Cyclopentasiloxane (and) PEG/PPG-18/18 Dimethicone) /cosmetic, /liquid","Dow corning 5225 C (Cyclopentasiloxane (and) PEG/PPG-18/18 Dimethicone) /cosmetic, /liquid, 1 kg /แกลลอน",,,,1,kg,แกลลอน,
AS193520,"Dow corning 9506 Powder /cosmetic, /powder","Dow corning 9506 Powder /cosmetic, /powder, 1 kg /ถุง",,,,1,kg,ถุง,
AS193521,"Dow corning 9509 Silicone /cosmetic, /liquid","Dow corning 9509 Silicone /cosmetic, /liquid, 1 kg /ขวด",,,,1,kg,ขวด,
AS193522,"Dow corning product No: XIAMETER DMX-344 (Cyclosiloxane ) /cosmetic, /liquid","Dow corning product No: XIAMETER DMX-344 (Cyclosiloxane ) /cosmetic, /liquid, 1 kg /แกลลอน",,,,1,kg,แกลลอน,
AS193523,"D-PANTHENOL (Panthenol) /cosmetic, /semi-solid","D-PANTHENOL (Panthenol) /cosmetic, /semi-solid, 1 kg /แกลลอน",,,,1,kg,แกลลอน,
AS193524,"DRYFIO PC (MODIFIED CORN STARCH ) /cosmetic, /powder","DRYFIO PC (MODIFIED CORN STARCH ) /cosmetic, /powder, 100 g /ถุง",,,,100,g,ถุง,
AS193493,"DENASIL PQ-7 (Polyquaternium-7) /cosmetic, /liquid","DENASIL PQ-7 (Polyquaternium-7) /cosmetic, /liquid, 1 kg /ขวด",,,,1,kg,ขวด,
AS193494,"DENASIL PQ-8 (Polyquaternium-8) /cosmetic, /liquid","DENASIL PQ-8 (Polyquaternium-8) /cosmetic, /liquid, 1 kg /ขวด",,,,1,kg,ขวด,
AS193495,"DENASIL TM /cosmetic, /liquid","DENASIL TM /cosmetic, /liquid, 1 kg /ขวด",,,,1,kg,ขวด,
AS193496,"Denetured Ethanol B (DEB) /commercial, /liquid","Denetured Ethanol B (DEB) [C2H6O]cas no.64-17-6 /commercial, /liquid, 18 L /แกลลอน",64-17-6,C2H6O,,18,L,แกลลอน,
AS193497,"DHHB (Diethylamino Hydroxybenzoyl Hexyl Benzoate) /cosmetic, /solid","DHHB (Diethylamino Hydroxybenzoyl Hexyl Benzoate) /cosmetic, /solid, 10 g /ขวด",,,,10,g,ขวด,
AS193498,"Diammonium Dithiodiglycolate /cosmetic, /liquid","Diammonium Dithiodiglycolate /cosmetic, /liquid, 500 g /ขวด",,,,500,g,ขวด,
AS193499,"Diammonium Dithioglycolate /cosmetic, /liquid","Diammonium Dithioglycolate /cosmetic, /liquid, 500 g /ขวด",,,,500,g,ขวด,
AS193500,"Diammonium thioglycolate /cosmetic, /liquid","Diammonium thioglycolate /cosmetic, /liquid, 500 g /ขวด",,,,500,g,ขวด,
AS193501,"Dicalcium phosphate dehydrate /cosmetic, /liquid","Dicalcium phosphate dehydrate /cosmetic, /liquid, 1 L /ขวด",,,,1,L,ขวด,
AS193502,"DICAPRYLYL ETHER /cosmetic, /liquid","DICAPRYLYL ETHER /cosmetic, /liquid, 1 L /ขวด",,,,1,L,ขวด,
AS193503,"Dichloromethane /cosmetic, /liquid","Dichloromethane /cosmetic, /liquid, 1 L /ขวด",,,,1,L,ขวด,
AS193504,"DIETHYLENE GLYCOL MONOETHYL ETHER , /liquid","DIETHYLENE GLYCOL MONOETHYL ETHER /AR, /liquid, 1 L /ขวด",,,AR,1,L,ขวด,
AS193505,"Dimethicone 100 cs /cosmetic, /liquid","Dimethicone 100 cs /cosmetic, /liquid, 1 kg /ขวด",,,,1,kg,ขวด,
AS193506,"Dimethicone 350 (Dimethicone) /cosmetic, /liquid","Dimethicone 350 (Dimethicone) /cosmetic, /liquid, 1 kg /ขวด",,,,1,kg,ขวด,
AS193507,"Dimethisil DM-350 (Dimethicone) /cosmetic, /liquid","Dimethisil DM-350 (Dimethicone) /cosmetic, /liquid, 1 kg /ขวด",,,,1,kg,ขวด,
AS193508,"DIPOTASSIUM GLYCYRRHIZINATE /cosmetic, /solid","DIPOTASSIUM GLYCYRRHIZINATE /cosmetic, /solid, 1 kg /ถุง",,,,1,kg,ถุง,
AS193486,"DC 9701 (Dimethicone/Vinyl Dimethicone Crosspolymer (and) Silica) /cosmetic, /solid","DC 9701 (Dimethicone/Vinyl Dimethicone Crosspolymer (and) Silica) /cosmetic, /solid, 1 kg /ขวด",,,,1,kg,ขวด,
AS193487,"D-CALCIUM PANTOTHENATE /cosmetic, /solid","D-CALCIUM PANTOTHENATE /cosmetic, /solid, 1 kg /ขวด",,,,1,kg,ขวด,
AS193488,"DC VM-2270 (Silica Silylate) /cosmetic, /powder","DC VM-2270 (Silica Silylate) /cosmetic, /powder, 100 g /ขวด",,,,100,g,ขวด,
AS193489,"DEB 100 (Denatured Ethanol B 100) /cosmetic, /liquid","DEB 100 (Denatured Ethanol B 100) [C2H6O]cas no.64-17-5 /cosmetic, /liquid, 23 kg /แกลลอน",64-17-5,C2H6O,,23,kg,แกลลอน,
AS193490,"DEB 96 (Denatured Ethanol B 96) /cosmetic, /liquid","DEB 96 (Denatured Ethanol B 96) [C2H6O]cas no.64-17-6 /cosmetic, /liquid, 23 kg /แกลลอน",64-17-6,C2H6O,,23,kg,แกลลอน,
AS193491,"Dehyton K (ABC 45),(Cocamidopropyl Betaine) /cosmetic, /liquid","Dehyton K (ABC 45),(Cocamidopropyl Betaine) /cosmetic, /liquid, 1 kg /แกลลอน",,,,1,kg,แกลลอน,
AS193492,"DENASIL PQ-11 (Polyquaternium-11) /cosmetic, /liquid","DENASIL PQ-11 (Polyquaternium-11) /cosmetic, /liquid, 1 kg /ขวด",,,,1,kg,ขวด,
AS193478,"Cutina EGMST (Glycol Stearate) /cosmetic, /solid","Cutina EGMST (Glycol Stearate) /cosmetic, /solid, 1 kg /ถุง",,,,1,kg,ถุง,
AS193479,"Cyclomethicone (Cyclotetrasiloxane, cyclopentasiloxane) /cosmetic, /liquid","Cyclomethicone (Cyclotetrasiloxane, cyclopentasiloxane) /cosmetic, /liquid, 1 kg /แกลลอน",,,,1,kg,แกลลอน,
AS193480,"Cyclopentasiloxane /cosmetic, /liquid","Cyclopentasiloxane /cosmetic, /liquid, 1 kg /แกลลอน",,,,1,kg,แกลลอน,
AS193481,"CYSTEINE HYDROCHLORIDE /cosmetic, /solid","CYSTEINE HYDROCHLORIDE /cosmetic, /solid, 1 kg /ขวด",,,,1,kg,ขวด,
AS193482,"DC-593 Fluid /cosmetic, /liquid","DC-593 Fluid /cosmetic, /liquid, 1 kg /ขวด",,,,1,kg,ขวด,
AS193483,"DC 9045 (Cyclopentasiloxane (and) Dimethicone Crosspolymer) /cosmetic, /solid","DC 9045 (Cyclopentasiloxane (and) Dimethicone Crosspolymer) /cosmetic, /solid, 1 kg /ขวด",,,,1,kg,ขวด,
AS193484,"DC 9506 (Dimethicone / Vinyl Dimethicone Crosspolymer) /cosmetic, /solid","DC 9506 (Dimethicone / Vinyl Dimethicone Crosspolymer) /cosmetic, /solid, 1 kg /ขวด",,,,1,kg,ขวด,
AS193485,"DC 9509 (Dimethicone/Vinyl Dimethicone Crosspolymer (and) C12-14 Pareth-12) /cosmetic, /solid","DC 9509 (Dimethicone/Vinyl Dimethicone Crosspolymer (and) C12-14 Pareth-12) /cosmetic, /solid, 1 kg /ขวด",,,,1,kg,ขวด,
AS193463,"Coar tar /cosmetic, /solid","Coar tar /cosmetic, /solid, 1 kg /ขวด",,,,1,kg,ขวด,
AS193464,"Cocamide mono ethanolamine /cosmetic, /solid","Cocamide mono ethanolamine /cosmetic, /solid, 500 g /ขวด",,,,500,g,ขวด,
AS193465,"Cocoa butter /cosmetic, /solid","Cocoa butter /cosmetic, /solid, 1 kg /ขวด",,,,1,kg,ขวด,
AS193466,"Coco-Foam (cocamidopropyl hydroxysultaine) /cosmetic, /liquid","Coco-Foam (cocamidopropyl hydroxysultaine) /cosmetic, /liquid, 100 g /ขวด",,,,100,g,ขวด,
AS193467,"Coconut oil /cosmetic, /liquid","Coconut oil /cosmetic, /liquid, 1 kg /แกลลอน",,,,1,kg,แกลลอน,
AS193468,"COLORLESS ODORLESS JOJOBA OIL /cosmetic, /liquid","COLORLESS ODORLESS JOJOBA OIL /cosmetic, /liquid, 1 kg /แกลลอน",,,,1,kg,แกลลอน,
AS193469,"Comperlan 100 (Cocamide MEA) /cosmetic, /liquid","Comperlan 100 (Cocamide MEA) /cosmetic, /liquid, 1 kg /แกลลอน",,,,1,kg,แกลลอน,
AS193470,"COMPERLAN KD (Cocamide DEA) /cosmetic, /solid","COMPERLAN KD (Cocamide DEA) /cosmetic, /solid, 1 kg /แกลลอน",,,,1,kg,แกลลอน,
AS193471,"Corn starch /food, /powder, (แป้งข้าวโพด)1 ปอนด์","Corn starch /food, /powder, (แป้งข้าวโพด)1 ปอนด์ /ขวด",,,,,,ขวด,YES
AS193472,"COSMETIC RICE POWDER-100 (CPR-100) /cosmetic, /powder","COSMETIC RICE POWDER-100 (CPR-100) /cosmetic, /powder, 1 kg /ถุง",,,,1,kg,ถุง,
AS193473,"Cremophor A25 /cosmetic, /solid","Cremophor A25 /cosmetic, /solid, 1 kg /ถุง",,,,1,kg,ถุง,
AS193474,"CREMOPHOR A6 /cosmetic, /solid","CREMOPHOR A6 /cosmetic, /solid, 1 kg /ถุง",,,,1,kg,ถุง,
AS193475,"CREMOPHOR A6 /cosmetic, /solid","CREMOPHOR A6 /cosmetic, /solid, 500 g /ถุง",,,,500,g,ถุง,
AS193476,"CRISTALHYAL /cosmetic, /liquid","CRISTALHYAL /cosmetic, /liquid, 1 kg /ขวด",,,,1,kg,ขวด,
AS193477,"Cutina AGS T (Gylcol Distearate) /cosmetic, /solid","Cutina AGS T (Gylcol Distearate) /cosmetic, /solid, 1 kg /ถุง",,,,1,kg,ถุง,
AS193447,"Cetiol CC ,(Dicaprylyl Carbonate) /cosmetic, /liquid","Cetiol CC ,(Dicaprylyl Carbonate) /cosmetic, /liquid, 1 kg /แกลลอน",,,,1,kg,แกลลอน,
AS193448,"Cetiol HE ,(PEG-7 Glyceryl Cocoate) /cosmetic, /liquid","Cetiol HE ,(PEG-7 Glyceryl Cocoate) /cosmetic, /liquid, 1 kg /แกลลอน",,,,1,kg,แกลลอน,
AS193449,"Cetiol OE ,(Dicaprylyl Ether) /cosmetic, /liquid","Cetiol OE ,(Dicaprylyl Ether) /cosmetic, /liquid, 1 kg /แกลลอน",,,,1,kg,แกลลอน,
AS193450,"CETO STEARYL ALCOHOL 50:50 (Cetearyl Alcohol) /cosmetic, /solid","CETO STEARYL ALCOHOL 50:50 (Cetearyl Alcohol) /cosmetic, /solid, 1 kg /ถุง",,,,1,kg,ถุง,
AS193451,"Cetraryl ACG /cosmetic, /solid","Cetraryl ACG /cosmetic, /solid, 1 kg /ถุง",,,,1,kg,ถุง,
AS193452,"Cetrimonium Chloride /cosmetic, /solid","Cetrimonium Chloride [C19H42CIN]cas no.0112-02-07 /cosmetic, /solid, 1 kg /ถุง",0112-02-07,C19H42CIN,,1,kg,ถุง,
AS193453,"Cetyl alcohol (95%MINO.) (Cetyl Alcohol) /cosmetic, /solid","Cetyl alcohol (95%MINO.) (Cetyl Alcohol) /cosmetic, /solid, 1 kg /ถุง",,,,1,kg,ถุง,
AS193454,"Cetyl PEG/PPG10-1 dimethicone /cosmetic, /liquid","Cetyl PEG/PPG10-1 dimethicone /cosmetic, /liquid, 1 kg /แกลลอน",,,,1,kg,แกลลอน,
AS193455,"Cetylpyridinium chloride /cosmetic, /solid","Cetylpyridinium chloride /cosmetic, /solid, 1 kg /ขวด",,,,1,kg,ขวด,
AS193456,"CHEMSOL HS (Phenylbenzimidazole Sulfonic Acid) /cosmetic, /powder","CHEMSOL HS (Phenylbenzimidazole Sulfonic Acid) /cosmetic, /powder, 1 kg /ถุง",,,,1,kg,ถุง,
AS193457,"CHROMIUM OXIDE (สีเขียว) /cosmetic, /powder","CHROMIUM OXIDE (สีเขียว) /cosmetic, /powder, 1 kg /ถุง",,,,1,kg,ถุง,
AS193458,"CINNAMON LEAF OIL /cosmetic, /liquid","CINNAMON LEAF OIL /cosmetic, /liquid, 1 kg /ขวด",,,,1,kg,ขวด,
AS193459,"CITRIC ACID AMHYDROUS /cosmetic, /solid","CITRIC ACID AMHYDROUS [C6H8O7]cas no.77-92-9 /cosmetic, /solid, 500 g /ขวด",77-92-9,C6H8O7,,500,g,ขวด,
AS193460,"CITRIC ACID AMHYDROUS /cosmetic, /solid","CITRIC ACID AMHYDROUS [C6H8O8]cas no.77-92-10 /cosmetic, /solid, 1 kg /ขวด",77-92-10,C6H8O8,,1,kg,ขวด,
AS193461,"Climbazole /cosmetic, /solid","Climbazole /cosmetic, /solid, 1 kg /ขวด",,,,1,kg,ขวด,
AS193462,"CM3K40T4 (Cyclopentasiloxane (and) Titanium Dioxide (and) PEG-10 Dimethicone (and) Alumina (and) Methicone) /cosmetic, /solid","CM3K40T4 (Cyclopentasiloxane (and) Titanium Dioxide (and) PEG-10 Dimethicone (and) Alumina (and) Methicone) /cosmetic, /solid, 1 kg /ขวด",,,,1,kg,ขวด,
AS193431,"Carbopol Aqua SF-1 Polymer ,( Acrylates Copolymer) /cosmetic, /liquid","Carbopol Aqua SF-1 Polymer ,( Acrylates Copolymer) /cosmetic, /liquid, 1 kg /แกลลอน",,,,1,kg,แกลลอน,
AS193432,"CARBOPOL@ULTREZ 10 ,(Carbomer) /cosmetic, /powder","CARBOPOL@ULTREZ 10 ,(Carbomer) /cosmetic, /powder, 1 kg /ถุง",,,,1,kg,ถุง,
AS193433,"Carbopol Ultrez 20 ,(Acrylates/C10-30 Alkyl Acrylate Crosspolymer) /cosmetic, /powder","Carbopol Ultrez 20 ,(Acrylates/C10-30 Alkyl Acrylate Crosspolymer) /cosmetic, /powder, 1 kg /ถุง",,,,1,kg,ถุง,
AS193434,"Carbopol Ultrez 21 ,(Acrylates/C10-30 Alkyl Acrylate Crosspolymer) /cosmetic, /powder","Carbopol Ultrez 21 ,(Acrylates/C10-30 Alkyl Acrylate Crosspolymer) /cosmetic, /powder, 0.5 kg /ถุง",,,,0.5,kg,ถุง,
AS193435,"CARBOPOL ULTREZ 30 POLYMER,(Carbomer) /cosmetic, /powder","CARBOPOL ULTREZ 30 POLYMER,(Carbomer) /cosmetic, /powder, 1 kg /ถุง",,,,1,kg,ถุง,
AS193436,"Castor oil /cosmetic, /liquid, 1","Castor oil /cosmetic, /liquid, 1 /แกลลอน",,,,,,แกลลอน,YES
AS193437,"Cerasin /cosmetic, /solid","Cerasin /cosmetic, /solid, 5 kg /ถุง",,,,5,kg,ถุง,
AS193438,"Ceresin wax /commercial, /solid","Ceresin wax /commercial, /solid, 1 kg /ถุง",,,,1,kg,ถุง,
AS193439,"CERESIN WAX 64 DEGREE /cosmetic, /solid","CERESIN WAX 64 DEGREE /cosmetic, /solid, 1 kg /ถุง",,,,1,kg,ถุง,
AS193440,"Ceteareth-12 /cosmetic, /solid","Ceteareth-12 cas no.68439-49-6 /cosmetic, /solid, 1 kg /ถุง",68439-49-6,,,1,kg,ถุง,
AS193441,"ceteareth-20 /cosmetic, /solid","ceteareth-20 cas no.68439-49-6 /cosmetic, /solid, 1 kg /ถุง",68439-49-6,,,1,kg,ถุง,
AS193442,"Ceteareth-25 /cosmetic, /solid","Ceteareth-25 cas no.68439-49-6 /cosmetic, /solid, 1 kg /ถุง",68439-49-6,,,1,kg,ถุง,
AS193443,"CREMOPHOR A-6 ,(Ceteareth-6 (and) stearyl alcohol) /cosmetic, /solid","CREMOPHOR A-6 ,(Ceteareth-6 (and) stearyl alcohol) /cosmetic, /solid, 1 kg /ถุง",,,,1,kg,ถุง,
AS193444,"Cetearyl Alcohol /cosmetic, /solid","Cetearyl Alcohol /cosmetic, /solid, 1 kg /ถุง",,,,1,kg,ถุง,
AS193445,"cetearyl alcohol (and) cetereth-20 /cosmetic, /solid","cetearyl alcohol (and) cetereth-20 /cosmetic, /solid, 1 kg /ถุง",,,,1,kg,ถุง,
AS193446,"Cetiol AB /cosmetic, /liquid","Cetiol AB /cosmetic, /liquid, 1 kg /แกลลอน",,,,1,kg,แกลลอน,
AS193414,"BPD-500 /cosmetic, /solid","BPD-500 /cosmetic, /solid, 1 kg /ถุง",,,,1,kg,ถุง,
AS193415,"BRB 526 ,(PEG-12 Dimethicone) /cosmetic, /liquid","BRB 526 ,(PEG-12 Dimethicone) /cosmetic, /liquid, 1 kg /ขวด",,,,1,kg,ขวด,
AS193416,"BRB 6373 ,(CYCLOPENTASILOXANE, PEG/PPG-18/18 DIMETHICONE) /cosmetic, /liquid","BRB 6373 ,(CYCLOPENTASILOXANE, PEG/PPG-18/18 DIMETHICONE) /cosmetic, /liquid, 5 kg /ขวด",,,,5,kg,ขวด,
AS193417,"Bronidox-L ,(Propylene glycol (and) 5-Bromo-5-Nitro-1,3-Dioxane) /cosmetic, /solid","Bronidox-L ,(Propylene glycol (and) 5-Bromo-5-Nitro-1,3-Dioxane) /cosmetic, /solid, 500 g /ขวด",,,,500,g,ขวด,
AS193418,"Butyl Methoxydibenzoylmethane(BMDM) /cosmetic, /solid","Butyl Methoxydibenzoylmethane(BMDM) /cosmetic, /solid, 1 kg /ถุง",,,,1,kg,ถุง,
AS193419,"CALAMINE cas no. /commercial, /Powder","CALAMINE cas no. /commercial, /Powder, 1 kg /ถุง",,,,1,kg,ถุง,
AS193420,"CALCIUM CARBONATE LIGHT /commercial, /Powder","CALCIUM CARBONATE LIGHT [CaCO3]cas no.471-34-1 /commercial, /Powder, 1 kg /ถุง",471-34-1,CaCO3,,1,kg,ถุง,
AS193421,"Calcium hydroxide [Ca(OH)2] /cosmetic, /solid","Calcium hydroxide [Ca(OH)2]cas no.1305-62-0 /cosmetic, /solid, 1 kg /ถุง",1305-62-0,,,1,kg,ถุง,
AS193422,"CAMOMILE OIL /cosmetic, /liquid","CAMOMILE OIL /cosmetic, /liquid, 25 g /ขวด",,,,25,g,ขวด,
AS193423,"CAMPHOR (การบูร) /cosmetic, /solid","CAMPHOR (การบูร) /cosmetic, /solid, 1 kg /ถุง",,,,1,kg,ถุง,
AS193424,"Candelialla wax /cosmetic, /solid","Candelialla wax /cosmetic, /solid, 1 kg /ถุง",,,,1,kg,ถุง,
AS193425,"CAPRYLIC/CAPRIC TRIGLYCERIDE /cosmetic, /liquid","CAPRYLIC/CAPRIC TRIGLYCERIDE /cosmetic, /liquid, 1 kg /แกลลอน",,,,1,kg,แกลลอน,
AS193426,"Caprylyl methicone /cosmetic, /liquid","Caprylyl methicone /cosmetic, /liquid, 50 g /ขวด",,,,50,g,ขวด,
AS193427,"Carbamide peroxide /cosmetic, /liquid","Carbamide peroxide [CH6N2O3] /cosmetic, /liquid, 1 kg /ขวด",,CH6N2O3,,1,kg,ขวด,
AS193428,"CARBOPOL 934 ,(Carbomer) /cosmetic, /powder","CARBOPOL 934 ,(Carbomer) /cosmetic, /powder, 1 kg /ถุง",,,,1,kg,ถุง,
AS193429,"Carbopol 940 ,(Carbomer) /cosmetic, /powder","Carbopol 940 ,(Carbomer) /cosmetic, /powder, 450 g /ถุง",,,,450,g,ถุง,
AS193430,"Carbopol 941 ,(Carbomer) /cosmetic, /powder","Carbopol 941 ,(Carbomer) /cosmetic, /powder, 1 kg /ถุง",,,,1,kg,ถุง,
AS193399,"Baycusan C1004 ,(polyurethane-34) /cosmetic, /liquid","Baycusan C1004 ,(polyurethane-34) /cosmetic, /liquid, 1 kg /ขวด",,,,1,kg,ขวด,
AS193400,"Baycusan C1010, (polyurethane-35) /cosmetic, /liquid","Baycusan C1010, (polyurethane-35) /cosmetic, /liquid, 1 kg /ขวด",,,,1,kg,ขวด,
AS193401,"BEHENYL ALCOHOL 65 /cosmetic, /solid","BEHENYL ALCOHOL 65 /cosmetic, /solid, 1 kg /แกลลอน",,,,1,kg,แกลลอน,
AS193402,"Bentonite , /solid","Bentonite cas no.1302789 /LR, /solid, 1 kg /ถุง",1302-78-9,,LR,1,kg,ถุง,
AS193403,"Benzalkonium Chloride 80 ,(Benzalkonium Chloride) /cosmetic, /solid","Benzalkonium Chloride 80 ,(Benzalkonium Chloride) /cosmetic, /solid, 1 kg /ขวด",,,,1,kg,ขวด,
AS193404,"Benzophenone 3 /cosmetic, /solid","Benzophenone 3 /cosmetic, /solid, 1 kg /ถุง",,,,1,kg,ถุง,
AS193405,"Benzophenone-4 /cosmetic, /solid","Benzophenone-4 /cosmetic, /solid, 1 kg /ถุง",,,,1,kg,ถุง,
AS193406,"Benzyl acetate /synthesis , /liquid","Benzyl acetate [C9H10O2]cas no.0140-11-4 /synthesis , /liquid, 500 ml /ขวด",0140-11-4,C9H10O2,,500,mL,ขวด,
AS193407,"BETA-ARBUTIN /cosmetic, /solid","BETA-ARBUTIN /cosmetic, /solid, 100 g /ถุง",,,,100,g,ถุง,
AS193408,"BHT /cosmetic, /solid","BHT /cosmetic, /solid, 100 g /ขวด",,,,100,g,ขวด,
AS193409,"Bismuth Oxychloride (Make Glow) /cosmetic, /solid","Bismuth Oxychloride (Make Glow) /cosmetic, /solid, 10 g /ขวด",,,,10,g,ขวด,
AS193410,"BMDM ,(Avobenzone) ,(Butyl Methoxydibenzoylmethane) /cosmetic, /solid","BMDM ,(Avobenzone) ,(Butyl Methoxydibenzoylmethane) /cosmetic, /solid, 1 kg /ถุง",,,,1,kg,ถุง,
AS193411,"Borax /commercial, /solid","Borax /commercial, /solid, 1 kg /ถุง",,,,1,kg,ถุง,
AS193383,"Ammonia solution (30%) , /liquid","Ammonia solution (30%) [NH3]cas no.7664417 /AR, /liquid, 2.5 L /ขวด",7664-41-7,NH3,AR,2.5,L,ขวด,
AS193384,"Ammonium Acryloyldimethyltaurate/VP copolymer /cosmetic, /solid","Ammonium Acryloyldimethyltaurate/VP copolymer /cosmetic, /solid, 1 kg /ถุง",,,,1,kg,ถุง,
AS193385,"Amisoft HS-11P ,(Sodium Stearoyl Glutamate) /commercial, /solid","Amisoft HS-11P ,(Sodium Stearoyl Glutamate) /commercial, /solid, 1 kg /ขวด",,,,1,kg,ขวด,
AS193386,"Ammonium bisufite [(NH4)HSO4] , /solid","Ammonium bisufite [(NH4)HSO4]cas no.10192-30-0 /AR, /solid, 1 kg /ขวด",10192-30-0,,AR,1,kg,ขวด,
AS193387,"Ammonium bisulfite [(NH4)HSO5] /commercial, /solid","Ammonium bisulfite [(NH4)HSO5]cas no.10192-30-1 /commercial, /solid, 1 kg /ขวด",10192-30-1,,,1,kg,ขวด,
AS193388,"Ammonium hydroxide (28%) , /liquid","Ammonium hydroxide (28%) [NH4OH]cas no.1336216 /AR, /liquid, 2.5 L /ขวด",1336-21-6,NH4OH,AR,2.5,L,ขวด,
AS193389,"Ammonium lauryl sulfate,(Texapon ALS IST) /cosmetic, /solid","Ammonium lauryl sulfate,(Texapon ALS IST) /cosmetic, /solid, 1 kg /ขวด",,,,1,kg,ขวด,
AS193390,"Ammonium molybdate [(NH4)2MoO4] , /solid","Ammonium molybdate [(NH4)2MoO4]cas no.13106768 /AR, /solid, 500 g /ขวด",13106-76-8,,AR,500,g,ขวด,
AS193391,"AMMONIUM PERSULFATE [(NH4)2S2O8] , /solid","AMMONIUM PERSULFATE [(NH4)2S2O8]cas no.7727540 /AR, /solid, 500 g /ขวด",7727-54-0,,AR,500,g,ขวด,
AS193392,"Ammonium sulfate [(NH4)2SO4] /commercial, /solid","Ammonium sulfate [(NH4)2SO4]cas no.7783-20-2 /commercial, /solid, 1 kg /ขวด",7783-20-2,,,1,kg,ขวด,
AS193393,"Anti-Sweat (Aluminium chlorohydrate) /cosmetic, /solid","Anti-Sweat (Aluminium chlorohydrate) /cosmetic, /solid, 50 g /ขวด",,,,50,g,ขวด,
AS193394,"APPLE EXTRACT POWDER (HE-EP01-MAD) ,(APPLE EXTRACT POWDER) /cosmetic, /solid","APPLE EXTRACT POWDER (HE-EP01-MAD) ,(APPLE EXTRACT POWDER) /cosmetic, /solid, 1 kg /ถุง",,,,1,kg,ถุง,
AS193395,"APPLE FL(HL) K-00140 /cosmetic, /solid","APPLE FL(HL) K-00140 /cosmetic, /solid, 1 kg /ถุง",,,,1,kg,ถุง,
AS193396,"Aristoflex AVC, (Ammonium Acryloyldimethyltaurate/VP Copolymer) /cosmetic, /solid","Aristoflex AVC, (Ammonium Acryloyldimethyltaurate/VP Copolymer) /cosmetic, /solid, 1 kg /ถุง",,,,1,kg,ถุง,
AS193397,"ASCORBIC ACID , /solid","ASCORBIC ACID [C6H8O6]cas no.50-81-7 /AR, /solid, 1 kg /ขวด",50-81-7,C6H8O6,AR,1,kg,ขวด,
AS193398,"L-Ascorbic acid , /solid","L-Ascorbic acid [C6H8O6]cas no.50-81-7 /AR, /solid, 500 g /ขวด",50-81-7,C6H8O6,AR,500,g,ขวด,
AS193368,"ALOEVERA GEL SPRAY DRIED-LC /cosmetic, /liquid","ALOEVERA GEL SPRAY DRIED-LC /cosmetic, /liquid, 1 kg /ขวด",,,,1,kg,ขวด,
AS193369,"ALOEVERA GEL SPRAY DRIED-LC /cosmetic, /solid","ALOEVERA GEL SPRAY DRIED-LC /cosmetic, /solid, 1 kg /ขวด",,,,1,kg,ขวด,
AS193370,"Alpha Arbutin /cosmetic, /solid","Alpha Arbutin /cosmetic, /solid, 20 g /ถุง",,,,20,g,ถุง,
AS193371,"Aluminium Chlorohydrate 50%, (Aluminium Chlorohydrate) /cosmetic, /liquid","Aluminium Chlorohydrate 50%, (Aluminium Chlorohydrate) /cosmetic, /liquid, 1 kg /แกลลอน",,,,1,kg,แกลลอน,
AS193372,"AMIHOPE LL, (LAUROYL LYSINE) /cosmetic, /powder","AMIHOPE LL, (LAUROYL LYSINE) /cosmetic, /powder, 1 kg /ถุง",,,,1,kg,ถุง,
AS193373,"Amilite GCK-12H ,(Potassium Cocoyl Glycinate (and) Potassium Cocoate (and) Aqua ) /cosmetic, /liquid","Amilite GCK-12H ,(Potassium Cocoyl Glycinate (and) Potassium Cocoate (and) Aqua ) /cosmetic, /liquid, 1 kg /แกลลอน",,,,1,kg,แกลลอน,
AS193374,"Amilite GCK-12K, (Potassium Cocoyl Glycinate (and) Aqua) /cosmetic, /liquid","Amilite GCK-12K, (Potassium Cocoyl Glycinate (and) Aqua) /cosmetic, /liquid, 1 kg /แกลลอน",,,,1,kg,แกลลอน,
AS193375,"Amilite GCS-11 ,(Sodium Cocoyl Glycinate) /cosmetic, /liquid","Amilite GCS-11 ,(Sodium Cocoyl Glycinate) /cosmetic, /liquid, 1 kg /แกลลอน",,,,1,kg,แกลลอน,
AS193376,"Aminomethylpropanol /cosmetic, /liquid","Aminomethylpropanol /cosmetic, /liquid, 1 kg /แกลลอน",,,,1,kg,แกลลอน,
AS193377,"Aminon, (Cocamide) /cosmetic, /liquid","Aminon, (Cocamide) /cosmetic, /liquid, 1 kg /แกลลอน",,,,1,kg,แกลลอน,
AS193378,"Amisoft CS-22 ,(Sodium Cocoyl Glutamate (and) Disodium Cocoyl Glutamate (and) Water) /cosmetic, /liquid","Amisoft CS-22 ,(Sodium Cocoyl Glutamate (and) Disodium Cocoyl Glutamate (and) Water) /cosmetic, /liquid, 1 kg /แกลลอน",,,,1,kg,แกลลอน,
AS193379,"Amisoft ECS-22W ,(Disodium Cocoyl Glutamate (and) Water) /cosmetic, /liquid","Amisoft ECS-22W ,(Disodium Cocoyl Glutamate (and) Water) /cosmetic, /liquid, 1 kg /แกลลอน",,,,1,kg,แกลลอน,
AS193380,"Amisoft HS-11P ,(Sodium Stearoyl Glutamate) /cosmetic, /solid","Amisoft HS-11P ,(Sodium Stearoyl Glutamate) /cosmetic, /solid, 1 kg /ขวด",,,,1,kg,ขวด,
AS193381,"Amisoft LS-11 /cosmetic, /solid","Amisoft LS-11 /cosmetic, /solid, 1 kg /ขวด",,,,1,kg,ขวด,
AS193382,"Amisoft MS- 11, (Sodium Myristoyl Glutamate) /cosmetic, /solid","Amisoft MS- 11, (Sodium Myristoyl Glutamate) /cosmetic, /solid, 1 kg /ขวด",,,,1,kg,ขวด,
AS193353,"ABC 35%,(Cocamidopropyl Betain ) /Cosmetic, /Liquid","ABC 35%,(Cocamidopropyl Betain ) /Cosmetic, /Liquid, 1 kg /แกลลอน",,,,1,kg,แกลลอน,
AS193354,"ABC 45% (Dehyton K),(Cocamidopropyl Betain ) /Cosmetic, /Liquid","ABC 45% (Dehyton K),(Cocamidopropyl Betain ) /Cosmetic, /Liquid, 1 kg /แกลลอน",,,,1,kg,แกลลอน,
AS193355,"Acetone , /Liquid","Acetone [C6H6O]cas no.67641 /AR, /Liquid, 2.5 L /ขวด",67-64-1,C6H6O,AR,2.5,L,ขวด,
AS193356,"ACTIVATED CHARCOAL,POWDER, (CARBON) , /solid","ACTIVATED CHARCOAL,POWDER, (CARBON) [C]cas no.7440440 /LR, /solid, 1 kg /ขวด",7440-44-0,C,LR,1,kg,ขวด,
AS193357,"ACTIVESOFT C-17, (Guar Hydroxypropyltrimonium Chloride) /Cosmetic, /solid","ACTIVESOFT C-17, (Guar Hydroxypropyltrimonium Chloride) /Cosmetic, /solid, 1 kg /ถุง",,,,1,kg,ถุง,
AS193358,"Alcohol (Denatured),(Ethanol 95%) /commercial, /Liquid","Alcohol (Denatured),(Ethanol 95%) [C2H6O]cas no.64-17-5 /commercial, /Liquid, 18 L /แกลลอน",64-17-5,C2H6O,,18,L,แกลลอน,
AS193359,"Alcohol (Denatured alcohol 95%),(Ethanol 95%) /cosmetic, /liquid","Alcohol (Denatured alcohol 95%),(Ethanol 95%) [C2H6O]cas no.64-17-6 /cosmetic, /liquid, 1 kg /แกลลอน",64-17-6,C2H6O,,1,kg,แกลลอน,
AS193360,"Alkox E-100, (PEG-65M) /cosmetic, /solid","Alkox E-100, (PEG-65M) /cosmetic, /solid, 1 kg /ถุง",,,,1,kg,ถุง,
AS193361,"Allantoin /cosmetic, /solid","Allantoin /cosmetic, /solid, 100 g /ถุง",,,,100,g,ถุง,
AS193362,"Allantoin (ZHIHUA) /cosmetic, /solid","Allantoin (ZHIHUA) /cosmetic, /solid, 1 kg /ถุง",,,,1,kg,ถุง,
AS193363,"Almond oil,Refined /cosmetic, /liquid","Almond oil,Refined /cosmetic, /liquid, 1 kg /แกลลอน",,,,1,kg,แกลลอน,
AS193364,"Aloe vera extract /cosmetic, /liquid","Aloe vera extract /cosmetic, /liquid, 100 g /ขวด",,,,100,g,ขวด,
AS193365,"Aloe vera extract /cosmetic, /solid","Aloe vera extract /cosmetic, /solid, 100 g /ขวด",,,,100,g,ขวด,
AS193366,"Aloe vera extract /cosmetic, /liquid","Aloe vera extract /cosmetic, /liquid, 1 kg /ขวด",,,,1,kg,ขวด,
AS193367,"Aloe vera extract /cosmetic, /solid","Aloe vera extract /cosmetic, /solid, 1 kg /ขวด",,,,1,kg,ขวด,
AS193352,"1,3-Butylene Glycol, (Butylene Glycol) /Cosmetic, /Liquid","1,3-Butylene Glycol, (Butylene Glycol) [C4H10O2]cas no.107880 /Cosmetic, /Liquid, 1 kg /แกลลอน",107-88-0,C4H10O2,,1,kg,แกลลอน,
AS191240,"Ethylendiamine NH2CH2CH2NH2 /Liquid","Ethylendiamine NH2CH2CH2NH2cas no.107153 /Liquid 2.5 L /ขวด",107-15-3,,,2.5,L,ขวด,
AS191236,"Ethanol Absolute CH3CH2OH grade /Liquid","Ethanol Absolute CH3CH2OHcas no.64175 /AR grade /Liquid 2.5 L /ขวด",64-17-5,,AR,2.5,L,ขวด,
AS191235,"Ethanol 95% CH3CH2OH /Com grade /Liquid","Ethanol 95% CH3CH2OHcas no.64175 /Com grade /Liquid 18 L /แกลลอน",64-17-5,,,18,L,แกลลอน,
AS191234,"Erythrosin extra bluish C20H6I4Na2O5 grade /Solid","Erythrosin extra bluish C20H6I4Na2O5cas no.16423680 /AR grade /Solid 10 g /ขวด",16423-68-0,,AR,10,g,ขวด,
AS191233,"Erythrosine B C20H6I4Na2O5 grade /Solid","Erythrosine B C20H6I4Na2O5cas no.16423680 /AR grade /Solid 25 g /ขวด",16423-68-0,,AR,25,g,ขวด,
AS191232,"Eriochrom black T C20H12N3NaO7S grade /Solid","Eriochrom black T C20H12N3NaO7Scas no.1787617 /AR grade /Solid 25 g /ขวด",1787-61-7,,AR,25,g,ขวด,
AS191231,"EmLRpress (Calcium phosphate dibasic) CaHPO4.2(H2O) grade /Solid","EmLRpress (Calcium phosphate dibasic) CaHPO4.2(H2O)cas no.7789777 /LR grade /Solid 500 g /ขวด",7789-77-7,,LR,500,g,ขวด,
AS191229,"Electrolyte solution (KCL 3 mol/l) grade /Liquid","Electrolyte solution (KCL 3 mol/l) /AR grade /Liquid 250 ml /ขวด",,,AR,250,mL,ขวด,
AS191228,"EDTA-disodium salt C10H14N2O8Na2.2H2O grade /Solid","EDTA-disodium salt C10H14N2O8Na2.2H2Ocas no.6381926 /AR grade /Solid 500 g /ขวด",6381-92-6,,AR,500,g,ขวด,
AS191226,"Docusate sodium salt C20H37NaO7S grade /Solid","Docusate sodium salt C20H37NaO7Scas no.577117 /AR grade /Solid 10 g /ขวด",577-11-7,,AR,10,g,ขวด,
AS191225,"Ditrizone C13H12N4S grade /Solid","Ditrizone C13H12N4Scas no.60106 /AR grade /Solid 5 g /ขวด",60-10-6,,AR,5,g,ขวด,
AS191224,"Ditrizone C13H12N4S grade /Solid","Ditrizone C13H12N4Scas no.60106 /AR grade /Solid 10 g /ขวด",60-10-6,,AR,10,g,ขวด,
AS191222,"Di-sodium hydrogen phosphate dihydrate, Na2HPO4 · 2H2O grade /Solid","Di-sodium hydrogen phosphate dihydrate, Na2HPO4 · 2H2Ocas no.10028247 /AR grade /Solid 500 g /ขวด",10028-24-7,,AR,500,g,ขวด,
AS191220,"Dioctyl sodium sulphosuccinate C20H37NaO7S grade /Solid","Dioctyl sodium sulphosuccinate C20H37NaO7Scas no.577117 /AR grade /Solid 500 g /ขวด",577-11-7,,AR,500,g,ขวด,
AS191221,"Di-sodium hydrodrogen phosphate Na2HPO4 · 12H2O grade /Solid","Di-sodium hydrodrogen phosphate Na2HPO4 · 12H2Ocas no.10039324 /AR grade /Solid 500 g /ขวด",10039-32-4,,AR,500,g,ขวด,
AS191218,"Dichloromethane CH2Cl2 grade /Liquid","Dichloromethane CH2Cl2cas no.75092 /LR grade /Liquid 25 L /ถัง",75-09-2,,LR,25,L,ถัง,
AS191217,"Dichloromethane CH2Cl2 grade /Liquid","Dichloromethane CH2Cl2cas no.75092 /LR grade /Liquid 18 L /แกลลอน",75-09-2,,LR,18,L,แกลลอน,
AS191216,"Dichloromethane CH2Cl2 grade /Liquid","Dichloromethane CH2Cl2cas no.75092 /AR grade /Liquid 2.5 L /ขวด",75-09-2,,AR,2.5,L,ขวด,
AS191215,"Dexamethazone 98% C22H28FNa2PO8 grade /Solid","Dexamethazone 98% C22H28FNa2PO8cas no.50022 /AR grade /Solid 100 mg /ขวด",50-02-2,,AR,100,mg,ขวด,
AS191214,"Denatured alcohol 96.5 DB CH3CH2OH grade /Liquid","Denatured alcohol 96.5 DB CH3CH2OHcas no.64175 /LR grade /Liquid 18 kg /แกลลอน",64-17-5,,LR,18,kg,แกลลอน,
AS191213,"Denatured alcohol 95% CH3CH2OH grade /Liquid","Denatured alcohol 95% CH3CH2OHcas no.64175 /AR grade /Liquid 18 L /แกลลอน",64-17-5,,AR,18,L,แกลลอน,
AS191209,"Cyclohexane C6H12 grade /Liquid","Cyclohexane C6H12cas no.110827 /AR grade /Liquid 2.5 L /ขวด",110-82-7,,AR,2.5,L,ขวด,
AS191208,"Curcumin C21H20O6 grade /Solid","Curcumin C21H20O6cas no.458377 /AR grade /Solid 10 g /ขวด",458-37-7,,AR,10,g,ขวด,
AS191206,"Corn starch (แป้งข้าวโพด) /COM grade /Powder 1 ปอนด์","Corn starch (แป้งข้าวโพด) cas no.9005849 /COM grade /Powder 1 ปอนด์ /แพ็ค",9005-84-9,,,,,แพ็ค,YES
AS191205,"Corn starch (C6H10O5)n grade /Solid","Corn starch (C6H10O5)ncas no.68412293 /LR grade /Solid 1 kg /ขวด",68412-29-3,,LR,1,kg,ขวด,
AS191204,"Coriander oil grade /Liquid","Coriander oil cas no.8008524 /LR grade /Liquid 450 ml /ขวด",8008-52-4,,LR,450,mL,ขวด,
AS191203,"Copper (II) sulfate pentahydrate CuSO4.5H2O grade /Solid","Copper (II) sulfate pentahydrate CuSO4.5H2Ocas no.7758998 /AR grade /Solid 500 g /ขวด",7758-99-8,,AR,500,g,ขวด,
AS191202,"Copper (II) acetate monohydrate Cu(CO2CH3)2 grade /Solid","Copper (II) acetate monohydrate Cu(CO2CH3)2cas no.142712 /AR grade /Solid 500 g /ขวด",142-71-2,,AR,500,g,ขวด,
AS191201,"COMPERLAN KD CH3(CH2)nC(=O)N(CH2CH2OH)2 /Cosmetic grade /Liquid /Cocamide DEA","COMPERLAN KD CH3(CH2)nC(=O)N(CH2CH2OH)2cas no.68603429 /Cosmetic grade /Liquid /Cocamide DEA1 kg /ขวด",68603-42-9,,,1,kg,ขวด,
AS191200,"Citric acid monohydrate HOC(COOH)(CH2COOH)2 · H2O grade /Solid","Citric acid monohydrate HOC(COOH)(CH2COOH)2 · H2Ocas no.5949291 /LR grade /Solid 1 kg /ขวด",5949-29-1,,LR,1,kg,ขวด,
AS191199,"Citric acid anhydrous HOC(COOH)(CH2COOH)2 grade /Solid","Citric acid anhydrous HOC(COOH)(CH2COOH)2cas no.77929 /AR grade /Solid 500 g /ขวด",77-92-9,,AR,500,g,ขวด,
AS191197,"Cinnamon oil grade /Liquid","Cinnamon oil cas no.8015916 /LR grade /Liquid 450 ml /ขวด",8015-91-6,,LR,450,mL,ขวด,
AS191196,"Cinnamon oil grade /Liquid","Cinnamon oil cas no.8015916 /LR grade /Liquid 100 g /ขวด",8015-91-6,,LR,100,g,ขวด,
AS191195,"Cinchonine 85% C19H22N2O grade /Solid","Cinchonine 85% C19H22N2Ocas no.118105 /AR grade /Solid 25 g /ขวด",118-10-5,,AR,25,g,ขวด,
AS191194,"Chromium oxide (สีเขียว) Cr2O3/Com grade /Powder","Chromium oxide (สีเขียว) Cr2O3cas no.1308389/Com grade /Powder 1 kg /ถุง",1308-38-9,,,1,kg,ถุง,
AS191193,"Chlorpheniramine maleate salt C16H19ClN2 ? C4H4O4 grade /Solid","Chlorpheniramine maleate salt C16H19ClN2 ? C4H4O4cas no.113928 /AR grade /Solid 500 g /ขวด",113-92-8,,AR,500,g,ขวด,
AS191192,"Chloroform CHCl3 grade /Liquid","Chloroform CHCl3cas no.67663 /AR grade /Liquid 2.5 L /ขวด",67-66-3,,AR,2.5,L,ขวด,
AS191191,"Chloral hydrate C2H3Cl3O2 grade /Solid","Chloral hydrate C2H3Cl3O2cas no.302170 /AR grade /Solid 500 g /ขวด",302-17-0,,AR,500,g,ขวด,
AS191190,"Cherry flavour grade /Liquid","Cherry flavour /LR grade /Liquid 1 L /ขวด",,,LR,1,L,ขวด,
AS191187,"Cetyl alcohol C16H34O grade /Liquid","Cetyl alcohol C16H34Ocas no.36653824 /LR grade /Liquid 1 kg /ถุง",36653-82-4,,LR,1,kg,ถุง,
AS191186,"CETO STEARYL ALCOHOL 50:50 CH3(CH2)nCH2OH /Cosmetic grade /Flakes","CETO STEARYL ALCOHOL 50:50 CH3(CH2)nCH2OHcas no.67762270 /Cosmetic grade /Flakes 1 kg /ขวด",67762-27-0,,,1,kg,ขวด,
AS191185,"Cetostearyl alcohol C16H34O grade /Solid","Cetostearyl alcohol C16H34Ocas no.36653824 /AR grade /Solid 1 kg /ขวด",36653-82-4,,AR,1,kg,ขวด,
AS191183,"CERESIN WAX 64 DEGREE /Cosmetic grade /Solid","CERESIN WAX 64 DEGREE cas no.8001750 /Cosmetic grade /Solid 1 kg /ถุง",8001-75-0,,,1,kg,ถุง,
AS191182,"CERESIN WAX /Com grade /Solid","CERESIN WAX cas no.8001750 /Com grade /Solid 1 kg /ถุง",8001-75-0,,,1,kg,ถุง,
AS191180,"Cellulose microcrystalline 50µm (C6H10O5)cas no. n9004346 grade /Solid","Cellulose microcrystalline 50µm (C6H10O5)cas no. n9004346 /AR grade /Solid 1 kg /ขวด",,,AR,1,kg,ขวด,
AS191179,"Cedar wood grade /Liquid","Cedar wood cas no.8000279 /LR grade /Liquid 25 g /ขวด",8000-27-9,,LR,25,g,ขวด,
AS191176,"Castor oil C57H104O9 grade /Liquid","Castor oil C57H104O9cas no.8001794 /LR grade /Liquid 450 ml /ขวด",8001-79-4,,LR,450,mL,ขวด,
AS191175,"Carnauba wax grade /Solid","Carnauba wax cas no.8015869 /LR grade /Solid 500 g /ขวด",8015-86-9,,LR,500,g,ขวด,
AS191174,"Carboxy Methyl Cellulose (C.M.C.) grade /Solid","Carboxy Methyl Cellulose (C.M.C.) cas no.9000117 /LR grade /Solid 1 kg /ขวด",9000-11-7,,LR,1,kg,ขวด,
AS191172,"Carbopol 940 /Com grade /Powder","Carbopol 940 /Com grade /Powder 450 g /แพ็ค",,,,450,g,แพ็ค,
AS191171,"Carbopol 940 POLYMER (C3-H4-O2)x grade /Solid","Carbopol 940 POLYMER (C3-H4-O2)xcas no.9003014 /LR grade /Solid 1 kg /ถุง",9003-01-4,,LR,1,kg,ถุง,
AS191170,"Carbopol 940 POLYMER (C3-H4-O2)x grade /Solid","Carbopol 940 POLYMER (C3-H4-O2)xcas no.9003014 /LR grade /Solid 500 g /ถุง",9003-01-4,,LR,500,g,ถุง,
AS191169,"CARBOPOL 934 /Cosmetic grade /Powder","CARBOPOL 934 cas no.2594322 /Cosmetic grade /Powder 1 kg /ถุง",2594-32-2,,,1,kg,ถุง,
AS191168,"Carbopol 934 POLYMER (C3-H4-O2)x grade /Solid","Carbopol 934 POLYMER (C3-H4-O2)xcas no.9003014 /LR grade /Solid 500 g /ถุง",9003-01-4,,LR,500,g,ถุง,
AS191167,"Candelialla wax 8006-44-8 /Cosmetic grade /Solid","Candelialla wax 8006-44-8cas no.8002742 /Cosmetic grade /Solid 1 kg /ขวด",8002-74-2,,,1,kg,ขวด,
AS191166,"CAMPHOR (การบูร) C10H16O /Cosmetic grade /Solid","CAMPHOR (การบูร) C10H16Ocas no.76222 /Cosmetic grade /Solid 1 kg /ถุง",76-22-2,,,1,kg,ถุง,
AS191164,"Camphor C10H16O grade /Solid","Camphor C10H16Ocas no.76222 /LR grade /Solid 1 kg /ถุง",76-22-2,,LR,1,kg,ถุง,
AS191162,"Calcium hydroxide Ca(OH)2 grade /Solid","Calcium hydroxide Ca(OH)2cas no.1305620 /LR grade /Solid 1 kg /ถุง",1305-62-0,,LR,1,kg,ถุง,
AS191161,"Calcium gluconate C12H22CaO14 grade /Solid","Calcium gluconate C12H22CaO14cas no.299285 /AR grade /Solid 1 kg /ขวด",299-28-5,,AR,1,kg,ขวด,
AS191159,"Calcium carbonate Light CaCO3/Com grade /Powder","Calcium carbonate Light CaCO3cas no.471341/Com grade /Powder 1 kg /ถุง",471-34-1,,,1,kg,ถุง,
AS191158,"Calcium carbonate CaCO3 grade /Solid","Calcium carbonate CaCO3cas no.471341 /LR grade /Solid 450 g /ขวด",471-34-1,,LR,450,g,ขวด,
AS191157,"Calamine /Com grade /Powder","Calamine cas no.8011969 /Com grade /Powder 1 kg /ถุง",8011-96-9,,,1,kg,ถุง,
AS191156,"Calamine W99 grade /Solid","Calamine W99cas no.8011969 /LR grade /Solid 450 g /กล่อง",8011-96-9,,LR,450,g,กล่อง,
AS191155,"Cajuput oil grade /Liquid","Cajuput oil cas no.8008988 /LR grade /Liquid 450 ml /ขวด",8008-98-8,,LR,450,mL,ขวด,
AS191665,"Butyrospermum parkii (Shea butter) /Cosmetic grade/Solid","Butyrospermum parkii (Shea butter) cas no.194043-92-0 /Cosmetic grade/Solid 1 kg /ขวด",194043-92-0,,,1,kg,ขวด,
AS191152,"Brucine C23H26N2O4 grade /Solid","Brucine C23H26N2O4cas no.357573 /AR grade /Solid 10 g /ขวด",357-57-3,,AR,10,g,ขวด,
AS191151,"Bromocresol green indicator C21H14Br4O5S grade /Solid","Bromocresol green indicator C21H14Br4O5Scas no.76608 /AR grade /Solid 25 g /ขวด",76-60-8,,AR,25,g,ขวด,
AS191150,"Brilliant blue G-250 C47H48N3NaO7S2 grade /Solid","Brilliant blue G-250 C47H48N3NaO7S2cas no.6104581 /AR grade /Solid 25 g /ขวด",6104-58-1,,AR,25,g,ขวด,
AS191149,"Brilliant blue C47H48N3NaO7S2 grade /Solid","Brilliant blue C47H48N3NaO7S2cas no.6104581 /AR grade /Solid 25 g /ขวด",6104-58-1,,AR,25,g,ขวด,
AS191148,"Bornneol C10H18O grade /Solid","Bornneol  C10H18Ocas no.464459 /LR grade /Solid 1 kg /ขวด",464-45-9,,LR,1,kg,ขวด,
AS191147,"Borneol C10H18O grade /Solid","Borneol C10H18Ocas no.507700 /LR grade /Solid 1 kg /ขวด",507-70-0,,LR,1,kg,ขวด,
AS191145,"Boric acid H3BO3 grade /Solid","Boric acid H3BO3cas no.10043353 /LR grade /Solid 100 g /ขวด",10043-35-3,,LR,100,g,ขวด,
AS191143,"Borax (Anhydrous) Na2B4O7 grade/Solid","Borax (Anhydrous) Na2B4O7 casno.1330434/AR grade/Solid 100g  /ขวด",1330-43-4,,AR,100,g,ขวด,
AS193351,"Borax (Decahydrate) Na2B4O7 grade/Solid","Borax  (Decahydrate) Na2B4O7 cas no.1303964/AR grade/Solid 100g /ขวด",1303-96-4,,AR,100,g,ขวด,
AS191142,"Bismuth subnitrate Bi5O(OH)9(NO3)4 grade /Solid","Bismuth subnitrate Bi5O(OH)9(NO3)4cas no.1304854 /LR grade /Solid 100 g /ขวด",1304-85-4,,LR,100,g,ขวด,
AS193350,"Bismuth subnitrate Bi5O(OH)9(NO3)4 grade /Solid","Bismuth subnitrate Bi5O(OH)9(NO3)4cas no.1304854 /AR grade /Solid 100 g /ขวด",1304-85-4,,AR,100,g,ขวด,
AS191141,"Bismuth(III) nitrate, pentahydrate Bi(NO3)3?5H2O grade /Solid","Bismuth(III) nitrate, pentahydrate Bi(NO3)3?5H2Ocas no.10035060 /AR grade /Solid 100 g /ขวด",10035-06-0,,AR,100,g,ขวด,
AS191140,"Bismuth (III) nitrate Bi(NO3)3?5H2O grade /Solid","Bismuth (III) nitrate Bi(NO3)3?5H2O cas no.10035060 /AR grade /Solid 100 g /ขวด",10035-06-0,,AR,100,g,ขวด,
AS191139,"Benzyl benzoate C7H6O2 grade /Liquid","Benzyl benzoate C7H6O2cas no.65850 /AR grade /Liquid 250 ml /ขวด",65-85-0,,AR,250,mL,ขวด,
AS191138,"Benzoic acid C7H6O2 grade /Solid","Benzoic acid C7H6O2cas no.65850 /AR grade /Solid 250 g /ขวด",65-85-0,,AR,250,g,ขวด,
AS191137,"Benzoic acid C7H6O2 grade /Solid","Benzoic acid C7H6O2cas no.65850 /LR grade /Solid 500 g /ขวด",65-85-0,,LR,500,g,ขวด,
AS191136,"Benzalkonium chloride C6H5CH2N(CH3)2RCl (R=C8H17 to C18H37)63449412 grade/Solid","Benzalkonium chloride C6H5CH2N(CH3)2RCl (R=C8H17 to C18H37)63449412 /AR grade/Solid /100g  /ขวด",,,AR,100,g,ขวด,
AS191135,"Bentonite grade /Solid","Bentonite cas no.1302789 /LR grade /Solid 450 g /กล่อง",1302-78-9,,LR,450,g,กล่อง,
AS191133,"Basil oil grade /Liquid","Basil oil cas no.8015734 /LR grade /Liquid 25 g /ขวด",8015-73-4,,LR,25,g,ขวด,
AS191131,"Avicel PH 102 (C6H10O5)n grade /Solid","Avicel PH 102 (C6H10O5)ncas no.9004346 /LR grade /Solid 1 kg /แพ็ค",9004-34-6,,LR,1,kg,แพ็ค,
AS191130,"Avicel PH 101 (C6H10O5)n grade /Solid","Avicel PH 101 (C6H10O5)ncas no.9004346 /LR grade /Solid 1 kg /แพ็ค",9004-34-6,,LR,1,kg,แพ็ค,
AS191129,"Atropine monohydrate sulfate 5908996 ARSolid","Atropine monohydrate sulfate 5908996 ARSolid 1g  /ขวด",,,,1,g,ขวด,
AS191128,"Atropine monohydrate sulfate (C17H23NO3)2 H2SO4 H2O grade /Solid","Atropine monohydrate sulfate (C17H23NO3)2 H2SO4 H2O cas no.5908996 /AR grade /Solid 5 g /ขวด",5908-99-6,,AR,5,g,ขวด,
AS191127,"Aspirin 2-(CH3CO2)C6H4CO2H grade /Solid","Aspirin  2-(CH3CO2)C6H4CO2Hcas no.50782 /LR grade /Solid 500 g /ขวด",50-78-2,,LR,500,g,ขวด,
AS191126,"Aspirin 2-(CH3CO2)C6H4CO2H grade /Solid","Aspirin  2-(CH3CO2)C6H4CO2Hcas no.50782 /AR grade /Solid 500 g /ขวด",50-78-2,,AR,500,g,ขวด,
AS191125,"Ascorbic acid C6H8O6 grade /Solid","Ascorbic acid C6H8O6cas no.50817 /AR grade /Solid 100 g /ขวด",50-81-7,,AR,100,g,ขวด,
AS191124,"Arsenic Trioxide As2O3 grade /Solid","Arsenic Trioxide As2O3cas no.1327533 /AR grade /Solid 100 g /ขวด",1327-53-3,,AR,100,g,ขวด,
AS191123,"Aristoflex AVC /Cosmetic grade /Powder (Ammonium Acryloyldimethyltaurate/VP Copolymer","Aristoflex AVC /Cosmetic grade /Powder (Ammonium Acryloyldimethyltaurate/VP Copolymer) 1 kg /ขวด",,,,1,kg,ขวด,
AS191122,"AQUA FLORAL C-7078 /Cosmetic grade /Liquid","AQUA FLORAL C-7078 /Cosmetic grade /Liquid 1 kg /ขวด",,,,1,kg,ขวด,
AS191121,"Anise oil grade /Liquid","Anise oil cas no.8007703 /LR grade /Liquid 450 ml /ขวด",8007-70-3,,LR,450,mL,ขวด,
AS191120,"Anisaldehyde C8H8O2 grade /Liquid","Anisaldehyde C8H8O2cas no.123115 /AR grade /Liquid 250 ml /ขวด",123-11-5,,AR,250,mL,ขวด,
AS191119,"Aniline sulfate (C6H5NH2)2 ? H2SO4 grade /Solid","Aniline sulfate (C6H5NH2)2 ? H2SO4cas no.542165 /AR grade /Solid 50 g /ขวด",542-16-5,,AR,50,g,ขวด,
AS191118,"Andrographolide grade /Solid","Andrographolide cas no.226-852-5 /AR grade /Solid 100 mg /ขวด",226-852-5,,AR,100,mg,ขวด,
AS191117,"AMMONIUM PERSULFATE (NH4)2S2O8 grade /Solid","AMMONIUM PERSULFATE (NH4)2S2O8cas no.7727540/AR grade /Solid 500 g /ขวด",7727-54-0,,AR,500,g,ขวด,
AS191116,"Ammonium molybdate (NH4)6Mo7O24.4H2O grade /Powder","Ammonium molybdate (NH4)6Mo7O24.4H2Ocas no.12054852 /AR grade /Powder 500 g /ขวด",12054-85-2,,AR,500,g,ขวด,
AS191115,"Ammonium molybdate (NH4)2MoO4 grade /Solid","Ammonium molybdate (NH4)2MoO4cas no.13106768 /AR grade /Solid 500 g /ขวด",13106-76-8,,AR,500,g,ขวด,
AS191114,"Ammonium Hydroxide NH4OH grade /Liquid","Ammonium Hydroxide NH4OH cas no.1336216 /AR grade /Liquid 2.5 L /ขวด",1336-21-6,,AR,2.5,L,ขวด,
AS191113,"Ammonium chloride NH4Cl grade /Liquid","Ammonium chloride NH4Cl cas no.12125029 /AR grade /Liquid 500 g /ขวด",12125-02-9,,AR,500,g,ขวด,
AS191112,"Ammonium carbonate (NH4)2CO3 grade /Solid","Ammonium carbonate (NH4)2CO3cas no.506876 /AR grade /Solid 500 g /ขวด",506-87-6,,AR,500,g,ขวด,
AS191111,"Ammonium bicabonate NH4HCO3 /com grade /Solid","Ammonium bicabonate NH4HCO3cas no.1066337 /com grade /Solid 1 kg /ถุง",1066-33-7,,,1,kg,ถุง,
AS191110,"Ammonium acetate CH3COONH4 grade /Solid","Ammonium acetate CH3COONH4cas no.631618 /AR grade /Solid 500 g /ขวด",631-61-8,,AR,500,g,ขวด,
AS191109,"Ammonia 30% NH3 grade /Liquid","Ammonia 30% NH3cas no.7664417 /AR grade /Liquid 2.5 L /ขวด",7664-41-7,,AR,2.5,L,ขวด,
AS191107,"Amaranth C20H11N2Na3O10S3 grade /Solid","Amaranth C20H11N2Na3O10S3cas no.915673 /AR grade /Solid 100 g /ขวด",915-67-3,,AR,100,g,ขวด,
AS191105,"ALUMINIUM CHLOROHYDATE 50% AlClHO /Cosmetic grade/solid","ALUMINIUM CHLOROHYDATE 50% AlClHOcas no.1327419 /Cosmetic grade/solid 1 kg /ขวด",1327-41-9,,,1,kg,ขวด,
AS191104,"Aluminium chloride hydrated AlCl3?xH2O grade /Solid","Aluminium chloride hydrated AlCl3?xH2Ocas no.7784137 /AR grade /Solid 500 g /ขวด",7784-13-7,,AR,500,g,ขวด,
AS191103,"Aluminium chloride AlCl3 grade /Solid","Aluminium chloride AlCl3cas no.7446700 /AR grade /Solid 500 g /ขวด",7446-70-0,,AR,500,g,ขวด,
AS191101,"Almond oil sweet grade /Liquid","Almond oil sweet cas no.8007690 /LR grade /Liquid 1 L /ขวด",8007-69-0,,LR,1,L,ขวด,
AS191098,"Aerosil 200 SIO2 grade /Solid","Aerosil 200 SIO2cas no.7631869 /LR grade /Solid 1 kg /ขวด",7631-86-9,,LR,1,kg,ขวด,
AS191097,"Activated charcoal C grade /Solid","Activated charcoal Ccas no.7440440 /LR grade /Solid 1 kg /ขวด",7440-44-0,,LR,1,kg,ขวด,
AS191096,"Acne bee (สารสกัดจากน้ำผึ้ง) grade /Liquid","Acne bee (สารสกัดจากน้ำผึ้ง) /LR grade /Liquid 1 L /ขวด",,,LR,1,L,ขวด,
AS191095,"Acetylsalicylic acid 2-(CH3CO2)C6H4CO2H grade /Solid","Acetylsalicylic acid  2-(CH3CO2)C6H4CO2Hcas no.50782 /AR grade /Solid 250 g /ขวด",50-78-2,,AR,250,g,ขวด,
AS191094,"Acetonitrile CH3CN /Liquid","Acetonitrile CH3CNcas no.75058 /HPLC /Liquid 2.5 L /ขวด",75-05-8,,HPLC,2.5,L,ขวด,
AS191092,"Acetic anhydride (CH3CO)2 grade /Liquid","Acetic anhydride (CH3CO)2 cas no.108247 /AR grade /Liquid 500 ml /ขวด",108-24-7,,AR,500,mL,ขวด,
AS191091,"Acetic acid C2H4O2 grade /Liquid","Acetic acid C2H4O2cas no.64197 /AR grade /Liquid 2.5 L /ขวด",64-19-7,,AR,2.5,L,ขวด,
AS191090,"Acetamenophen reference standard grade /Solid","Acetamenophen reference standard cas no.103902 /AR grade /Solid 1 g /ขวด",103-90-2,,AR,1,g,ขวด,
AS191089,"Acetamenophen C8H9NO2 grade /Solid","Acetamenophen C8H9NO2cas no.103902 /AR grade /Solid 500 g /ขวด",103-90-2,,AR,500,g,ขวด,
AS191088,"Acetamenophen C8H9NO2 grade /Solid","Acetamenophen C8H9NO2cas no.103902 /AR  grade /Solid 100 g /ขวด",103-90-2,,AR,100,g,ขวด,
AS191087,"Acacia grade /Solid","Acacia cas no.9000015 /AR grade /Solid 500 g /ขวด",9000-01-5,,AR,500,g,ขวด,
AS191085,"Benzene C6H6 grade /Liquid","Benzene C6H6cas no.71432 /AR grade /Liquid 4 L /ขวด",71-43-2,,AR,4,L,ขวด,
AS191084,"Benzene C6H6 grade /Liquid","Benzene C6H6cas no.71432 /AR grade /Liquid 2.5 L /ขวด",71-43-2,,AR,2.5,L,ขวด,
AS191082,"สารสกัดจากหอมแดง grade /Liquid","สารสกัดจากหอมแดง /LR grade /Liquid 1 kg /ถุง",,,LR,1,kg,ถุง,
AS191081,"สารสกัดจากว่านหางจระเข้ grade /Liquid","สารสกัดจากว่านหางจระเข้ /LR grade /Liquid 1 kg /ถุง",,,LR,1,kg,ถุง,
AS191080,"สารสกัดจากมะขามป้อม grade /Liquid","สารสกัดจากมะขามป้อม /LR grade /Liquid 1 kg /ถุง",,,LR,1,kg,ถุง,
AS191079,"สารสกัดจากมะกรูด grade /Liquid","สารสกัดจากมะกรูด /LR grade /Liquid 1 kg /ถุง",,,LR,1,kg,ถุง,
AS191078,"สารสกัดจากดอกอัญชัน grade /Liquid","สารสกัดจากดอกอัญชัน /LR grade /Liquid 1 kg /ถุง",,,LR,1,kg,ถุง,
AS190944,"แอลกอฮอล์บริสุทธิ์ 95 /Food grade /liquid","แอลกอฮอล์บริสุทธิ์ 95 /Food grade /liquid 18 L /แกลลอน",,,,18,L,แกลลอน,
AS193349,"HBGOLD Reagent kit P/N ,Solid 014-080W/T colum","HBGOLD Reagent kit P/N ,Solid 014-080W/T colum /แพ็ค",,,,,,แพ็ค,YES
AS193348,"SD BIOLINE Influenza Ag A/B/A (H1N1) Pandemic Rapid test kit ,Solid 25 Test","SD BIOLINE Influenza Ag A/B/A (H1N1) Pandemic Rapid test kit ,Solid 25 Test /Set",,,,,,Set,YES
AS193347,"SD BIOLINE Dengue Duo ,Solid 10 Test","SD BIOLINE Dengue Duo ,Solid 10 Test /Set",,,,,,Set,YES
AS193345,"G6PD UV test kit ,Solid 5*50 s","G6PD UV test kit ,Solid 5*50 s /Set",,,,,,Set,YES
AS193344,"Hemolynac 5 Lysing-HB reagent ,Liquids 1*","Hemolynac 5 Lysing-HB reagent ,Liquids 1*500 ml /กล่อง",,,,500,mL,กล่อง,
AS193338,"Cleanac-3 detergenthypochlorite solution ,Liquids 1*","Cleanac-3 detergenthypochlorite solution ,Liquids 1*5 l /กล่อง",,,,5,L,กล่อง,
AS193331,"Malathion /solid","Malathion /solid/ 1 mg /ขวด",,,,1,mg,ขวด,
AS193326,"ชุดทดสอบกรดซาลิซิลิค (สารกันรา) ในอาหาร /Liquids/ 50 ตัวอย่าง","ชุดทดสอบกรดซาลิซิลิค (สารกันรา) ในอาหาร /Liquids/ 50 ตัวอย่าง/กล่อง",,,,,,กล่อง,YES
AS193323,"Egg yolk agar (อาหารเลี้ยงเชื้อ) grade/Solid","Egg yolk agar (อาหารเลี้ยงเชื้อ) grade AR/Solid/500 g",,,AR,500,g,,
AS193322,"Tryptose sulfite cycloserine agar grade/Solid","Tryptose sulfite cycloserine agar grade AR/Solid/ 500 g",,,AR,500,g,,
AS193321,"Polymyxin B sulfate [C56 H 100 N16 O17 S] grade/Solid","Polymyxin B sulfate [C56 H 100 N16 O17 S] cas no. 1405205 grade AR/Solid/ 1 g",1405-20-5,,AR,1,g,,
AS193320,"MYP agar base grade /Solid","MYP agar base grade AR /Solid / 500 g",,,AR,500,g,,
AS190969,"Alcohol 70% (V/V) grade /liquid","Alcohol 70% (V/V) /AR grade /liquid 450 ml /ขวด",,,AR,450,mL,ขวด,
AS193306,"Sodium Tungstate dihydrate","Sodium Tungstate dihydrate  500 g /ขวด",,,,500,g,ขวด,
AS193305,"Albumin egg powder","Albumin egg powder 500 g  /ขวด",,,,500,g,ขวด,
AS193285,"Fenoterol + Ipratropium nebulizing solution (Fenoterol 1.25 mg + Ipratropium nebulizing solution 0.5 mg)/4ml 20 ซอง","Fenoterol + Ipratropium nebulizing solution (Fenoterol 1.25 mg + Ipratropium nebulizing solution 0.5 mg)/4ml 4ml 20 ซอง/กล่อง",,,,4,mL,กล่อง,
AS193286,"Salbutamol sulphate nebulizing solution 20 หลอด","Salbutamol sulphate nebulizing solution 2.5ml 20 หลอด/กล่อง",,,,2.5,mL,กล่อง,
AS193287,"Sodium chloride solution 0.9% 100 หลอด","Sodium chloride solution 0.9% 5ml 100 หลอด/กล่อง",,,,5,mL,กล่อง,
AS193288,"Cloxacillin sodium dry syrup 125 mg/5ml 1","Cloxacillin sodium dry syrup 125 mg/5ml 60ml 1 /ขวด",,,,60,mL,ขวด,
AS193292,"Gallic Acid monohydrate","Gallic Acid monohydrate 100 g  /ขวด",,,,100,g,ขวด,
AS193293,"Dipotassium Hydrogen Phosphate anhydrous","Dipotassium Hydrogen Phosphate anhydrous 500 g  /ขวด",,,,500,g,ขวด,
AS193296,"Basic Fuchsin Dye","Basic Fuchsin Dye 100 g  /ขวด",,,,100,g,ขวด,
AS193297,"3,5-Dinitrosalicylic acid","3,5-Dinitrosalicylic acid 100 g  /ขวด",,,,100,g,ขวด,
AS193298,"Ammonium ferric citrate","Ammonium ferric citrate 500 g  /ขวด",,,,500,g,ขวด,
AS193300,"Bromophenol blue","Bromophenol blue 25 g  /ขวด",,,,25,g,ขวด,
AS193280,"Povidone-iodine solution 10% 1","Povidone-iodine solution 10% 450ml 1 /ขวด",,,,450,mL,ขวด,
AS193276,"ยาหม่องพญายอ 20 % 1","ยาหม่องพญายอ 20 % 15g 1 /ขวด",,,,15,g,ขวด,
AS193265,"Hyoscine-N-butlylbromide 20mg/ml","Hyoscine-N-butlylbromide 20mg/ml 1ml /หลอด",,,,1,mL,หลอด,
AS193269,"Mupirocin cream 2 %","Mupirocin cream 2 % 5g /หลอด",,,,5,g,หลอด,
AS193270,"Tramadol hydrochloride 100mg/2ml","Tramadol hydrochloride 100mg/2ml 2ml /หลอด",,,,2,mL,หลอด,
AS193271,"Triamcinolone cream 0.1 %","Triamcinolone cream 0.1 % 5g /หลอด",,,,5,g,หลอด,
AS193263,"Dextromethorphan hydrobromide 1000 เม็ด","Dextromethorphan hydrobromide 15mg 1000 เม็ด/กระปุก",,,,15,mg,กระปุก,
AS193259,"Sodium chloride solution for enema 15 %","Sodium chloride solution for enema 15 % 20ml /หลอด",,,,20,mL,หลอด,
AS193260,"Urea cream 10%","Urea cream 10% 35g /หลอด",,,,35,g,หลอด,
AS193249,"Silver sulfadiazine 1 %","Silver sulfadiazine 1 % 25g /หลอด",,,,25,g,หลอด,
AS193255,"Tranexamic acid 500 เม็ด","Tranexamic acid 250mg 500 เม็ด/กระปุก",,,,250,mg,กระปุก,
AS193256,"Triamcinolone cream 0.02%","Triamcinolone cream 0.02% 5g /หลอด",,,,5,g,หลอด,
AS193258,"Triamcinolone ป้ายแผลในปาก 1 % 30 ซอง","Triamcinolone ป้ายแผลในปาก 1 % 1g 30 ซอง/กล่อง",,,,1,g,กล่อง,
AS193240,"Polymycin + Neomycin sulfate + Gramicidin eye drop (Polymycin 5000 unit + Neomycin sulfate 2 mg + Gramicidin 0.025 mg) / ml eye drop","Polymycin + Neomycin sulfate + Gramicidin eye drop (Polymycin 5000 unit + Neomycin sulfate 2 mg + Gramicidin 0.025 mg) / ml eye drop 5ml /ขวด",,,,5,mL,ขวด,
AS193225,"Sodium chloride solution 0.9% sterile solution","Sodium chloride solution 0.9% sterile solution 100ml /ถุง",,,,100,mL,ถุง,
AS193226,"Sodium chloride solution 0.9%","Sodium chloride solution 0.9% 100ml /ถุง",,,,100,mL,ถุง,
AS193227,"Sodium chloride solution 0.9% for irrigation","Sodium chloride solution 0.9% for irrigation 1000ml /ขวด",,,,1000,mL,ขวด,
AS193229,"Norethisterone 100 กล่อง","Norethisterone BP 5mg 100 กล่อง/กล่อง",,,BP,5,mg,กล่อง,
AS193230,"Sodium chloride solution 0.9%","Sodium chloride solution 0.9% 500ml /ถุง",,,,500,mL,ถุง,
AS193231,"Nystatin vaginal tab Nystatin 100,000 IU + Diiodohydroxyquin 100 mg + Benzalkonium chloride 100 เม็ด","Nystatin vaginal tab Nystatin 100,000 IU + Diiodohydroxyquin 100 mg + Benzalkonium chloride 7 mg 100 เม็ด/กล่อง",,,,7,mg,กล่อง,
AS193218,"Mefenamic acid 500 เม็ด","Mefenamic acid 250mg 500 เม็ด/กระปุก",,,,250,mg,กระปุก,
AS193211,"Lidocaine hydrochloride 2%w/v","Lidocaine hydrochloride 2%w/v 20ml /ขวด",,,,20,mL,ขวด,
AS193212,"Lidocaine hydrochloride 2%w/v","Lidocaine hydrochloride 2%w/v 50ml /ขวด",,,,50,mL,ขวด,
AS193203,"Hyoscine-N-butylbromide syrup 5mg,5ml","Hyoscine-N-butylbromide syrup 5mg,5ml 30ml /ขวด",,,,30,mL,ขวด,
AS193206,"Hydrogen peroxide solution 20%","Hydrogen peroxide solution 20% 450ml /ขวด",,,,450,mL,ขวด,
AS193191,"Hydrocortisone acetate + Benzocaine + Zinc oxide suppository (Hydrocortisone acetate 7.5 mg + Benzocaine 40 mg + Zinc oxide suppository) 1เม็ด 10 เม็ด","Hydrocortisone acetate + Benzocaine + Zinc oxide suppository (Hydrocortisone acetate 7.5 mg + Benzocaine 40 mg + Zinc oxide 250 mg suppository) 1เม็ด 10 เม็ด/กล่อง",,,,250,mg,กล่อง,
AS193194,"Erythromycin dry syrup 125mg/5ml","Erythromycin dry syrup 125mg/5ml 60mg /ขวด",,,,60,mg,ขวด,
AS193195,"Folic acid 1000 เม็ด","Folic acid 5mg 1000 เม็ด/กระปุก",,,,5,mg,กระปุก,
AS193197,"Glucose injection 50 %","Glucose injection 50 % 20ml /หลอด",,,,20,mL,หลอด,
AS193199,"Gentamicin sulfate cream 0.1%","Gentamicin sulfate cream 0.1% 5g /หลอด",,,,5,g,หลอด,
AS193200,"Chlorhexidine gluconate 4%","Chlorhexidine gluconate 4% 500ml /ขวด",,,,500,mL,ขวด,
AS193202,"Antazoline HCl + Tetrahydrozoline HCl eye drop (Antazoline HCl 0.05% + Tetrahydrozoline HCl 0.04%","Antazoline HCl + Tetrahydrozoline HCl eye drop (Antazoline HCl 0.05% + Tetrahydrozoline HCl 0.04%) 10ml /ขวด",,,,10,mL,ขวด,
AS193186,"Diclofenac gel 1 %","Diclofenac gel 1 % 30g /หลอด",,,,30,g,หลอด,
AS193170,"Clindamycin gel 1%","Clindamycin gel 1% 5g /หลอด",,,,5,g,หลอด,
AS193182,"Dexamethasone + Neomycin eye drop (Dexamethasone 1 mg + Neomycin sulfate 3.5 mg) /1ml","Dexamethasone + Neomycin eye drop (Dexamethasone 1 mg + Neomycin sulfate 3.5 mg) /1ml 5ml /ขวด",,,,5,mL,ขวด,
AS193172,"Clotrimazole cream 1%","Clotrimazole cream 1% 15g /หลอด",,,,15,g,หลอด,
AS193173,"5% Dextrose in 0.9% Sodium chloride solution","5% Dextrose in 0.9% Sodium chloride solution 1000ml /ถุง",,,,1000,mL,ถุง,
AS193174,"5% Dextrose in 0.45% Sodium chloride solution","5% Dextrose in 0.45% Sodium chloride solution 1000ml /ถุง",,,,1000,mL,ถุง,
AS193175,"5% Dextrose in 0.45% Sodium chloride solution","5% Dextrose in 0.45% Sodium chloride solution 500ml /ถุง",,,,500,mL,ถุง,
AS193176,"5% Dextrose in sterile water solution","5% Dextrose in sterile water solution 1000ml /ถุง",,,,1000,mL,ถุง,
AS193177,"5% Dextrose in 0.9% Sodium chloride solution","5% Dextrose in 0.9% Sodium chloride solution 500ml /ถุง",,,,500,mL,ถุง,
AS193178,"5% Dextrose in sterile water solution","5% Dextrose in sterile water solution 100ml /ถุง",,,,100,mL,ถุง,
AS193179,"5% Dextrose in sterile water solution","5% Dextrose in sterile water solution 500ml /ถุง",,,,500,mL,ถุง,
AS193152,"Betathasone-Neomycin cream (Betathasone 0.1%-Neomycin 0.5%","Betathasone-Neomycin cream (Betathasone 0.1%-Neomycin 0.5%) 5g /หลอด",,,,5,g,หลอด,
AS193155,"Calamine lotion 10 %","Calamine lotion 10 % 60ml /ขวด",,,,60,mL,ขวด,
AS193156,"Calcium gluconate (0.45 mEq of calcium ion/ml)/10ml","Calcium gluconate (0.45 mEq of calcium ion/ml)/10ml 10ml /หลอด",,,,10,mL,หลอด,
AS193157,"Ceftriaxone sodium","Ceftriaxone sodium 1g /ขวด",,,,1,g,ขวด,
AS193159,"Chloramphenicol ear drop 1 %","Chloramphenicol ear drop 1 % 10ml /ขวด",,,,10,mL,ขวด,
AS193160,"Chloramphenicol eye drop 0.5 %","Chloramphenicol eye drop 0.5 % 5ml /ขวด",,,,5,mL,ขวด,
AS193161,"Chloramphenicol eye ointment 1%","Chloramphenicol eye ointment 1% 5g /หลอด",,,,5,g,หลอด,
AS193165,"Clobetasol cream 0.05%","Clobetasol cream 0.05% 5g /หลอด",,,,5,g,หลอด,
AS193168,"Chlorpheniramine meleate 10m/ml","Chlorpheniramine meleate 10m/ml 1ml /หลอด",,,,1,mL,หลอด,
AS193149,"Betamethasone cream 0.1 %","Betamethasone cream 0.1 % 5g /หลอด",,,,5,g,หลอด,
AS193143,"Atropine sulfate 0.60ml/ml","Atropine sulfate 0.60ml/ml 1ml /หลอด",,,,1,mL,หลอด,
AS193133,"Acyclovir cream 5 % 25 ซอง","Acyclovir cream 5 % 1g 25 ซอง/กล่อง",,,,1,g,กล่อง,
AS193137,"Ethyl alcohol solution 70 %","Ethyl alcohol solution 70 % 450ml /ขวด",,,,450,mL,ขวด,
AS193138,"Aluminium hydroxide + Magnesium hydroxide suspension (Aluminium hydroxide 750 MG + Magnesium hydroxdie 300 MG)/15 ML","Aluminium hydroxide + Magnesium hydroxide suspension (Aluminium hydroxide 750 MG + Magnesium hydroxdie 300 MG)/15 ML 240ml /ขวด",,,,240,mL,ขวด,
AS193139,"Aluminium hydroxide + Magnesium hydroxide + Simethicone (Aluminium hydroxide 320 mg + Magnesium hydroxide 100 mg + Simethicone ) 1เม็ด 1000 เม็ด","Aluminium hydroxide + Magnesium hydroxide + Simethicone (Aluminium hydroxide 320 mg + Magnesium hydroxide 100 mg + Simethicone 50 mg) 1เม็ด 1000 เม็ด/กระปุก",,,,50,mg,กระปุก,
AS192938,"TA cloning kit 4 หลอด","TA cloning kit 1 ml 4 หลอด /แพ็ค",,,,1,mL,แพ็ค,
AS192939,"Trizol reagent","Trizol reagent 100 ml  /ขวด",,,,100,mL,ขวด,
AS192941,"Astaxanthin [(C40H52O4)]","Astaxanthin [(C40H52O4)]cas no. 472617   1 mg  /ขวด",472-61-7,,,1,mg,ขวด,
AS192927,"4x LAEMMLI sample buffer 1 หลอด","4x LAEMMLI sample buffer 10 ml  1 หลอด /ชุด",,,,10,mL,ชุด,
AS192928,"KOD one PCR master mix 1 หลอด","KOD one PCR master mix  1 ml  1 หลอด /แพ็ค",,,,1,mL,แพ็ค,
AS192930,xylan,"xylan cas no.9014-63-5  10 g  /ขวด",9014-63-5,,,10,g,ขวด,
AS192931,"FastDigest KpnI, 300 react 1 หลอด","FastDigest KpnI, 300 react  1 ml  1 หลอด /แพ็ค",,,,1,mL,แพ็ค,
AS192932,"FastDigest EcoRI, 800 react 1 หลอด","FastDigest EcoRI, 800 react  1 ml 1 หลอด /แพ็ค",,,,1,mL,แพ็ค,
AS192934,"Plasmid mini kit 3 ขวด","Plasmid mini kit  100 ml 3 ขวด /แพ็ค",,,,100,mL,แพ็ค,
AS192935,"BRADFORT reagent","BRADFORT reagent  1000 ml  /ขวด",,,,1000,mL,ขวด,
AS192936,"cDNA synthesis kit 4 หลอด","cDNA synthesis kit  1 ml 4 หลอด /แพ็ค",,,,1,mL,แพ็ค,
AS192937,"T4 DNA ligase หลอด","T4 DNA ligase 1 ml  หลอด /แพ็ค",,,,1,mL,แพ็ค,
AS190388,"D-(-)-Salicin grade /powder","D-(-)-Salicin cas no.9013347 /LR grade /powder 5 g /ขวด",9013-34-7,,LR,5,g,ขวด,
AS192912,"Sodium nitrate /Solid","Sodium nitrate cas no. 68988-92-1/LR /Solid 450 g /ขวด",68988-92-1,,LR,450,g,ขวด,
AS192913,"Sodium thiosulfate ( C6H4(CH3)2 /Solid","Sodium thiosulfate ( C6H4(CH3)2 cas no. 1330-20-7 /AR /Solid 500 g /ขวด",1330-20-7,,AR,500,g,ขวด,
AS192914,"Strontium chloride (Zn(NO3) ) /Solid","Strontium chloride (Zn(NO3) )cas no.7779-88-6 /LR /Solid 50 g /ขวด",7779-88-6,,LR,50,g,ขวด,
AS192915,"Sucrose ( ZnSO4) /Solid","Sucrose ( ZnSO4)cas no.7733-02-0 /LR /Solid 450 g /ขวด",7733-02-0,,LR,450,g,ขวด,
AS192916,"Sulfur (ZnSO4.2H2O) /Solid","Sulfur (ZnSO4.2H2O)cas no.7733-02-0 /LR /Solid 350 g /ขวด",7733-02-0,,LR,350,g,ขวด,
AS192917,"Sulfuric acid /Solid","Sulfuric acid /LR /Solid 450 ml /ขวด",,,LR,450,mL,ขวด,
AS192918,"Sulfuric acid /Liguid","Sulfuric acid /LR /Liguid 450 ml /ขวด",,,LR,450,mL,ขวด,
AS192919,"Talcum /Solid","Talcum /LR /Solid 450 g /ขวด",,,LR,450,g,ขวด,
AS192920,"Titanium Dioxide /Solid","Titanium Dioxide /LR /Solid 450 g /ขวด",,,LR,450,g,ขวด,
AS192921,"Toluene /Liguid","Toluene /LR /Liguid 450 ml /ขวด",,,LR,450,mL,ขวด,
AS192922,"Wright's stain /Liguid","Wright's stain /LR /Liguid 100 ml /ขวด",,,LR,100,mL,ขวด,
AS192923,"Xylenes /Liguid","Xylenes /LR /Liguid 2.5 L /ขวด",,,LR,2.5,L,ขวด,
AS192924,"Zinc Nitrate /Solid","Zinc Nitrate /AR /Solid 500 g /ขวด",,,AR,500,g,ขวด,
AS192925,"Zinc sulfate ZnSO4 /Solid","Zinc sulfate ZnSO4cas no.7733-02-0 /LR /Solid 450 g /ขวด",7733-02-0,,LR,450,g,ขวด,
AS192926,"Zinc sulphate ZnSO4.2H2O /Solid","Zinc sulphate ZnSO4.2H2Ocas no.7733-02-0 /AR /Solid 500 g /ขวด",7733-02-0,,AR,500,g,ขวด,
AS192893,"Potassium carbonate (AgNO3) /Solid","Potassium carbonate (AgNO3)cas no. 7761-88-8 /LR /Solid 450 g /ขวด",7761-88-8,,LR,450,g,ขวด,
AS192894,"Potassium dichromate ( AgNO3 ) /Solid","Potassium dichromate ( AgNO3 )cas no.7761-88-8 /LR /Solid 100 g /ขวด",7761-88-8,,LR,100,g,ขวด,
AS192895,"Potassium Hexacyanoferricyanide (CH3COONa.3H2O) /Solid","Potassium Hexacyanoferricyanide (CH3COONa.3H2O)cas no.127-09-3 /AR /Solid 100 g /ขวด",127-09-3,,AR,100,g,ขวด,
AS192896,"Potassium hydroxide (C7-H5-O2-Na) /Solid","Potassium hydroxide (C7-H5-O2-Na)cas no.532-32-1/LR /Solid 350 g /ขวด",532-32-1,,LR,350,g,ขวด,
AS192897,"Potassium iodide (Na2CO3) /Solid","Potassium iodide (Na2CO3)cas no.497-19-8 /AR /Solid 500 g /ขวด",497-19-8,,AR,500,g,ขวด,
AS192898,"Potassium iodide (NaCl) /Solid","Potassium iodide (NaCl)cas no.7647-14-5 /LR /Solid 100 g /ขวด",7647-14-5,,LR,100,g,ขวด,
AS192899,"Potassium nitrate (NaOH) /Solid","Potassium nitrate (NaOH)cas no.1310-73-2 /LR /Solid 450 g /ขวด",1310-73-2,,LR,450,g,ขวด,
AS192900,"Potassium nitrate /Solid","Potassium nitrate cas no.7440-23-5 /LR /Solid 100 g /ขวด",7440-23-5,,LR,100,g,ขวด,
AS192901,"Potassium permanganate (Na2MoO4) /Solid","Potassium permanganate (Na2MoO4)cas no.7631-95-0 /LR /Solid 100 g /ขวด",7631-95-0,,LR,100,g,ขวด,
AS192902,"Safranin ( NaNO3) /Liguid","Safranin ( NaNO3)cas no. 7631-99-4 /LR /Liguid 100 ml /ขวด",7631-99-4,,LR,100,mL,ขวด,
AS192903,"Silver nitrate (Na2O3S2 )cas no.7772?98?7 /Solid","Silver nitrate (Na2O3S2 )cas no.7772?98?7 /LR /Solid 10 g /ขวด",,,LR,10,g,ขวด,
AS192904,"Silver(I) nitrate (SrCl2.6H2O) /Solid","Silver(I) nitrate (SrCl2.6H2O)cas no.10476-85-4 /AR /Solid 25 g /ขวด",10476-85-4,,AR,25,g,ขวด,
AS192905,"Sodium acetrate (C12H22O11) /Solid","Sodium acetrate (C12H22O11)cas no.57-50-1/LR /Solid 500 g /ขวด",57-50-1,,LR,500,g,ขวด,
AS192906,"Sodium benzoate (S8) /Solid","Sodium benzoate (S8) cas no.7704-34-9 /LR /Solid 450 g /ขวด",7704-34-9,,LR,450,g,ขวด,
AS192907,"Sodium Carbonate (H2O4S) /Solid","Sodium Carbonate (H2O4S)cas no.7664-93-9 /LR /Solid 350 g /ขวด",7664-93-9,,LR,350,g,ขวด,
AS192908,"Sodium chloride (H2SO4) /Solid","Sodium chloride (H2SO4)cas no.7664-93-9/LR /Solid 450 g /ขวด",7664-93-9,,LR,450,g,ขวด,
AS192909,"Sodium hydroxide (3MgO.4SiO2.H2O) /Solid","Sodium hydroxide (3MgO.4SiO2.H2O)cas no.14807-96-6 /LR /Solid 350 g /ขวด",14807-96-6,,LR,350,g,ขวด,
AS192910,"Sodium metal (TiO2) /Solid","Sodium metal (TiO2)cas no.13463-67-7/AR /Solid 500 g /ขวด",13463-67-7,,AR,500,g,ขวด,
AS192911,"Sodium molybdate ( C6-H5-CH3 or C7-H8) /Solid","Sodium molybdate ( C6-H5-CH3 or C7-H8)cas no.108-88-3 /AR /Solid 500 g /ขวด",108-88-3,,AR,500,g,ขวด,
AS192874,"Hydrochloric acid 12 mol (C15-H15-N3-O2) /Liguid","Hydrochloric acid 12 mol (C15-H15-N3-O2)cas no.493-52-7 /LR /Liguid 450 ml /ขวด",493-52-7,,LR,450,mL,ขวด,
AS192875,"Hydrogen peroxide 12 % (C10H8) /Liguid","Hydrogen peroxide 12 % (C10H8)cas no.91-20-3 /LR /Liguid 450 ml /ขวด",91-20-3,,LR,450,mL,ขวด,
AS192876,"Iodine crystal (C15H17ClN4) /Solid","Iodine crystal (C15H17ClN4)cas no.553-24-2/ LR /Solid 50 g /ขวด",553-24-2,,LR,50,g,ขวด,
AS192877,"Iodine solution (HNO3) /Liguid","Iodine solution (HNO3)cas no.7697-37-2 / LR /Liguid 450 ml /ขวด",7697-37-2,,LR,450,mL,ขวด,
AS192878,"Iron(III) Nitrate ( C19H14O5S) /Solid","Iron(III) Nitrate ( C19H14O5S)cas no.143-74-8 /AR /Solid 500 g /ขวด",143-74-8,,AR,500,g,ขวด,
AS192879,"Lead (C20H14O4 )cas no.Mixture. /Solid","Lead (C20H14O4 )cas no.Mixture./AR /Solid 100 g /ขวด",,,AR,100,g,ขวด,
AS192880,"Lead(II) Nitrate (H3PO4) /Solid","Lead(II) Nitrate (H3PO4)cas no.7664-38-2 /AR /Solid 500 g /ขวด",7664-38-2,,AR,500,g,ขวด,
AS192881,"Magnesium sulfate (KAl(SO4)2 ) /Solid","Magnesium sulfate (KAl(SO4)2 ) /LR /Solid 450 g /ขวด",,,LR,450,g,ขวด,
AS192882,"Manganese sulfate dehydrate ( KBr) /Solid","Manganese sulfate dehydrate ( KBr)cas no. 7758-02-3 /AR /Solid 500 g /ขวด",7758-02-3,,AR,500,g,ขวด,
AS192883,"Methyl orange (K2CO3) /Liguid","Methyl orange (K2CO3)cas no.584-08-7 /LR /Liguid 100 ml /ขวด",584-08-7,,LR,100,mL,ขวด,
AS192884,"Methyl red (Cr2K2O7) /Liguid","Methyl red (Cr2K2O7)cas no.7778-50-9 /LR /Liguid 100 ml /ขวด",7778-50-9,,LR,100,mL,ขวด,
AS192885,"Naphthalene(K3Fe(CN)6) /Solid","Naphthalene(K3Fe(CN)6)cas no.13746-66-2 /LR /Solid 250 g /ขวด",13746-66-2,,LR,250,g,ขวด,
AS192886,"Neutral red ( KOH ) /Solid","Neutral red ( KOH )cas no.1310-58-3 /AR /Solid 25 g /ขวด",1310-58-3,,AR,25,g,ขวด,
AS192887,"Nitric acid (KI) /Liguid","Nitric acid (KI)cas no.7681-11-0 /LR /Liguid 450 ml /ขวด",7681-11-0,,LR,450,mL,ขวด,
AS192888,"Phenol red (KI) /Liguid","Phenol red (KI) cas no.7681-11-0 /LR /Liguid 100 ml /ขวด",7681-11-0,,LR,100,mL,ขวด,
AS192889,"Phenolphthalein (KNO3) /Liguid","Phenolphthalein (KNO3)cas no. 7757-79-1 /LR /Liguid 100 ml /ขวด",7757-79-1,,LR,100,mL,ขวด,
AS192890,"phosphoric acid (KNO3) /Liguid","phosphoric acid (KNO3)cas no. 7757-79-1 /LR /Liguid 450 ml /ขวด",7757-79-1,,LR,450,mL,ขวด,
AS192891,"Potassium alum ( KMnO4) /Solid","Potassium alum ( KMnO4) cas no.7722-64-7 /LR /Solid 450 g /ขวด",7722-64-7,,LR,450,g,ขวด,
AS192892,"Potassium bromide (C20H19ClN4) /Solid","Potassium bromide (C20H19ClN4)cas no.477-73-6 /LR /Solid 100 g /ขวด",477-73-6,,LR,100,g,ขวด,
AS192853,"calcium carbonate (C-25-H30-Cl-N3) /Solid","calcium carbonate (C-25-H30-Cl-N3)cas no.548-62-9 /LR /Solid 250 g /ขวด",548-62-9,,LR,250,g,ขวด,
AS192854,"Calcium chloride /Solid","Calcium chloride cas no.64-17-5 /LR /Solid 450 g /ขวด",64-17-5,,LR,450,g,ขวด,
AS192855,"Calcium sulfate (CH3 - CH2 - OH) /Solid","Calcium sulfate (CH3 - CH2 - OH)cas no.64-17-5 /AR /Solid 500 g /ขวด",64-17-5,,AR,500,g,ขวด,
AS192856,"Camphor (C2H5OC2H5) /Solid","Camphor (C2H5OC2H5)cas no. 60-29-7 /LR /Solid 1 kg /ถุง",60-29-7,,LR,1,kg,ถุง,
AS192857,"Charcoal wood (C37H34N2Na2O10S3) /Solid","Charcoal wood (C37H34N2Na2O10S3)cas no. 2353-45-9 /LR /Solid 150 g /ขวด",2353-45-9,,LR,150,g,ขวด,
AS192858,"Chloroform ( C37H34N2Na2O10S3) /Liguid","Chloroform ( C37H34N2Na2O10S3)cas no.2353-45-9 /LR /Liguid 2.5 L /ขวด",2353-45-9,,LR,2.5,L,ขวด,
AS192859,"Citric acid /Solid","Citric acid cas no.50-00-0 /LR /Solid 1 kg /ขวด",50-00-0,,LR,1,kg,ขวด,
AS192860,"cobalt II chloride /Solid","cobalt II chloride cas no.64-18-6 /LR /Solid 100 g /ขวด",64-18-6,,LR,100,g,ขวด,
AS192861,"Copper(II) sulfate ( C6H12O6) /Solid","Copper(II) sulfate ( C6H12O6)cas no.50-99-7 /LR /Solid 450 g /ขวด",50-99-7,,LR,450,g,ขวด,
AS192862,"Copper(II)chloride : ( C3H5(OH)3) /Solid","Copper(II)chloride : ( C3H5(OH)3)cas no.56-81-5 /LR /Solid 250 g /ขวด",56-81-5,,LR,250,g,ขวด,
AS192863,"Crystal Violet (C6H12) /Solid","Crystal Violet (C6H12)cas no.110-82-7 /LR /Solid 25 g /ขวด",110-82-7,,LR,25,g,ขวด,
AS192864,"Ethanol absolute 99.8% (HCl) /Liguid","Ethanol absolute 99.8% (HCl)cas no.7647-01-0 /LR /Liguid 1 L /ขวด",7647-01-0,,LR,1,L,ขวด,
AS192865,"Ethyl Alcohol (H2O2) /Liguid","Ethyl Alcohol (H2O2)cas no.7722-84-1 /AR /Liguid 20 L /ถัง",7722-84-1,,AR,20,L,ถัง,
AS192866,"Ethyl ether (I2) /Liguid","Ethyl ether (I2)cas no. 7553-56-2 /LR /Liguid 2.5 L /ขวด",7553-56-2,,LR,2.5,L,ขวด,
AS192867,"Fast green cas no.Mixture. /Solid","Fast green cas no.Mixture. /AR /Solid 10 g /ขวด",,,AR,10,g,ขวด,
AS192868,"Fast green (Fe(NO3)3) /Liguid","Fast green (Fe(NO3)3)cas no.7782-61-8 /LR /Liguid 100 ml /ขวด",7782-61-8,,LR,100,mL,ขวด,
AS192869,"FORMALDEHYDE 40% ( Pb(NO3)2) /Liguid","FORMALDEHYDE 40% ( Pb(NO3)2)cas no.10099-74-8 /LR /Liguid 2.5 L /ขวด",10099-74-8,,LR,2.5,L,ขวด,
AS192870,"Formic acid 85 % (Pb(NO3)2) /Liguid","Formic acid 85 % (Pb(NO3)2)cas no.10099-74-8 /LR /Liguid 450 ml /ขวด",10099-74-8,,LR,450,mL,ขวด,
AS192871,"Glucose (MgSO4) /Solid","Glucose (MgSO4)cas no.7487-88-9 /LR /Solid 250 g /ขวด",7487-88-9,,LR,250,g,ขวด,
AS192872,"Glycerol (MnSO4.2H2O) /Liguid","Glycerol (MnSO4.2H2O)cas no.7785-87-7 /LR /Liguid 500 ml /ขวด",7785-87-7,,LR,500,mL,ขวด,
AS192873,"Hexahydrobenzene (C14H14N3NaO3S) /Liguid","Hexahydrobenzene (C14H14N3NaO3S)cas no.547-58-0 /AR /Liguid 500 ml /ขวด",547-58-0,,AR,500,mL,ขวด,
AS192839,"Acetic acid ( Na2B4O7?5H2O) /Liguid","Acetic acid ( Na2B4O7?5H2O)cas no.1330-43-4 /LR /Liguid 2.5 L /ขวด",1330-43-4,,LR,2.5,L,ขวด,
AS192840,"Acetone (H3BO3) /Liguid","Acetone (H3BO3)cas no.10043-35-3 /LR /Liguid 2.5 L /ขวด",10043-35-3,,LR,2.5,L,ขวด,
AS192841,"Aluminum Sulfate (C10 H18 O ) /Solid","Aluminum Sulfate (C10 H18 O )cas no.6627-72-1 /AR /Solid 500 g /ขวด",6627-72-1,,AR,500,g,ขวด,
AS192842,"Ammonium chloride (C27H28Br2O5S) /Solid","Ammonium chloride (C27H28Br2O5S)cas no. 76-59-5 /AR /Solid 500 g /ขวด",76-59-5,,AR,500,g,ขวด,
AS192843,"Ammonium Iron (II) Sulfate (CaCO3) /Solid","Ammonium Iron (II) Sulfate (CaCO3)cas no.471-34-1 /AR /Solid 500 g /ขวด",471-34-1,,AR,500,g,ขวด,
AS192844,"Ammonium thiocyanate (CaCl2) /Solid","Ammonium thiocyanate (CaCl2)cas no.10043-52-4 /AR /Solid 450 g /ขวด",10043-52-4,,AR,450,g,ขวด,
AS192845,"Ascorbic acid (CaSO4*0,5H2O) /Solid","Ascorbic acid (CaSO4*0,5H2O)cas no.7778-18-9 /LR /Solid 50 g /ขวด",7778-18-9,,LR,50,g,ขวด,
AS192846,"Barium chloride (C10H16O) /Solid","Barium chloride (C10H16O)cas no.72-22-2 /LR /Solid 450 g /ขวด",72-22-2,,LR,450,g,ขวด,
AS192847,"Benedict solution /Liguid","Benedict solution /LR /Liguid 450 ml /ขวด",,,LR,450,mL,ขวด,
AS192848,"Benzoic acid( CHCl3) /Solid","Benzoic acid( CHCl3)cas no. 67-66-3 /LR /Solid 100 g /ขวด",67-66-3,,LR,100,g,ขวด,
AS192849,"Borax (C6H8O7) /Solid","Borax (C6H8O7)cas no.77-92-9 /LR /Solid 450 g /ขวด",77-92-9,,LR,450,g,ขวด,
AS192850,"Boric acid (CoCl2.6H2O) /Liguid","Boric acid (CoCl2.6H2O)cas no.7646-79-9 /AR /Liguid 500 ml /ขวด",7646-79-9,,AR,500,mL,ขวด,
AS192851,"Borneol flakes (CuSO4 ) /Solid","Borneol flakes (CuSO4 )cas no.7758-98-7 /LR /Solid 500 g /ถุง",7758-98-7,,LR,500,g,ถุง,
AS192852,"Bromothymol blue(CuCl2) /Solid","Bromothymol blue(CuCl2)cas no.7447-39-4 /AR /Solid 5 g /ขวด",7447-39-4,,AR,5,g,ขวด,
AS192822,"แอลกอฮอล์ บริสุทธิ์ 95%","แอลกอฮอล์ บริสุทธิ์ 95% 0.45 l /ขวด",,,,0.45,L,ขวด,
AS192409,"Prepared Common Monkshood Daughter Root","Prepared Common Monkshood Daughter Root 10 g /ห่อ",,,,10,g,ห่อ,
AS192410,"Prepared Fleeceflower Root","Prepared Fleeceflower Root 10 g /ห่อ",,,,10,g,ห่อ,
AS192411,"Prepared Liquorice Root","Prepared Liquorice Root 10 g /ห่อ",,,,10,g,ห่อ,
AS192412,"Prepared Rehmannia Root","Prepared Rehmannia Root 10 g /ห่อ",,,,10,g,ห่อ,
AS192415,"Red Peony Root","Red Peony Root 10 g /ห่อ",,,,10,g,ห่อ,
AS192377,"Lilac Pink Herb","Lilac Pink Herb 10 g /ห่อ",,,,10,g,ห่อ,
AS192356,"Hawthorn Fruit (charred","Hawthorn Fruit (charred) 10 g /ห่อ",,,,10,g,ห่อ,
AS192244,"Cyclohexane /Liquids","Cyclohexane /Liquids 4000 ml /ขวด",,,,4000,mL,ขวด,
AS192246,"Methylcyclohexane /Liquids","Methylcyclohexane /Liquids 4000 ml /ขวด",,,,4000,mL,ขวด,
AS192250,"Ethylbenzene /Liquids","Ethylbenzene /Liquids 4000 ml /ขวด",,,,4000,mL,ขวด,
AS192252,"Suffer dioxide tube /Solid 10 หลอด","Suffer dioxide tube /Solid 10 หลอด /กล่อง",,,,,,กล่อง,YES
AS192253,"Carbondioxide tube /Solid 10 หลอด","Carbondioxide tube /Solid 10 หลอด /กล่อง",,,,,,กล่อง,YES
AS192254,"Carbonmonoxide tube /Solid 10 หลอด","Carbonmonoxide tube /Solid 10 หลอด /กล่อง",,,,,,กล่อง,YES
AS192255,"Ammonia tube /Solid 10 หลอด","Ammonia tube /Solid 10 หลอด /กล่อง",,,,,,กล่อง,YES
AS192256,"Nitric oxide tube /Solid 10 หลอด","Nitric oxide tube /Solid 10 หลอด /กล่อง",,,,,,กล่อง,YES
AS192225,"Formaldehyde /Liquids","Formaldehyde /AR /Liquids 4000 ml /ขวด",,,AR,4000,mL,ขวด,
AS192226,"Acetronitrile /Liquids","Acetronitrile /HPLC /Liquids 4000 ml /ขวด",,,HPLC,4000,mL,ขวด,
AS192227,"Formaldehyde-sodium bisulfite /Solid","Formaldehyde-sodium bisulfite /AR /Solid 2000 g /ขวด",,,AR,2000,g,ขวด,
AS192228,"Deionized water /Liquids","Deionized water /AR /Liquids 4000 ml /ขวด",,,AR,4000,mL,ขวด,
AS192229,"Nitric acid /Liquids","Nitric acid /AR /Liquids 4000 ml /ขวด",,,AR,4000,mL,ขวด,
AS192230,"Actic acid /Liquids","Actic acid /AR /Liquids 4000 ml /ขวด",,,AR,4000,mL,ขวด,
AS192231,"Formic acid /Liquids","Formic acid /AR /Liquids 4000 ml /ขวด",,,AR,4000,mL,ขวด,
AS192232,"Hydrocholric acid /Liquids","Hydrocholric acid /AR /Liquids 4000 ml /ขวด",,,AR,4000,mL,ขวด,
AS192233,"Sodium hydroxide /Solid","Sodium hydroxide /AR /Solid 1000 g /ขวด",,,AR,1000,g,ขวด,
AS192234,"Zinc /Solid","Zinc /AR /Solid 25 g /ขวด",,,AR,25,g,ขวด,
AS192235,"Dichloromethane /Liquids","Dichloromethane /AR /Liquids 4000 ml /ขวด",,,AR,4000,mL,ขวด,
AS192236,"Ethyl acetate /Liquids","Ethyl acetate /AR /Liquids 4000 ml /ขวด",,,AR,4000,mL,ขวด,
AS192237,"Diethyl ether /Liquids","Diethyl ether /AR /Liquids 4000 ml /ขวด",,,AR,4000,mL,ขวด,
AS192238,"N,N-Dimethylformamide /Liquids","N,N-Dimethylformamide /AR /Liquids 4000 ml /ขวด",,,AR,4000,mL,ขวด,
AS192239,"Cholroform /Liquids","Cholroform /AR /Liquids 4000 ml /ขวด",,,AR,4000,mL,ขวด,
AS192240,"Carbondisulfile /Liquids","Carbondisulfile /AR /Liquids 4000 ml /ขวด",,,AR,4000,mL,ขวด,
AS192241,"Styrene /Reagent Plus? /Liquids","Styrene /Reagent Plus? /Liquids 4000 ml /ขวด",,,,4000,mL,ขวด,
AS192242,"n-Hexane /Liquids","n-Hexane /Liquids 4000 ml /ขวด",,,,4000,mL,ขวด,
AS192243,"n-Pentane /Liquids","n-Pentane /HPLC /Liquids 4000 ml /ขวด",,,HPLC,4000,mL,ขวด,
AS192207,"อาซิโตไนไตรล์ CAS Number 75-05-8 เกรด HLC (Sigma Aldrich, Singapore) /Liquids L","อาซิโตไนไตรล์ CAS Number 75-05-8 เกรด HLC (Sigma Aldrich, Singapore) /Liquids 2.5 L L /ขวด",,,,2.5,L,ขวด,
AS192209,"Ethanol /Liquids L","Ethanol /AR /Liquids 2.5 L L /ขวด",,,AR,2.5,L,ขวด,
AS192210,"สารส้ม /Solid","สารส้ม /Solid 1 kg /ขวด",,,,1,kg,ขวด,
AS192211,"ปูนขาว /Solid","ปูนขาว /Solid 1 kg /ขวด",,,,1,kg,ขวด,
AS192212,"methyl orange /Solid","methyl orange /Solid 100 g /ขวด",,,,100,g,ขวด,
AS192213,"Potassium hexachloroplatinate (IV) powder /Solid","Potassium hexachloroplatinate (IV) powder /Solid 1 g /ขวด",,,,1,g,ขวด,
AS192214,"Cobalt (II) chloride /Solid","Cobalt (II) chloride /Solid 500 g /ขวด",,,,500,g,ขวด,
AS192215,"Calcium Carbonate /Solid","Calcium Carbonate /AR /Solid 500 g /ขวด",,,AR,500,g,ขวด,
AS192216,"Hexane /Liquids","Hexane /AR /Liquids 4000 ml /ขวด",,,AR,4000,mL,ขวด,
AS192217,"Acetone /Liquids","Acetone /AR /Liquids 4000 ml /ขวด",,,AR,4000,mL,ขวด,
AS192218,"Methanol /Liquids","Methanol /HPLC /Liquids 4000 ml /ขวด",,,HPLC,4000,mL,ขวด,
AS192219,"Ethanol /Liquids","Ethanol /AR /Liquids 4000 ml /ขวด",,,AR,4000,mL,ขวด,
AS192220,"Toluene /Liquids","Toluene /AR /Liquids 4000 ml /ขวด",,,AR,4000,mL,ขวด,
AS192221,"Benzene /Liquids","Benzene /AR /Liquids 4000 ml /ขวด",,,AR,4000,mL,ขวด,
AS192222,"Xylene /Liquids","Xylene /AR /Liquids 4000 ml /ขวด",,,AR,4000,mL,ขวด,
AS192223,"Isopropanol /Liquids","Isopropanol /HPLC /Liquids 4000 ml /ขวด",,,HPLC,4000,mL,ขวด,
AS192224,"Ultra pure water /Liquids","Ultra pure water /HPLC /Liquids 4000 ml /ขวด",,,HPLC,4000,mL,ขวด,
AS192189,"K-Y Gel Lubrificaqnte Esterril /Solid 82 g1 หลอด","K-Y Gel Lubrificaqnte Esterril 82g /Solid 82 g1 หลอด /กล่อง",,,,82,g,กล่อง,
AS192190,"Q-C Lubricating Jelly 50 grams /Solid 50 g2 หลอด","Q-C Lubricating Jelly 50 grams /Solid 50 g2 หลอด /กล่อง",,,,,,กล่อง,YES
AS192191,"Ethyl Alcohol 70% /Liquids 450 ml6 ขวด","Ethyl Alcohol 70% /Liquids 450 ml6 ขวด /แพ็ค",,,,,,แพ็ค,YES
AS192192,"Ethyl Alcohol 70% /Liquids 30 ml12 ขวด","Ethyl Alcohol 70% /Liquids 30 ml12 ขวด /แพ็ค",,,,,,แพ็ค,YES
AS192193,"Lauryl sulfate broth (Tryptose) /Solid","Lauryl sulfate broth (Tryptose) /Solid 500 g /ขวด",,,,500,g,ขวด,
AS192194,"EC medium with mug /Solid","EC medium with mug /Solid 500 g /ขวด",,,,500,g,ขวด,
AS192195,"EMB agar /Solid","EMB agar /Solid 500 g /ขวด",,,,500,g,ขวด,
AS192196,"Tryptose broth /Solid","Tryptose broth /Solid 500 g /ขวด",,,,500,g,ขวด,
AS192197,"MR-VP medium /Solid","MR-VP medium /Solid 500 g /ขวด",,,,500,g,ขวด,
AS192198,"Simmon citrate agar /Solid","Simmon citrate agar /Solid 500 g /ขวด",,,,500,g,ขวด,
AS192199,"Kovacs'indole reagent /Liquids","Kovacs'indole reagent /Liquids 100 ml /ขวด",,,,100,mL,ขวด,
AS192200,"Crystal violet /Solid","Crystal violet /Solid 25 g /ขวด",,,,25,g,ขวด,
AS192201,"Iodine Resublimed /Solid","Iodine Resublimed /Solid 100 g /ขวด",,,,100,g,ขวด,
AS192202,"Acetone /Liquids","Acetone /Liquids 2.5 L /ขวด",,,,2.5,L,ขวด,
AS192203,"Safranine O /Solid","Safranine O /Solid 25 g /ขวด",,,,25,g,ขวด,
AS192204,"สารมาตรฐาน Caffeine 99% /Liquids Sigma","สารมาตรฐาน Caffeine 99% /Liquids Sigma250 ml /ขวด",,,,250,mL,ขวด,
AS192169,"Menthol /Unionsci /Solid","Menthol cas no.9001-78-9 /Unionsci /Solid 1 kg /ถุง",9001-78-9,,,1,kg,ถุง,
AS192171,"Sodium Chloride (Nacl) /Rcilahscan /Solid","Sodium Chloride (Nacl) cas no.811102 /Rcilahscan /Solid 1 kg /ขวด",811-10-2,,,1,kg,ขวด,
AS192172,"Peppermint oil /Unionsci /Liquids","Peppermint oil cas no.116-63-2 /Unionsci /Liquids 450 ml /ขวด",116-63-2,,,450,mL,ขวด,
AS192173,"Parafin wax /Unionsci /Solid","Parafin wax [NH3]cas no.7664-41-7 /Unionsci /Solid 1 kg /ถุง",7664-41-7,NH3,,1,kg,ถุง,
AS192174,"Refined Glycerine /Srichand /Liquids","Refined Glycerine [NH4Cl]cas no.12125-02-9 /Srichand /Liquids 450 g /ขวด",12125-02-9,NH4Cl,,450,g,ขวด,
AS192175,"Texapon N 70 /Unionsci /Liquids","Texapon N 70 [NH4OH]cas no.1336-21-6 /Unionsci /Liquids 1 kg /ขวด",1336-21-6,NH4OH,,1,kg,ขวด,
AS192176,"Tween 60 [(NH4)6Mo7O24.4H2O ] /Unionsci /Liquids","Tween 60 [(NH4)6Mo7O24.4H2O ]cas no.12027-67-7 /Unionsci /Liquids 1 kg /แกลลอน",12027-67-7,,,1,kg,แกลลอน,
AS192177,"Vasevine [(NH4)6Mo7O24] /Unionsci /Liquids","Vasevine [(NH4)6Mo7O24]cas no.909447 /Unionsci /Liquids 1 kg /ถุง",909-44-7,,,1,kg,ถุง,
AS192178,"Normal saline solution/NSS 2 ml /Liquids 50 หลอด","Normal saline solution/NSS 2 ml /Liquids 2 ml50 หลอด /กล่อง",,,,2,mL,กล่อง,
AS192179,"Normal saline solution/NSS 10 ml /Liquids 50 หลอด","Normal saline solution/NSS 10 ml /Liquids 10 ml50 หลอด /กล่อง",,,,10,mL,กล่อง,
AS192180,"Normal saline solution/NSS 100 ml /Liquids 12 ขวด","Normal saline solution/NSS 100 ml /Liquids 100 ml12 ขวด /กล่อง",,,,100,mL,กล่อง,
AS192181,"Normal saline solution/NSS 1000 ml /Liquids 12 ขวด","Normal saline solution/NSS 1000 ml /Liquids 1000 ml12 ขวด /กล่อง",,,,1000,mL,กล่อง,
AS192184,"Dextrose 5% (D5S) 1000 ml /Liquids 12 ขวด","Dextrose 5% (D5S) 1000 ml /Liquids 1000 ml12 ขวด /กล่อง",,,,1000,mL,กล่อง,
AS192152,"Cetyl alcohol /Unionsci /Solid","Cetyl alcohol [NH2CH2CH2OH]cas no.141-43-5 /Unionsci /Solid 1 kg /ถุง",141-43-5,NH2CH2CH2OH,,1,kg,ถุง,
AS192153,"Cinnamon oil cas no.RT007 /Unionsci /Liquids","Cinnamon oil cas no.RT007 /Unionsci /Liquids 800 g /ขวด",,,,800,g,ขวด,
AS192154,"Citric acid 500 /Unionsci /Solid","Citric acid 500 cas no.4264-83-9 /Unionsci /Solid 500 g /ถุง",4264-83-9,,,500,g,ถุง,
AS192155,"Coconut oil [C7H6O6S ?2H2O] /Hong Huat /Liquids","Coconut oil [C7H6O6S ?2H2O]cas no.5965-83-3 /Hong Huat /Liquids 250 ml /ขวด",5965-83-3,,,250,mL,ขวด,
AS192159,"Fragrance oil (ดอกโมก) /Liquids","Fragrance oil (ดอกโมก) cas no.107-85 /Liquids 20 ml /ขวด",107-85,,,20,mL,ขวด,
AS192160,"Fragrance oil (น้ำมันมะพร้าว) /Liquids","Fragrance oil (น้ำมันมะพร้าว) [C2H4O2]cas no.64-19-7 /Liquids 20 ml /ขวด",64-19-7,C2H4O2,,20,mL,ขวด,
AS192161,"Fragrance oil (มะขาม) [C3-H6-O] /Liquids","Fragrance oil (มะขาม) [C3-H6-O]cas no.67-64-1 /Liquids 20 ml /ขวด",67-64-1,,,20,mL,ขวด,
AS192162,"Fragrance oil (ลิลลี่) [CH3COSCH2CH2N(CH3)3Cl] /Liquids","Fragrance oil (ลิลลี่) [CH3COSCH2CH2N(CH3)3Cl]cas no.60-31-1 /Liquids 20 ml /ขวด",60-31-1,,,20,mL,ขวด,
AS192163,"Glycerine /Unionsci /solid","Glycerine [CH3COOH]cas no.64-19-7 /Unionsci /solid 3 kg /ถุง",64-19-7,CH3COOH,,3,kg,ถุง,
AS192164,"Glycrely monoststearate /Unionsci /Solid","Glycrely monoststearate cas no.9002-18-0 /Unionsci /Solid 1 kg /ถุง",9002-18-0,,,1,kg,ถุง,
AS192167,"Lanolin /Unionsci /Solid","Lanolin /Unionsci /Solid 1 kg /ถุง",,,,1,kg,ถุง,
AS192168,"Liquid paraffin /Srichand /Liquids","Liquid paraffin cas no.9001-78-9 /Srichand /Liquids 450 ml /ขวด",9001-78-9,,,450,mL,ขวด,
AS192146,"Bee wax /Unionsci /Solid","Bee wax /Unionsci /Solid 1 kg /ถุง",,,,1,kg,ถุง,
AS192148,"Borneol flakes /Unionsci /Solid","Borneol flakes /Unionsci /Solid 500 g /ถุง",,,,500,g,ถุง,
AS192149,"Cajupul oil [C12H8N2.H2O] /Unionsci /Liquids","Cajupul oil [C12H8N2.H2O]cas no. 5144-89-8 /Unionsci /Liquids 800 ml /ขวด",5144-89-8,,,800,mL,ขวด,
AS192150,"Camphor /Unionsci /Solid","Camphor /Unionsci /Solid 3 kg /ถุง",,,,3,kg,ถุง,
AS192151,"Cetiol HE cas no.RD001 /Unionsci /Liquids","Cetiol HE cas no.RD001 /Unionsci /Liquids 500 ml /ถุง",,,,500,mL,ถุง,
AS192119,"ชุดทดสอบยาฆ่าแมลงในอาหาร (กลุ่มฟอสเฟต, คาร์บาเมต) /Liquids 1 ชุด","ชุดทดสอบยาฆ่าแมลงในอาหาร (กลุ่มฟอสเฟต, คาร์บาเมต) /Liquids 1 ชุด /กล่อง",,,,,,กล่อง,YES
AS192124,"ชุดทดสอบสารโพลาร์ในน้ำมันทอดซ้ำ Polar Blue /Liquids 1 ชุด","ชุดทดสอบสารโพลาร์ในน้ำมันทอดซ้ำ Polar Blue /Liquids 1 ชุด /กล่อง",,,,,,กล่อง,YES
AS192092,"Tris-base /Solid","Tris-base cas no.77-68-1 /Solid 500 g /ขวด",77-68-1,,,500,g,ขวด,
AS192093,"Tri-sodium citrate.2H2O /Solid","Tri-sodium citrate.2H2O [C6H9Na3O9] /Solid 500 g /ขวด",,C6H9Na3O9,,500,g,ขวด,
AS192094,"Trypicase soy broth (Soyabean Casein) /Solid","Trypicase soy broth (Soyabean Casein) /Solid 500 g /ขวด",,,,500,g,ขวด,
AS192095,"TSI Agar /Solid","TSI Agar /Solid 500 g /ขวด",,,,500,g,ขวด,
AS192096,"Tubocurarine hydrochloride ?97% [C37H42Cl2N2O6 ] /Solid","Tubocurarine hydrochloride ?97% [C37H42Cl2N2O6 ] /Solid 100 mg /ขวด",,,,100,mg,ขวด,
AS192097,"Turk's solution /Liquids","Turk's solution /Liquids 100 ml /ขวด",,,,100,mL,ขวด,
AS192098,"Urea reagent, 99.0-100.5% /Solid","Urea ACS reagent, 99.0-100.5% /Solid 500 g /ขวด",,,ACS,500,g,ขวด,
AS192099,"Urea liquid [57-13-6 ]cas no.CH4N2O /Liquids","Urea liquid [57-13-6 ]cas no.CH4N2O /Liquids 100 ml /ขวด",,,,100,mL,ขวด,
AS192100,"Uric Acid [ 69-93-2]cas no.C5H4N4O3 /Liquids","Uric Acid [ 69-93-2]cas no.C5H4N4O3 /Liquids 100 ml /ขวด",,,,100,mL,ขวด,
AS192101,"Uristix SG /Solid 100 stripe","Uristix SG /Solid 100 stripe /ขวด",,,,,,ขวด,YES
AS192102,"Washing solution /Liquids","Washing solution /Liquids 2.5 L /แกลลอน",,,,2.5,L,แกลลอน,
AS192103,"Wright stain cas no.K047B10 /Solid","Wright stain cas no.K047B10 /Solid 25 g /ขวด",,,,25,g,ขวด,
AS192104,"XLD Agar /Solid","XLD Agar /Solid 500 g /ขวด",,,,500,g,ขวด,
AS192105,"Xylene [C8H10, C6H4(CH3)2 or C6H4C2H6] /Liquids","Xylene [C8H10, C6H4(CH3)2 or C6H4C2H6]cas no.1330-20-7 /Liquids 4000 ml /ขวด",1330-20-7,,,4000,mL,ขวด,
AS192106,"Xylene [C8H10, C6H4(CH3)2 or C6H4C2H6] /Liquids","Xylene [C8H10, C6H4(CH3)2 or C6H4C2H6]cas no.1330-20-7 /Liquids 2.5 L /ขวด",1330-20-7,,,2.5,L,ขวด,
AS192107,"Yeast extract /Solid","Yeast extract /Solid 100 g /ขวด",,,,100,g,ขวด,
AS192108,"ชุดทดสอบกรดแร่อิสระ (น้ำส้มสายชูปลอม) /Liquids 1 ชุด","ชุดทดสอบกรดแร่อิสระ (น้ำส้มสายชูปลอม) /Liquids 1 ชุด /กล่อง",,,,,,กล่อง,YES
AS192076,"Test kit for cholinesterase (ชุดทดสอบสารโคลินเอสเตอร์เรส) /Liquids 1 ชุด ชุด","Test kit for cholinesterase (ชุดทดสอบสารโคลินเอสเตอร์เรส) /Liquids 1 ชุด ชุด /กล่อง",,,,,,กล่อง,YES
AS192077,"Test kit for Cleanliness of food contact Article and hand /Liquids 1 ชุด","Test kit for Cleanliness of food contact Article and hand /Liquids 1 ชุด /กล่อง",,,,,,กล่อง,YES
AS192078,"Test kit for Coliform Bacteria /Liquids 1 ชุด","Test kit for Coliform Bacteria /Liquids 1 ชุด /กล่อง",,,,,,กล่อง,YES
AS192079,"Test kit for Colifrom in Water and Ice /Liquids 1 ชุด","Test kit for Colifrom in Water and Ice /Liquids 1 ชุด /กล่อง",,,,,,กล่อง,YES
AS192080,"Test kit for Formalin in food /Liquids 1 ชุด","Test kit for Formalin in food /Liquids 1 ชุด /กล่อง",,,,,,กล่อง,YES
AS192081,"Test kit for Iodine in salt /Liquids 1 ชุด","Test kit for Iodine in salt /Liquids 1 ชุด /กล่อง",,,,,,กล่อง,YES
AS192082,"Test kit for Pesticide Residue /Liquids 1 ชุด","Test kit for Pesticide Residue /Liquids 1 ชุด /กล่อง",,,,,,กล่อง,YES
AS192083,"Test kit for Polar /Liquids 1 ชุด","Test kit for Polar /Liquids 1 ชุด /กล่อง",,,,,,กล่อง,YES
AS192084,"Test kit for Salicylic Acid (Antifungal Agent) in food /Liquids 1 ชุด","Test kit for Salicylic Acid (Antifungal Agent) in food /Liquids 1 ชุด /กล่อง",,,,,,กล่อง,YES
AS192085,"Test kit for Sodium Hydrosulfite (Bleaching Agent) in food /Liquids 1 ชุด","Test kit for Sodium Hydrosulfite (Bleaching Agent) in food /Liquids 1 ชุด /กล่อง",,,,,,กล่อง,YES
AS192086,"Tetraethylammonium Chloride Hydrate /Solid","Tetraethylammonium Chloride Hydrate [C8H20ClN] /Solid 25 g /ขวด",,C8H20ClN,,25,g,ขวด,
AS192087,"Tetrationett Both /Solid","Tetrationett Both /Solid 500 g /ขวด",,,,500,g,ขวด,
AS192088,"Thiosulphate [S2O32?] /Solid","Thiosulphate [S2O32?]cas no.62-56-6 /Solid 500 g /ขวด",62-56-6,,,500,g,ขวด,
AS192091,"Tris (hydroxymethyl)-aminomethane /Solid","Tris (hydroxymethyl)-aminomethane cas no.77-68-1 /Solid 1000 g /ขวด",77-68-1,,,1000,g,ขวด,
AS192073,"Sulfuric acid /Liquids","Sulfuric acid [H2SO4]cas no. 7664-93-10 /AR /Liquids 2.5 L /ขวด",7664-93-10,H2SO4,AR,2.5,L,ขวด,
AS192074,"TCBS Agar /Solid","TCBS Agar /Solid 500 g /ขวด",,,,500,g,ขวด,
AS192055,"Sodium iodide /Solid","Sodium iodide [NaI]cas no.7681-82-5 /LR /Solid 100 g /ขวด",7681-82-5,NaI,LR,100,g,ขวด,
AS192056,"Sodium nitrite /Solid","Sodium nitrite [NaNO2]cas no.7632-00-0 /LR /Solid 500 g /ขวด",7632-00-0,NaNO2,LR,500,g,ขวด,
AS192057,"Sodium nitroprusside [Na2[Fe(CN)5NO]?2H2O] /Solid","Sodium nitroprusside [Na2[Fe(CN)5NO]?2H2O]cas no.13755-38-9 /Solid 100 g /ขวด",13755-38-9,,,100,g,ขวด,
AS192058,"Sodium phosphate, dibasic heptahydrate [Na2HPO4.7H2O] /Solid","Sodium phosphate, dibasic heptahydrate [Na2HPO4.7H2O]cas no. 7782-85-6 /LR /Solid 500 g /ขวด",7782-85-6,,LR,500,g,ขวด,
AS192059,"Sodium sulfite anhydrous /Solid","Sodium sulfite anhydrous [Na2SO3]cas no.7757-83-7 /LR /Solid 500 g /ขวด",7757-83-7,Na2SO3,LR,500,g,ขวด,
AS192060,"Sodium sulphate anhydrous /Solid","Sodium sulphate anhydrous [Na2SO4]cas no. 7757-82-6 /Solid 500 g /ขวด",7757-82-6,Na2SO4,,500,g,ขวด,
AS192061,"Sodium tartrate /Solid","Sodium tartrate [C4H8Na2O8]cas no.912479 /AR /Solid 500 g /ขวด",912-47-9,C4H8Na2O8,AR,500,g,ขวด,
AS192062,"Sodium thiosulfate pentahydrate [Na2S2O3.5H2O] /Solid","Sodium thiosulfate pentahydrate [Na2S2O3.5H2O]cas no.10102-17-7 /AR /Solid 500 g /ขวด",10102-17-7,,AR,500,g,ขวด,
AS192063,"Sodium thiosulphate /Solid","Sodium thiosulphate [Na2S2O3]cas no.7772-98-7 /AR /Solid 500 g /ขวด",7772-98-7,Na2S2O3,AR,500,g,ขวด,
AS192064,"SS Agar /Solid","SS Agar /Solid 500 g /ขวด",,,,500,g,ขวด,
AS192065,"Standard Cell O1, O2 /Liquids","Standard Cell O1, O2 /Liquids 10 ml /ขวด",,,,10,mL,ขวด,
AS192066,"Startsoluble /Solid","Startsoluble cas no.9005-84-9 /Solid 500 g /ขวด",9005-84-9,,,500,g,ขวด,
AS192069,"Streptomycin sulphate /Solid","Streptomycin sulphate /Solid 25 g /ขวด",,,,25,g,ขวด,
AS192070,"Sucrose /Solid","Sucrose [C12H22O11]cas no.1005102 /Solid 500 g /ขวด",1005-10-2,C12H22O11,,500,g,ขวด,
AS192071,"Sulfamic acid /Solid","Sulfamic acid [H2NSO3H]cas no. 5329-14-6 /AR /Solid 500 g /ขวด",5329-14-6,H2NSO3H,AR,500,g,ขวด,
AS192072,"Sulfanilamide /Solid","Sulfanilamide [C6H8N2SO2]cas no.63-74-1 /LR /Solid 500 g /ขวด",63-74-1,C6H8N2SO2,LR,500,g,ขวด,
AS192036,"SGOT SET /Solid 400 test","SGOT SET /Solid 400 test /ขวด",,,,,,ขวด,YES
AS192037,"SGPT SET /Solid 400 test","SGPT SET /Solid 400 test /ขวด",,,,,,ขวด,YES
AS192038,"Silver nitrate cas no.K42231912 126 /Solid","Silver nitrate [AgNO3]cas no.K42231912 126 /AR /Solid 100 g /ขวด",,AgNO3,AR,100,g,ขวด,
AS192039,"Silver sulfate /Solid","Silver sulfate [Ag2SO4]cas no.10294-26-5 /LR /Solid 100 g /ขวด",10294-26-5,Ag2SO4,LR,100,g,ขวด,
AS192040,"Soap Solution /Liquids 8 oz","Soap Solution /Liquids 8 oz /ขวด",,,,,,ขวด,YES
AS192041,"Sodium acetate anhydrous /Solid","Sodium acetate anhydrous [CH3COONa]cas no.127-09-3 /Solid 1000 g /ขวด",127-09-3,CH3COONa,,1000,g,ขวด,
AS192042,"Sodium arsenite /Solid","Sodium arsenite [NaAsO2]cas no. 7784-46-5 /AR /Solid 500 g /ขวด",7784-46-5,NaAsO2,AR,500,g,ขวด,
AS192043,"Sodium azide /Solid","Sodium azide [NaN3]cas no. 26628-22-8 /AR /Solid 500 g /ขวด",26628-22-8,NaN3,AR,500,g,ขวด,
AS192044,"Sodium carbonate anhydrous /Solid","Sodium carbonate anhydrous [Na2CO3]cas no.497-19-8 /AR /Solid 1000 g /ขวด",497-19-8,Na2CO3,AR,1000,g,ขวด,
AS192045,"Sodium chloride /Solid","Sodium chloride [NaCl]cas no.7647-14-5 /AR /Solid 500 g /ขวด",7647-14-5,NaCl,AR,500,g,ขวด,
AS192046,"Sodium Chloride /Solid","Sodium Chloride [NaCl]cas no.7647-14-5 /AR /Solid 1000 g /ขวด",7647-14-5,NaCl,AR,1000,g,ขวด,
AS192047,"sodium citrate [Na3C6H5O7.2H2O] /Liquids","sodium citrate [Na3C6H5O7.2H2O]cas no.6132-04-3 /AR /Liquids 1000 g /ขวด",6132-04-3,,AR,1000,g,ขวด,
AS192048,"Sodium desoxycholate /Solid","Sodium desoxycholate [C24H39NaO4]cas no.302-95-4 /AR /Solid 100 g /ขวด",302-95-4,C24H39NaO4,AR,100,g,ขวด,
AS192049,"Sodium Dodecyl Sulphate /Solid","Sodium Dodecyl Sulphate [SDS]cas no.1002101 /AR /Solid 500 g /ขวด",1002-10-1,SDS,AR,500,g,ขวด,
AS192050,"Sodium fluoride /Solid","Sodium fluoride [NaF]cas no.1003553 /AR /Solid 500 g /ขวด",1003-55-3,NaF,AR,500,g,ขวด,
AS192051,"Sodium Hydrogen Phosphate /Solid","Sodium Hydrogen Phosphate [Na2HPO4]cas no.7558-79-4 /AR /Solid 500 g /ขวด",7558-79-4,Na2HPO4,AR,500,g,ขวด,
AS192052,"Sodium hydrogen phosphate .2H2O [Na2HPO4.2H2O] /Solid 500","Sodium hydrogen phosphate .2H2O [Na2HPO4.2H2O]cas no. 10028-24-7 /Solid 500 /ขวด",10028-24-7,,,,,ขวด,YES
AS192053,"Sodium hydroxide /Solid","Sodium hydroxide [NaOH]cas no.1310-73-2 /AR /Solid 1 kg /ขวด",1310-73-2,NaOH,AR,1,kg,ขวด,
AS192054,"Sodium hydroxide pellets /Solid","Sodium hydroxide pellets [NaOH]cas no.1310-73-2 /GR /Solid 1000 g /ขวด",1310-73-2,NaOH,GR,1000,g,ขวด,
AS192018,"Potassium dihydrogen phosphate (ANH) /Solid","Potassium dihydrogen phosphate (ANH) [KH2PO4]cas no.7778-77-0 /Solid 500 g /ขวด",7778-77-0,KH2PO4,,500,g,ขวด,
AS192019,"Potassium hydrogen phthalate /Solid","Potassium hydrogen phthalate [KHC8H4O4]cas no.877-24-7 /AR /Solid 500 g /ขวด",877-24-7,KHC8H4O4,AR,500,g,ขวด,
AS192020,"Potassium hydroxide /Liquids","Potassium hydroxide [KOH]cas no.1310-58-3 /Liquids 500 ml /ขวด",1310-58-3,KOH,,500,mL,ขวด,
AS192022,"Potassium Nitrate /Solid","Potassium Nitrate [KNO3]cas no.7757-79-1 /AR /Solid 500 g /ขวด",7757-79-1,KNO3,AR,500,g,ขวด,
AS192023,"Potassium phosphate monobasic /Solid 500 g1","Potassium phosphate monobasic [KH2PO4]cas no.7778-77-0 /LR /Solid 500 g1 /ขวด",7778-77-0,KH2PO4,LR,,,ขวด,YES
AS192024,"Potato Dextose Both /Solid","Potato Dextose Both /Solid 500 g /ขวด",,,,500,g,ขวด,
AS192029,"Restriction enz BamHI /Solid 2000 unit","Restriction enz BamHI /Solid 2000 unit /ขวด",,,,,,ขวด,YES
AS192030,"Restriction enz EcoRI /Solid 5000 unit","Restriction enz EcoRI /Solid 5000 unit /ขวด",,,,,,ขวด,YES
AS192031,"Restriction enz XbaI /Solid 2000 unit","Restriction enz XbaI /Solid 2000 unit /ขวด",,,,,,ขวด,YES
AS192033,"Ribose /Solid","Ribose [C5H10O5]cas no.50-69-1 /Solid 5 g /ขวด",50-69-1,C5H10O5,,5,g,ขวด,
AS192034,"Rosebengal Agar /Solid","Rosebengal Agar /Solid 500 g /ขวด",,,,500,g,ขวด,
AS192035,"Salicylic acid /Solid","Salicylic acid [C7H6O3]cas no.69-72-7 /LR /Solid 500 g /ขวด",69-72-7,C7H6O3,LR,500,g,ขวด,
AS192013,"Phosphoric acid /Liquids","Phosphoric acid [H3PO4]cas no.7664-38-42 /LR /Liquids 2.5 L /ขวด",7664-38-42,H3PO4,LR,2.5,L,ขวด,
AS192014,"Plate count agar /Solid","Plate count agar /Solid 500 g /ขวด",,,,500,g,ขวด,
AS192015,"Polymyxin B Disc /Solid","Polymyxin B Disc /Solid 500 g /ขวด",,,,500,g,ขวด,
AS192016,"Potassium cyanide /Solid","Potassium cyanide [KCN]cas no.151-50-8 /Solid 250 g /ขวด",151-50-8,KCN,,250,g,ขวด,
AS192017,"Potassium dichromate (anhydrous) /Solid","Potassium dichromate (anhydrous) [K2Cr2O7]cas no.7778-50-9 /LR /Solid 500 g /ขวด",7778-50-9,K2Cr2O7,LR,500,g,ขวด,
AS191998,"Ninhydrin /Liquids","Ninhydrin cas no.903055 /AR /Liquids 25 g /ขวด",903-05-5,,AR,25,g,ขวด,
AS191999,"NOREPINEPHRINE ?98%, crystalline /Liquids","NOREPINEPHRINE ?98%, crystalline /Liquids 500 mg /ขวด",,,,500,mg,ขวด,
AS192000,"Nutrein Both /Solid","Nutrein Both /Solid 500 g /ขวด",,,,500,g,ขวด,
AS192002,"Orcinol /Solid","Orcinol [C7H8O2] /Solid 25 g /ขวด",,C7H8O2,,25,g,ขวด,
AS192004,"Paraplast /Solid 1000 g1","Paraplast /Solid 1000 g1 /ขวด",,,,,,ขวด,YES
AS192005,"Pepsin A /Solid 25 g1","Pepsin A /Solid 25 g1 /ขวด",,,,,,ขวด,YES
AS192006,"Peptone /Solid","Peptone cas no.73049-73-7 /Solid 500 g /ขวด",73049-73-7,,,500,g,ขวด,
AS192007,"Peptone /Solid","Peptone cas no.73049-73-7 /Solid 100 g /ขวด",73049-73-7,,,100,g,ขวด,
AS192008,"Permal (Toluene solution) /Liquids","Permal (Toluene solution) cas no.108-88-3 /Liquids 500 ml /ขวด",108-88-3,,,500,mL,ขวด,
AS192009,"Phenol cas no.1B748011C /Solid","Phenol [C6H6O]cas no.1B748011C /AR /Solid 1000 g /ขวด",,C6H6O,AR,1000,g,ขวด,
AS192010,"Phenol red /Solid","Phenol red [C19H14O5S]cas no.1002709 /Solid 25 g /ขวด",1002-70-9,C19H14O5S,,25,g,ขวด,
AS191990,"Mettyl Orange [ C14H14N3NaO3S] /Solid","Mettyl Orange [ C14H14N3NaO3S]cas no. 547-58-0 /Solid 25 g /ขวด",547-58-0,,,25,g,ขวด,
AS191991,"M-FC broth /Solid","M-FC broth cas no.7647-14-5 /Solid 500 g /ขวด",7647-14-5,,,500,g,ขวด,
AS191992,"Miller Hinton Both /Solid","Miller Hinton Both /Solid 500 g /ขวด",,,,500,g,ขวด,
AS191993,"MRS Both /Solid","MRS Both /Solid 500 g /ขวด",,,,500,g,ขวด,
AS191994,"MRVP Medium /Solid","MRVP Medium /Solid 500 g /ขวด",,,,500,g,ขวด,
AS191995,"N-(1-Naphthyl)-Ethylenediamine Dihydrochloride [C10H7NHCH2CH2NH2 ? 2HCl] /Solid","N-(1-Naphthyl)-Ethylenediamine Dihydrochloride [C10H7NHCH2CH2NH2 ? 2HCl]cas no.1465-25-4 /LR /Solid 500 mg /ขวด",1465-25-4,,LR,500,mg,ขวด,
AS191996,"N-Control serum /Liquids","N-Control serum /Liquids 3 ml /ขวด",,,,3,mL,ขวด,
AS191997,"N-Hexane /Liquids","N-Hexane [C6H14]cas no.110-54-3 /AR /Liquids 2.5 L /ขวด",110-54-3,C6H14,AR,2.5,L,ขวด,
AS191978,"L-Adrenaline /Solid","L-Adrenaline cas no.51-43-4 /Solid 5 g /ขวด",51-43-4,,,5,g,ขวด,
AS191979,"Levonorgestrel (ยาเม็ดคุมกำเนิดฉุกเฉิน) /Solid","Levonorgestrel (ยาเม็ดคุมกำเนิดฉุกเฉิน) /Solid /แผง",,,,,,แผง,YES
AS191980,"Macconggy Agar /Solid","Macconggy Agar /Solid 500 g /ขวด",,,,500,g,ขวด,
AS191981,"Magnesium chloride hexahydrate [MgCl2.6H2O] /Solid","Magnesium chloride hexahydrate [MgCl2.6H2O]cas no.7791-18-6 /LR /Solid 500 g /ขวด",7791-18-6,,LR,500,g,ขวด,
AS191982,"Magnesium sulfate heptahydrate [MgSO4.7H2O] /Solid","Magnesium sulfate heptahydrate [MgSO4.7H2O]cas no.10034-99-8 /AR /Solid 500 g /ขวด",10034-99-8,,AR,500,g,ขวด,
AS191983,"Manganese sulfate monohydrate [MnSO4.H2O] /Solid","Manganese sulfate monohydrate [MnSO4.H2O]cas no.10034-96-5 /LR /Solid 500 g /ขวด",10034-96-5,,LR,500,g,ขวด,
AS191984,"Manganese sulphate tatrahydrate [MnSO4.4H2O] /Solid","Manganese sulphate tatrahydrate [MnSO4.4H2O]cas no.10101-68-5 /LR /Solid 500 g /ขวด",10101-68-5,,LR,500,g,ขวด,
AS191985,"Manital Salt Agar /Solid","Manital Salt Agar /Solid 500 g /ขวด",,,,500,g,ขวด,
AS191987,"M-Endo broth /Solid","M-Endo broth cas no.64-17-5 /Solid 500 g /ขวด",64-17-5,,,500,g,ขวด,
AS191988,"Mercuric sulfate /Solid","Mercuric sulfate [HgSO4]cas no.7783-35-9 /AR /Solid 100 g /ขวด",7783-35-9,HgSO4,AR,100,g,ขวด,
AS191961,"Ethyl alcohal 95% /Liquids","Ethyl alcohal 95% /Liquids 20 L /แกลลอน",,,,20,L,แกลลอน,
AS191964,"HBsAg (Hepatitis B strip) cas no.ADG833 /Liquids 1 ml50 แพ็ค","HBsAg (Hepatitis B strip) cas no.ADG833 /Liquids 1 ml50 แพ็ค /กล่อง",,,,,,กล่อง,YES
AS191966,"Hematoxylin /Liquids","Hematoxylin cas no.517-28-2 /Liquids 450 ml /ขวด",517-28-2,,,450,mL,ขวด,
AS191967,"Hydrochloric 37 % /Liquids","Hydrochloric 37 % [HCl]cas no.7647-01-0 /AR /Liquids 2500 ml /ขวด",7647-01-0,HCl,AR,2500,mL,ขวด,
AS191968,"Hydrochloric acid /Liquids","Hydrochloric acid [HCl]cas no.7647-01-0 /AR /Liquids 2.5 L /ขวด",7647-01-0,HCl,AR,2.5,L,ขวด,
AS191969,"Hydrochloric acid (Conc.) /Liquids","Hydrochloric acid (Conc.) [HCl]cas no.7647-01-0 /AR /Liquids 2.5 L /ขวด",7647-01-0,HCl,AR,2.5,L,ขวด,
AS191970,"Hydroxylamine hydrochloride [H2NOH.HCl] 1 /Solid","Hydroxylamine hydrochloride [H2NOH.HCl]cas no.5470-11-1 1 /LR /Solid 500 g /ขวด",5470-11-1,,LR,500,g,ขวด,
AS191973,"Iodine /Liquids","Iodine [I2]cas no.7553-56-2 /AR /Liquids 500 g /ขวด",7553-56-2,I2,AR,500,g,ขวด,
AS191975,"L- Polene /Solid","L- Polene cas no.147-85-3 /Solid 10 g /ขวด",147-85-3,,,10,g,ขวด,
AS191976,"Lactose [C12H22O11.H2O] /Solid","Lactose [C12H22O11.H2O]cas no.63-42-3 /Solid 500 g /ขวด",63-42-3,,,500,g,ขวด,
AS191977,"Lactose broth cas no.Mixture. /Solid","Lactose broth cas no.Mixture. /Solid 500 g /ขวด",,,,500,g,ขวด,
AS191947,"Ethyl alcohol 70% /Liquids","Ethyl alcohol 70% [C2H6O]cas no.64-17-5 /Liquids 450 ml /ขวด",64-17-5,C2H6O,,450,mL,ขวด,
AS191948,"EVA broth cas no.Mixture. /Solid","EVA broth cas no.Mixture. /Solid 500 g /ขวด",,,,500,g,ขวด,
AS191949,"Ferric chloride hexahydrate [FeCl3.6H2O] /Solid","Ferric chloride hexahydrate [FeCl3.6H2O]cas no. 10025-77-1 /LR /Solid 500 g /ขวด",10025-77-1,,LR,500,g,ขวด,
AS191950,"Ferrous ammonium sulfate, hexahydrate [Fe(NH4)2(SO4)2.6H2O] /Solid","Ferrous ammonium sulfate, hexahydrate [Fe(NH4)2(SO4)2.6H2O]cas no.7783-85-9 /LR /Solid 1000 g /ขวด",7783-85-9,,LR,1000,g,ขวด,
AS191951,"Ferrous Sulfate Heptahydrate [FeSO4.7H2O] /Solid","Ferrous Sulfate Heptahydrate [FeSO4.7H2O]cas no.7782-63-0 /AR /Solid 500 g /ขวด",7782-63-0,,AR,500,g,ขวด,
AS191952,"Fluid Lactose Medium /Solid","Fluid Lactose Medium /Solid 500 g /ขวด",,,,500,g,ขวด,
AS191953,"Formaldehyde /Liquids","Formaldehyde [CH2O]cas no.50-00-0 /Liquids 2500 ml /ขวด",50-00-0,CH2O,,2500,mL,ขวด,
AS191954,"Fructose /Solid","Fructose [C6H12O6]cas no.1006242 /Solid 100 g /ขวด",1006-24-2,C6H12O6,,100,g,ขวด,
AS191955,"Gelatin /Solid","Gelatin cas no.1007250 /Solid 500 g /ขวด",1007-25-0,,,500,g,ขวด,
AS191956,"Gentamicin Disc /Solid 1 g5 หลอด","Gentamicin Disc cas no.1023935 /Solid 1 g5 หลอด /กล่อง",1023-93-5,,,,,กล่อง,YES
AS191957,"Glucose /Solid","Glucose /Solid 400 g /กระป๋อง",,,,400,g,กระป๋อง,
AS191958,"Glycerol /Liquids","Glycerol [C3H8O3]cas no.56-81-5 /Liquids 2500 ml /ขวด",56-81-5,C3H8O3,,2500,mL,ขวด,
AS191959,"Goat Antihuman C 3 cas no.Goat Antihuman C 3 /Liquids","Goat Antihuman C 3 cas no.Goat Antihuman C 3 /Liquids 1000 ml /ขวด",,,,1000,mL,ขวด,
AS191940,"Eosin /Liquids","Eosin cas no.17372-87-1 /Liquids 450 ml /ขวด",17372-87-1,,,450,mL,ขวด,
AS191941,"Eriochrome Black T [C20-H12-N3-Na-O7-S] /Solid","Eriochrome Black T [C20-H12-N3-Na-O7-S]cas no. 1787-61-7 /AR /Solid 25 g /ขวด",1787-61-7,,AR,25,g,ขวด,
AS191942,"Ethanol /Liquids","Ethanol [C2H5OH]cas no.64-17-5 /LR /Liquids 2.5 L /ขวด",64-17-5,C2H5OH,LR,2.5,L,ขวด,
AS191943,"Ethanol Absolute cas no.K41764383 050 /Liquids","Ethanol Absolute [C2H6O]cas no.K41764383 050 /Liquids 2.5 L /ขวด",,C2H6O,,2.5,L,ขวด,
AS191944,"Ethidiumbromide /Liquids","Ethidiumbromide cas no.1239-45-8 /Liquids 10 ml /ขวด",1239-45-8,,,10,mL,ขวด,
AS191945,"Ethinyl (ยาเม็ดคุมกำเนิด) /Solid 1 g12 แผง","Ethinyl (ยาเม็ดคุมกำเนิด) /Solid 1 g12 แผง /กล่อง",,,,,,กล่อง,YES
AS191920,"Copper sulfate /Solid","Copper sulfate [CuSO4]cas no.7758-99-8 /Solid 500 g /ขวด",7758-99-8,CuSO4,,500,g,ขวด,
AS191922,"Cristal violet /Solid","Cristal violet cas no.548-82-9 /Solid 25 g /ขวด",548-82-9,,,25,g,ขวด,
AS191925,"Deionized water /Liquids","Deionized water [H2O]cas no.7732-18-5 /Liquids 2.5 L /ขวด",7732-18-5,H2O,,2.5,L,ขวด,
AS191926,"Detergen /Liquids 100 ml1 หลอด","Detergen [NaOH] /Liquids 100 ml1 หลอด /กล่อง",,NaOH,,,,กล่อง,YES
AS191928,"D-Glucose /Solid","D-Glucose [C6H12O6]cas no.1009378 /Solid 500 g /ขวด",1009-37-8,C6H12O6,,500,g,ขวด,
AS191929,"Di- Sodium hydrogen phosphate .2H2O [Na2HPO4?2H2O] /Solid","Di- Sodium hydrogen phosphate .2H2O [Na2HPO4?2H2O]cas no.10028-24-7 /Solid 500 g /ขวด",10028-24-7,,,500,g,ขวด,
AS191930,"Dimehyl sulphoxide (DMSO) /Liquids","Dimehyl sulphoxide (DMSO) [C2H6OS]cas no.67-68-5 /AR /Liquids 2.5 ml /ขวด",67-68-5,C2H6OS,AR,2.5,mL,ขวด,
AS191931,"Diphenylalamine /Solid","Diphenylalamine cas no.122-39-4 /Solid 100 g /ขวด",122-39-4,,,100,g,ขวด,
AS191932,"Dipotassium hydrogen phosphate /Solid","Dipotassium hydrogen phosphate [K2HPO4]cas no. 7758-11-4 /LR /Solid 500 g /ขวด",7758-11-4,K2HPO4,LR,500,g,ขวด,
AS191934,"Disodium Salt of EthyleDiamine Tetraacetic Acid Dihydrate [C10H14N2O8Na2?2H2O] /Solid","Disodium Salt of EthyleDiamine Tetraacetic Acid Dihydrate [C10H14N2O8Na2?2H2O]cas no.6381-92-6 /LR /Solid 500 ml /ขวด",6381-92-6,,LR,500,mL,ขวด,
AS191935,"distilled water, DW /Liquids","distilled water, DW cas no.7732-18-5 /Liquids 2.5 L /ขวด",7732-18-5,,,2.5,L,ขวด,
AS191936,"DNA extraction set cas no.AC22716-1000 /Solid 50 prep","DNA extraction set cas no.AC22716-1000 /Solid 50 prep /ขวด",,,,,,ขวด,YES
AS191937,"DNA Ladder 100 cas no.N3231S /Solid","DNA Ladder 100 bp cas no.N3231S /Solid 50 ug /ขวด",,,BP,50,ug,ขวด,
AS191938,"EC broth (EC Medium) cas no.Mixture. /Solid","EC broth (EC Medium) cas no.Mixture. /Solid 500 g /ขวด",,,,500,g,ขวด,
AS191939,"EDTA Sodium salt /Solid","EDTA Sodium salt cas no.139-33-3 /Solid 500 g /ขวด",139-33-3,,,500,g,ขวด,
AS191901,"Brilliant green bile broth 2% /Solid","Brilliant green bile broth 2% /Solid 500 g /ขวด",,,,500,g,ขวด,
AS191902,"Bromine .2209 /Solid","Bromine [Br]cas no.161199.2209 /Solid 500 g /ขวด",161-19-9,Br,,500,g,ขวด,
AS191903,"Bromocresol purple /Solid","Bromocresol purple cas no.62625-30-3 /Solid 25 g /ขวด",62625-30-3,,,25,g,ขวด,
AS191904,"Brucine Sulphate /Solid","Brucine Sulphate [C46H54N4O12S]cas no. 4845-99-2 /AR /Solid 100 g /ขวด",4845-99-2,C46H54N4O12S,AR,100,g,ขวด,
AS191905,"Buffer pH 10 /Liquids","Buffer pH 10 /Liquids 500 ml /ขวด",,,,500,mL,ขวด,
AS191906,"Buffer pH 4 /Liquids","Buffer pH 4 /Liquids 500 ml /ขวด",,,,500,mL,ขวด,
AS191907,"Buffer pH 7 /Liquids","Buffer pH 7 /Liquids 500 ml /ขวด",,,,500,mL,ขวด,
AS191908,"Calcium chloride (anhydrous) /Solid","Calcium chloride (anhydrous) [CaCl2]cas no. 10043-52-4 /LR /Solid 500 g /ขวด",10043-52-4,CaCl2,LR,500,g,ขวด,
AS191909,"Cephalothin Disc /Solid 1 g5 หลอด","Cephalothin Disc cas no.1009132 /Solid 1 g5 หลอด /กล่อง",1009-13-2,,,,,กล่อง,YES
AS191910,"Ceptazidime Disc /Solid 1 g5 หลอด","Ceptazidime Disc cas no.1031510 /Solid 1 g5 หลอด /กล่อง",1031-51-0,,,,,กล่อง,YES
AS191911,"Chloramphenicol /Solid","Chloramphenicol cas no.56-75-7 /Solid 25 g /ขวด",56-75-7,,,25,g,ขวด,
AS191912,"Chloroform /Liquids","Chloroform [CHCl3]cas no.67-66-3 /AR /Liquids 2.5 L /ขวด",67-66-3,CHCl3,AR,2.5,L,ขวด,
AS191913,"Chocolate agar /Solid","Chocolate agar /Solid 500 g /ขวด",,,,500,g,ขวด,
AS191914,"Ciprofloxacin Disc /Solid 1 g5 หลอด","Ciprofloxacin Disc cas no.1043799 /Solid 1 g5 หลอด /กล่อง",1043-79-9,,,,,กล่อง,YES
AS191916,"Colistin Disc /Solid 1 g5 หลอด","Colistin Disc cas no.989009 /Solid 1 g5 หลอด /กล่อง",989-00-9,,,,,กล่อง,YES
AS191917,"Conductivity Solution 1413 uS /Liquids 480 ml1","Conductivity Solution 1413 uS /Liquids 480 ml1 /ขวด",,,,,,ขวด,YES
AS191918,"Copper (II) Sulphate /Solid","Copper (II) Sulphate [CuSO4]cas no.7758-98-7 /AR /Solid 500 g /ขวด",7758-98-7,CuSO4,AR,500,g,ขวด,
AS191919,"Copper II sulphate 5- hydrate /Solid","Copper II sulphate 5- hydrate [CuSO4]cas no.7758-99-8 /Solid 500 g /ขวด",7758-99-8,CuSO4,,500,g,ขวด,
AS191887,"Antimony potassium tartrate [C8H4K2O12Sb2.3H2O] /Solid","Antimony potassium tartrate [C8H4K2O12Sb2.3H2O]cas no. 28300-74-5 /LR /Solid 500 g /ขวด",28300-74-5,,LR,500,g,ขวด,
AS191888,"API 20 E /Solid 1 g1 แพ็ค","API 20 E /Solid 1 g1 แพ็ค /กล่อง",,,,,,กล่อง,YES
AS191889,"API 20 E Reagent Kit /Solid 1 g1 แพ็ค","API 20 E Reagent Kit /Solid 1 g1 แพ็ค /กล่อง",,,,,,กล่อง,YES
AS191890,"Ascorbic Acid /Solid","Ascorbic Acid [C6H8O6]cas no.50-81-7 /LR /Solid 500 g /ขวด",50-81-7,C6H8O6,LR,500,g,ขวด,
AS191892,"Atropine ?99% (TLC) /Solid","Atropine ?99% (TLC) [C17H23NO3]cas no.51-55-8 /Solid 5 g /ขวด",51-55-8,C17H23NO3,,5,g,ขวด,
AS191893,"Azide dextrose broth /Solid","Azide dextrose broth /Solid 500 g /ขวด",,,,500,g,ขวด,
AS191894,"Bacitracin Disc /Solid 1 g5 หลอด","Bacitracin Disc cas no.1405-87-4 /Solid 1 g5 หลอด /กล่อง",1405-87-4,,,,,กล่อง,YES
AS191895,"Baird parker agar cas no.B0221-06 /Solid","Baird parker agar cas no.B0221-06 /Solid 500 g /ขวด",,,,500,g,ขวด,
AS191897,"Bile salts /Solid","Bile salts /Solid 500 g /ขวด",,,,500,g,ขวด,
AS191898,"Blood Agar cas no.B0140 /Solid","Blood Agar cas no.B0140 /Solid 500 g /ขวด",,,,500,g,ขวด,
AS191900,"Brilliant cresyl blue [(C17H20ClN3O)2?ZnCl2] /Liquids","Brilliant cresyl blue [(C17H20ClN3O)2?ZnCl2]cas no.81029-05-2 /Liquids 30 ml - /ขวด",81029-05-2,,,30,mL,ขวด,
AS191863,"Alkaline phosphatase /Liquids 100 test1 ชุด","Alkaline phosphatase cas no.9001-78-9 /Liquids 100 test1 ชุด /กล่อง",9001-78-9,,,,,กล่อง,YES
AS191864,"Alkaline phosphatase enzyme /Solid","Alkaline phosphatase enzyme cas no.9001-78-9 /Solid 1 g /ขวด",9001-78-9,,,1,g,ขวด,
AS191866,"Alphanaptal (1-Napthol) /Solid","Alphanaptal (1-Napthol) cas no.811102 /Solid 100 g /ขวด",811-10-2,,,100,g,ขวด,
AS191867,"Aminonaptalsulphonic Acid /Solid","Aminonaptalsulphonic Acid cas no.116-63-2 /Solid 25 g /ขวด",116-63-2,,,25,g,ขวด,
AS191868,"Ammonia /Liquids","Ammonia [NH3]cas no.7664-41-7 /Liquids 450 ml /ขวด",7664-41-7,NH3,,450,mL,ขวด,
AS191869,"Ammonium chloride /Solid","Ammonium chloride [NH4Cl]cas no.12125-02-9 /LR /Solid 500 g /ขวด",12125-02-9,NH4Cl,LR,500,g,ขวด,
AS191870,"Ammonium hydroxide /Liquids","Ammonium hydroxide [NH4OH]cas no.1336-21-6 /LR /Liquids 1 L /ขวด",1336-21-6,NH4OH,LR,1,L,ขวด,
AS191871,"Ammonium molybdate tetrahydrate [(NH4)6Mo7O24.4H2O ] /Solid","Ammonium molybdate tetrahydrate [(NH4)6Mo7O24.4H2O ]cas no.12027-67-7 /LR /Solid 500 g /ขวด",12027-67-7,,LR,500,g,ขวด,
AS191872,"Ammonium molybdenum [(NH4)6Mo7O24] /Solid","Ammonium molybdenum [(NH4)6Mo7O24]cas no.909447 /Solid 500 g /ขวด",909-44-7,,,500,g,ขวด,
AS191873,"Ammonium oxalate [C2H8N2O.2H2O] /Solid","Ammonium oxalate [C2H8N2O.2H2O]cas no.6009-70-7 /Solid 500 g /ขวด",6009-70-7,,,500,g,ขวด,
AS191874,"Ampicillin Disc /Solid 5 g1 แพ็ค","Ampicillin Disc cas no.1018045 /Solid 5 g1 แพ็ค /กล่อง",1018-04-5,,,,,กล่อง,YES
AS191875,"Ampicillin Sodium salt /Solid","Ampicillin Sodium salt cas no.69-52-3 /Solid 25 g /ขวด",69-52-3,,,25,g,ขวด,
AS191877,"Anaerocult A (Carbon dioxide) Gas pack cas no.1.13829.0001 /Solid 5 g1 แพ็ค","Anaerocult A (Carbon dioxide) Gas pack cas no.1.13829.0001 /Solid 5 g1 แพ็ค /กล่อง",,,,,,กล่อง,YES
AS191842,"0.9%Normal saline (NSS) /Liquids","0.9%Normal saline (NSS) /Liquids 1000 ml /ขวด",,,,1000,mL,ขวด,
AS191843,"1,10-Phenanthroline monohydrate [C12H8N2.H2O] /Solid","1,10-Phenanthroline monohydrate [C12H8N2.H2O]cas no. 5144-89-8 /LR /Solid 5 g /ขวด",5144-89-8,,LR,5,g,ขวด,
AS191844,"10% Povidine-iodine /Liquids","10% Povidine-iodine /Liquids 500 ml /ขวด",,,,500,mL,ขวด,
AS191845,"10%Normal saline (NSS","10%Normal saline (NSS) 100 ml /ขวด",,,,100,mL,ขวด,
AS191846,"1kb DNA Ladder 1kb cas no.RD001 /Solid","1kb DNA Ladder 1kb cas no.RD001 /Solid 50 ug /หลอด",,,,50,ug,หลอด,
AS191847,"2-Aminoetthanol /Solid","2-Aminoetthanol [NH2CH2CH2OH]cas no.141-43-5 /LR /Solid 500 g /ขวด",141-43-5,NH2CH2CH2OH,LR,500,g,ขวด,
AS191848,"2x Blue mix DNA polymerase Master mix cas no.RT007 /Liquids 1 ml1 ชุด","2x Blue mix DNA polymerase Master mix cas no.RT007 /Liquids 1 ml1 ชุด /กล่อง",,,,,,กล่อง,YES
AS191849,"4-Nitrophenyl-phosphate disodium salt /Solid","4-Nitrophenyl-phosphate disodium salt cas no.4264-83-9 /Solid 1 g /ขวด",4264-83-9,,,1,g,ขวด,
AS191850,"5-Sulphosalicylic acid dihydrate [C7H6O6S ?2H2O] /Solid","5-Sulphosalicylic acid dihydrate [C7H6O6S ?2H2O]cas no.5965-83-3 /Solid 250 g /ขวด",5965-83-3,,,250,g,ขวด,
AS191851,"70% Alcohol /Liquids","70% Alcohol /Liquids 15 ml /ขวด",,,,15,mL,ขวด,
AS191852,"70% Alcohol /Liquids","70% Alcohol /Liquids 60 ml /ขวด",,,,60,mL,ขวด,
AS191853,"70% Alcohol /Liquids","70% Alcohol /Liquids 400 ml /ขวด",,,,400,mL,ขวด,
AS191854,"AB-Control serum /Liquids","AB-Control serum cas no.107-85 /Liquids 2 ml /ขวด",107-85,,,2,mL,ขวด,
AS191855,"Acetic acid /Liquids","Acetic acid [C2H4O2]cas no.64-19-7 /AR /Liquids 2500 ml /ขวด",64-19-7,C2H4O2,AR,2500,mL,ขวด,
AS191857,"Acetylcholine Chloride ?99% (TLC) [CH3COSCH2CH2N(CH3)3Cl] /Solid","Acetylcholine Chloride ?99% (TLC) [CH3COSCH2CH2N(CH3)3Cl]cas no.60-31-1 /Solid 25 g /ขวด",60-31-1,,,25,g,ขวด,
AS191858,"Acitic acid /Liquids","Acitic acid [CH3COOH]cas no.64-19-7 /AR /Liquids 2.5 L /ขวด",64-19-7,CH3COOH,AR,2.5,L,ขวด,
AS191859,"Agar /Solid","Agar cas no.9002-18-0 /Solid 500 g /ขวด",9002-18-0,,,500,g,ขวด,
AS191861,"Albumin /Liquids","Albumin /Liquids 50 ml /ขวด",,,,50,mL,ขวด,
AS191835,"pH Buffer 10 /Liquid ขวด","pH Buffer 10 /AR /Liquid 250 ml ขวด /ขวด",,,AR,250,mL,ขวด,
AS191836,"pH Buffer 4 /Liquid ขวด","pH Buffer 4 cas no.877247 /AR /Liquid 250 ml ขวด /ขวด",877-24-7,,AR,250,mL,ขวด,
AS191837,"pH Buffer 7 /Liquid ขวด","pH Buffer 7 cas no.7778770 /AR /Liquid 250 ml ขวด /ขวด",7778-77-0,,AR,250,mL,ขวด,
AS191838,"ชุดทดสอบไฮโดรควิโนน /Liquid","ชุดทดสอบไฮโดรควิโนน /LR /Liquid /ชุด",,,LR,,,ชุด,YES
AS191839,"0.9%Normal saline (NSS) /Liquids","0.9%Normal saline (NSS) /Liquids 2 ml /ขวด",,,,2,mL,ขวด,
AS191840,"0.9%Normal saline (NSS) /Liquids","0.9%Normal saline (NSS) /Liquids 100 ml /ขวด",,,,100,mL,ขวด,
AS191841,"0.9%Normal saline (NSS) /Liquids","0.9%Normal saline (NSS) /Liquids 500 ml /ขวด",,,,500,mL,ขวด,
AS191825,"Mefenamic acid /ยา /Solid","Mefenamic acid /ยา /Solid 250 mg /กล่อง",,,,250,mg,กล่อง,
AS191826,"Span 20 /Liquid ขวด","Span 20 cas no.1338-39-2 /LR /Liquid 450 ml ขวด /ขวด",1338-39-2,,LR,450,mL,ขวด,
AS191827,"Clove oil W99 /Solid ขวด","Clove oil W99cas no.8000-34-8 /LR /Solid 450 ml ขวด /ขวด",8000-34-8,,LR,450,mL,ขวด,
AS191828,"Carboxy Methyl Cellulose 1500 /Solid ขวด","Carboxy Methyl Cellulose 1500 cas no.9004-32-4 /LR /Solid 500 g ขวด /ขวด",9004-32-4,,LR,500,g,ขวด,
AS191829,"Clindamycin Hcl capsules /ยา /Solid","Clindamycin Hcl capsules /ยา /Solid 150 mg /กล่อง",,,,150,mg,กล่อง,
AS191830,"Ketoconazole tablet /ยา /Solid","Ketoconazole tablet /ยา /Solid 200 mg /กล่อง",,,,200,mg,กล่อง,
AS191831,"beta-Sitosterol /Solid ขวด","beta-Sitosterol cas no.83-46-5 /AR /Solid 5 mg ขวด /ขวด",83-46-5,,AR,5,mg,ขวด,
AS191832,"Catechin /Solid ขวด","Catechin cas no.154-23-4 /AR /Solid 10 mg ขวด /ขวด",154-23-4,,AR,10,mg,ขวด,
AS191833,"Cumarin /Solid ขวด","Cumarin cas no.91-64-5 /HPLC /Solid 50 g ขวด /ขวด",91-64-5,,HPLC,50,g,ขวด,
AS191814,"ZINC STEARATE J /Cosmetic /Solid","ZINC STEARATE J /Cosmetic /Solid 1 kg /ขวด",,,,1,kg,ขวด,
AS191816,"Sodium thiosulfate pentahydrate Na2S2O3.5H2O /Solid","Sodium thiosulfate pentahydrate Na2S2O3.5H2Ocas no.10102-17-7 /AR /Solid 1 kg /ขวด",10102-17-7,,AR,1,kg,ขวด,
AS191817,"Antacil gel /ยา /liquid","Antacil gel /ยา /liquid 240 ml /ขวด",,,,240,mL,ขวด,
AS191818,"Erythrosine C20H6I4Na2O5 /Solid ขวด","Erythrosine C20H6I4Na2O5cas no.16423-68-0 /AR /Solid 100 g ขวด /ขวด",16423-68-0,,AR,100,g,ขวด,
AS191819,"Magnesium hydroxide Mg(OH)2 /Solid ขวด","Magnesium hydroxide Mg(OH)2cas no.1309-42-8 /AR /Solid 500 g ขวด /ขวด",1309-42-8,,AR,500,g,ขวด,
AS191820,"Acyclovir tablet /ยา /Liquid ขวด","Acyclovir tablet /ยา /Liquid 250 mg ขวด /ขวด",,,,250,mg,ขวด,
AS191821,"Light Mineral oil /Solid ขวด","Light Mineral oil cas no.92062-35-6 /AR /Solid 450 ml ขวด /ขวด",92062-35-6,,AR,450,mL,ขวด,
AS191822,"Calcium gluconate C12H22CaO14 /Solid ขวด","Calcium gluconate C12H22CaO14cas no.299-28-5 /AR /Solid 500 g ขวด /ขวด",299-28-5,,AR,500,g,ขวด,
AS191823,"Disodium edetate C10H18N2Na2O10 /ยา /Solid","Disodium edetate C10H18N2Na2O10cas no.6381-92-6 /ยา /Solid 500 g /กล่อง",6381-92-6,,,500,g,กล่อง,
AS191824,"Mefenamic acid /ยา /Solid","Mefenamic acid /ยา /Solid 500 mg /กล่อง",,,,500,mg,กล่อง,
AS191806,"Tri-Sodium orthophosphate Na3PO4.12H2O /Solid","Tri-Sodium orthophosphate Na3PO4.12H2Ocas no.7601-54-9 /AR /Solid 500 g /Bot",7601-54-9,,AR,500,g,Bot,
AS191807,"TWEEN 60 (NONION ST 60) /Cosmetic /Liquid","TWEEN 60 (NONION ST 60) cas no.9005-67-8 /Cosmetic /Liquid 1 kg /ขวด",9005-67-8,,,1,kg,ขวด,
AS191808,"UREA CH4N2O /Cosmetic /Solid","UREA CH4N2Ocas no.57-13-6 /Cosmetic /Solid 0.5 kg /ขวด",57-13-6,,,0.5,kg,ขวด,
AS191809,"UVINUL MC 80 C18H26O3 /Cosmetic /Liquid /Ethylhexyl Methoxycinnamate","UVINUL MC 80 C18H26O3cas no.5466-77-3 /Cosmetic /Liquid /Ethylhexyl Methoxycinnamate1 kg /ขวด",5466-77-3,,,1,kg,ขวด,
AS191810,"Viscolam AT 100 P /Cosmetic /Semi solid","Viscolam AT 100 P /Cosmetic /Semi solid 1 kg /ขวด",,,,1,kg,ขวด,
AS191811,"WITCH HAZEL DISTILLATE /Cosmetic /Liquid","WITCH HAZEL DISTILLATE cas no.84696-19-5 /Cosmetic /Liquid 1 kg /ขวด",84696-19-5,,,1,kg,ขวด,
AS191812,"Xylitol HOCH2[CH(OH)]3CH2OH /Food /Liquid","Xylitol HOCH2[CH(OH)]3CH2OHcas no.87-99-0 /Food /Liquid 1 kg /ขวด",87-99-0,,,1,kg,ขวด,
AS191786,"Sodium benzoate NF/FCC Powder C7H5NaO2 /Cosmetic /Powder","Sodium benzoate NF/FCC Powder C7H5NaO2cas no.532-32-1 /Cosmetic /Powder 1 kg /ขวด",532-32-1,,,1,kg,ขวด,
AS191787,"SODIUM HYDROSULPHITE Na2S2O4 /COM /Solid","SODIUM HYDROSULPHITE Na2S2O4cas no.7775-14-6 /COM /Solid 1 kg /ถุง",7775-14-6,,,1,kg,ถุง,
AS191788,"SODIUM HYDROXIDE NaOH /ฺBP /Solid","SODIUM HYDROXIDE BP NaOHcas no.1310-73-2 /ฺBP /Solid 1 kg /ขวด",1310-73-2,,BP,1,kg,ขวด,
AS191789,"Sodium nitrate NaNO3 /Liquid 500 h","Sodium nitrate NaNO3cas no.7631-99-4 /AR /Liquid 500 h /Bot",7631-99-4,,AR,,,Bot,YES
AS191790,"SOFTOUCH CC6069 (BORON NITRIDE POWDER) /Cosmetic /Powder /Boron nitride","SOFTOUCH CC6069 (BORON NITRIDE POWDER) cas no.2974480 /Cosmetic /Powder /Boron nitride1 kg /ถุง",2974-48-0,,,1,kg,ถุง,
AS191791,"Sorbitan oleate (Span 80) /Cosmetic /Solid","Sorbitan oleate (Span 80) cas no.1338-43-8 /Cosmetic /Solid 1 kg /ขวด",1338-43-8,,,1,kg,ขวด,
AS191792,"Sorbitan stearate (Span 60) /Cosmetic /Solid","Sorbitan stearate (Span 60) cas no.1338-41-6 /Cosmetic /Solid 1 kg /ขวด",1338-41-6,,,1,kg,ขวด,
AS191793,"SORBITOL 70 C6H14O6 /Cosmetic /Liquid","SORBITOL 70 C6H14O6cas no.50-70-4 /Cosmetic /Liquid 1 kg /ขวด",50-70-4,,,1,kg,ขวด,
AS191794,"Sorbitol 70% solution C6H14O6 /Cosmetic /Liquid","Sorbitol 70% solution C6H14O6cas no.50-70-4 /Cosmetic /Liquid 1 kg /ขวด",50-70-4,,,1,kg,ขวด,
AS191795,"SPERMACETI /Cosmetic /Solid","SPERMACETI /Cosmetic /Solid 1 kg /ถุง",,,,1,kg,ถุง,
AS191796,"STARCH RICE /Cosmetic /Powder","STARCH RICE cas no.9005-84-9 /Cosmetic /Powder 1 kg /ถุง",9005-84-9,,,1,kg,ถุง,
AS191797,"Sulfuric acid 98% H2SO4 /Liquid","Sulfuric acid 98% H2SO4cas no.7664-93-9 /AR /Liquid 2.5 L /Bot",7664-93-9,,AR,2.5,L,Bot,
AS191798,"Supguard GM- /Cosmetic /Liquid /Diazolidinyl Urea (and) Iodopropynyl Butylcarbamate (and) Propylene Glycol","Supguard GM-BP /Cosmetic /Liquid /Diazolidinyl Urea (and) Iodopropynyl Butylcarbamate (and) Propylene Glycol1 kg /ขวด",,,BP,1,kg,ขวด,
AS191799,"TALC LS-61 D /Cosmetic /Powder","TALC LS-61 D /Cosmetic /Powder 1 kg /ถุง",,,,1,kg,ถุง,
AS191800,"TEXAPON N-70 /Cosmetic /Liquid /Sodium Laureth Sulfate","TEXAPON N-70 cas no.68891-38-3 /Cosmetic /Liquid /Sodium Laureth Sulfate1 kg /ถุง",68891-38-3,,,1,kg,ถุง,
AS191801,"TGI-20 /Cosmetic /Liquid /PEG-20 GLYCERYL TRIISOSTEARATE","TGI-20 cas no.86846-21-1 /Cosmetic /Liquid /PEG-20 GLYCERYL TRIISOSTEARATE1 kg /ขวด",86846-21-1,,,1,kg,ขวด,
AS191802,"Titanium dioxide TiO2 /Solid","Titanium dioxide TiO2cas no.13463-67-7 /AR /Solid 500 g /Bot",13463-67-7,,AR,500,g,Bot,
AS191803,"TRACACANTH GUM POWDER /COM /Solid","TRACACANTH GUM POWDER cas no.9000-65-1 /COM /Solid 500 g /ถุง",9000-65-1,,,500,g,ถุง,
AS191804,"TRANEXAMIC ACID H2NCH2C6H10CO2H /Cosmetic /Solid /Magnesium Aluminum Silicate","TRANEXAMIC ACID H2NCH2C6H10CO2Hcas no.1197-18-8 /Cosmetic /Solid /Magnesium Aluminum Silicate1 kg /ขวด",1197-18-8,,,1,kg,ขวด,
AS191774,"POTASSIUM HYDROXIDE KOH /Cosmetic /Solid","POTASSIUM HYDROXIDE BP KOHcas no.1310-58-3 /Cosmetic /Solid 1 kg /ขวด",1310-58-3,,BP,1,kg,ขวด,
AS191775,"PRIME YELLOW CARNAUBA WAX FLAKE /Cosmetic /Solid","PRIME YELLOW CARNAUBA WAX FLAKE cas no.8015-86-9 /Cosmetic /Solid 1 kg /ถุง",8015-86-9,,,1,kg,ถุง,
AS191776,"Propylene glycol C3H8O2 /Cosmetic /Liquid","Propylene glycol C3H8O2cas no.57-55-6 /Cosmetic /Liquid 1 kg /ขวด",57-55-6,,,1,kg,ขวด,
AS191777,"PUREACT I-78C (TAURANOL I-78C) /Cosmetic /Solid","PUREACT I-78C (TAURANOL I-78C) cas no.61789-32-0 /Cosmetic /Solid 1 kg /ขวด",61789-32-0,,,1,kg,ขวด,
AS191778,"PURE WHITE BEES WAX 100% /Cosmetic /Solid","PURE WHITE BEES WAX 100% cas no. 8012-89-3 /Cosmetic /Solid 1 kg /ถุง",8012-89-3,,,1,kg,ถุง,
AS191779,"PVA /Cosmetic /Solid","PVA cas no.9002-89-5 /Cosmetic /Solid 1 kg /ขวด",9002-89-5,,,1,kg,ขวด,
AS191780,"PVP K90 /Cosmetic /Solid","PVP K90 cas no.9003-39-8 /Cosmetic /Solid 1 kg /ถุง",9003-39-8,,,1,kg,ถุง,
AS191781,"REFINED GLYCERINE 99.5% MIN C3H8O3 /Cosmetic /Liquid","REFINED GLYCERINE 99.5% MIN USP C3H8O3cas no.56-81-5 /Cosmetic /Liquid 1 kg /แกลลอน",56-81-5,,USP,1,kg,แกลลอน,
AS191782,"SHEA BUTTER /Cosmetic /Solid","SHEA BUTTER cas no.194043-92-0 /Cosmetic /Solid 1 kg /ขวด",194043-92-0,,,1,kg,ขวด,
AS191783,"Silicone fluid (1000 cs viscosity) /Cosmetic /Liquid","Silicone fluid (1000 cs viscosity) cas no. 63148-62-9 /Cosmetic /Liquid 5 kg /แกลลอน",63148-62-9,,,5,kg,แกลลอน,
AS191784,"SIMUGEL INS100 /Cosmetic /Liquid /Hydroxyethyl Acrylate/Sodium Acryloyldimethyl Taurate Copolymer (and) Isohexadecane (and) Polysorbate","SIMUGEL INS100 /Cosmetic /Liquid /Hydroxyethyl Acrylate/Sodium Acryloyldimethyl Taurate Copolymer (and) Isohexadecane (and) Polysorbate 605 kg /ขวด",,,,605,kg,ขวด,
AS191766,"PLASTIC POWDER D-400 /Cosmetic /Powder","PLASTIC POWDER D-400 /Cosmetic /Powder 1 kg /ถุุง",,,,1,kg,ถุุง,
AS191767,"POLYSORBATE 20 C58H114O26 /Cosmetic /Liquid /Tween","POLYSORBATE 20 C58H114O26cas no.9005-64-5 /Cosmetic /Liquid /Tween 201 kg /ขวด",9005-64-5,,,201,kg,ขวด,
AS191768,"POLYSORBATE 80 C64H124O26 /Cosmetic /Liquid /Tween","POLYSORBATE 80 C64H124O26cas no.9005-65-6 /Cosmetic /Liquid /Tween 801 kg /ขวด",9005-65-6,,,801,kg,ขวด,
AS191769,"Polysynlane V (Hydrogenated polyisobutene) /Cosmetic /Semi Solid","Polysynlane V (Hydrogenated polyisobutene) cas no.69837-10-0 /Cosmetic /Semi Solid 1 kg /ขวด",69837-10-0,,,1,kg,ขวด,
AS191770,"Polyvinyl alcohol (P.V.A.) (CH2CHOH)n /Solid","Polyvinyl alcohol (P.V.A.) (CH2CHOH)ncas no.9002-89-5 /LR /Solid 500 g /Bot",9002-89-5,,LR,500,g,Bot,
AS191771,"Potassium citrate K3C6H5O7 /Cosmetic /Solid","Potassium citrate K3C6H5O7cas no.866-84-2 /Cosmetic /Solid 1 kg /ขวด",866-84-2,,,1,kg,ขวด,
AS191772,"POTASSIUM CITRATE K3C6H5O7 /Cosmetic /Powder","POTASSIUM CITRATE K3C6H5O7cas no.866-84-2 /Cosmetic /Powder 1 kg /ขวด",866-84-2,,,1,kg,ขวด,
AS191757,"PARLEAM V (POLYSYNLANE V) /Cosmetic /Semi Solid","PARLEAM V (POLYSYNLANE V) cas no.68937-10-0 /Cosmetic /Semi Solid 1 kg /ขวด",68937-10-0,,,1,kg,ขวด,
AS191758,"PARSOL 1789 C20H22O3 /Cosmetic /Powder /Butyl Methoxydibenzoylmethane","PARSOL 1789 C20H22O3cas no.25003286 /Cosmetic /Powder /Butyl Methoxydibenzoylmethane1 kg /ขวด",25003-28-6,,,1,kg,ขวด,
AS191759,"PEG-20 glyceryl triisostearate (Nikkol TGI-20) /Cosmetic /Liquid","PEG-20 glyceryl triisostearate (Nikkol TGI-20) cas no.86846-21-1 /Cosmetic /Liquid 1 kg /ขวด",86846-21-1,,,1,kg,ขวด,
AS191760,"PEG 400 (POLYETHYLENE GLYCOL NO.400 /Cosmetic /Liquid","PEG 400 (POLYETHYLENE GLYCOL NO.400 cas no.25322-68-3 /Cosmetic /Liquid 1 kg /แกลลอน",25322-68-3,,,1,kg,แกลลอน,
AS191761,"PHENOXY ETHANOL C8H10O2 /Cosmetic /Liquid","PHENOXY ETHANOL C8H10O2cas no.122-99-6 /Cosmetic /Liquid 1 kg /แกลลอน",122-99-6,,,1,kg,แกลลอน,
AS191762,"PHENOXY ETHANOL C8H10O2 /Cosmetic /Liquid","PHENOXY ETHANOL C8H10O2cas no.122-99-6 /Cosmetic /Liquid 1 kg /ขวด",122-99-6,,,1,kg,ขวด,
AS191763,"PHYTOSQUALAN /Cosmetic /Liquid /Squalane","PHYTOSQUALAN cas no.0111-01-03 /Cosmetic /Liquid /Squalane1 kg /ขวด",0111-01-03,,,1,kg,ขวด,
AS191764,"PHYTOWAX OLIVE 18L57 /Cosmetic /Solid /Hydrogenated Olive Oil Stearyl Esters","PHYTOWAX OLIVE 18L57 cas no.2778-96-3 /Cosmetic /Solid /Hydrogenated Olive Oil Stearyl Esters1 kg /ขวด",2778-96-3,,,1,kg,ขวด,
AS191765,"PLANTACARE 1200 UP C18H36O6 /Cosmetic /Semi solid /Lauryl Glucoside","PLANTACARE 1200 UP C18H36O6cas no.110615-47-9 /Cosmetic /Semi solid /Lauryl Glucoside1 kg /ขวด",110615-47-9,,,1,kg,ขวด,
AS191745,"MONTANOV 68 /Cosmetic /Flakes /Cetearyl Alcohol (and) Cetearyl Glucoside","MONTANOV 68 /Cosmetic /Flakes /Cetearyl Alcohol (and) Cetearyl Glucoside1 kg /ขวด",,,,1,kg,ขวด,
AS191746,"Natural squalane C30H62 /Cosmetic /Liquid","Natural squalane C30H62cas no.0111-01-03 /Cosmetic /Liquid 1 kg /ขวด",0111-01-03,,,1,kg,ขวด,
AS191747,"N-BUTYL ACETATE 99.5% C6H12O2 /Liquid","N-BUTYL ACETATE 99.5% C6H12O2cas no.123-42-2 /AR /Liquid 2.5 L /ขวด",123-42-2,,AR,2.5,L,ขวด,
AS191748,"NIACINAMIDE B.P /Cosmetic /Solid","NIACINAMIDE B.P cas no.98-92-0 /Cosmetic /Solid 1 kg /ขวด",98-92-0,,,1,kg,ขวด,
AS191749,"NIKKOMULESE WO /Cosmetic /Solid","NIKKOMULESE WO /Cosmetic /Solid 1 kg /ขวด",,,,1,kg,ขวด,
AS191750,"Nitric acid 65% HNO3 /Liquid","Nitric acid 65% HNO3cas no.7697-37-2 /AR /Liquid 2.5 L /Bot",7697-37-2,,AR,2.5,L,Bot,
AS191751,"NOVEMER EC-1 POLYMER /Cosmetic /Liquid /Acrylates/Acrylamide Copolymer (and) Mineral Oil (and) Polysorbate","NOVEMER EC-1 POLYMER /Cosmetic /Liquid /Acrylates/Acrylamide Copolymer (and) Mineral Oil (and) Polysorbate 851 kg /ขวด",,,,851,kg,ขวด,
AS191752,"OCTOCRYLENE /Cosmetic /Liquid","OCTOCRYLENE cas no.6197-30-4 /Cosmetic /Liquid 1 kg /ขวด",6197-30-4,,,1,kg,ขวด,
AS191753,"OCTYLDODECANOL /COM /Liquid","OCTYLDODECANOL cas no.5333-42-6 /COM /Liquid 1 kg /ขวด",5333-42-6,,,1,kg,ขวด,
AS191754,"OLEIC ACID C18H34O2 /COM /Liquid","OLEIC ACID C18H34O2cas no.112-80-1 /COM /Liquid 1 kg /ขวด",112-80-1,,,1,kg,ขวด,
AS191755,"OZOKERITE WAX 7488 /Cosmetic /Solid","OZOKERITE WAX 7488 cas no.8002-74-2 /Cosmetic /Solid 1 kg /ถุง",8002-74-2,,,1,kg,ถุง,
AS191742,"MICA 500 /Cosmetic /Solid","MICA 500 cas no.	12001-26-2 /Cosmetic /Solid 1 kg /ถุง",12001-26-2,,,1,kg,ถุง,
AS191743,"MICROCRYSTALLINE WAX PHC 3691 /Cosmetic /Solid","MICROCRYSTALLINE WAX PHC 3691 cas no.63231-60-7 /Cosmetic /Solid 1 kg /ถุง",63231-60-7,,,1,kg,ถุง,
AS191744,"Monopropylene glycol /Cosmetic /Liquid","Monopropylene glycol cas no.57-55-6 /Cosmetic /Liquid 1 kg /ขวด",57-55-6,,,1,kg,ขวด,
AS191725,"LALIT MYRISTIC ACID 1499 C14H28O2 /Cosmetic /Solid","LALIT MYRISTIC ACID 1499 C14H28O2cas no.544-63-8 /Cosmetic /Solid 1 kg /ขวด",544-63-8,,,1,kg,ขวด,
AS191726,"LALIT PALMITIC ACID 1698 C16H32O2 /Cosmetic /Solid","LALIT PALMITIC ACID 1698 C16H32O2cas no.57-10-3 /Cosmetic /Solid 1 kg /ขวด",57-10-3,,,1,kg,ขวด,
AS191727,"LALIT STEARIC ACID SA 1850 /Cosmetic /Solid","LALIT STEARIC ACID SA 1850 cas no.57-11-4 /Cosmetic /Solid 1 kg /ถุง",57-11-4,,,1,kg,ถุง,
AS191728,"LANOLIN ANHYDROUS /Cosmetic /Semi Solid","LANOLIN ANHYDROUS USP cas no.8006-54-0 /Cosmetic /Semi Solid 1 kg /ขวด",8006-54-0,,USP,1,kg,ขวด,
AS191729,"LANOLIN PEG 75 FLAKE /Cosmetic /Solid","LANOLIN PEG 75 FLAKE cas no.2242474 /Cosmetic /Solid 1 kg /ขวด",2242-47-4,,,1,kg,ขวด,
AS191730,"LAURETH 23 /Cosmetic /Solid","LAURETH 23 /Cosmetic /Solid 100 g /ขวด",,,,100,g,ขวด,
AS191731,"LEXAMINE S-13 /Cosmetic /Solid","LEXAMINE S-13 cas no.2100549 /Cosmetic /Solid 1 kg /ขวด",2100-54-9,,,1,kg,ขวด,
AS191732,"LEXAMUL 561 /Cosmetic /Solid","LEXAMUL 561 cas no.67701-33-1 /Cosmetic /Solid 1 kg /ถุง",67701-33-1,,,1,kg,ถุง,
AS191733,"LEXOL EHP C24H48O2 /Cosmetic /Liquid /Ethylhexyl Palmitate","LEXOL EHP C24H48O2cas no.29806-73-3 /Cosmetic /Liquid /Ethylhexyl Palmitate1 kg /ขวด",29806-73-3,,,1,kg,ขวด,
AS191734,"LEXOL GT-865 C21H39O6 /Cosmetic /Liquid /Caprylic/Capric Triglyceride","LEXOL GT-865 C21H39O6cas no.73398-61-5 /Cosmetic /Liquid /Caprylic/Capric Triglyceride1 kg /ขวด",73398-61-5,,,1,kg,ขวด,
AS191735,"L-Glutathione C20H32N6O12S2 /Cosmetic /Solid","L-Glutathione C20H32N6O12S2cas no.27025-41-8 /Cosmetic /Solid 1 kg /ขวด",27025-41-8,,,1,kg,ขวด,
AS191736,"LIQUID PARAFFIN PIONIER 2071(HEAVY) /Cosmetic /Liquid","LIQUID PARAFFIN PIONIER 2071(HEAVY) cas no.8012-95-1 /Cosmetic /Liquid 1 kg /ขวด",8012-95-1,,,1,kg,ขวด,
AS191737,"LIQUID PARAFFIN PIONIER 2076(LIGHT) /Cosmetic /Liquid","LIQUID PARAFFIN PIONIER 2076(LIGHT) cas no.7439-93-2 /Cosmetic /Liquid 1 kg /แกลลอน",7439-93-2,,,1,kg,แกลลอน,
AS191738,"MAGNABRITE HS Al2Mg3O18Si6 /Cosmetic /Flakes /BENTONITE","MAGNABRITE HS Al2Mg3O18Si6cas no.66456-45-9 /Cosmetic /Flakes /BENTONITE1 kg /ขวด",66456-45-9,,,1,kg,ขวด,
AS191739,"MAGNESIUM CARBONATE MgCO3 /COM /Powder","MAGNESIUM CARBONATE MgCO3cas no.39409-82-0 /COM /Powder 1 kg /ถุง",39409-82-0,,,1,kg,ถุง,
AS191740,"MAGNESIUM STEARATE (J) Mg(C18H35O2)2 /Cosmetic /Solid","MAGNESIUM STEARATE (J) Mg(C18H35O2)2cas no.557-04-0 /Cosmetic /Solid 1 kg /ขวด",557-04-0,,,1,kg,ขวด,
AS191716,"HYDROGEN PERXOIDE 35% H2O2 /Food /Liquid","HYDROGEN PERXOIDE 35% H2O2cas no.7722-84-1 /Food /Liquid 1 L /ขวด",7722-84-1,,,1,L,ขวด,
AS191717,"Hydroxy propyl methyl cellulose (HPMC) /Cosmetic /Solid","Hydroxy propyl methyl cellulose (HPMC) cas no.9004-65-3 /Cosmetic /Solid 1 kg /ขวด",9004-65-3,,,1,kg,ขวด,
AS191718,"IPA C3H8O /Cosmetic /Liquid","IPA C3H8Ocas no.67-63-0 /Cosmetic /Liquid 1 kg /แกลลอน",67-63-0,,,1,kg,แกลลอน,
AS191719,"IPM (ISOPROPYL MYRISTATE) C17H34O2 /Cosmetic /Liquid","IPM (ISOPROPYL MYRISTATE) C17H34O2cas no. 110-27-0 /Cosmetic /Liquid 1 kg /ถุง",110-27-0,,,1,kg,ถุง,
AS191720,"KAOLIN LUGHT /Cosmetic /Solid","KAOLIN LUGHT BP cas no.1332-58-7 /Cosmetic /Solid 1 kg /ขวด",1332-58-7,,BP,1,kg,ขวด,
AS191721,"Kojic Acid dipalmitate C38H66O6 /Cosmetic /Solid","Kojic Acid dipalmitate C38H66O6cas no.79725-98-7 /Cosmetic /Solid 1 kg /ขวด",79725-98-7,,,1,kg,ขวด,
AS191722,"Kojic dipalmitate /Cosmetic /Solid /Kojic Dipalmitate","Kojic dipalmitate cas no.79725-98-7 /Cosmetic /Solid /Kojic Dipalmitate10 g /ขวด",79725-98-7,,,10,g,ขวด,
AS191723,"LACTIC ACID 88%EXEL C3H6O3 /Cosmetic /Liquid","LACTIC ACID 88%EXEL C3H6O3cas no.50-21-5 /Cosmetic /Liquid 1 kg /ขวด",50-21-5,,,1,kg,ขวด,
AS191724,"LALIT LAURIC ACID 1299 C12H24O2 /Cosmetic /Solid","LALIT LAURIC ACID 1299 C12H24O2cas no.0143-07-07 /Cosmetic /Solid 1 kg /ขวด",0143-07-07,,,1,kg,ขวด,
AS191706,"Finsoln TN /Cosmetic /Liquid /C12-15 Alkyl Benzoate","Finsoln TN cas no.68411-27-8 /Cosmetic /Liquid /C12-15 Alkyl Benzoate1 kg /ขวด",68411-27-8,,,1,kg,ขวด,
AS191707,"FLORA SH-11264 /Cosmetic /Liquid","FLORA SH-11264 cas no.67762-38-3 /Cosmetic /Liquid 100 g /ขวด",67762-38-3,,,100,g,ขวด,
AS191708,"Glyceryl monostearate (GMS) /COM /Solid","Glyceryl monostearate (GMS) cas no.31566-31-1 /COM /Solid 1 kg /แพ็ค",31566-31-1,,,1,kg,แพ็ค,
AS191709,"GLYCOLIC ACID 70% C2H4O3 /Cosmetic /Liquid","GLYCOLIC ACID 70% C2H4O3cas no.79-14-1 /Cosmetic /Liquid 1 kg /ขวด",79-14-1,,,1,kg,ขวด,
AS191710,"GUM ARABIC (ACACIA POWDER) /Cosmetic /Solid","GUM ARABIC (ACACIA POWDER) cas no.2593228 /Cosmetic /Solid 500 g /ถุง",2593-22-8,,,500,g,ถุง,
AS191711,"HARD PARAFFIN /COM /Solid","HARD PARAFFIN cas no.8002-74-2 /COM /Solid 1 kg /ถุง",8002-74-2,,,1,kg,ถุง,
AS191712,"Heavy mineral oil (White oil 2071) /Cosmetic /Liquid","Heavy mineral oil (White oil 2071) cas no.8042-47-5 /Cosmetic /Liquid 1 kg /ขวด",8042-47-5,,,1,kg,ขวด,
AS191713,"Hexane 99% C6H14 /Liquid","Hexane 99% C6H14cas no.110-54-3 /AR /Liquid 2.5 L /ขวด",110-54-3,,AR,2.5,L,ขวด,
AS191714,"HH-CP CLOVE OIL EXTRA 032059 /Cosmetic /Liquid","HH-CP CLOVE OIL EXTRA 032059 cas no. 8000-34-8 /Cosmetic /Liquid 200 g /ขวด",8000-34-8,,,200,g,ขวด,
AS191686,"Corn starch (แป้งข้าวโพด) /COM /Powder 1 ปอนด์","Corn starch (แป้งข้าวโพด) cas no.9005-84-9 /COM /Powder 1 ปอนด์ /แพ็ค",9005-84-9,,,,,แพ็ค,YES
AS191687,"CREMOPHOR A6 /Cosmetic /Solid","CREMOPHOR A6 cas no.85941-44-2 /Cosmetic /Solid 1 kg /ถุง",85941-44-2,,,1,kg,ถุง,
AS191688,"CYSTEINE HYDROCHLORIDE /Cosmetic /Solid","CYSTEINE HYDROCHLORIDE cas no.1880366 /Cosmetic /Solid 1 kg /ขวด",1880-36-6,,,1,kg,ขวด,
AS191689,"DENASIL PQ-11 /Cosmetic /Liquid","DENASIL PQ-11 cas no.53633-54-8 /Cosmetic /Liquid 1 kg /ขวด",53633-54-8,,,1,kg,ขวด,
AS191690,"DENASIL PQ-7 /Cosmetic /Liquid","DENASIL PQ-7 cas no.9017965 /Cosmetic /Liquid 1 kg /ขวด",9017-96-5,,,1,kg,ขวด,
AS191691,"DIETHYLENE GLYCOL MONOETHYL ETHER C6H14O3 /Liquid","DIETHYLENE GLYCOL MONOETHYL ETHER C6H14O3cas no.111-96-6 /AR /Liquid 1 L /ขวด",111-96-6,,AR,1,L,ขวด,
AS191692,"DMDM HYDANTOIN /Cosmetic /Liquid","DMDM HYDANTOIN cas no.6440-58-0 /Cosmetic /Liquid 1 kg /ขวด",6440-58-0,,,1,kg,ขวด,
AS191693,"EDTA/4NA /Cosmetic /Solid","EDTA/4NA cas no.13235-36-4 /Cosmetic /Solid 0.5 kg /ถุง",13235-36-4,,,0.5,kg,ถุง,
AS191694,"EMAL AD25 /Cosmetic /Liquid /Ammonium lauryl sulfate","EMAL AD25 cas no.	2235-54-3 /Cosmetic /Liquid /Ammonium lauryl sulfate1 kg /ขวด",2235-54-3,,,1,kg,ขวด,
AS191695,"ETHYLENE GLYCOL DISTEARATE C38H74O4 /COM /Solid","ETHYLENE GLYCOL DISTEARATE C38H74O4cas no.627-83-8 /COM /Solid 1 kg /ถุง",627-83-8,,,1,kg,ถุง,
AS191696,"Ethylhexyl Methoxycinnamate (OMC) C18H26O3 /Cosmetic /Liquid","Ethylhexyl Methoxycinnamate (OMC) C18H26O3cas no.5466-77-3 /Cosmetic /Liquid 1 kg /แกลลอน",5466-77-3,,,1,kg,แกลลอน,
AS191697,"ETHYLHEXYL PALMITATE /Cosmetic /Solid","ETHYLHEXYL PALMITATE cas no.29806-73-3 /Cosmetic /Solid 1 kg /ขวด",29806-73-3,,,1,kg,ขวด,
AS191698,"EUMULGIN B 25 /Cosmetic /Solid /Ceteareth","EUMULGIN B 25 cas no.68439-49-6 /Cosmetic /Solid /Ceteareth-251 kg /ขวด",68439-49-6,,,251,kg,ขวด,
AS191699,"Eumulgin B 25 (Cremophor A25) /Cosmetic /Solid /CETEARETH","Eumulgin B 25 (Cremophor A25) cas no.68439-49-6 /Cosmetic /Solid /CETEARETH-251 kg /ขวด",68439-49-6,,,251,kg,ขวด,
AS191700,"EUTANOL G (OCTYLCODECANOL) /Cosmetic /Liquid","EUTANOL G (OCTYLCODECANOL) /Cosmetic /Liquid 1 kg /แกลลอน",,,,1,kg,แกลลอน,
AS191701,"EXCITEMENT SH-11247 /Cosmetic /Liquid","EXCITEMENT SH-11247 /Cosmetic /Liquid 100 g /ขวด",,,,100,g,ขวด,
AS191702,"FDP C111S14 /Cosmetic /Powder","FDP C111S14 /Cosmetic /Powder 0.5 kg /ถุง",,,,0.5,kg,ถุง,
AS191703,"FDP-C BLACK 3 /Cosmetic /Powder","FDP-C BLACK 3 /Cosmetic /Powder 1 kg /ถุง",,,,1,kg,ถุง,
AS191704,"FDP-C RED 3 /Cosmetic /Powder","FDP-C RED 3 /Cosmetic /Powder 1 kg /ถุง",,,,1,kg,ถุง,
AS191705,"FDP-C YELLOW 3 /Cosmetic /Powder","FDP-C YELLOW 3 /Cosmetic /Powder 1 kg /ถุง",,,,1,kg,ถุง,
AS191667,"CALCIUM CARBONATE LIGHT CaCO3 /COM /Powder","CALCIUM CARBONATE LIGHT CaCO3cas no.471-34-1 /COM /Powder 1 kg /ถุง",471-34-1,,,1,kg,ถุง,
AS191668,"Camphor C10H16O /Cosmetic /Solid","Camphor C10H16Ocas no.76-22-2 /Cosmetic /Solid 1 kg /ขวด",76-22-2,,,1,kg,ขวด,
AS191669,"Camphor (การบูร) C10H16O /Cosmetic /Solid","Camphor (การบูร) C10H16Ocas no.76-22-2 /Cosmetic /Solid 1 kg /ถุง",76-22-2,,,1,kg,ถุง,
AS191670,"Candelialla wax 8006-44-8 /Cosmetic /Solid","Candelialla wax 8006-44-8cas no.8002-74-2 /Cosmetic /Solid 1 kg /ขวด",8002-74-2,,,1,kg,ขวด,
AS191671,"CARBOPOL 934 /Cosmetic /Powder","CARBOPOL 934 cas no.2594322 /Cosmetic /Powder 1 kg /ถุง",2594-32-2,,,1,kg,ถุง,
AS191672,"Carbopol 940 /COM /Powder","Carbopol 940 /COM /Powder 450 g /แพ็ค",,,,450,g,แพ็ค,
AS191673,"Carbopol Ultrez 20 /Cosmetic /Powder /Acrylates/C10-30 Alkyl Acrylate Crosspolymer","Carbopol Ultrez 20 /Cosmetic /Powder /Acrylates/C10-30 Alkyl Acrylate Crosspolymer1 kg /ขวด",,,,1,kg,ขวด,
AS191674,"CASTOR OIL C57H104O9 /Cosmetic /Liquid","CASTOR OIL C57H104O9cas no.8001-78-3 /Cosmetic /Liquid 1 kg /ขวด",8001-78-3,,,1,kg,ขวด,
AS191675,"CASTOR OIL (น้ำมันระหุ่ง) /Cosmetic /Liquid","CASTOR OIL (น้ำมันระหุ่ง) cas no.8001-79-4 /Cosmetic /Liquid 1 kg /แกลลอน",8001-79-4,,,1,kg,แกลลอน,
AS191676,"Cerasin 810 /Cosmetic /Solid","Cerasin 810 cas no.8001-75-0 /Cosmetic /Solid 5 kg /ขวด",8001-75-0,,,5,kg,ขวด,
AS191677,"CERESIN WAX /COM /Solid","CERESIN WAX cas no.8001-75-0 /COM /Solid 1 kg /ถุง",8001-75-0,,,1,kg,ถุง,
AS191678,"CERESIN WAX 64 DEGREE /Cosmetic /Solid","CERESIN WAX 64 DEGREE cas no.8001-75-0 /Cosmetic /Solid 1 kg /ถุง",8001-75-0,,,1,kg,ถุง,
AS191679,"Ceteareth-25 /Cosmetic /Solid","Ceteareth-25 cas no.68439-49-6 /Cosmetic /Solid 1 kg /ขวด",68439-49-6,,,1,kg,ขวด,
AS191680,"CETO STEARYL ALCOHOL 50:50 CH3(CH2)nCH2OH /Cosmetic /Flakes","CETO STEARYL ALCOHOL 50:50 CH3(CH2)nCH2OHcas no.67762-27-0 /Cosmetic /Flakes 1 kg /ขวด",67762-27-0,,,1,kg,ขวด,
AS191681,"CETYL ALCOHOL (95%MINO.) C16H34O /Cosmetic /Solid","CETYL ALCOHOL (95%MINO.) C16H34Ocas no.36653-82-4 /Cosmetic /Solid 1 kg /ถุง",36653-82-4,,,1,kg,ถุง,
AS191682,"CETYL ALCOHOL(95%MINO.) C16H34O /Cosmetic /Flakes","CETYL ALCOHOL(95%MINO.) C16H34Ocas no.36653-82-4 /Cosmetic /Flakes 1 kg /ขวด",36653-82-4,,,1,kg,ขวด,
AS191683,"CHROMIUM OXIDE (สีเขียว) Cr2O3 /COM /Powder","CHROMIUM OXIDE (สีเขียว) Cr2O3cas no.1308-38-9 /COM /Powder 1 kg /ถุง",1308-38-9,,,1,kg,ถุง,
AS191684,"CITRIC ACID AMHYDROUS C6H8O7? /Cosmetic /Solid","CITRIC ACID AMHYDROUS C6H8O7cas no.77-92-9? /Cosmetic /Solid 1 kg /ขวด",77-92-9,,,1,kg,ขวด,
AS191685,"COMPERLAN KD CH3(CH2)nC(=O)N(CH2CH2OH)2 /Cosmetic /Liquid /Cocamide DEA","COMPERLAN KD CH3(CH2)nC(=O)N(CH2CH2OH)2cas no.68603-42-9 /Cosmetic /Liquid /Cocamide DEA1 kg /ขวด",68603-42-9,,,1,kg,ขวด,
AS191650,"Gelatin Lab /Powder","Gelatin Lab cas no.9000-70-8 /LR /Powder 500 g /Bot",9000-70-8,,LR,500,g,Bot,
AS191651,"ABC 35% /Cosmetic /Liquid /Cocamidopropyl Betaine.","ABC 35% /Cosmetic /Liquid /Cocamidopropyl Betaine.1 kg /ขวด",,,,1,kg,ขวด,
AS191652,"Alcohol C2H6O/Cosmetic /Liquid","Alcohol C2H6Ocas no.64-17-5/Cosmetic /Liquid 16 kg /แกลลอน",64-17-5,,,16,kg,แกลลอน,
AS191653,"Alpha-arbutin C12H16O7 /Cosmetic /Solid","Alpha-arbutin C12H16O7 /Cosmetic /Solid 20 g /ขวด",,,,20,g,ขวด,
AS191655,"AMIHOPE LL (LAUROYL LYSINE) /Cosmetic /Powder","AMIHOPE LL (LAUROYL LYSINE) cas no.52315-75-0 /Cosmetic /Powder 1 kg /ถุง",52315-75-0,,,1,kg,ถุง,
AS191656,"AMMONIUM BICARBONATE NH4HCO3 /COM /Solid","AMMONIUM BICARBONATE NH4HCO3cas no.1066-33-7 /COM /Solid 1 kg /ถุง",1066-33-7,,,1,kg,ถุง,
AS191657,"AMMONIUM PERSULFATE (NH4)2S2O8 /Solid","AMMONIUM PERSULFATE (NH4)2S2O8cas no.7727-54-0/AR /Solid 500 g /ขวด",7727-54-0,,AR,500,g,ขวด,
AS191658,"AQUA FLORAL C-7078 /Cosmetic /Liquid","AQUA FLORAL C-7078 /Cosmetic /Liquid 1 kg /ขวด",,,,1,kg,ขวด,
AS191659,"Aristoflex AVC /Cosmetic /Powder /Ammonium Acryloyldimethyltaurate/VP Copolymer","Aristoflex AVC cas no.75-65-0 /Cosmetic /Powder /Ammonium Acryloyldimethyltaurate/VP Copolymer1 kg /ขวด",75-65-0,,,1,kg,ขวด,
AS191660,"BASE 2227540 STRAWBERRY /Cosmetic /Liquid","BASE 2227540 STRAWBERRY /Cosmetic /Liquid 100 g /ขวด",,,,100,g,ขวด,
AS191661,"BEHENYL ALCOHOL 65 C22H46O /Cosmetic /solid","BEHENYL ALCOHOL 65 C22H46Ocas no.661-19-8 /Cosmetic /solid 1 kg /ขวด",661-19-8,,,1,kg,ขวด,
AS191647,"Ammonium molybdate (NH4)6Mo7O24.4H2O /Powder","Ammonium molybdate (NH4)6Mo7O24.4H2Ocas no.12054-85-2 /AR /Powder 500 g /Bot",12054-85-2,,AR,500,g,Bot,
AS191648,"Isoamyl alcohol C5H12O /Liquid","Isoamyl alcohol C5H12Ocas no.123-51-3 /AR /Liquid 2.5 L /Bot",123-51-3,,AR,2.5,L,Bot,
AS191663,"BRONEOL (พิมเสน) C10H18O /Cosmetic /Solid","BRONEOL (พิมเสน) C10H18Ocas no.464-45-9 /Cosmetic /Solid 1 kg /ถุง",464-45-9,,,1,kg,ถุง,
AS191664,"Butyl Methoxydibenzoylmethane (BMDM) C20H22O3 /Cosmetic /Solid","Butyl Methoxydibenzoylmethane (BMDM) C20H22O3cas no.25003286 /Cosmetic /Solid 1 kg /ถุง",25003-28-6,,,1,kg,ถุง,
AS191666,"CALAMINE /COM /Powder","CALAMINE cas no.8011-96-9 /COM /Powder 1 kg /ถุง",8011-96-9,,,1,kg,ถุง,
AS191628,"Veegum AlMgO4Si+ /Solid","Veegum AlMgO4Si+cas no.1327431 /LR /Solid 500 g /ขวด",1327-43-1,,LR,500,g,ขวด,
AS191629,"Vitamin C tablets /ยา /Solid 1000 เม็ด","Vitamin C tablets /ยา /Solid 1000 เม็ด /ขวด",,,,,,ขวด,YES
AS191630,"WAX-S(CETO STEARYL ALCOHOL) /Cosmetic /Solid","WAX-S(CETO STEARYL ALCOHOL) /Cosmetic /Solid 1 kg /ถุง",,,,1,kg,ถุง,
AS191631,"White bee wax /Solid","White bee wax cas no.8012893 /LR /Solid 1 kg /ขวด",8012-89-3,,LR,1,kg,ขวด,
AS191632,"WHITE PETROLEUM JELLY PIONIER 3476 /Cosmetic /Semi Solid","WHITE PETROLEUM JELLY PIONIER 3476 cas no.2231335 /Cosmetic /Semi Solid 1 kg /ขวด",2231-33-5,,,1,kg,ขวด,
AS191633,"WITCH HAZEL DISTILLATE /Cosmetic /Liquid","WITCH HAZEL DISTILLATE cas no.84696195 /Cosmetic /Liquid 1 kg /ขวด",84696-19-5,,,1,kg,ขวด,
AS191634,"Xanthan gum (C35H49O29)n /Solid","Xanthan gum (C35H49O29)ncas no.11138662 /LR /Solid 500 g /ขวด",11138-66-2,,LR,500,g,ขวด,
AS191635,"Xylitol HOCH2[CH(OH)]3CH2OH /Food /Liquid","Xylitol HOCH2[CH(OH)]3CH2OHcas no.87990 /Food /Liquid 1 kg /ขวด",87-99-0,,,1,kg,ขวด,
AS191636,"Ylang O /Liquid","Ylang O cas no.8006813 /LR /Liquid 25 g /ขวด",8006-81-3,,LR,25,g,ขวด,
AS191637,"YOGURT (1046175) /Cosmetic /Liquid","YOGURT (1046175) /Cosmetic /Liquid 100 g /ขวด",,,,100,g,ขวด,
AS191638,"Zinc chloride anhydrous ZnCl2 /Solid","Zinc chloride anhydrous ZnCl2cas no.7646857 /AR /Solid 500 g /ขวด",7646-85-7,,AR,500,g,ขวด,
AS191639,"Zinc (metal) Zn /Solid","Zinc (metal) Zncas no.7440666 /LR /Solid 1 kg /ขวด",7440-66-6,,LR,1,kg,ขวด,
AS191640,"Zinc oxide ZnO /Solid","Zinc oxide ZnOcas no.1314132 /LR /Solid 1 kg /ขวด",1314-13-2,,LR,1,kg,ขวด,
AS191641,"ZINC OXIDE /Cosmetic /Solid","ZINC OXIDE cas no.1314132 /Cosmetic /Solid 1 kg /ถุง",1314-13-2,,,1,kg,ถุง,
AS191642,"ZINC STEARATE J /Cosmetic /Solid","ZINC STEARATE J cas no.5570501 /Cosmetic /Solid 1 kg /ขวด",5570-50-1,,,1,kg,ขวด,
AS191643,"Zinc sulfate ZnSO4.7H2O /Solid","Zinc sulfate ZnSO4.7H2Ocas no.7446202 /AR /Solid 500 g /ขวด",7446-20-2,,AR,500,g,ขวด,
AS191644,"Zinc sulphate ZnSO4 /Solid","Zinc sulphate ZnSO4cas no.7733020 /LR /Solid 450 g /ขวด",7733-02-0,,LR,450,g,ขวด,
AS191645,"ZOHAR GLST SE /Cosmetic /Solid","ZOHAR GLST SE /Cosmetic /Solid 1 kg /ถุง",,,,1,kg,ถุง,
AS191607,"Tolu Balsam essential oil /Liquid","Tolu Balsam essential oil /LR /Liquid 25 g /ขวด",,,LR,25,g,ขวด,
AS191608,"Toluene C7H8 /Liquid","Toluene C7H8cas no.108883 /AR /Liquid 2.5 L /ขวด",108-88-3,,AR,2.5,L,ขวด,
AS191609,"TRACACANTH GUM POWDER /COM /Solid","TRACACANTH GUM POWDER cas no.9000651 /COM /Solid 500 g /ถุง",9000-65-1,,,500,g,ถุง,
AS191610,"Tragacanth /Solid","Tragacanth cas no.9000651 /AR /Solid 100 g /ขวด",9000-65-1,,AR,100,g,ขวด,
AS191611,"TRANEXAMIC ACID H2NCH2C6H10CO2H /Cosmetic /Solid /Magnesium Aluminum Silicate","TRANEXAMIC ACID H2NCH2C6H10CO2Hcas no.1197188 /Cosmetic /Solid /Magnesium Aluminum Silicate1 kg /ขวด",1197-18-8,,,1,kg,ขวด,
AS191612,"Triethanolamine C6H15NO3 /Liquid","Triethanolamine C6H15NO3cas no.102716 /AR /Liquid 500 ml /ขวด",102-71-6,,AR,500,mL,ขวด,
AS191613,"Triethanolamine C6H15NO3 /Liquid","Triethanolamine C6H15NO3cas no.102716 /AR /Liquid 2.5 L /ขวด",102-71-6,,AR,2.5,L,ขวด,
AS191614,"Triethanolamine C6H15NO3 /Cosmetic /Liquid","Triethanolamine C6H15NO3cas no.102716 /Cosmetic /Liquid 1 kg /ขวด",102-71-6,,,1,kg,ขวด,
AS191615,"Trigonelline hydrochloride C7H7NO2 ? HCl /Solid","Trigonelline hydrochloride C7H7NO2 ? HCl cas no.6138416 /AR /Solid 1 g /ขวด",6138-41-6,,AR,1,g,ขวด,
AS191616,"Tri-sodium citrate dihydrate HOC(COONa)(CH2COONa)2 ? 2H2O /Solid","Tri-sodium citrate dihydrate HOC(COONa)(CH2COONa)2 ? 2H2Ocas no.1545801 /AR /Solid 500 g /ขวด",1545-80-1,,AR,500,g,ขวด,
AS191617,"Tri-Sodium orthophosphate Na3PO4 /Solid","Tri-Sodium orthophosphate Na3PO4cas no.7601549 /AR /Solid 500 g /ขวด",7601-54-9,,AR,500,g,ขวด,
AS191618,"Turpentine oil /Solid","Turpentine oil cas no.8006642 /AR /Solid 450 ml /ขวด",8006-64-2,,AR,450,mL,ขวด,
AS191619,"Tween 20 C58H114O26 /Liquid","Tween 20 C58H114O26cas no.9005645 /LR /Liquid 450 ml /ขวด",9005-64-5,,LR,450,mL,ขวด,
AS191620,"Tween 60 /Liquid","Tween 60 cas no.9005678 /LR /Liquid 450 ml /ขวด",9005-67-8,,LR,450,mL,ขวด,
AS191621,"Tween 60 (NONION ST 60) /Cosmetic /Liquid","Tween 60 (NONION ST 60) cas no.9005678 /Cosmetic /Liquid 1 kg /ขวด",9005-67-8,,,1,kg,ขวด,
AS191622,"Tween 80 C32H60O10 /Liquid","Tween 80 C32H60O10cas no.9005656 /LR /Liquid 450 ml /ขวด",9005-65-6,,LR,450,mL,ขวด,
AS191623,"UREA CH4N2O /Cosmetic /Solid","UREA CH4N2Ocas no.57136 /Cosmetic /Solid 0.5 kg /ขวด",57-13-6,,,0.5,kg,ขวด,
AS191624,"UVINUL MC 80 C18H26O3 /Cosmetic /Liquid /Ethylhexyl Methoxycinnamate","UVINUL MC 80 C18H26O3cas no.5466773 /Cosmetic /Liquid /Ethylhexyl Methoxycinnamate1 kg /ขวด",5466-77-3,,,1,kg,ขวด,
AS191625,"Vanillin C8H8O3 /Solid","Vanillin C8H8O3cas no.121335 /AR /Solid 250 g /ขวด",121-33-5,,AR,250,g,ขวด,
AS191626,"Vanillin C8H8O3 /Solid","Vanillin C8H8O3cas no.121335 /AR /Solid 100 g /ขวด",121-33-5,,AR,100,g,ขวด,
AS191627,"Vaseline /Solid","Vaseline cas no.8809038 /LR /Solid 1 kg /ขวด",8809-03-8,,LR,1,kg,ขวด,
AS191589,"Tartrazine C16H9N4Na3O9S2 /Solid","Tartrazine C16H9N4Na3O9S2cas no.1934210 /AR /Solid 25 g /ขวด",1934-21-0,,AR,25,g,ขวด,
AS191590,"Tartrazine powder C16H9N4Na3O9S2 /Solid","Tartrazine powder C16H9N4Na3O9S2cas no.1934210 /AR /Solid 25 g /ขวด",1934-21-0,,AR,25,g,ขวด,
AS191591,"Tea tree oil /Liquid","Tea tree oil cas no.68647734 /LR /Liquid 25 g /ขวด",68647-73-4,,LR,25,g,ขวด,
AS191592,"Tea tree oil /Liquid","Tea tree oil cas no.68647734 /LR /Liquid 100 g /ขวด",68647-73-4,,LR,100,g,ขวด,
AS191593,"Tert-butyl alcohol C4H10O /Liquid","Tert-butyl alcohol C4H10Ocas no.75650 /AR /Liquid 4 L /ขวด",75-65-0,,AR,4,L,ขวด,
AS191594,"Tetrahydrofuran C4H8O /Liquid","Tetrahydrofuran C4H8Ocas no.109999 /AR /Liquid 4 L /ขวด",109-99-9,,AR,4,L,ขวด,
AS191595,"Tetrazolium blue chloride C40H32Cl2N8O2 /Solid","Tetrazolium blue chloride C40H32Cl2N8O2cas no.1871223 /AR /Solid 1 g /ขวด",1871-22-3,,AR,1,g,ขวด,
AS191596,"TEXAPON N-70 /Cosmetic /Liquid","TEXAPON N-70 cas no.9004824 /Cosmetic /Liquid 1 kg /ถุง",9004-82-4,,,1,kg,ถุง,
AS191597,"TGI-20 /Cosmetic /Liquid /PEG-20 GLYCERYL TRIISOSTEARATE","TGI-20 cas no.86846211 /Cosmetic /Liquid /PEG-20 GLYCERYL TRIISOSTEARATE1 kg /ขวด",86846-21-1,,,1,kg,ขวด,
AS191598,"Theophylline C7H8N4O2 /Solid","Theophylline C7H8N4O2cas no.58559 /AR /Solid 500 g /ขวด",58-55-9,,AR,500,g,ขวด,
AS191599,"Theophylline, anhydous 99% C7H8N4O2 /Solid","Theophylline, anhydous 99% C7H8N4O2cas no.58559 /AR /Solid 50 g /ขวด",58-55-9,,AR,50,g,ขวด,
AS191600,"Thiamine hydrochloride C12H17ClN4OS ? HCl /Solid","Thiamine hydrochloride C12H17ClN4OS ? HClcas no.67038 /AR /Solid 500 g /ขวด",67-03-8,,AR,500,g,ขวด,
AS191601,"Thiamine hydrochloride C12H17ClN4OS ? HCl /Solid","Thiamine hydrochloride C12H17ClN4OS ? HClcas no.67038 /AR /Solid 100 g /ขวด",67-03-8,,AR,100,g,ขวด,
AS191602,"Thimerosal 2-(C2H5HgS)C6H4CO2Na /Solid","Thimerosal  2-(C2H5HgS)C6H4CO2Nacas no.54648 /AR /Solid 10 g /ขวด",54-64-8,,AR,10,g,ขวด,
AS191603,"Thyme oil /Liquid","Thyme oil cas no.8007463 /LR /Liquid 450 ml /ขวด",8007-46-3,,LR,450,mL,ขวด,
AS191604,"Thymol C10H14O /Solid","Thymol C10H14Ocas no.89838 /AR /Solid 100 g /ขวด",89-83-8,,AR,100,g,ขวด,
AS191605,"Titanium dioxide TiO2 /Solid","Titanium dioxide TiO2cas no.13463677 /LR /Solid 500 g /ขวด",13463-67-7,,LR,500,g,ขวด,
AS191606,"Titanium dioxide TiO2 /Solid","Titanium dioxide TiO2cas no.13463677 /AR /Solid 500 g /ขวด",13463-67-7,,AR,500,g,ขวด,
AS191569,"Strawberry flavour /Liquid","Strawberry flavour /LR /Liquid 450 ml /ขวด",,,LR,450,mL,ขวด,
AS191570,"Strychnine C21H22N2O2 /Solid","Strychnine C21H22N2O2cas no.57249 /AR /Solid 10 g /ขวด",57-24-9,,AR,10,g,ขวด,
AS191571,"Sucrose C12H22O11 /Food /Solid /น้ำตาลทราย","Sucrose C12H22O11cas no.575019 /Food /Solid /น้ำตาลทราย1 kg /ถุง",575-01-9,,,1,kg,ถุง,
AS191572,"Sucrose C12H22O11 /Solid","Sucrose C12H22O11cas no.575019 /AR /Solid 500 g /ขวด",575-01-9,,AR,500,g,ขวด,
AS191573,"Sucrose C12H22O11 /Solid","Sucrose C12H22O11cas no.575019 /AR /Solid 250 g /ขวด",575-01-9,,AR,250,g,ขวด,
AS191574,"Sulfadiazine C10H10N4O2S /Solid","Sulfadiazine C10H10N4O2Scas no.68359 /AR /Solid 100 g /ขวด",68-35-9,,AR,100,g,ขวด,
AS191575,"Sulfadiazine C10H10N4O2S /Solid","Sulfadiazine C10H10N4O2Scas no.68359 /AR /Solid 250 g /ขวด",68-35-9,,AR,250,g,ขวด,
AS191576,"Sulfadiazine tablets /ยา /Solid 1000 เม็ด","Sulfadiazine tablets /ยา /Solid 1000 เม็ด /ขวด",,,,,,ขวด,YES
AS191577,"Sulfisoxazole /Solid","Sulfisoxazole /AR /Solid 250 mg /ขวด",,,AR,250,mg,ขวด,
AS191578,"Sulfisoxazole reference standard /Solid","Sulfisoxazole reference standard /AR /Solid 5 g /ขวด",,,AR,5,g,ขวด,
AS191579,"Sulfisoxazole tablets /ยา /Solid 1000 เม็ด","Sulfisoxazole tablets /ยา /Solid 1000 เม็ด /ขวด",,,,,,ขวด,YES
AS191580,"Sulfuric acid H2SO4 /Liquid","Sulfuric acid H2SO4cas no.7664939 /AR /Liquid 2.5 L /ขวด",7664-93-9,,AR,2.5,L,ขวด,
AS191581,"Sulfuric acid 98% H2SO4 /Liquid","Sulfuric acid 98% H2SO4cas no.7664939/AR /Liquid 2.5 L /ขวด",7664-93-9,,AR,2.5,L,ขวด,
AS191582,"Sulphur sublimed S8 /Solid","Sulphur sublimed S8cas no.7704349 /AR /Solid 500 g /ขวด",7704-34-9,,AR,500,g,ขวด,
AS191583,"Supguard GM- /Cosmetic /Liquid","Supguard GM-BP /Cosmetic /Liquid 100 g /ขวด",,,BP,100,g,ขวด,
AS191584,"Sweet orange flavour /Liquid","Sweet orange flavour /LR /Liquid 450 ml /ขวด",,,LR,450,mL,ขวด,
AS191585,"TALC LS-61 D /Cosmetic /Powder","TALC LS-61 D cas no.14807966 /Cosmetic /Powder 1 kg /ถุง",14807-96-6,,,1,kg,ถุง,
AS191586,"Talcum powder 3MgO?4SiO2?H2O /Solid","Talcum powder 3MgO?4SiO2?H2Ocas no.14807966 /LR /Solid 1 kg /ถุง",14807-96-6,,LR,1,kg,ถุง,
AS191587,"Tannic acid C76H52O46 /Solid","Tannic acid C76H52O46cas no.1401554 /LR /Solid 500 g /ขวด",1401-55-4,,LR,500,g,ขวด,
AS191588,"Tartaric acid C4H6O6 /Solid","Tartaric acid C4H6O6cas no.87694 /AR /Solid 500 g /ขวด",87-69-4,,AR,500,g,ขวด,
AS191547,"Sodium tartrate dihydrate C4H4Na2O6 ? 2H2O /Solid","Sodium tartrate dihydrate C4H4Na2O6 ? 2H2Ocas no.6106247 /AR /Solid 100 g /ขวด",6106-24-7,,AR,100,g,ขวด,
AS191548,"SOFTOUCH CC6069 (BORON NITRIDE POWDER) /Cosmetic /Powder","SOFTOUCH CC6069 (BORON NITRIDE POWDER) cas no.2974480 /Cosmetic /Powder 1 kg /ถุง",2974-48-0,,,1,kg,ถุง,
AS191549,"Sorbitan oleate (Span 80) /Cosmetic /Solid","Sorbitan oleate (Span 80) cas no.1338438 /Cosmetic /Solid 1 kg /ขวด",1338-43-8,,,1,kg,ขวด,
AS191550,"Sorbitan stearate (Span 60) /Cosmetic /Solid","Sorbitan stearate (Span 60) cas no.1338416 /Cosmetic /Solid 1 kg /ขวด",1338-41-6,,,1,kg,ขวด,
AS191551,"Sorbitol 70% C6H14O6 /Food /Liquid","Sorbitol 70%  C6H14O6cas no.50704 /Food /Liquid 1 kg /ขวด",50-70-4,,,1,kg,ขวด,
AS191552,"Sorbitol 70% C6H14O6 /Food /Liquid","Sorbitol 70%  C6H14O6cas no.50704 /Food /Liquid 20 L /ถัง",50-70-4,,,20,L,ถัง,
AS191553,"Sorbitol 70% C6H14O6 /Liquid","Sorbitol 70%  C6H14O6cas no.50704 /LR /Liquid 500 ml /ขวด",50-70-4,,LR,500,mL,ขวด,
AS191554,"Sorbitol 70% C6H14O6 /Cosmetic /Liquid","Sorbitol 70% C6H14O6cas no.50704 /Cosmetic /Liquid 1 kg /ขวด",50-70-4,,,1,kg,ขวด,
AS191555,"Sorbitol 70% solution C6H14O6 /Cosmetic /Liquid","Sorbitol 70% solution C6H14O6cas no.50704 /Cosmetic /Liquid 1 kg /ขวด",50-70-4,,,1,kg,ขวด,
AS191556,"Soy extract isoflavone /Liquid","Soy extract isoflavone cas no.446720 /LR /Liquid 500 g /ขวด",446-72-0,,LR,500,g,ขวด,
AS191557,"Span? 60 C24H46O6 /Liquid","Span? 60  C24H46O6cas no.1338416 /BP /Liquid 450 ml /ขวด",1338-41-6,,BP,450,mL,ขวด,
AS191558,"SPAN 60 (NONION SPA 60) /Cosmetic /Semi solid /Sorbitan Stearate","SPAN 60 (NONION SPA 60) cas no.1338416 /Cosmetic /Semi solid /Sorbitan Stearate1 kg /ขวด",1338-41-6,,,1,kg,ขวด,
AS191559,"SPAN 80(NONION OP 80R) /Cosmetic /Semi solid /Sorbitan Oleate","SPAN 80(NONION OP 80R) cas no.1338438 /Cosmetic /Semi solid /Sorbitan Oleate1 kg /ขวด",1338-43-8,,,1,kg,ขวด,
AS191560,"SPERMACETI /Cosmetic /Solid","SPERMACETI cas no.8012951 /Cosmetic /Solid 1 kg /ถุง",8012-95-1,,,1,kg,ถุง,
AS191561,"Starch (C6H10O5)n /Solid","Starch (C6H10O5)ncas no.9005849 /LR /Solid 500 g /ขวด",9005-84-9,,LR,500,g,ขวด,
AS191562,"Starch 1500 (C6H10O5)n /Solid","Starch 1500 (C6H10O5)ncas no.68412293 /LR /Solid 1 kg /ขวด",68412-29-3,,LR,1,kg,ขวด,
AS191563,"STARCH RICE /Cosmetic /Powder","STARCH RICE cas no.9005849/Cosmetic /Powder 1 kg /ถุง",9005-84-9,,,1,kg,ถุง,
AS191564,"Starch soluble (C6H10O5)n /Solid","Starch soluble (C6H10O5)ncas no.9005849 /AR /Solid 500 g /ขวด",9005-84-9,,AR,500,g,ขวด,
AS191565,"Stearic acid CH3(CH2)16COOH /Solid","Stearic acid CH3(CH2)16COOHcas no.57114 /AR /Solid 1 kg /ขวด",57-11-4,,AR,1,kg,ขวด,
AS191526,"Sodium chloride NaCl /Solid","Sodium chloride NaClcas no.7647145 /AR /Solid 1 kg /ขวด",7647-14-5,,AR,1,kg,ขวด,
AS191527,"Sodium citrate HOC(COONa)(CH2COONa)2 ? 2H2O /Solid","Sodium citrate HOC(COONa)(CH2COONa)2 ? 2H2Ocas no.6132043 /LR /Solid 500 g /ขวด",6132-04-3,,LR,500,g,ขวด,
AS191528,"Sodium C.M.C. (Carboxymethylcellulose sodium salt) /Solid","Sodium C.M.C. (Carboxymethylcellulose sodium salt) cas no.9004324 /LR /Solid 500 g /ขวด",9004-32-4,,LR,500,g,ขวด,
AS191529,"Sodium dihydrogen orthophosphate NaH2PO4 ? 2H2O /Solid","Sodium dihydrogen orthophosphate  NaH2PO4 ? 2H2Ocas no.13472350 /AR /Solid 500 g /ขวด",13472-35-0,,AR,500,g,ขวด,
AS191530,"Sodium hydrogen carbonate NaHCO3 /Solid","Sodium hydrogen carbonate NaHCO3cas no.144558 /AR /Solid 1 kg /ขวด",144-55-8,,AR,1,kg,ขวด,
AS191531,"SODIUM HYDROSULPHITE Na2S2O4/COM /Solid","SODIUM HYDROSULPHITE Na2S2O4cas no.7775146/COM /Solid 1 kg /ถุง",7775-14-6,,,1,kg,ถุง,
AS191532,"Sodium hydroxide NaOH /Solid","Sodium hydroxide NaOHcas no.1310732 /AR /Solid 1 kg /ขวด",1310-73-2,,AR,1,kg,ขวด,
AS191533,"SODIUM HYDROXIDE NaOH /Cosmetic /Solid","SODIUM HYDROXIDE BP NaOHcas no.1310732 /Cosmetic /Solid 1 kg /ขวด",1310-73-2,,BP,1,kg,ขวด,
AS191534,"Sodium lauryl sulphate CH3(CH2)11OSO3Na /Solid","Sodium lauryl sulphate CH3(CH2)11OSO3Nacas no.151213 /LR /Solid 500 g /ขวด",151-21-3,,LR,500,g,ขวด,
AS191535,"Sodium metabisulphite Na2S2O5 /Solid","Sodium metabisulphite Na2S2O5cas no.7681574 /AR /Solid 500 g /ขวด",7681-57-4,,AR,500,g,ขวด,
AS191536,"Sodium nitrate NaNO3 /Liquid 500 h","Sodium nitrate NaNO3cas no.7631994 /AR /Liquid 500 h /ขวด",7631-99-4,,AR,,,ขวด,YES
AS191537,"Sodium saccharin C7H4NNaO3S /Food /Solid","Sodium saccharin C7H4NNaO3Scas no.128449 /Food /Solid 1 kg /ขวด",128-44-9,,,1,kg,ขวด,
AS191538,"Sodium saccharin C7H4NNaO3S /Food /Solid","Sodium saccharin C7H4NNaO3Scas no.128449 /Food /Solid 450 g /ขวด",128-44-9,,,450,g,ขวด,
AS191539,"Sodium salicylate HOC6H4COONa /Solid","Sodium salicylate HOC6H4COONacas no.54217 /AR /Solid 500 g /ขวด",54-21-7,,AR,500,g,ขวด,
AS191540,"Sodium starch glycolate (C2H4O3)x ? (Na)x /Solid","Sodium starch glycolate  (C2H4O3)x ? (Na)xcas no.9063381 /AR /Solid 500 g /ขวด",9063-38-1,,AR,500,g,ขวด,
AS191541,"Sodium stearate CH3(CH2)16COONa /Solid","Sodium stearate CH3(CH2)16COONacas no.822162 /AR /Solid 500 g /ขวด",822-16-2,,AR,500,g,ขวด,
AS191542,"Sodium sulfate Na2SO4 /Solid","Sodium sulfate  Na2SO4cas no.7757826 /AR /Solid 500 g /ขวด",7757-82-6,,AR,500,g,ขวด,
AS191543,"Sodium sulfate anhydrous Na2SO4 /Solid","Sodium sulfate anhydrous  Na2SO4cas no.7757826 /AR /Solid 1 kg /ขวด",7757-82-6,,AR,1,kg,ขวด,
AS191544,"Sodium sulfate anhydrous Na2SO4 /Solid","Sodium sulfate anhydrous  Na2SO4cas no.7757826 /AR /Solid 500 g /ขวด",7757-82-6,,AR,500,g,ขวด,
AS191545,"Sodium Sulphite Na2SO3 /Solid","Sodium Sulphite  Na2SO3cas no.7757837 /AR /Solid 500 g /ขวด",7757-83-7,,AR,500,g,ขวด,
AS191546,"Sodium Sulphite Na2SO3 /Solid","Sodium Sulphite  Na2SO3cas no.7757837 /AR /Solid 1 kg /ขวด",7757-83-7,,AR,1,kg,ขวด,
AS191507,"SeraSol EL92 /Cosmetic /Gel /Dimethicone (and) Dimethicone / PEG-10/15 Crosspolymer","SeraSol EL92 /Cosmetic /Gel /Dimethicone (and) Dimethicone / PEG-10/15 Crosspolymer1 kg /ขวด",,,,1,kg,ขวด,
AS191508,"SHEA BUTTER /Cosmetic /Solid","SHEA BUTTER cas no.194043920 /Cosmetic /Solid 1 kg /ขวด",194043-92-0,,,1,kg,ขวด,
AS191509,"Silica gel 60 O2Si /Solid","Silica gel 60 O2Sicas no.7631869 /AR /Solid 1000 g /ขวด",7631-86-9,,AR,1000,g,ขวด,
AS191510,"Silicone fluid (1000 cs viscosity) /Cosmetic /Liquid","Silicone fluid (1000 cs viscosity) cas no.63148629 /Cosmetic /Liquid 5 kg /ขวด",63148-62-9,,,5,kg,ขวด,
AS191511,"Silver iodide AgI /Solid","Silver iodide AgIcas no.7783962 /AR /Solid 25 g /ขวด",7783-96-2,,AR,25,g,ขวด,
AS191512,"Silver nitrate AgNO3 /Solid","Silver nitrate AgNO3cas no.7761888 /AR /Solid 100 g /ขวด",7761-88-8,,AR,100,g,ขวด,
AS191513,"SIMUGEL INS100 /Cosmetic /Liquid /Hydroxyethyl Acrylate/Sodium Acryloyldimethyl Taurate Copolymer (and) Isohexadecane (and) Polysorbate","SIMUGEL INS100 cas no.93685804 /Cosmetic /Liquid /Hydroxyethyl Acrylate/Sodium Acryloyldimethyl Taurate Copolymer (and) Isohexadecane (and) Polysorbate 605 kg /ขวด",93685-80-4,,,605,kg,ขวด,
AS191514,"Sodium acetate trihydrate C2H3NaO2 * 3 H2O /Solid","Sodium acetate trihydrate C2H3NaO2 * 3 H2Ocas no.6131904 /AR /Solid 500 g /ขวด",6131-90-4,,AR,500,g,ขวด,
AS191523,"Sodium carbonate Na2CO3 /Solid","Sodium carbonate Na2CO3cas no.497198 /AR /Solid 500 g /ขวด",497-19-8,,AR,500,g,ขวด,
AS191524,"Sodium carbonate Na2CO3 /Solid","Sodium carbonate Na2CO3cas no.497198 /LR /Solid 1 kg /ขวด",497-19-8,,LR,1,kg,ขวด,
AS191525,"Sodium carbonate anhydrous Na2CO3 /Solid","Sodium carbonate anhydrous Na2CO3cas no.497198 /AR /Solid 500 g /ขวด",497-19-8,,AR,500,g,ขวด,
AS191516,"Sodium alginate /Food /Solid","Sodium alginate cas no.9005383 /Food /Solid 500 g /ขวด",9005-38-3,,,500,g,ขวด,
AS191517,"Sodium Benzoate C6H5COONa /Food /Solid","Sodium Benzoate C6H5COONacas no.532-32-1 /Food /Solid 500 g /ขวด",532-32-1,,,500,g,ขวด,
AS191518,"Sodium Benzoate C6H5COONa /Solid","Sodium Benzoate C6H5COONacas no.532-32-1 /AR /Solid 500 g /ขวด",532-32-1,,AR,500,g,ขวด,
AS191519,"Sodium benzoate NF/FCC Powder C7H5NaO2 /Cosmetic /Powder","Sodium benzoate NF/FCC Powder C7H5NaO2cas no.532321 /Cosmetic /Powder 1 kg /ขวด",532-32-1,,,1,kg,ขวด,
AS191520,"Sodium bicarbonate NaHCO3 /Solid","Sodium bicarbonate NaHCO3cas no.144558 /AR /Solid 500 g /ขวด",144-55-8,,AR,500,g,ขวด,
AS191521,"Sodium bicarbonate NaHCO3 /Solid","Sodium bicarbonate NaHCO3cas no.144558 /LR /Solid 1 kg /แพ็ค",144-55-8,,LR,1,kg,แพ็ค,
AS191488,"Quinidine sulfate salt dihydrate C40H48N4O4 ? H2O4S ? 2H2O /Solid","Quinidine sulfate salt dihydrate C40H48N4O4 ? H2O4S ? 2H2Ocas no.6591635 /AR /Solid 10 g /ขวด",6591-63-5,,AR,10,g,ขวด,
AS191489,"Quinol (Hydroquinone) C6H4-1,4-(OH)2 /Solid","Quinol (Hydroquinone) C6H4-1,4-(OH)2cas no.123319 /AR /Solid 500 g /ขวด",123-31-9,,AR,500,g,ขวด,
AS191490,"Raspberry flavour /Liquid","Raspberry flavour /LR /Liquid 450 ml /ขวด",,,LR,450,mL,ขวด,
AS191491,"Red Thyme oil /Liquid","Red Thyme oil /LR /Liquid 450 ml /ขวด",,,LR,450,mL,ขวด,
AS191492,"REFINED GLYCERINE 99.5% MIN C3H8O3 /Cosmetic /Liquid","REFINED GLYCERINE 99.5% MIN USP C3H8O3cas no.56815 /Cosmetic /Liquid 1 kg /แกลลอน",56-81-5,,USP,1,kg,แกลลอน,
AS191493,"Reserpine C33H40N2O9 /Solid","Reserpine C33H40N2O9cas no.50555 /AR /Solid 1 g /ขวด",50-55-5,,AR,1,g,ขวด,
AS191494,"Resorcinol C6H4-1,3-(OH)2 /Solid","Resorcinol  C6H4-1,3-(OH)2cas no.108463 /AR /Solid 250 g /ขวด",108-46-3,,AR,250,g,ขวด,
AS191495,"Riboflavin C17H20N4O6cas no. 83885 /Solid","Riboflavin C17H20N4O6cas no. 83885 /AR /Solid 25 g /ขวด",,,AR,25,g,ขวด,
AS191496,"Riboflavin reference standard C17H20N4O6cas no. 83885 /Solid","Riboflavin reference standard C17H20N4O6cas no. 83885 /AR /Solid 5 g /ขวด",,,AR,5,g,ขวด,
AS191497,"Riboflavin tablets /ยา /Solid 1000 เม็ด","Riboflavin tablets /ยา /Solid 1000 เม็ด /ขวด",,,,,,ขวด,YES
AS191498,"Rosemary oil /Liquid","Rosemary oil cas no.8000257 /LR /Liquid 25 g /ขวด",8000-25-7,,LR,25,g,ขวด,
AS191499,"Rosemary oil /Liquid","Rosemary oil cas no.8000257 /LR /Liquid 100 g /ขวด",8000-25-7,,LR,100,g,ขวด,
AS191500,"Rose water /Liquid","Rose water /LR /Liquid 450 ml /ขวด",,,LR,450,mL,ขวด,
AS191501,"Safranin T /Solid","Safranin T cas no.477736 /AR /Solid 25 g /ขวด",477-73-6,,AR,25,g,ขวด,
AS191502,"SAKURA C-8132 /Cosmetic /Liquid","SAKURA C-8132 /Cosmetic /Liquid 100 g /ขวด",,,,100,g,ขวด,
AS191503,"Sala cider /Liquid","Sala cider /LR /Liquid 25 ml /ขวด",,,LR,25,mL,ขวด,
AS191504,"Salicylic acid C7H6O3 /Solid","Salicylic acid C7H6O3cas no.69727 /AR /Solid 500 g /ขวด",69-72-7,,AR,500,g,ขวด,
AS191505,"Sandel wood /Liquid","Sandel wood cas no.8006879 /LR /Liquid 25 g /ขวด",8006-87-9,,LR,25,g,ขวด,
AS191506,"SEPIGEL 305 /Cosmetic /Liquid /Polyacrylamide (and) C13-14 Isoparaffin (and) Laureth","SEPIGEL 305 /Cosmetic /Liquid /Polyacrylamide (and) C13-14 Isoparaffin (and) Laureth-75 kg /ขวด",,,,75,kg,ขวด,
AS191470,"Potassium permanganate KMnO4 grade /Solid","Potassium permanganate KMnO4cas no.7722647 /AR grade /Solid 250 g /ขวด",7722-64-7,,AR,250,g,ขวด,
AS191471,"Potassium permanganate KMnO4 grade /Solid","Potassium permanganate KMnO4cas no.7722647 /LR grade /Solid 500 g /ขวด",7722-64-7,,LR,500,g,ขวด,
AS191472,"Potassium sodium tartrate KOCOCH(OH)CH(OH)COONa ? 4H2O grade /Solid","Potassium sodium tartrate KOCOCH(OH)CH(OH)COONa ? 4H2Ocas no.6381595 /AR grade /Solid 500 g /ขวด",6381-59-5,,AR,500,g,ขวด,
AS191473,"Povidone iodine C8H15NO /Solid","Povidone iodine C8H15NOcas no.25655418 /LR /Solid 1 kg /ขวด",25655-41-8,,LR,1,kg,ขวด,
AS191474,"Prednisolone C21H28O5 /Solid","Prednisolone C21H28O5cas no.53032 /AR /Solid 1 g /ขวด",53-03-2,,AR,1,g,ขวด,
AS191475,"PRIME YELLOW CARNAUBA WAX FLAKE /Cosmetic /Solid","PRIME YELLOW CARNAUBA WAX FLAKE cas no.8015869 /Cosmetic /Solid 1 kg /ถุง",8015-86-9,,,1,kg,ถุง,
AS191476,"Propylene glycol C3H8O2 /Liquid","Propylene glycol C3H8O2cas no.57556 /LR /Liquid 450 ml /ขวด",57-55-6,,LR,450,mL,ขวด,
AS191477,"Propylene glycol C3H8O2 /Cosmetic /Liquid","Propylene glycol C3H8O2cas no.57556 /Cosmetic /Liquid 1 kg /ขวด",57-55-6,,,1,kg,ขวด,
AS191478,"Propyl paraben C10H12O3 /Solid","Propyl paraben C10H12O3cas no.94133 /AR /Solid 500 g /ขวด",94-13-3,,AR,500,g,ขวด,
AS191479,"Propyl paraben C10H12O3 /Solid","Propyl paraben C10H12O3cas no.94133 /LR /Solid 500 g /ขวด",94-13-3,,LR,500,g,ขวด,
AS191480,"PUREACT I-78C (TAURANOL I-78C) /Cosmetic /Solid","PUREACT I-78C (TAURANOL I-78C) cas no.61789320 /Cosmetic /Solid 1 kg /ขวด",61789-32-0,,,1,kg,ขวด,
AS191481,"PURE WHITE BEES WAX 100% /Cosmetic /Solid","PURE WHITE BEES WAX 100% cas no.8012893 /Cosmetic /Solid 1 kg /ถุง",8012-89-3,,,1,kg,ถุง,
AS191482,"PVA /Cosmetic /Solid","PVA cas no.9002895 /Cosmetic /Solid 1 kg /ขวด",9002-89-5,,,1,kg,ขวด,
AS191483,"PVPK 30 C18H27N3O3X2 /Solid","PVPK 30 C18H27N3O3X2cas no.84057818 /LR /Solid 1 kg /ขวด",84057-81-8,,LR,1,kg,ขวด,
AS191484,"PVPK 90 C18H27N3O3X2 /Solid","PVPK 90 C18H27N3O3X2cas no.84057818 /LR /Solid 1 kg /ขวด",84057-81-8,,LR,1,kg,ขวด,
AS191485,"PVP K90 /Cosmetic /Solid","PVP K90 cas no.9003398 /Cosmetic /Solid 1 kg /ถุง",9003-39-8,,,1,kg,ถุง,
AS191486,"Quercetin hydrate C15H10O7 * 2 H2O /Solid","Quercetin hydrate C15H10O7 * 2 H2Ocas no.6151253 /AR /Solid 25 g /ขวด",6151-25-3,,AR,25,g,ขวด,
AS191487,"Quindine C20H24N2O2 /Solid","Quindine C20H24N2O2cas no.56542  /AR /Solid 10 g /ขวด",56-54-2,,AR,10,g,ขวด,
AS191449,"POLYSORBATE 80 C64H124O26 grade /Liquid /Tween","POLYSORBATE 80 C64H124O26cas no.9005656 /LR grade /Liquid /Tween 801 kg /ขวด",9005-65-6,,LR,801,kg,ขวด,
AS191450,"Polysynlane V (Hydrogenated polyisobutene) grade /Semi Solid","Polysynlane V (Hydrogenated polyisobutene) cas no.69837100 /AR grade /Semi Solid 1 kg /ขวด",69837-10-0,,AR,1,kg,ขวด,
AS191451,"Poly(vinyl Alcohol) [-CH2CHOH-]n grade /Solid","Poly(vinyl Alcohol)  [-CH2CHOH-]ncas no.9002895 /LR grade /Solid 500 g /ขวด",9002-89-5,,LR,500,g,ขวด,
AS191452,"Polyvinyl alcohol (P.V.A.) (CH2CHOH)n grade /Solid","Polyvinyl alcohol (P.V.A.) (CH2CHOH)ncas no.9002895/LR grade /Solid 500 g /ขวด",9002-89-5,,LR,500,g,ขวด,
AS191453,"Potassium bromate KBrO3 grade /Solid","Potassium bromate KBrO3cas no.7758012 /LR grade /Solid 250 g /ขวด",7758-01-2,,LR,250,g,ขวด,
AS191454,"Potassium bromate KBrO4 grade /Solid","Potassium bromate KBrO4cas no.7758013 /LR grade /Solid 500 g /ขวด",7758-01-3,,LR,500,g,ขวด,
AS191455,"Potassium Bromide KBr grade /Solid","Potassium Bromide KBrcas no.7758023 /LR grade /Solid 100 g /ขวด",7758-02-3,,LR,100,g,ขวด,
AS191456,"Potassium Bromide KBr grade /Solid","Potassium Bromide KBrcas no.7758023 /AR grade /Solid 500 g /ขวด",7758-02-3,,AR,500,g,ขวด,
AS191457,"Potassium chloride KCl grade /Solid","Potassium chloride KClcas no.74447407 /AR grade /Solid 1 kg /ขวด",74447-40-7,,AR,1,kg,ขวด,
AS191458,"Potassium citrate K3C6H5O7 grade /Solid","Potassium citrate K3C6H5O7cas no.866842 /LR grade /Solid 1 kg /ขวด",866-84-2,,LR,1,kg,ขวด,
AS191459,"POTASSIUM CITRATE K3C6H5O7 grade /Powder","POTASSIUM CITRATE K3C6H5O7cas no.866842 /AR grade /Powder 1 kg /ขวด",866-84-2,,AR,1,kg,ขวด,
AS191460,"Potassium dichromate K2Cr2O7 grade /Solid","Potassium dichromate K2Cr2O7cas no.7778509 /LR grade /Solid 500 g /ขวด",7778-50-9,,LR,500,g,ขวด,
AS191461,"Potassium dihydrogen orthophosphate KH2PO4 grade /Solid","Potassium dihydrogen orthophosphate KH2PO4cas no.7778770 /LR grade /Solid 500 g /ขวด",7778-77-0,,LR,500,g,ขวด,
AS191462,"Potassium hydrogen phosphate K2HPO4 ? 3H2O grade /Solid","Potassium hydrogen phosphate K2HPO4 ? 3H2Ocas no.16788571 /LR grade /Solid 500 g /ขวด",16788-57-1,,LR,500,g,ขวด,
AS191463,"Potassium hydrogen phthalate HOOCC6H4COOK grade /Solid","Potassium hydrogen phthalate  HOOCC6H4COOKcas no.877247 /LR grade /Solid 500 g /ขวด",877-24-7,,LR,500,g,ขวด,
AS191464,"Potassium hydroxide KOH grade /Solid","Potassium hydroxide KOHcas no.1310583 /LR grade /Solid 500 g /ขวด",1310-58-3,,LR,500,g,ขวด,
AS191465,"POTASSIUM HYDROXIDE KOH grade /Solid","POTASSIUM HYDROXIDE KOHcas no.1310583/LR grade /Solid 1 kg /ถุง",1310-58-3,,LR,1,kg,ถุง,
AS191466,"POTASSIUM HYDROXIDE KOH /LR grade /Solid","POTASSIUM HYDROXIDE BP KOHcas no.1310583 /LR grade /Solid 1 kg /ขวด",1310-58-3,,BP,1,kg,ขวด,
AS191468,"Potassium Oleate CH3(CH2)7CH=CH(CH2)7COOK grade /Solid","Potassium Oleate CH3(CH2)7CH=CH(CH2)7COOKcas no.143180 /LR grade /Solid 500 g /ขวด",143-18-0,,LR,500,g,ขวด,
AS191469,"Potassium Oleate CH3(CH2)7CH=CH(CH2)7COOK grade /Solid","Potassium Oleate CH3(CH2)7CH=CH(CH2)7COOKcas no.143180 /LR grade /Solid 250 g /ขวด",143-18-0,,LR,250,g,ขวด,
AS191431,"pH Buffer 7 grade /Liquid","pH Buffer 7 cas no.7778770 /LR grade /Liquid 1 L /ขวด",7778-77-0,,LR,1,L,ขวด,
AS191432,"Phenol crystal C6H5OH grade /Solid","Phenol crystal C6H5OHcas no.108952 /AR grade /Solid 500 g /ขวด",108-95-2,,AR,500,g,ขวด,
AS191433,"Phenol red C19H14O5S grade /Solid","Phenol red C19H14O5Scas no.143748 /LR grade /Solid 5 g /ขวด",143-74-8,,LR,5,g,ขวด,
AS191434,"Phenophthalein C20H14O4 grade /Solid","Phenophthalein C20H14O4cas no.77098 /LR grade /Solid 25 g /ขวด",77-09-8,,LR,25,g,ขวด,
AS191435,"Phenophthalein C20H14O4 grade /Solid","Phenophthalein C20H14O4cas no.77098 /LR grade /Solid 100 g /ขวด",77-09-8,,LR,100,g,ขวด,
AS191436,"PHENOXY ETHANOL C8H10O2 grade /Liquid","PHENOXY ETHANOL C8H10O2cas no.122996/LR grade /Liquid 1 kg /แกลลอน",122-99-6,,LR,1,kg,แกลลอน,
AS191437,"PHENOXY ETHANOL C8H10O2 grade /Liquid","PHENOXY ETHANOL C8H10O2cas no.122996 /LR grade /Liquid 1 kg /ขวด",122-99-6,,LR,1,kg,ขวด,
AS191438,"Phosphomolybdic Mo20O65P2.xH2O grade /Solid","Phosphomolybdic Mo20O65P2.xH2Ocas no.51429744 /LR grade /Solid 50 g /ขวด",51429-74-4,,LR,50,g,ขวด,
AS191439,"Phosphoric acid grade /Liquid","Phosphoric acid /LR grade /Liquid 450 ml /ขวด",,,LR,450,mL,ขวด,
AS191440,"PHYTOSQUALAN grade /Liquid /Squalane","PHYTOSQUALAN cas no.1110103 /LR grade /Liquid /Squalane1 kg /ขวด",1110-10-3,,LR,1,kg,ขวด,
AS191441,"PHYTOWAX OLIVE 18L57 grade /Solid /Hydrogenated Olive Oil Stearyl Esters","PHYTOWAX OLIVE 18L57 cas no.2778963 /AR grade /Solid /Hydrogenated Olive Oil Stearyl Esters1 kg /ขวด",2778-96-3,,AR,1,kg,ขวด,
AS191442,"Pineapple flavour grade /Liquid","Pineapple flavour /LR grade /Liquid 25 ml /ขวด",,,LR,25,mL,ขวด,
AS191443,"Piperidine C17H19NO3 grade /Solid","Piperidine C17H19NO3cas no.94622 /AR grade /Solid 5 g /ขวด",94-62-2,,AR,5,g,ขวด,
AS191444,"PLANTACARE 1200 UP C18H36O6 grade /Semi solid /Lauryl Glucoside","PLANTACARE 1200 UP C18H36O6cas no.110615479 /LR grade /Semi solid /Lauryl Glucoside1 kg /ขวด",110615-47-9,,LR,1,kg,ขวด,
AS191445,"PLASTIC POWDER D-400 grade /Powder","PLASTIC POWDER D-400 /LR grade /Powder 1 kg /แกลลอน",,,LR,1,kg,แกลลอน,
AS191446,"Polyethylene glycol 400 (C3H6O)n grade /Liquid","Polyethylene glycol 400 (C3H6O)ncas no.25322694 /LR grade /Liquid 1 kg /ขวด",25322-69-4,,LR,1,kg,ขวด,
AS191447,"Polyethylene glycol 4000 H(OCH2CH2)nOH grade /Liquid","Polyethylene glycol 4000 H(OCH2CH2)nOHcas no.25322683 /LR grade /Liquid 1 kg /ขวด",25322-68-3,,LR,1,kg,ขวด,
AS191448,"POLYSORBATE 20 C58H114O26 grade /Liquid /Tween","POLYSORBATE 20 C58H114O26cas no.9005645 /LR grade /Liquid /Tween 201 kg /ขวด",9005-64-5,,LR,201,kg,ขวด,
AS191413,"OZOKERITE WAX 7488 grade /Solid","OZOKERITE WAX 7488 cas no.8002742 /AR grade /Solid 1 kg /ถุง",8002-74-2,,AR,1,kg,ถุง,
AS191414,"Paracetamol C8H9NO2 grade /Solid","Paracetamol C8H9NO2cas no.103902 /LR grade /Solid 500 g /ขวด",103-90-2,,LR,500,g,ขวด,
AS191415,"Paracetamol C8H9NO2 grade /Solid","Paracetamol C8H9NO2cas no.103902 /LR grade /Solid 1 kg /ขวด",103-90-2,,LR,1,kg,ขวด,
AS191416,"Paracetamol powder (Acetaninophen) C8H9NO2 grade /Solid","Paracetamol powder (Acetaninophen) C8H9NO2cas no.103902 /LR grade /Solid 500 g /ขวด",103-90-2,,LR,500,g,ขวด,
AS191417,"Paracetamol tablets grade /Solid 1000 เม็ด","Paracetamol tablets /LR grade /Solid 1000 เม็ด /ขวด",,,LR,,,ขวด,YES
AS191418,"Paraffin hard grade /Solid","Paraffin hard cas no.8002742 /LR grade /Solid 1 kg /ขวด",8002-74-2,,LR,1,kg,ขวด,
AS191419,"Paraffin liquid CnH2n+2 (n=16~24) grade /Liquid","Paraffin liquid CnH2n+2 (n=16~24)cas no.8012951 /AR grade /Liquid 2.5 L /ขวด",8012-95-1,,AR,2.5,L,ขวด,
AS191420,"Paraffin wax grade /Solid","Paraffin wax cas no.8002742 /LR grade /Solid 500 g /ขวด",8002-74-2,,LR,500,g,ขวด,
AS191422,"PARLEAM V (POLYSYNLANE V) grade /Semi Solid","PARLEAM V (POLYSYNLANE V) cas no.68937-10-0 /LR grade /Semi Solid 1 kg /ขวด",68937-10-0,,LR,1,kg,ขวด,
AS191423,"PARSOL 1789 C20H22O3 grade /Powder /Butyl Methoxydibenzoylmethane","PARSOL 1789 C20H22O3cas no.25003286 /LR grade /Powder /Butyl Methoxydibenzoylmethane1 kg /ขวด",25003-28-6,,LR,1,kg,ขวด,
AS191424,"p-Cresol CH3C6H4OH grade /Solid","p-Cresol CH3C6H4OHcas no.106445 /AR grade /Solid 1 kg /ขวด",106-44-5,,AR,1,kg,ขวด,
AS191425,"PEG-20 glyceryl triisostearate (Nikkol TGI-20) grade /Liquid","PEG-20 glyceryl triisostearate (Nikkol TGI-20) cas no.86846211 /AR grade /Liquid 1 kg /ขวด",86846-21-1,,AR,1,kg,ขวด,
AS191426,"PEG 400 (POLYETHYLENE GLYCOL NO.400 grade /Liquid","PEG 400 (POLYETHYLENE GLYCOL NO.400 cas no.25322683 /AR grade /Liquid 1 kg /แกลลอน",25322-68-3,,AR,1,kg,แกลลอน,
AS191427,"Peppermint oil grade /Liquid","Peppermint oil cas no.8006904 /LR grade /Liquid 450 ml /ขวด",8006-90-4,,LR,450,mL,ขวด,
AS191428,"Petroleum ether grade /Liquid","Petroleum ether cas no.8032324 /AR grade /Liquid 2.5 L /ขวด",8032-32-4,,AR,2.5,L,ขวด,
AS191429,"pH Buffer 10 grade /Liquid","pH Buffer 10 /LR grade /Liquid 1 L /ขวด",,,LR,1,L,ขวด,
AS191430,"pH Buffer 4 grade /Liquid","pH Buffer 4 cas no.877247 /LR grade /Liquid 1 L /ขวด",877-24-7,,LR,1,L,ขวด,
AS191396,"NIKKOMULESE WO grade /Solid","NIKKOMULESE WO cas no.5410206 /AR grade /Solid 1 kg /ขวด",5410-20-6,,AR,1,kg,ขวด,
AS191397,"Ninhydrin C9H6O4 grade /Solid","Ninhydrin C9H6O4cas no.485472 /LR grade /Solid 25 g /ขวด",485-47-2,,LR,25,g,ขวด,
AS191398,"Nitric acid HNO3 grade /Liquid","Nitric acid HNO3cas no.7697372 /AR grade /Liquid 2.5 L /ขวด",7697-37-2,,AR,2.5,L,ขวด,
AS191399,"Nitric acid 65% HNO3 grade /Liquid","Nitric acid 65% HNO3cas no.7697372/LR grade /Liquid 2.5 L /ขวด",7697-37-2,,LR,2.5,L,ขวด,
AS191400,"Normalsaline 0.9% for injection grade /Liquid","Normalsaline 0.9% for injection /LR grade /Liquid 100 ml /ขวด",,,LR,100,mL,ขวด,
AS191401,"Normalsaline 0.9% for injection grade /Liquid","Normalsaline 0.9% for injection /AR grade /Liquid 1 L /ขวด",,,AR,1,L,ขวด,
AS191402,"NOVEMER EC-1 POLYMER grade /Liquid /Acrylates/Acrylamide Copolymer (and) Mineral Oil (and) Polysorbate","NOVEMER EC-1 POLYMER /LR grade /Liquid /Acrylates/Acrylamide Copolymer (and) Mineral Oil (and) Polysorbate 851 kg /ขวด",,,LR,851,kg,ขวด,
AS191403,"Nutmeg oil grade /Liquid","Nutmeg oil cas no.8008455 /LR grade /Liquid 450 ml /ขวด",8008-45-5,,LR,450,mL,ขวด,
AS191404,"O-acetylsalicylic acid C9H8O4 grade /Solid","O-acetylsalicylic acid C9H8O4cas no.50782 /LR grade /Solid 100 g /ขวด",50-78-2,,LR,100,g,ขวด,
AS191405,"OCTOCRYLENE grade /Liquid","OCTOCRYLENE cas no.6197304 /LR grade /Liquid 1 kg /ขวด",6197-30-4,,LR,1,kg,ขวด,
AS191406,"OCTYLDODECANOL grade /Liquid","OCTYLDODECANOL cas no.5333426 /LR grade /Liquid 1 kg /ขวด",5333-42-6,,LR,1,kg,ขวด,
AS191407,"Oleic acid CH3(CH2)7CH=CH(CH2)7COOH grade /Liquid","Oleic acid CH3(CH2)7CH=CH(CH2)7COOHcas no.112801 /LR grade /Liquid 500 ml /ขวด",112-80-1,,LR,500,mL,ขวด,
AS191408,"OLEIC ACID C18H34O2 grade /Liquid","OLEIC ACID C18H34O2cas no.112801 /LR grade /Liquid 1 kg /ขวด",112-80-1,,LR,1,kg,ขวด,
AS191409,"Olive oil grade /Liquid","Olive oil cas no.8001250 /LR grade /Liquid 450 ml /ขวด",8001-25-0,,LR,450,mL,ขวด,
AS191410,"Orange oil grade /Liquid","Orange oil cas no.8028486 /LR grade /Liquid 450 ml /ขวด",8028-48-6,,LR,450,mL,ขวด,
AS191411,"Orange oil grade /Liquid","Orange oil cas no.8028486 /AR grade /Liquid 100 g /ขวด",8028-48-6,,AR,100,g,ขวด,
AS191412,"Oxone, monopersulfate LRpound KHSO5 ? 0.5KHSO4 ? 0.5K2SO4 grade /Solid","Oxone, monopersulfate LRpound KHSO5 ? 0.5KHSO4 ? 0.5K2SO4cas no.70693628 /LR grade /Solid 250 g /ขวด",70693-62-8,,LR,250,g,ขวด,
AS191376,"Methyl orange C14H14N3NaO3S grade /Solid","Methyl orange C14H14N3NaO3Scas no.547580 /AR grade /Solid 25 g /ขวด",547-58-0,,AR,25,g,ขวด,
AS191377,"Methyl paraben HOC6H4CO2CH3 grade /Solid","Methyl paraben HOC6H4CO2CH3cas no.99763 /AR grade /Solid 500 g /ขวด",99-76-3,,AR,500,g,ขวด,
AS191378,"Methyl red C15H15N3NaO2 grade /Solid","Methyl red C15H15N3NaO2cas no.493527 /AR grade /Solid 25 g /ขวด",493-52-7,,AR,25,g,ขวด,
AS191379,"Methyl salicylate 2-(HO)C6H4CO2CH3 grade /Liquid","Methyl salicylate 2-(HO)C6H4CO2CH3cas no.119368 /AR grade /Liquid 450 ml /ขวด",119-36-8,,AR,450,mL,ขวด,
AS191380,"Methyl salicylate 2-(HO)C6H4CO2CH3 grade /Liquid","Methyl salicylate 2-(HO)C6H4CO2CH3cas no.119368 /AR grade /Liquid 500 ml /ขวด",119-36-8,,AR,500,mL,ขวด,
AS191381,"MICA 500 grade /Solid","MICA 500 cas no.	12001262 /AR grade /Solid 1 kg /ถุง",12001-26-2,,AR,1,kg,ถุง,
AS191382,"MICROCRYSTALLINE WAX PHC 3691 grade /Solid","MICROCRYSTALLINE WAX PHC 3691 cas no.63231607 /AR grade /Solid 1 kg /ถุง",63231-60-7,,AR,1,kg,ถุง,
AS191383,"Mineral oil /Reagent Plus? grade /Liquid","Mineral oil cas no.8042475 /Reagent Plus? grade /Liquid 450 ml /ขวด",8042-47-5,,,450,mL,ขวด,
AS191384,"Monoethanolamine C2H7NO; H2NCH2CH2OH grade /Liquid","Monoethanolamine C2H7NO; H2NCH2CH2OHcas no.141435 /HPLC grade /Liquid 2.5 L /ขวด",141-43-5,,HPLC,2.5,L,ขวด,
AS191385,"Monopropylene glycol grade /Liquid","Monopropylene glycol cas no.57556 /LR grade /Liquid 1 kg /ขวด",57-55-6,,LR,1,kg,ขวด,
AS191386,"MONTANOV 68 grade /Flakes /Cetearyl Alcohol (and) Cetearyl Glucoside","MONTANOV 68 /LR grade /Flakes /Cetearyl Alcohol (and) Cetearyl Glucoside1 kg /ขวด",,,LR,1,kg,ขวด,
AS191387,"Morin hydrate C15H10O7 ? xH2O grade /Solid","Morin hydrate C15H10O7 ? xH2Ocas no.654055013 /AR grade /Solid 2 g /ขวด",654055-01-3,,AR,2,g,ขวด,
AS191388,"Naringin C27H32O14 grade /Solid","Naringin  C27H32O14cas no.10236472 /AR grade /Solid 25 g /ขวด",10236-47-2,,AR,25,g,ขวด,
AS191389,"Natural squalane C30H62 grade /Liquid","Natural squalane C30H62cas no.1110103 /AR grade /Liquid 1 kg /ขวด",1110-10-3,,AR,1,kg,ขวด,
AS191390,"N-BUTYL ACETATE 99.5% C6H12O2 grade /Liquid","N-BUTYL ACETATE 99.5% C6H12O2cas no.123422/AR grade /Liquid 2.5 L /ขวด",123-42-2,,AR,2.5,L,ขวด,
AS191391,"New coccine (Ponceau 4 R) C20H11N2Na3O10S3 grade /Solid","New coccine (Ponceau 4 R) C20H11N2Na3O10S3cas no.2611827 /LR grade /Solid 25 g /ขวด",2611-82-7,,LR,25,g,ขวด,
AS191392,"New coccine (Ponceau 4 R) C20H11N2Na3O10S3 grade /Solid","New coccine (Ponceau 4 R) C20H11N2Na3O10S3cas no.2611827 /LR grade /Solid 250 g /ขวด",2611-82-7,,LR,250,g,ขวด,
AS191393,"NIACINAMIDE B.P grade /Solid","NIACINAMIDE B.P cas no.98920 /LR grade /Solid 1 kg /ขวด",98-92-0,,LR,1,kg,ขวด,
AS191394,"Nicotinic acid grade /Solid","Nicotinic acid /LR grade /Solid 100 g /ขวด",,,LR,100,g,ขวด,
AS191356,"Magnesium stearate [CH3(CH2)16CO2]2Mg /Sigma grade /Solid","Magnesium stearate  [CH3(CH2)16CO2]2Mgcas no.557040 /Sigma grade /Solid 500 g /ขวด",557-04-0,,,500,g,ขวด,
AS191357,"MAGNESIUM STEARATE (J) Mg(C18H35O2)2 grade /Solid","MAGNESIUM STEARATE (J) Mg(C18H35O2)2cas no.557040 /AR grade /Solid 1 kg /ขวด",557-04-0,,AR,1,kg,ขวด,
AS191358,"Magnesium sulfate anhydrous MgSO4 grade /Solid","Magnesium sulfate anhydrous MgSO4cas no.7487889 /AR grade /Solid 500 g /ขวด",7487-88-9,,AR,500,g,ขวด,
AS191359,"Maleic acid C4H4O4 grade /Solid","Maleic acid C4H4O4cas no.110167 /AR grade /Solid 500 g /ขวด",110-16-7,,AR,500,g,ขวด,
AS191360,"Menthol C10H20O grade /Solid","Menthol C10H20Ocas no.1490046 /AR grade /Solid 450 g /ขวด",1490-04-6,,AR,450,g,ขวด,
AS191361,"Menthol C10H20O grade /Solid","Menthol C10H20Ocas no.1490046 /HPLC grade /Solid 1 kg /แพ็ค",1490-04-6,,HPLC,1,kg,แพ็ค,
AS191362,"Mercuric chloride HgCl2 grade /Solid","Mercuric chloride HgCl2cas no.7487947 /AR grade /Solid 500 g /ขวด",7487-94-7,,AR,500,g,ขวด,
AS191363,"Mercurochrome C20H9Br2HgNa2O6 grade /Solid","Mercurochrome C20H9Br2HgNa2O6cas no.129168 /AR grade /Solid 1 kg /ขวด",129-16-8,,AR,1,kg,ขวด,
AS191364,"Mercury (II) chloride HgCl2 grade /Solid","Mercury (II) chloride HgCl2cas no.7487947 /AR grade /Solid 250 g /ขวด",7487-94-7,,AR,250,g,ขวด,
AS191365,"Mercury (II) chloride HgCl2 grade /Solid","Mercury (II) chloride HgCl2cas no.7487947 /AR grade /Solid 100 g /ขวด",7487-94-7,,AR,100,g,ขวด,
AS191366,"Mercury (II) iodide HgI2 grade /Solid","Mercury (II) iodide HgI2cas no.7774290 /HPLC grade /Solid 100 g /ขวด",7774-29-0,,HPLC,100,g,ขวด,
AS191367,"Methanol CH3OH grade /Liquid","Methanol CH3OHcas no.67561 /HPLC grade /Liquid 2.5 L /ขวด",67-56-1,,HPLC,2.5,L,ขวด,
AS191368,"Methanol CH3OH grade /Liquid","Methanol CH3OHcas no.67562 /AR grade /Liquid 5 L /ขวด",67-56-2,,AR,5,L,ขวด,
AS191369,"Methanol CH3OH grade /Liquid","Methanol CH3OHcas no.67561 /AR grade /Liquid 20 L /แกลลอน",67-56-1,,AR,20,L,แกลลอน,
AS191370,"Methanol CH3OH grade /Liquid","Methanol CH3OHcas no.67562 /AR grade /Liquid 16 kg /แกลลอน",67-56-2,,AR,16,kg,แกลลอน,
AS191371,"Methanol dry CH4O grade /Liquid","Methanol dry CH4Ocas no.67561 /AR grade /Liquid 1 L /ขวด",67-56-1,,AR,1,L,ขวด,
AS191372,"Methanol HDPE CH3OH grade /Liquid","Methanol HDPE CH3OHcas no.67561 /AR grade /Liquid 2.5 L /ขวด",67-56-1,,AR,2.5,L,ขวด,
AS191373,"Metholcel F4M grade /Solid","Metholcel F4M /AR grade /Solid 500 g /ขวด",,,AR,500,g,ขวด,
AS191374,"Methyl-4-hydroxyl benzoate HOC6H4CO2CH3 grade /Solid","Methyl-4-hydroxyl benzoate HOC6H4CO2CH3cas no.99763 /AR grade /Solid 100 g /ขวด",99-76-3,,AR,100,g,ขวด,
AS191375,"Methyl cellulose grade /Solid","Methyl cellulose cas no.9004675 /AR grade /Solid 500 g /ขวด",9004-67-5,,AR,500,g,ขวด,
AS191337,"Lead (II) acetate /Hong Huat grade /Solid","Lead (II) acetate cas no.6080564 /Hong Huat grade /Solid 1000 g /ขวด",6080-56-4,,,1000,g,ขวด,
AS191338,"Lead (II) nitrate Pb(NO3)2 /Unionsci grade /Solid","Lead (II) nitrate Pb(NO3)2cas no.10099748 /Unionsci grade /Solid 500 g /ขวด",10099-74-8,,,500,g,ขวด,
AS191339,"Lemon oil /Unionsci grade /Liquid","Lemon oil cas no.8008568 /Unionsci grade /Liquid 450 ml /ขวด",8008-56-8,,,450,mL,ขวด,
AS191340,"Lemon oil /Unionsci grade /Liquid","Lemon oil cas no.8008568 /Unionsci grade /Liquid 100 g /ขวด",8008-56-8,,,100,g,ขวด,
AS191341,"LEXAMINE S-13 /Unionsci grade /Solid","LEXAMINE S-13 cas no.2100549 /Unionsci grade /Solid 1 kg /ขวด",2100-54-9,,,1,kg,ขวด,
AS191342,"LEXAMUL 561 /Unionsci grade /Solid","LEXAMUL 561 cas no.67701331 /Unionsci grade /Solid 1 kg /ถุง",67701-33-1,,,1,kg,ถุง,
AS191343,"LEXOL EHP C24H48O2 /Unionsci grade /Liquid /Ethylhexyl Palmitate","LEXOL EHP C24H48O2cas no.29806733 /Unionsci grade /Liquid /Ethylhexyl Palmitate1 kg /ขวด",29806-73-3,,,1,kg,ขวด,
AS191344,"LEXOL GT-865 C21H39O6 /Unionsci grade /Liquid /Caprylic/Capric Triglyceride","LEXOL GT-865 C21H39O6cas no.73398615 /Unionsci grade /Liquid /Caprylic/Capric Triglyceride1 kg /ขวด",73398-61-5,,,1,kg,ขวด,
AS191345,"L-Glutathione C20H32N6O12S2 /Unionsci grade /Solid","L-Glutathione C20H32N6O12S2cas no.27025418 /Unionsci grade /Solid 1 kg /ขวด",27025-41-8,,,1,kg,ขวด,
AS191346,"Linseed oil /Srichand grade /Liquid","Linseed oil cas no.8001261 /Srichand grade /Liquid 450 ml /ขวด",8001-26-1,,,450,mL,ขวด,
AS191347,"Liquefied phenol C6H5OH /Unionsci grade /Liquid","Liquefied phenol C6H5OHcas no.108952 /Unionsci grade /Liquid 450 ml /ขวด",108-95-2,,,450,mL,ขวด,
AS191348,"Liquefied phenol C6H5OH /Unionsci grade /Solid","Liquefied phenol C6H5OHcas no.108952 /Unionsci grade /Solid 450 g /ขวด",108-95-2,,,450,g,ขวด,
AS191349,"Liquid paraffin CnH2n+2 (n=16~24) /Rcilahscan grade /Solid","Liquid paraffin CnH2n+2 (n=16~24)cas no.8012951 /Rcilahscan grade /Solid 450 g /ขวด",8012-95-1,,,450,g,ขวด,
AS191350,"Liquid paraffin light /Unionsci grade /Solid","Liquid paraffin light /Unionsci grade /Solid 450 g /ขวด",,,,450,g,ขวด,
AS191351,"LIQUID PARAFFIN PIONIER 2071(HEAVY) /Unionsci grade /Liquid","LIQUID PARAFFIN PIONIER 2071(HEAVY) cas no.8012951 /Unionsci grade /Liquid 1 kg /ขวด",8012-95-1,,,1,kg,ขวด,
AS191352,"LIQUID PARAFFIN PIONIER 2076(LIGHT) /Srichand grade /Liquid","LIQUID PARAFFIN PIONIER 2076(LIGHT) cas no.7439932 /Srichand grade /Liquid 1 kg /แกลลอน",7439-93-2,,,1,kg,แกลลอน,
AS191353,"MAGNABRITE HS Al2Mg3O18Si6 /Unionsci grade /Flakes /BENTONITE","MAGNABRITE HS Al2Mg3O18Si6cas no.66456459 /Unionsci grade /Flakes /BENTONITE1 kg /ขวด",66456-45-9,,,1,kg,ขวด,
AS191354,"MAGNESIUM CARBONATE MgCO3 /Unionsci grade /Powder","MAGNESIUM CARBONATE MgCO3cas no.39409820 /Unionsci grade /Powder 1 kg /ถุง",39409-82-0,,,1,kg,ถุง,
AS191355,"Magnesium ribbon Mg/Unionsci grade /Solid","Magnesium ribbon Mgcas no. 7439954/Unionsci grade /Solid 25 g /ขวด",7439-95-4,,,25,g,ขวด,
AS191318,"Karl-fischer reagent grade /Liquid","Karl-fischer reagent /LR grade /Liquid 1 L /ขวด",,,LR,1,L,ขวด,
AS191319,"Kojic Acid dipalmitate C38H66O6 grade /Solid","Kojic Acid dipalmitate C38H66O6cas no.79725987 /LR grade /Solid 1 kg /ขวด",79725-98-7,,LR,1,kg,ขวด,
AS191320,"Kojic dipalmitate grade /Solid /Kojic Dipalmitate","Kojic dipalmitate cas no.79725987 /LR grade /Solid /Kojic Dipalmitate10 g /ขวด",79725-98-7,,LR,10,g,ขวด,
AS191321,"Kollidon 90 F grade /Solid","Kollidon 90 F /AR grade /Solid 250 g /ขวด",,,AR,250,g,ขวด,
AS191322,"LACTIC ACID 88%EXEL C3H6O3 grade /Liquid","LACTIC ACID 88%EXEL C3H6O3cas no.50215 /AR grade /Liquid 1 kg /ขวด",50-21-5,,AR,1,kg,ขวด,
AS191323,"Lactose C12H22O11 grade /Solid","Lactose C12H22O11cas no.63423 /AR grade /Solid 500 g /ขวด",63-42-3,,AR,500,g,ขวด,
AS191324,"LALIT LAURIC ACID 1299 C12H24O2 grade /Solid","LALIT LAURIC ACID 1299 C12H24O2cas no.1430707 /AR grade /Solid 1 kg /ขวด",1430-70-7,,AR,1,kg,ขวด,
AS191325,"LALIT MYRISTIC ACID 1499 C14H28O2 grade /Solid","LALIT MYRISTIC ACID 1499 C14H28O2cas no.544638 /LR grade /Solid 1 kg /ขวด",544-63-8,,LR,1,kg,ขวด,
AS191326,"LALIT PALMITIC ACID 1698 C16H32O2 grade /Solid","LALIT PALMITIC ACID 1698 C16H32O2cas no.57103 /AR grade /Solid 1 kg /ขวด",57-10-3,,AR,1,kg,ขวด,
AS191327,"LALIT STEARIC ACID SA 1850 /Hong Huat grade /Solid","LALIT STEARIC ACID SA 1850 cas no.57114 /Hong Huat grade /Solid 1 kg /ถุง",57-11-4,,,1,kg,ถุง,
AS191328,"Lanolin /Unionsci grade /Solid","Lanolin cas no.8006540 /Unionsci grade /Solid 500 g /ขวด",8006-54-0,,,500,g,ขวด,
AS191329,"LANOLIN ANHYDROUS /Unionsci grade /Semi Solid","LANOLIN ANHYDROUS USP cas no.8006540/Unionsci grade /Semi Solid 1 kg /ขวด",8006-54-0,,USP,1,kg,ขวด,
AS191330,"LANOLIN PEG 75 FLAKE /Unionsci grade /Solid","LANOLIN PEG 75 FLAKE cas no.2242474 /Unionsci grade /Solid 1 kg /ขวด",2242-47-4,,,1,kg,ขวด,
AS191331,"Lanolin (Wool fat) /Unionsci grade /Solid","Lanolin (Wool fat) cas no.8006540 /Unionsci grade /Solid 1 kg /ขวด",8006-54-0,,,1,kg,ขวด,
AS191332,"L-Ascorbic acid C6H8O6 /Unionsci grade /Solid","L-Ascorbic acid C6H8O6cas no.50817 /Unionsci grade /Solid 500 g /ขวด",50-81-7,,,500,g,ขวด,
AS191333,"LAURETH 23 /Unionsci grade /Solid","LAURETH 23 cas no.68439509 /Unionsci grade /Solid 100 g /ขวด",68439-50-9,,,100,g,ขวด,
AS191334,"Lavender oil /Unionsci grade /Liquid","Lavender oil cas no.8000280 /Unionsci grade /Liquid 450 ml /ขวด",8000-28-0,,,450,mL,ขวด,
AS191335,"Lavender oil /Unionsci grade /Liquid","Lavender oil cas no.8000280 /Unionsci grade /Liquid 100 g /ขวด",8000-28-0,,,100,g,ขวด,
AS191336,"Lead (II) acetate Pb(CH3COO)2.3H2O /Unionsci grade /Solid","Lead (II) acetate Pb(CH3COO)2.3H2Ocas no.6080564 /Unionsci grade /Solid 500 g /ขวด",6080-56-4,,,500,g,ขวด,
AS191300,"Hydroqinone C6H4(OH)2 grade /Solid","Hydroqinone C6H4(OH)2cas no.123319 /AR grade /Solid 500 g /ขวด",123-31-9,,AR,500,g,ขวด,
AS191301,"Hydroqinone C6H4(OH)2 grade /Solid","Hydroqinone C6H4(OH)2cas no.123319 /LR grade /Solid 100 g /ขวด",123-31-9,,LR,100,g,ขวด,
AS191302,"Hydroxylammonium cholride H3NO.HCl grade /Solid","Hydroxylammonium cholride H3NO.HClcas no.5470111 /LR grade /Solid 250 g /ขวด",5470-11-1,,LR,250,g,ขวด,
AS191303,"Hydroxylammonium cholride H3NO.HCl grade /Solid","Hydroxylammonium cholride H3NO.HClcas no.5470111 /AR grade /Solid 500 g /ขวด",5470-11-1,,AR,500,g,ขวด,
AS191304,"Hydroxy propyl methyl cellulose (HPMC) grade /Solid","Hydroxy propyl methyl cellulose (HPMC) cas no.9004653 /LR grade /Solid 1 kg /ขวด",9004-65-3,,LR,1,kg,ขวด,
AS191305,"Indigo carmine C16H8N2Na2O8S2 grade /Solid","Indigo carmine C16H8N2Na2O8S2cas no.860220 /AR grade /Solid 10 g /ขวด",860-22-0,,AR,10,g,ขวด,
AS191306,"Indigo carmine C16H8N2Na2O8S2 grade /Solid","Indigo carmine C16H8N2Na2O8S2cas no.860220 /AR grade /Solid 25 g /ขวด",860-22-0,,AR,25,g,ขวด,
AS191307,"Iodine I2 grade /Solid","Iodine I2cas no.7553562 /AR grade /Solid 100 g /ขวด",7553-56-2,,AR,100,g,ขวด,
AS191308,"IPA C3H8O grade /Liquid","IPA C3H8Ocas no.67630/AR grade /Liquid 1 kg /แกลลอน",67-63-0,,AR,1,kg,แกลลอน,
AS191309,"IPM (ISOPROPYL MYRISTATE) C17H34O2 grade /Liquid","IPM (ISOPROPYL MYRISTATE) C17H34O2cas no.110270 /AR grade /Liquid 1 kg /แกลลอน",110-27-0,,AR,1,kg,แกลลอน,
AS191310,"Iso-amyl alcohol (CH3)2CHCH2CH2OH grade /Liquid","Iso-amyl alcohol  (CH3)2CHCH2CH2OHcas no.123513 /AR grade /Liquid 2.5 L /ขวด",123-51-3,,AR,2.5,L,ขวด,
AS191311,"Isoamyl alcohol C5H12O grade /Liquid","Isoamyl alcohol C5H12Ocas no.123513 /AR grade /Liquid 2.5 L /ขวด",123-51-3,,AR,2.5,L,ขวด,
AS191312,"Isopropyl alcohol (CH3)2CHOH grade /Liquid","Isopropyl alcohol  (CH3)2CHOHcas no.67630 /AR grade /Liquid 450 ml /ขวด",67-63-0,,AR,450,mL,ขวด,
AS191313,"Jojoba oil grade /Liquid","Jojoba oil cas no.61789911 /AR grade /Liquid 1 kg /ขวด",61789-91-1,,AR,1,kg,ขวด,
AS191314,"Jojoba oil grade /Liquid","Jojoba oil cas no.61789911 /AR grade /Liquid 450 ml /ขวด",61789-91-1,,AR,450,mL,ขวด,
AS191315,"Jusmin oil grade /Liquid","Jusmin oil cas no.8022966 /AR grade /Liquid 450 ml /ขวด",8022-96-6,,AR,450,mL,ขวด,
AS191316,"Kanada balsam grade /Solid","Kanada balsam cas no.8007474 /GR grade /Solid 100 ml /ขวด",8007-47-4,,GR,100,mL,ขวด,
AS191317,"KAOLIN LUGHT /LR grade /Solid","KAOLIN LUGHT BP cas no.1332587 /LR grade /Solid 1 kg /ขวด",1332-58-7,,BP,1,kg,ขวด,
AS191279,"Glycerine C3H8O3 grade /Liquid","Glycerine C3H8O3cas no.56543 /LR grade /Liquid 450 ml /ขวด",56-54-3,,LR,450,mL,ขวด,
AS191280,"Glycerine C3H8O3 grade /Liquid","Glycerine C3H8O3cas no.56543 /LR grade /Liquid 1 L /ขวด",56-54-3,,LR,1,L,ขวด,
AS191281,"Glycerine C3H8O4 grade /Liquid","Glycerine C3H8O4cas no.56543 /AR grade /Liquid 1 kg /ขวด",56-54-3,,AR,1,kg,ขวด,
AS191282,"Glycerol C3H8O4 grade /Liquid","Glycerol C3H8O4cas no.56543 /AR grade /Liquid 500 ml /ขวด",56-54-3,,AR,500,mL,ขวด,
AS191283,"Glyceryl monostearate C21H42O4 grade /Solid","Glyceryl monostearate C21H42O4cas no.31566311 /AR grade /Solid 1 kg /ขวด",31566-31-1,,AR,1,kg,ขวด,
AS191284,"Glyceryl monostearate (GMS) grade /Solid","Glyceryl monostearate (GMS) cas no.31566311 /AR grade /Solid 1 kg /แพ็ค",31566-31-1,,AR,1,kg,แพ็ค,
AS191285,"GLYCOLIC ACID 70% C2H4O3 grade /Liquid","GLYCOLIC ACID 70% C2H4O3cas no.79141 /LR grade /Liquid 1 kg /ขวด",79-14-1,,LR,1,kg,ขวด,
AS191286,"GUM ARABIC (ACACIA POWDER) grade /Solid","GUM ARABIC (ACACIA POWDER) cas no.2593228 /AR grade /Solid 500 g /ถุง",2593-22-8,,AR,500,g,ถุง,
AS191287,"HARD PARAFFIN grade /Solid","HARD PARAFFIN cas no.8002742 /LR grade /Solid 1 kg /ถุง",8002-74-2,,LR,1,kg,ถุง,
AS191288,"Heavy mineral oil (White oil 2071) grade /Liquid","Heavy mineral oil (White oil 2071) cas no.8042475 /AR grade /Liquid 1 kg /ขวด",8042-47-5,,AR,1,kg,ขวด,
AS191289,"Hexane C6H14 grade /Liquid","Hexane C6H14cas no.110543 /LR grade /Liquid 2.5 L /ขวด",110-54-3,,LR,2.5,L,ขวด,
AS191290,"Hexane C6H14 grade /Liquid","Hexane C6H14cas no.110543 /LR grade /Liquid 4 L /ขวด",110-54-3,,LR,4,L,ขวด,
AS191291,"Hexane C6H14 grade /Liquid","Hexane C6H14cas no.110543 /AR grade /Liquid 18 L /แกลลอน",110-54-3,,AR,18,L,แกลลอน,
AS191292,"Hexane C6H14 grade /Liquid","Hexane C6H14cas no.110543 /LR grade /Liquid 20 L /ถัง",110-54-3,,LR,20,L,ถัง,
AS191293,"Hexane 99% C6H14 grade /Liquid","Hexane 99% C6H14cas no.110543 /AR grade /Liquid 2.5 L /ขวด",110-54-3,,AR,2.5,L,ขวด,
AS191294,"HH-CP CLOVE OIL EXTRA 032059 grade /Liquid","HH-CP CLOVE OIL EXTRA 032059 cas no.8000348 /AR grade /Liquid 200 g /ขวด",8000-34-8,,AR,200,g,ขวด,
AS191295,"HPMC E15 grade /Solid","HPMC E15 cas no.9004653 /AR grade /Solid 500 g /ขวด",9004-65-3,,AR,500,g,ขวด,
AS191296,"Hydrochloric acid HCl grade /Liquid","Hydrochloric acid HClcas no.7647010 /LR grade /Liquid 2.5 L /ขวด",7647-01-0,,LR,2.5,L,ขวด,
AS191298,"Hydrogen peroxide H2O2 grade /Liquid","Hydrogen peroxide H2O2cas no.7722841 /AR grade /Liquid 1 L /ขวด",7722-84-1,,AR,1,L,ขวด,
AS191299,"Hydrogen peroxide 35% H2O2 grade /Liquid","Hydrogen peroxide 35% H2O2cas no.7722841/LR grade /Liquid 1 L /ขวด",7722-84-1,,LR,1,L,ขวด,
AS191258,"Ferric chloride FeCl3 grade /Solid","Ferric chloride FeCl3cas no.7705080 /LR grade /Solid 250 g /ขวด",7705-08-0,,LR,250,g,ขวด,
AS191259,"Ferric chloride FeCl3 grade /Solid","Ferric chloride FeCl3cas no.7705080 /LR grade /Solid 500 g /ขวด",7705-08-0,,LR,500,g,ขวด,
AS191260,"Ferric chloride Hexahydrate FeCl3 ? 6H2O grade /Solid","Ferric chloride Hexahydrate FeCl3 ? 6H2Ocas no.10025771 /LR grade /Solid 250 g /ขวด",10025-77-1,,LR,250,g,ขวด,
AS191261,"Ferric nitrate grade /Solid","Ferric nitrate cas no.10421-48-4 /AR grade /Solid 500 g /ขวด",10421-48-4,,AR,500,g,ขวด,
AS191262,"Ferric oxide red Fe2O3 grade /Solid","Ferric oxide red Fe2O3cas no.1309371 /AR grade /Solid 500 g /ขวด",1309-37-1,,AR,500,g,ขวด,
AS191263,"Ferrous sulfate FeSO4 ? 7H2O grade /Solid","Ferrous sulfate FeSO4 ? 7H2Ocas no.7782630 /AR grade /Solid 500 g /ขวด",7782-63-0,,AR,500,g,ขวด,
AS191264,"Finsoln TN grade /Liquid /C12-15 Alkyl Benzoate","Finsoln TN cas no.68411278 /LR grade /Liquid /C12-15 Alkyl Benzoate1 kg /ขวด",68411-27-8,,LR,1,kg,ขวด,
AS191265,"Finsolv TN C22H36O3 grade /Liquid","Finsolv TN C22H36O3cas no.68411278 /LR grade /Liquid 1 kg /ขวด",68411-27-8,,LR,1,kg,ขวด,
AS191266,"FLORA SH-11264 grade /Liquid","FLORA SH-11264 cas no.67762383 /LR grade /Liquid 100 g /ขวด",67762-38-3,,LR,100,g,ขวด,
AS191267,"Folin & ciocalteu's phenol reagent grade /Liquid","Folin & ciocalteu's phenol reagent /LR grade /Liquid 500 ml /ขวด",,,LR,500,mL,ขวด,
AS191268,"Formic acid 98/100% CH2O2 grade /Liquid","Formic acid 98/100% CH2O2cas no.64186 /LR grade /Liquid 2.5 L /ขวด",64-18-6,,LR,2.5,L,ขวด,
AS191269,"Fumaric acid C4H4O4 grade /Solid","Fumaric acid C4H4O4cas no.110178 /AR grade /Solid 500 g /ขวด",110-17-8,,AR,500,g,ขวด,
AS191270,"Funnel oil sweet grade /Liquid","Funnel oil sweet /LR grade /Liquid 450 ml /ขวด",,,LR,450,mL,ขวด,
AS191271,"Gelatin C6H12O6 grade /Solid","Gelatin C6H12O6cas no.9000708 /AR grade /Solid 1 kg /ขวด",9000-70-8,,AR,1,kg,ขวด,
AS191272,"Gelatin grade /Solid","Gelatin cas no.9000708 /AR grade /Solid 500 g /ขวด",9000-70-8,,AR,500,g,ขวด,
AS191273,"Gelatin Lab grade /Powder","Gelatin Lab cas no.9000708 /AR grade /Powder 500 g /ขวด",9000-70-8,,AR,500,g,ขวด,
AS191274,"Geranium grade /Liquid","Geranium cas no.90082512 /LR grade /Liquid 25 g /ขวด",90082-51-2,,LR,25,g,ขวด,
AS191275,"Glucose anhydrous C6H12O6 grade /Solid","Glucose anhydrous C6H12O6cas no.50997 /LR grade /Solid 500 g /ขวด",50-99-7,,LR,500,g,ขวด,
AS191276,"Glucose monohydrous grade /Solid","Glucose monohydrous /AR grade /Solid 1 kg /ขวด",,,AR,1,kg,ขวด,
AS191277,"Glutaraldehyde 25% solution OHC(CH2)3CHO grade /Liquid","Glutaraldehyde 25% solution OHC(CH2)3CHOcas no.111308 /LR grade /Liquid 500 ml /ขวด",111-30-8,,LR,500,mL,ขวด,
AS191278,"Glutaraldehyde 50% solution OHC(CH2)3CHO grade /Liquid","Glutaraldehyde 50% solution OHC(CH2)3CHOcas no.111308 /AR grade /Liquid 500 ml /ขวด",111-30-8,,AR,500,mL,ขวด,
AS191239,"Ethyl cellulose CH3COOC2H5 grade /Solid","Ethyl cellulose CH3COOC2H5cas no.141786 /AR grade /Solid 250 g /ขวด",141-78-6,,AR,250,g,ขวด,
AS191241,"Ethylendiamine tetracetic acid,Disodium edetate C10H14N2O8Na2.2H2O grade /Solid","Ethylendiamine tetracetic acid,Disodium edetate C10H14N2O8Na2.2H2Ocas no.6381926 /AR grade /Solid 500 g /ขวด",6381-92-6,,AR,500,g,ขวด,
AS191242,"Ethylenediaminetetra acetic acid disodium salt C10H14N2Na2O8 grade /Solid","Ethylenediaminetetra acetic acid disodium salt C10H14N2Na2O8cas no.139333 /AR grade /Solid 250 g /ขวด",139-33-3,,AR,250,g,ขวด,
AS191243,"ETHYLENE GLYCOL DISTEARATE C38H74O4 /ยา grade /Solid","ETHYLENE GLYCOL DISTEARATE C38H74O4cas no.627838 /ยา grade /Solid 1 kg /ถุง",627-83-8,,,1,kg,ถุง,
AS191244,"Ethylhexyl Methoxycinnamate (OMC) C18H26O3 /ยา grade /Liquid","Ethylhexyl Methoxycinnamate (OMC) C18H26O3cas no.5466773 /ยา grade /Liquid 1 kg /แกลลอน",5466-77-3,,,1,kg,แกลลอน,
AS191245,"ETHYLHEXYL PALMITATE /ยา grade /Solid","ETHYLHEXYL PALMITATE cas no.29806733 /ยา grade /Solid 1 kg /ขวด",29806-73-3,,,1,kg,ขวด,
AS191246,"Ethylnymagnesium bromide C2HBrMg grade /Solid","Ethylnymagnesium bromide C2HBrMgcas no.4301148 /LR grade /Solid 250 g /ขวด",4301-14-8,,LR,250,g,ขวด,
AS191247,"Eucalyptus oil grade /Liquid","Eucalyptus oil cas no.84625321 /LR grade /Liquid 450 ml /ขวด",84625-32-1,,LR,450,mL,ขวด,
AS191248,"EUMULGIN B 25 grade /Solid /Ceteareth","EUMULGIN B 25 cas no.68439496 /LR grade /Solid /Ceteareth-251 kg /ขวด",68439-49-6,,LR,251,kg,ขวด,
AS191249,"Eumulgin B 25 (Cremophor A25) /ยา grade /Solid /CETEARETH","Eumulgin B 25 (Cremophor A25) cas no.68439496 /ยา grade /Solid /CETEARETH-251 kg /ขวด",68439-49-6,,,251,kg,ขวด,
AS191250,"EUTANOL G (OCTYLCODECANOL) /ยา grade /Liquid","EUTANOL G (OCTYLCODECANOL) /ยา grade /Liquid 1 kg /แกลลอน",,,,1,kg,แกลลอน,
AS191251,"EXCITEMENT SH-11247 grade /Liquid","EXCITEMENT SH-11247 /AR grade /Liquid 100 g /ขวด",,,AR,100,g,ขวด,
AS191252,"Fast green C37H34N2O10S3Na2 grade /Solid","Fast green C37H34N2O10S3Na2cas no.2353459 /AR grade /Solid 100 g /ขวด",2353-45-9,,AR,100,g,ขวด,
AS191253,"Fast green FCF C37H34N2O10S3Na2 grade /Solid","Fast green FCF C37H34N2O10S3Na2cas no.2353459 /HPLC grade /Solid 25 g /ขวด",2353-45-9,,HPLC,25,g,ขวด,
AS191254,"FDP C111S14 grade /Powder","FDP C111S14 /AR grade /Powder 0.5 kg /ถุง",,,AR,0.5,kg,ถุง,
AS191255,"FDP-C BLACK 3 grade /Powder","FDP-C BLACK 3 /AR grade /Powder 1 kg /ถุง",,,AR,1,kg,ถุง,
AS191256,"FDP-C RED 3 grade /Powder","FDP-C RED 3 /AR grade /Powder 1 kg /ถุง",,,AR,1,kg,ถุง,
AS191257,"FDP-C YELLOW 3 grade /Powder","FDP-C YELLOW 3 /AR grade /Powder 1 kg /ถุง",,,AR,1,kg,ถุง,
AS191219,"DIETHYLENE GLYCOL MONOETHYL ETHER C6H14O3 grade /Liquid","DIETHYLENE GLYCOL MONOETHYL ETHER C6H14O3cas no.111966/AR grade /Liquid 1 L /ขวด",111-96-6,,AR,1,L,ขวด,
AS191223,"Di-sodium tetraborate decahydrate B4H20Na2O17 grade /Solid","Di-sodium tetraborate decahydrate B4H20Na2O17cas no.1303964 /AR grade /Solid 500 g /ขวด",1303-96-4,,AR,500,g,ขวด,
AS191227,"EDTA/4NA /Cosmetic grade /Solid","EDTA/4NA cas no.13235364 /Cosmetic grade /Solid 0.5 kg /ถุง",13235-36-4,,,0.5,kg,ถุง,
AS191230,"EMAL AD25 /Cosmetic grade /Liquid /Ammonium lauryl sulfate","EMAL AD25 cas no.	2235543 /Cosmetic grade /Liquid /Ammonium lauryl sulfate1 kg /ขวด",2235-54-3,,,1,kg,ขวด,
AS191198,"Citric acid anhydrous C6H8O7? /Cosmetic grade /Solid","Citric acid anhydrous C6H8O7cas no.77929? /Cosmetic grade /Solid 1 kg /ขวด",77-92-9,,,1,kg,ขวด,
AS191207,"CREMOPHOR A6 /Cosmetic grade /Solid","CREMOPHOR A6 cas no.85941442 /Cosmetic grade /Solid 1 kg /ถุง",85941-44-2,,,1,kg,ถุง,
AS191210,"CYSTEINE HYDROCHLORIDE /Cosmetic grade /Solid","CYSTEINE HYDROCHLORIDE cas no.1880366 /Cosmetic grade /Solid 1 kg /ขวด",1880-36-6,,,1,kg,ขวด,
AS191211,"DENASIL PQ-11 /Cosmetic grade /Liquid","DENASIL PQ-11 cas no.53633548 /Cosmetic grade /Liquid 1 kg /ขวด",53633-54-8,,,1,kg,ขวด,
AS191212,"DENASIL PQ-7 /Cosmetic grade /Liquid","DENASIL PQ-7 cas no.9017965 /Cosmetic grade /Liquid 1 kg /ขวด",9017-96-5,,,1,kg,ขวด,
AS191184,"Ceteareth-25 /Cosmetic grade /Solid","Ceteareth-25 cas no.68439496 /Cosmetic grade /Solid 1 kg /ขวด",68439-49-6,,,1,kg,ขวด,
AS191188,"Cetyl alcohol (95%MINO.) C16H34O/Cosmetic grade /Solid","Cetyl alcohol (95%MINO.) C16H34Ocas no.36653824/Cosmetic grade /Solid 1 kg /ถุง",36653-82-4,,,1,kg,ถุง,
AS191189,"Cetyl alcohol(95%MINO.) C16H34O /Cosmetic grade /Flakes","Cetyl alcohol(95%MINO.) C16H34Ocas no.36653824 /Cosmetic grade /Flakes 1 kg /ขวด",36653-82-4,,,1,kg,ขวด,
AS191177,"Castor oil C57H104O9 /Cosmetic grade /Liquid","Castor oil C57H104O9cas no.8001783 /Cosmetic grade /Liquid 1 kg /ขวด",8001-78-3,,,1,kg,ขวด,
AS191178,"Castor oil (น้ำมันระหุ่ง) /Cosmetic grade /Liquid","Castor oil (น้ำมันระหุ่ง) cas no.8001794/Cosmetic grade /Liquid 1 kg /แกลลอน",8001-79-4,,,1,kg,แกลลอน,
AS191181,"Cerasin 810 /Cosmetic grade /Solid","Cerasin 810 cas no.8001750 /Cosmetic grade /Solid 5 kg /ขวด",8001-75-0,,,5,kg,ขวด,
AS191173,"Carbopol Ultrez 20 /Cosmetic grade /Powder /Acrylates/C10-30 Alkyl Acrylate Crosspolymer","Carbopol Ultrez 20 cas no.96827-24-6 /Cosmetic grade /Powder /Acrylates/C10-30 Alkyl Acrylate Crosspolymer1 kg /ขวด",96827-24-6,,,1,kg,ขวด,
AS191165,"Camphor C10H16O /Cosmetic grade /Solid","Camphor C10H16Ocas no.76222 /Cosmetic grade /Solid 1 kg /ขวด",76-22-2,,,1,kg,ขวด,
AS191160,"Calcium chloride dihydrate CaCl2 ? 2H2O grade /Solid","Calcium chloride dihydrate CaCl2 ? 2H2Ocas no.10035048 /AR grade /Solid 500 g /ขวด",10035-04-8,,AR,500,g,ขวด,
AS191163,"Calcium hydroxide Ca(OH)2 grade /Solid","Calcium hydroxide Ca(OH)2cas no.1305620 /AR grade /Solid 500 g /ขวด",1305-62-0,,AR,500,g,ขวด,
AS191153,"Butyl Methoxydibenzoylmethane (BMDM) C20H22O3 /Cosmetic grade /Solid","Butyl Methoxydibenzoylmethane (BMDM) C20H22O3 /Cosmetic grade /Solid 1 kg /ถุง",,,,1,kg,ถุง,
AS191154,"Cadmium iodide CdI2 grade /Solid","Cadmium iodide CdI2cas no.7790809 /AR grade /Solid 50 g /ขวด",7790-80-9,,AR,50,g,ขวด,
AS191144,"Borax Na2B4O7 ? 10H2O /Cosmetic grade /Solid","Borax Na2B4O7 ? 10H2Ocas no.1303964 /Cosmetic grade /Solid 100 g /ขวด",1303-96-4,,,100,g,ขวด,
AS191132,"BASE 2227540 STRAWBERRY /Cosmetic grade /Liquid","BASE 2227540 STRAWBERRY /Cosmetic grade /Liquid 100 g /ขวด",,,,100,g,ขวด,
AS191134,"BEHENYL ALCOHOL 65 C22H46O /Cosmetic grade /solid","BEHENYL ALCOHOL 65 C22H46O /Cosmetic grade /solid 1 kg /ขวด",,,,1,kg,ขวด,
AS191099,"Aerosil 200 SIO2 /Cosmetic grade /Solid","Aerosil 200 SIO2cas no.112945525 /Cosmetic grade /Solid 1 kg /ขวด",112945-52-5,,,1,kg,ขวด,
AS191100,"Alcohol C2H6O/COM grade /Liquid","Alcohol C2H6Ocas no.64175/COM grade /Liquid 1 kg /แกลลอน",64-17-5,,,1,kg,แกลลอน,
AS191102,"Alpha-arbutin C12H16O7 /Cosmetic grade /Solid","Alpha-arbutin C12H16O7cas no.30125210 /Cosmetic grade /Solid 20 g /ขวด",30125-21-0,,,20,g,ขวด,
AS191108,"AMIHOPE LL (LAUROYL LYSINE) /Cosmetic grade /Powder","AMIHOPE LL (LAUROYL LYSINE) cas no.52315750 /Cosmetic grade /Powder 1 kg /ถุง",52315-75-0,,,1,kg,ถุง,
AS191086,"ABC 35% /Cosmetic grade /Liquid /Cocamidopropyl Betaine.","ABC 35% /Cosmetic grade /Liquid /Cocamidopropyl Betaine.1 kg /ขวด",,,,1,kg,ขวด,
AS191076,"ยาดำ /Cosmetic grade /Solid /(สมุนไพรอบแห้ง","ยาดำ /Cosmetic grade /Solid /(สมุนไพรอบแห้ง)1 kg /ถุง",,,,1,kg,ถุง,
AS191060,"n-Octanol [(C8H17OH)] /Cosmetic grade /liquid","n-Octanol [(C8H17OH)]cas no.111875 /Cosmetic grade /liquid 1 l /ขวด",111-87-5,,,1,L,ขวด,
AS191061,"Lecithin [( [(CH3)3C]2C6H2(CH3)OH)] /Cosmetic grade /powder","Lecithin [( [(CH3)3C]2C6H2(CH3)OH)]cas no.128370 /Cosmetic grade /powder 1 kg /ถุง",128-37-0,,,1,kg,ถุง,
AS191062,"Maltodextrin [(C7H4N2O6)] grade /powder","Maltodextrin [(C7H4N2O6)]cas no.99343 /LR grade /powder 1 kg /ถุง",99-34-3,,LR,1,kg,ถุง,
AS191063,"Sodium erythorbate [(C11H16O2)] /Food grade /Solid","Sodium erythorbate [(C11H16O2)]cas no.121006 /Food grade /Solid 1 kg /ขวด",121-00-6,,,1,kg,ขวด,
AS191064,"Sodium tripolyphosphate [(ClC6H2(CH3)2OH)] grade /powder","Sodium tripolyphosphate [(ClC6H2(CH3)2OH)]cas no.88040 /LR grade /powder 500 g /ขวด",88-04-0,,LR,500,g,ขวด,
AS191065,"Xanthan gum [(C7H10O8S)] /Cosmetic grade /powder","Xanthan gum [(C7H10O8S)]cas no.5965833 /Cosmetic grade /powder 500 g /ถุง",5965-83-3,,,500,g,ถุง,
AS191066,"Sodium hydroxide phosphate grade","Sodium hydroxide phosphate /AR grade 500 g /ขวด",,,AR,500,g,ขวด,
AS191067,"1,3-butylene glycol grade /Liquid","1,3-butylene glycol [C4H10O2]cas no.107880 /LR grade /Liquid 1 kg /ขวด",107-88-0,C4H10O2,LR,1,kg,ขวด,
AS191068,"1 - naphthol grade /Solid","1 - naphthol [C7H10OH]cas no.90153 /LR grade /Solid 100 g /ขวด",90-15-3,C7H10OH,LR,100,g,ขวด,
AS191069,"1-Octanol /Cosmetic grade /Liquid","1-Octanol [C8H17OH]cas no.111875 /Cosmetic grade /Liquid 500 ml /ขวด",111-87-5,C8H17OH,,500,mL,ขวด,
AS191070,"2,6-Di-tert-butyl-4-methylphenol [ [(CH3)3C]2C6H2(CH3)OH] /Cosmetic grade /Solid","2,6-Di-tert-butyl-4-methylphenol [ [(CH3)3C]2C6H2(CH3)OH]cas no.128370 /Cosmetic grade /Solid 120 g /ขวด",128-37-0,,,120,g,ขวด,
AS191071,"3,5-Dinitrobenzoic acid grade /Solid","3,5-Dinitrobenzoic acid [C7H4N2O6]cas no.99343 /AR grade /Solid 500 g /ขวด",99-34-3,C7H4N2O6,AR,500,g,ขวด,
AS191072,"3-Tert-buthyl-4-hydroxyanisole grade /Solid","3-Tert-buthyl-4-hydroxyanisole [C11H16O2]cas no.121006 /LR grade /Solid 100 g /ขวด",121-00-6,C11H16O2,LR,100,g,ขวด,
AS191073,"4-Chloro-3,5-dimethylphenol (chloroxylenol) [ClC6H2(CH3)2OH] /Cosmetic grade /Solid","4-Chloro-3,5-dimethylphenol (chloroxylenol) [ClC6H2(CH3)2OH]cas no.88040 /Cosmetic grade /Solid 250 g /ขวด",88-04-0,,,250,g,ขวด,
AS191074,"5-Sulfosalicylic acid dihydrate /Cosmetic grade /Solid","5-Sulfosalicylic acid dihydrate [C7H10O8S]cas no.5965833 /Cosmetic grade /Solid 100 g /ขวด",5965-83-3,C7H10O8S,,100,g,ขวด,
AS191041,"MYTAQ HS RED MIX, 2X, 200 RXN 1.00 KIT grade /liquid 1 set","MYTAQ HS RED MIX, 2X, 200 RXN 1.00 KIT /AR grade /liquid 1 set /กล่อง",,,AR,,,กล่อง,YES
AS191042,"RIBONUCLEASE A, 250 MG. /Cosmetic grade /liquid","RIBONUCLEASE A, 250 MG. /Cosmetic grade /liquid 250 g /หลอด",,,,250,g,หลอด,
AS191043,"1KB DNA LADDER RTU, 500 UL. grade /liquid","1KB DNA LADDER RTU, 500 UL. /AR grade /liquid 500 UL /หลอด",,,AR,500,uL,หลอด,
AS191044,"ECOR I, 5000 U grade /liquid","ECOR I, 5000 U /AR grade /liquid 5000 UL /หลอด",,,AR,5000,uL,หลอด,
AS191045,"IPTG, 1G. grade /powder","IPTG, 1G. /AR grade /powder 100 g /ขวด",,,AR,100,g,ขวด,
AS191046,"KANAMYCIN SULPHATE, 1 G. grade /powder","KANAMYCIN SULPHATE, 1 G. /AR grade /powder 1 g /ขวด",,,AR,1,g,ขวด,
AS191047,"OLIGO PRIMER, 25 NMOLE grade /liquid 1 เบส","OLIGO PRIMER, 25 NMOLE /LR grade /liquid 1 เบส /หลอด",,,LR,,,หลอด,YES
AS191048,"PCR CLEAN UP & GEL EXTRACTION KIT 1.00 KIT grade /liquid 1 set","PCR CLEAN UP & GEL EXTRACTION KIT 1.00 KIT /LR grade /liquid 1 set /กล่อง",,,LR,,,กล่อง,YES
AS191049,"PHENOL/CHLOROFORM/ISOAMYL ALCOHOL, 1PHASE, 100 ML. /Cosmetic grade /liquid","PHENOL/CHLOROFORM/ISOAMYL ALCOHOL, 1PHASE, 100 ML. /Cosmetic grade /liquid 100 ml /ขวด",,,,100,mL,ขวด,
AS191050,"PLASMID MINIPREP KIT grade /liquid 1 set","PLASMID MINIPREP KIT /LR grade /liquid 1 set /กล่อง",,,LR,,,กล่อง,YES
AS191051,"PROTEINASE K, 100 MG. /Cosmetic grade /powder","PROTEINASE K, 100 MG. /Cosmetic grade /powder 100 mg /หลอด",,,,100,mg,หลอด,
AS191052,"S.O.C. MEDIUM (10x) /Cosmetic grade /liquid 1 set","S.O.C. MEDIUM (10x10 ML) /Cosmetic grade /liquid 1 set /ขวด",,,,10,mL,ขวด,
AS191053,"TA CLONING KIT W/ONE SHOT TOP 10, 20 RXN grade /liquid 1 set","TA CLONING KIT W/ONE SHOT TOP 10, 20 RXN /AR grade /liquid 1 set /กล่อง",,,AR,,,กล่อง,YES
AS191054,"Ammonium ferric citrate dihydrate grade /powder","Ammonium ferric citrate dihydrate /AR grade /powder 500 g /ขวด",,,AR,500,g,ขวด,
AS191055,"Ascorbic acid grade /powder","Ascorbic acid /LR grade /powder 500 g /ขวด",,,LR,500,g,ขวด,
AS191056,"Biuret solution grade /liquid","Biuret solution /LR grade /liquid 100 ml /ขวด",,,LR,100,mL,ขวด,
AS191057,"Celite [(C4H10O2)] /ยา grade /powder","Celite [(C4H10O2)]cas no.107880 /ยา grade /powder 1 kg /ขวด",107-88-0,,,1,kg,ขวด,
AS191058,"Copper (II) sulfate pentahydrate [(C4H10O2)] /Cosmetic grade /powder","Copper (II) sulfate pentahydrate [(C4H10O2)]cas no.107880 /Cosmetic grade /powder 500 g /ขวด",107-88-0,,,500,g,ขวด,
AS191059,"Ferric chloride anhydrous (Iron (III) chloride) [(C7H10OH)] grade /powder","Ferric chloride anhydrous (Iron (III) chloride) [(C7H10OH)]cas no.90153 /LR grade /powder 250 g /ขวด",90-15-3,,LR,250,g,ขวด,
AS191032,"ชุดทดสอบยาฆ่าแมลง (30 ตย./ครั้ง) grade","ชุดทดสอบยาฆ่าแมลง (30 ตย./ครั้ง) /AR grade /กล่อง",,,AR,,,กล่อง,YES
AS191033,"Thiazoyl blue tetrazolium bromide (MTT) ขนาด 1 กรัม grade /liquid","Thiazoyl blue tetrazolium bromide (MTT) ขนาด 1 กรัม /LR grade /liquid 1 g /ขวด",,,LR,1,g,ขวด,
AS191034,"PCR master mix(ready to load with 10mMMgCl2 250 rxn) grade /liquid 250 rxn","PCR master mix(ready to load with 10mMMgCl2 250 rxn) /AR grade /liquid 250 rxn /ชุด",,,AR,,,ชุด,YES
AS191035,"Fetal Bovine Serum grade /liquid","Fetal Bovine Serum /LR grade /liquid 100 ml /ขวด",,,LR,100,mL,ขวด,
AS191036,"100 DNA ladder ) /AR grade /liquid","(100 bp DNA ladder ) /AR grade /liquid 500 ul /หลอด",,,BP,500,uL,หลอด,
AS191037,"ไทโรซิเนส 1000 ยูนิตต่อมิลลิกรัม ขนาด 25 (Tyrosinase from mushroom lyophilized powder, ?1000 unit/mg ขนาด 25 KU) /COM grade /liquid","ไทโรซิเนส 1000 ยูนิตต่อมิลลิกรัม ขนาด 25 (Tyrosinase from mushroom lyophilized powder, ?1000 unit/mg ขนาด 25 KU) /COM grade /liquid /ขวด",,,,,,ขวด,YES
AS191038,"DNA polymerase 500 unit grade /liquid","DNA polymerase 500 unit /AR grade /liquid /หลอด",,,AR,,,หลอด,YES
AS191039,"Oligosynthesis 25 nmol /Cosmetic grade /liquid 256 เบส","Oligosynthesis 25 nmol /Cosmetic grade /liquid 256 เบส /ขวด",,,,,,ขวด,YES
AS191040,"CTAB, 500 G. grade /powder","CTAB, 500 G. /AR grade /powder 500 g /ขวด",,,AR,500,g,ขวด,
AS191026,"ชุดตรวจสอบสารฟอกขาว grade","ชุดตรวจสอบสารฟอกขาว /AR grade /กล่อง",,,AR,,,กล่อง,YES
AS191027,"ชุดทดสอบโคลิฟอร์มน้ำ grade","ชุดทดสอบโคลิฟอร์มน้ำ /AR grade /กล่อง",,,AR,,,กล่อง,YES
AS191028,"ชุดตรวจสอบน้ำมันทอดซ้ำ grade","ชุดตรวจสอบน้ำมันทอดซ้ำ /AR grade /กล่อง",,,AR,,,กล่อง,YES
AS191029,"ชุดทดสอบสเตียรอยด์ grade","ชุดทดสอบสเตียรอยด์ /AR grade /กล่อง",,,AR,,,กล่อง,YES
AS191030,"ชุดทดสอบไฮโดรควิโนน grade","ชุดทดสอบไฮโดรควิโนน /AR grade /กล่อง",,,AR,,,กล่อง,YES
AS191020,"tri Sodium citrate grade /powder","tri Sodium citrate /LR grade /powder 500 g /ขวด",,,LR,500,g,ขวด,
AS191021,"Trypsin grade /powder","Trypsin /AR grade /powder 1 g /ขวด",,,AR,1,g,ขวด,
AS191022,"Tween 20 grade /liquid","Tween 20 /AR grade /liquid 100 ml /ขวด",,,AR,100,mL,ขวด,
AS191023,"2,4,6-tris(2-pyridyl)-s-triazine , TPTZ grade /powder","2,4,6-tris(2-pyridyl)-s-triazine , TPTZ /AR grade /powder 5 g /ขวด",,,AR,5,g,ขวด,
AS191024,"TA Cloning kit ขนาด 10 rxn/kit /Cosmetic grade 1 set","TA Cloning kit ขนาด 10 rxn/kit /Cosmetic grade 1 set",,,,,,,YES
AS191001,"Plasmid Mini kit grade 50 ปฏิกิริยา","Plasmid Mini kit /AR grade 50 ปฏิกิริยา /กล่อง",,,AR,,,กล่อง,YES
AS191002,"RPMI 1640 แบบซอง grade 10 ?","RPMI 1640 แบบซอง /AR grade 10 ? 1L /ซอง",,,AR,1,L,ซอง,
AS191003,"Restriction enzyme Bam HI grade 2500 unit","Restriction enzyme Bam HI /AR grade 2500 unit /หลอด",,,AR,,,หลอด,YES
AS191004,"Restriction enzymeExbaI /ยา grade 1000 unit","Restriction enzymeExbaI /ยา grade 1000 unit /หลอด",,,,,,หลอด,YES
AS191005,"Reverse Transciptase 2 Step (Viva 2 step RT-PCR kit with M-MuLV RT/Taq DNA polymerase grade","Reverse Transciptase 2 Step (Viva 2 step RT-PCR kit with M-MuLV RT/Taq DNA polymerase /AR grade /หลอด",,,AR,,,หลอด,YES
AS191006,"Ribozol RNA extraction) grade /liquid","(Ribozol RNA extraction) /AR grade /liquid 100 ml /ขวด",,,AR,100,mL,ขวด,
AS191008,"Sodium dodecyl sulfate(SDS) grade /powder","Sodium dodecyl sulfate(SDS) /AR grade /powder 100 g /ขวด",,,AR,100,g,ขวด,
AS191009,"Sodium dodecyl sulfate(SDS) grade /powder","Sodium dodecyl sulfate(SDS) /AR grade /powder 1000 g /ขวด",,,AR,1000,g,ขวด,
AS191010,"5-Sulphosalicylic acid grade /powder","5-Sulphosalicylic acid /AR grade /powder 250 g /ขวด",,,AR,250,g,ขวด,
AS191011,"Sodium sulfate /Cosmetic grade /powder","Sodium sulfate /Cosmetic grade /powder 1 kg /ขวด",,,,1,kg,ขวด,
AS191012,"Sodium bisulfite grade /powder","Sodium bisulfite /LR grade /powder 250 g /ขวด",,,LR,250,g,ขวด,
AS191013,"Sodium Pyruvate /Cosmetic grade /powder","Sodium Pyruvate /Cosmetic grade /powder 25 g /ขวด",,,,25,g,ขวด,
AS191014,"Sodium nitroprusside dihydrate grade /powder","Sodium nitroprusside dihydrate /LR grade /powder 100 g /ขวด",,,LR,100,g,ขวด,
AS191015,"Sodium tartrate dihydrate grade /powder","Sodium tartrate dihydrate /LR grade /powder 500 g /ขวด",,,LR,500,g,ขวด,
AS191016,"sodium hydroxide grade /powder","sodium hydroxide /AR grade /powder 1 kg /ขวด",,,AR,1,kg,ขวด,
AS191017,"Sephacryl S-100HR grade /liquid","Sephacryl S-100HR /AR grade /liquid 150 ml /ขวด",,,AR,150,mL,ขวด,
AS191018,"Sodium bicarbonate grade /powder","Sodium bicarbonate /AR grade /powder 1 kg /ขวด",,,AR,1,kg,ขวด,
AS191019,"10% Sodium Hypochlorite grade /liquid","10% Sodium Hypochlorite /LR grade /liquid 5 L /แกลลอน",,,LR,5,L,แกลลอน,
AS190984,"Linoleic grade /liquid","Linoleic /LR grade /liquid 250 ml /ขวด",,,LR,250,mL,ขวด,
AS190985,"L-cysteine hydrochloride grade /powder","L-cysteine hydrochloride /BP grade /powder 25 g /ขวด",,,BP,25,g,ขวด,
AS190986,"Liquid nitrogen /Cosmetic grade","Liquid nitrogen /Cosmetic grade 30 L /รอบ",,,,30,L,รอบ,
AS190988,"MTT dye , 3-(4,5-dimethylthiazol-2-yl)-2,5-diphenyltetrazolium bromide /Cosmetic grade /powder","MTT dye , 3-(4,5-dimethylthiazol-2-yl)-2,5-diphenyltetrazolium bromide /Cosmetic grade /powder 1 g /ขวด",,,,1,g,ขวด,
AS190989,"marker 100 - 1.5 kb /LR grade","marker 100 BP - 1.5 kb /LR grade /แพ็ค",,,BP,,,แพ็ค,YES
AS190990,"Malt extract agar grade /powder","Malt extract agar /LR grade /powder 100 g /ขวด",,,LR,100,g,ขวด,
AS190991,"Ninhydrin /Cosmetic grade /powder","Ninhydrin /Cosmetic grade /powder 25 g /ขวด",,,,25,g,ขวด,
AS190992,"1-Naphthol grade /powder","1-Naphthol /AR grade /powder 100 g /ขวด",,,AR,100,g,ขวด,
AS190993,"Orcinol grade /powder","Orcinol /AR grade /powder 25 g /ขวด",,,AR,25,g,ขวด,
AS190994,"Potassium di-hydrogen phosphate(KH2PO4) grade /powder","Potassium di-hydrogen phosphate(KH2PO4) /AR grade /powder 500 g /ขวด",,,AR,500,g,ขวด,
AS190995,"Phenol grade /powder","Phenol /LR grade /powder 500 g /ขวด",,,LR,500,g,ขวด,
AS190996,"Phenyl Sepharose grade /liquid","Phenyl Sepharose /LR grade /liquid 200 ml /ขวด",,,LR,200,mL,ขวด,
AS190997,"protein marker grade 500 u","protein marker /LR grade 500 u /หลอด",,,LR,,,หลอด,YES
AS190998,"Multicolor Broad Range Protein Ladder grade","Multicolor Broad Range Protein Ladder /AR grade 250 ul /หลอด",,,AR,250,uL,หลอด,
AS191000,"Plasmid extraction kit 100 rex grade 100 ปฏิกิริยา","Plasmid extraction kit 100 rex /AR grade 100 ปฏิกิริยา /กล่อง",,,AR,,,กล่อง,YES
AS190982,"Kanamycin /Cosmetic grade /powder","Kanamycin /Cosmetic grade /powder 5 g /ขวด",,,,5,g,ขวด,
AS190971,"Absolute ethanol ขนาด 2.5 ลิตร grade /liquid","Absolute ethanol ขนาด 2.5 ลิตร /AR grade /liquid 2.5 L /ขวด",,,AR,2.5,L,ขวด,
AS190972,"ethanol 99.9% grade /liquid","ethanol 99.9% /AR grade /liquid 1 L /ขวด",,,AR,1,L,ขวด,
AS190963,"dNTP set (4x25 umol)) grade 100 mM","dNTP set (4x25 umol)) /AR grade 100 mM /หลอด",,,AR,,,หลอด,YES
AS190964,"d-NTP, 10 mM grade 10 mM","d-NTP, 10 mM /AR grade 10 mM /หลอด",,,AR,,,หลอด,YES
AS190966,"100 DNA Ladder H3 RTU /Food grade","100 bp DNA Ladder H3 RTU /Food grade 500 ul /หลอด",,,BP,500,uL,หลอด,
AS190967,"1 kb DNA Ladder RTU grade","1 kb DNA Ladder RTU /AR grade 500 ul /หลอด",,,AR,500,uL,หลอด,
AS190968,"Ethy lenedtaminctetraacetic acid (EDTA) grade /powder","Ethy lenedtaminctetraacetic acid (EDTA) /AR grade /powder 500 g /ขวด",,,AR,500,g,ขวด,
AS190974,"Ferrous sulfate grade /powder","Ferrous sulfate /AR grade /powder 500 g /ขวด",,,AR,500,g,ขวด,
AS190975,"Gallic acid grade /powder","Gallic acid /AR grade /powder 100 g /ขวด",,,AR,100,g,ขวด,
AS190976,"Gel Loading Dye, Blue (6X)) /Cosmetic grade 1","Gel Loading Dye, Blue (6X)) /Cosmetic grade 1 /หลอด",,,,,,หลอด,YES
AS190977,"Glass wool for laboratory use /Cosmetic grade /powder","Glass wool for laboratory use /Cosmetic grade /powder 500 g /ขวด",,,,500,g,ขวด,
AS190978,"Glycerol /Cosmetic grade /liquid","Glycerol /Cosmetic grade /liquid 1 L /ขวด",,,,1,L,ขวด,
AS190979,"Gel Extraction Kit /Food grade 50 set","Gel Extraction Kit /Food grade 50 set /กล่อง",,,,,,กล่อง,YES
AS190980,"Hydrochloric acid /Food grade /liquid","Hydrochloric acid /Food grade /liquid 2.5 L /ขวด",,,,2.5,L,ขวด,
AS190981,"Iron(II) sulfate heptahydrate grade /powder","Iron(II) sulfate heptahydrate /LR grade /powder 100 g /ขวด",,,LR,100,g,ขวด,
AS190943,"Antibiotic /Antimycotic Solution) แอนตี้ไบโอติกแอนตี้ไมโคไซด์ /Food grade /liquid","(Antibiotic /Antimycotic Solution) แอนตี้ไบโอติกแอนตี้ไมโคไซด์ /Food grade /liquid 100 ml /ขวด",,,,100,mL,ขวด,
AS190945,"N-Butanol grade /liquid","N-Butanol /AR grade /liquid 2.5 L /ขวด",,,AR,2.5,L,ขวด,
AS190946,"Bovine serum albumin (BSA) ขนาด 10 กรัม /Cosmetic grade /powder","Bovine serum albumin (BSA) ขนาด 10 กรัม /Cosmetic grade /powder 10 g /ขวด",,,,10,g,ขวด,
AS190947,"Buffer Solution pH 4.0 ขนาด 1000 มิลลิลิตร /Cosmetic grade /liquid","Buffer Solution pH 4.0 ขนาด 1000 มิลลิลิตร /Cosmetic grade /liquid 1000 ml /ขวด",,,,1000,mL,ขวด,
AS190948,"Buffer Solution pH 7.0 ขนาด 1000 มิลลิลิตร grade /liquid","Buffer Solution pH 7.0 ขนาด 1000 มิลลิลิตร /AR grade /liquid 1000 ml /ขวด",,,AR,1000,mL,ขวด,
AS190949,"Buffer Solution pH 10 ขนาด 1000 มิลลิลิตร grade /liquid","Buffer Solution pH 10 ขนาด 1000 มิลลิลิตร /LR grade /liquid 1000 ml /ขวด",,,LR,1000,mL,ขวด,
AS190950,"Butylated hydroxyanisole (BHA) /ยา grade /powder","Butylated hydroxyanisole (BHA) /ยา grade /powder 100 g /ขวด",,,,100,g,ขวด,
AS190951,"Blood DNA Kit grade /powder 50 set","Blood DNA Kit /AR grade /powder 50 set /กล่อง",,,AR,,,กล่อง,YES
AS190952,"LB broth grade /powder","LB broth /LR grade /powder 500 g /ขวด",,,LR,500,g,ขวด,
AS190953,"Copper acetate monohydrate grade /powder","Copper acetate monohydrate /AR grade /powder 500 g /ขวด",,,AR,500,g,ขวด,
AS190954,"Carbondioxide gase grade /powder","Carbondioxide gase /AR grade /powder 25 kg /รอบ",,,AR,25,kg,รอบ,
AS190955,"di sodium hydrogen phos phate grade /powder","di sodium hydrogen phos phate /LR grade /powder 500 g /ขวด",,,LR,500,g,ขวด,
AS190956,"DEAE-Sephacel grade /liquid","DEAE-Sephacel /LR grade /liquid 500 ml /ขวด",,,LR,500,mL,ขวด,
AS190957,"Dialysis Tubing, Benzoylated Mw cut off 2000 MW 5 Ft grade 9 mm","Dialysis Tubing, Benzoylated Mw cut off 2000 MW 5 Ft /AR grade 9 mm /ชุด",,,AR,,,ชุด,YES
AS190958,"Developer grade /liquid","Developer /AR grade /liquid 5 L /แกลลอน",,,AR,5,L,แกลลอน,
AS190959,"DNA T4 Ligase /COM grade 4000 unit","DNA T4 Ligase /COM grade 4000 unit /หลอด",,,,,,หลอด,YES
AS190960,"Deionized water grade /liquid","Deionized water /AR grade /liquid 20 L /แกลลอน",,,AR,20,L,แกลลอน,
AS190961,"Dimethyl sulfoxide (DMSO) /Cosmetic grade /liquid","Dimethyl sulfoxide (DMSO) /Cosmetic grade /liquid 500 ml /ขวด",,,,500,mL,ขวด,
AS190962,"Dimethyl sulfoxide (DMSO) grade /liquid","Dimethyl sulfoxide (DMSO) /LR grade /liquid 500 ml /ขวด",,,LR,500,mL,ขวด,
AS190936,"Acitic acid grade /liquid","Acitic acid /AR grade /liquid 2.5 L /ขวด",,,AR,2.5,L,ขวด,
AS190937,"LB Agar /Cosmetic grade /powder","LB Agar /Cosmetic grade /powder 250 g /ขวด",,,,250,g,ขวด,
AS190938,"Aluminum (III) chloride hexahydrate grade /powder","Aluminum (III) chloride hexahydrate /AR grade /powder 500 g /ขวด",,,AR,500,g,ขวด,
AS190939,"Ambiclean kit (PCR & Gel), 50 preps grade 100 ปฏิกิริยา","Ambiclean kit (PCR & Gel), 50 preps /AR grade 100 ปฏิกิริยา /กล่อง",,,AR,,,กล่อง,YES
AS190940,"?-Amanitin /Cosmetic grade /powder","?-Amanitin /Cosmetic grade /powder 1 g /ขวด",,,,1,g,ขวด,
AS190941,"Amonium acetate grade /powder","Amonium acetate /AR grade /powder 500 g /ขวด",,,AR,500,g,ขวด,
AS190942,"Ammonium persulphate grade /powder","Ammonium persulphate /LR grade /powder 25 g /ขวด",,,LR,25,g,ขวด,
AS190924,"Restriction emzyme, HhaI /ยา grade /liquid - ul","Restriction emzyme, HhaI /ยา grade /liquid - ul /หลอด",,,,,,หลอด,YES
AS190925,"3M sodium acetate (pH 5.2) grade /Liquid","3M sodium acetate (pH 5.2) cas no.6104592 /LR grade /Liquid 500 ml /ขวด",6104-59-2,,LR,500,mL,ขวด,
AS190926,"Sodium molybdate dihydrate grade /powder","Sodium molybdate dihydrate /LR grade /powder 500 g /ขวด",,,LR,500,g,ขวด,
AS190927,"Stearic acid grade /powder","Stearic acid /LR grade /powder 1 kg /ขวด",,,LR,1,kg,ขวด,
AS190928,"Trithanolamine grade /powder","Trithanolamine /AR grade /powder 1 kg /ขวด",,,AR,1,kg,ขวด,
AS190929,"10X TBE (Tris-Borate-EDTA) pH8.0 /Cosmetic grade /liquid","10X TBE (Tris-Borate-EDTA) pH8.0 /Cosmetic grade /liquid 1000 ml /ขวด",,,,1000,mL,ขวด,
AS190930,"Alpha-Tocophenol phosphate, disodium salt grade /powder","Alpha-Tocophenol phosphate, disodium salt /LR grade /powder 25 g /ขวด",,,LR,25,g,ขวด,
AS190931,"Vitamin B12 grade /liquid","Vitamin B12 /AR grade /liquid 250 mg /ขวด",,,AR,250,mg,ขวด,
AS190932,"Corn steep liquor grade /powder","Corn steep liquor /LR grade /powder 500 g /ขวด",,,LR,500,g,ขวด,
AS190933,"Dixon's Agar (twin pack) /Cosmetic grade /powder","Dixon's Agar (twin pack) /Cosmetic grade /powder 500 g /ขวด",,,,500,g,ขวด,
AS190934,"ISP medium No.4 (Inorganic salt starch agar) /Cosmetic grade /powder","ISP medium No.4 (Inorganic salt starch agar) /Cosmetic grade /powder 500 g /ขวด",,,,500,g,ขวด,
AS190907,"Coaglulate plasma , rabbit with EDTA /Cosmetic grade /Liquid","Coaglulate plasma , rabbit with EDTA /Cosmetic grade /Liquid 3 ml /ขวด",,,,3,mL,ขวด,
AS190908,"Cytryl alcohol /Cosmetic grade /powder","Cytryl alcohol /Cosmetic grade /powder 1 kg /ขวด",,,,1,kg,ขวด,
AS190909,"Cyclomethicone /Cosmetic grade /powder","Cyclomethicone /Cosmetic grade /powder 1 kg /ขวด",,,,1,kg,ขวด,
AS190910,"Calcifirol (Vitamin D2) (Ergocalciferol) grade /powder","Calcifirol (Vitamin D2) (Ergocalciferol) /LR grade /powder 1 g /ขวด",,,LR,1,g,ขวด,
AS190911,"4-Dimethylaminobenzaldehyde grade /powder","4-Dimethylaminobenzaldehyde /LR grade /powder 100 g /ขวด",,,LR,100,g,ขวด,
AS190912,"Decon /Cosmetic grade /Liquid","Decon /Cosmetic grade /Liquid 5 L /แกลลอน",,,,5,L,แกลลอน,
AS190913,"Dettol grade /Liquid","Dettol /AR grade /Liquid 5 L /แกลลอน",,,AR,5,L,แกลลอน,
AS190914,"Deoxycholic acid grade /powder","Deoxycholic acid /AR grade /powder 25 g /ขวด",,,AR,25,g,ขวด,
AS190915,"Diethanolamine grade /powder","Diethanolamine /AR grade /powder 1 kg /ขวด",,,AR,1,kg,ขวด,
AS190916,"DPPH [(Na2MoO4.2H2O)] grade /powder","DPPH [(Na2MoO4.2H2O)]cas no.10102406 /AR grade /powder 1 g /ขวด",10102-40-6,,AR,1,g,ขวด,
AS190917,"0.5M EDTA (pH 8.0) grade /Liquid","0.5M EDTA (pH 8.0) /LR grade /Liquid 500 ml /ขวด",,,LR,500,mL,ขวด,
AS190918,"Folin grade /Liquid","Folin /LR grade /Liquid 500 ml /ขวด",,,LR,500,mL,ขวด,
AS190919,"Glycerin /Cosmetic grade /Liquid","Glycerin /Cosmetic grade /Liquid 450 ml /ขวด",,,,450,mL,ขวด,
AS190920,"Glyceryl Monostearate (GMS) grade /powder","Glyceryl Monostearate (GMS) /AR grade /powder 1 kg /ขวด",,,AR,1,kg,ขวด,
AS190921,"Haematoxylin grade /Liquid","Haematoxylin /AR grade /Liquid 450 ml /ขวด",,,AR,450,mL,ขวด,
AS190922,"Methyl paraben grade /powder","Methyl paraben /AR grade /powder 1 kg /ขวด",,,AR,1,kg,ขวด,
AS190923,"propyl paraben grade /powder","propyl paraben /AR grade /powder 1 kg /ขวด",,,AR,1,kg,ขวด,
AS190890,"Zinc acetrate 2-hydrate [(น้ำยาทดสอบ)] grade /powder","Zinc acetrate 2-hydrate [(น้ำยาทดสอบ)] /LR grade /powder 500 g /ขวด",,,LR,500,g,ขวด,
AS190891,"Zinc Chloride [(น้ำยาทดสอบ)] grade /powder","Zinc Chloride [(น้ำยาทดสอบ)] /LR grade /powder 500 g /ขวด",,,LR,500,g,ขวด,
AS190892,"Zinc Dust [((CH3)3C]2C6H2(CH3)OH)] grade /powder","Zinc Dust [((CH3)3C]2C6H2(CH3)OH)]cas no.128370 /LR grade /powder 1000 g /ขวด",128-37-0,,LR,1000,g,ขวด,
AS190893,"Zinc nitrate grade /powder","Zinc nitrate cas no.8008637 /LR grade /powder 500 g /ขวด",8008-63-7,,LR,500,g,ขวด,
AS190894,"Zinc Sulfate [(C5H13Cl12N)] grade /powder","Zinc Sulfate [(C5H13Cl12N)]cas no.999815 /LR grade /powder 500 g /ขวด",999-81-5,,LR,500,g,ขวด,
AS190895,"?-Amanitin [(CaCl2.2H2O)] grade /powder","?-Amanitin [(CaCl2.2H2O)]cas no.10035048 /LR grade /powder 1 g /ขวด",10035-04-8,,LR,1,g,ขวด,
AS190896,"?-Lipoic acid = Thioctic acid [(Ca3(C6H5O7)2.4H2O)] grade /powder","?-Lipoic acid = Thioctic acid [(Ca3(C6H5O7)2.4H2O)]cas no.813945 /LR grade /powder 500 mg /ขวด",813-94-5,,LR,500,mg,ขวด,
AS190897,"Amido Black 10B grade /powder","Amido Black 10B /AR grade /powder 25 g /ขวด",,,AR,25,g,ขวด,
AS190898,"Atifoam grade /Liquid","Atifoam /LR grade /Liquid 250 ml /ขวด",,,LR,250,mL,ขวด,
AS190899,"Buffer Solution pH 4 grade /Liquid","Buffer Solution pH 4 /AR grade /Liquid 500 ml /ขวด",,,AR,500,mL,ขวด,
AS190900,"Buffer Solution pH 7 grade /Liquid","Buffer Solution pH 7 /LR grade /Liquid 500 ml /ขวด",,,LR,500,mL,ขวด,
AS190901,"Buffer Solution pH 10 [(C9H11NO)] grade /Liquid","Buffer Solution pH 10 [(C9H11NO)] /AR grade /Liquid 500 ml /ขวด",,,AR,500,mL,ขวด,
AS190902,"Butylated Hydroxy Toluene (2,6 Tert butyl-4-methylphenol) /Cosmetic grade /powder","Butylated Hydroxy Toluene (2,6 Tert butyl-4-methylphenol) /Cosmetic grade /powder 250 g /ขวด",,,,250,g,ขวด,
AS190903,"Bovine bile grade /powder","Bovine bile /LR grade /powder 10 g /ขวด",,,LR,10,g,ขวด,
AS190904,"2-Chloroethylmethyl ammonium chloride [(C24H40O4)] /Cosmetic grade /powder","2-Chloroethylmethyl ammonium chloride [(C24H40O4)]cas no.83443 /Cosmetic grade /powder 25 g /ขวด",83-44-3,,,25,g,ขวด,
AS190905,"Calcium chloride dihydrate grade /powder","Calcium chloride dihydrate /AR grade /powder 500 g /ขวด",,,AR,500,g,ขวด,
AS190906,"Calcium citrate (tri-Calcium dicitrate tetrahydrate) grade /powder","Calcium citrate (tri-Calcium dicitrate tetrahydrate) /LR grade /powder 500 g /ขวด",,,LR,500,g,ขวด,
AS190871,"Urea agar base [(C25H27N2O6S2Na)] grade /powder","Urea agar base [(C25H27N2O6S2Na)]cas no.2650171 /LR grade /powder 500 g /ขวด",2650-17-1,,LR,500,g,ขวด,
AS190872,"Urea broth base [(C8H10)] grade /powder","Urea broth base [(C8H10)]cas no.1330207 /LR grade /powder 500 g /ขวด",1330-20-7,,LR,500,g,ขวด,
AS190873,"Vasopressin [(C6H4(CH3)2)] grade /Powder","Vasopressin [(C6H4(CH3)2)]cas no.1330207 /LR grade /Powder 0.5 mg /ขวด",1330-20-7,,LR,0.5,mg,ขวด,
AS190874,"Vibrio cholerae polyvalent O1 antiserum grade /liquid","Vibrio cholerae polyvalent O1 antiserum /LR grade /liquid 2 ml /ขวด",,,LR,2,mL,ขวด,
AS190875,"Vibrio cholerae polyvalent O139 antiserum grade /liquid","Vibrio cholerae polyvalent O139 antiserum /LR grade /liquid 2 ml /ขวด",,,LR,2,mL,ขวด,
AS190876,"Violet Red Bile Agar grade /powder","Violet Red Bile Agar /LR grade /powder 500 g /ขวด",,,LR,500,g,ขวด,
AS190877,"Wright Stain grade /powder","Wright Stain /AR grade /powder 25 g /ขวด",,,AR,25,g,ขวด,
AS190878,"Xanthine98% grade /powder","Xanthine98% /LR grade /powder 25 g /ขวด",,,LR,25,g,ขวด,
AS190879,"XLD agar grade /powder","XLD agar /LR grade /powder 500 g /ขวด",,,LR,500,g,ขวด,
AS190880,"Xylene [(ZnC4H6O4 (dihydrate))] grade /liquid","Xylene [(ZnC4H6O4 (dihydrate))]cas no.5970456 /LR grade /liquid 2.5 L /ขวด",5970-45-6,,LR,2.5,L,ขวด,
AS190881,"Xylene cyanol FF [(ZnCl2)] grade /powder","Xylene cyanol FF [(ZnCl2)]cas no.7646857 /LR grade /powder 20 g /ขวด",7646-85-7,,LR,20,g,ขวด,
AS190882,"Xylene RpE- /LR grade /liquid","Xylene RpE-ACS /LR grade /liquid 2.5 L /ขวด",,,ACS,2.5,L,ขวด,
AS190883,"Xylenes [(Zn(NO3)2.6H2O)] grade /liquid","Xylenes [(Zn(NO3)2.6H2O)]cas no.10196186 /AR grade /liquid 4 L /ขวด",10196-18-6,,AR,4,L,ขวด,
AS190884,"Yeast Carbon Base [(ZnSO4.7H2O)] grade /powder","Yeast Carbon Base [(ZnSO4.7H2O)]cas no.7446200 /AR grade /powder 100 g /ขวด",7446-20-0,,AR,100,g,ขวด,
AS190885,"Yeast Extract granulated grade /powder","Yeast Extract granulated cas no.23109059 /LR grade /powder 500 g /ขวด",23109-05-9,,LR,500,g,ขวด,
AS190886,"Yeast Extract Powder [(C8H14O2S2)] grade /powder","Yeast Extract Powder [(C8H14O2S2)]cas no.1077287 /AR grade /powder 500 g /ขวด",1077-28-7,,AR,500,g,ขวด,
AS190887,"Yeast Malt Agar (YM agar) [(C22H14N6Na2O9S2)] grade /powder","Yeast Malt Agar (YM agar) [(C22H14N6Na2O9S2)]cas no.1064488 /LR grade /powder 500 g /ขวด",1064-48-8,,LR,500,g,ขวด,
AS190888,"Yeast Malt Broth(YM) grade /powder","Yeast Malt Broth(YM) /LR grade /powder 500 g /ขวด",,,LR,500,g,ขวด,
AS190889,"Yeast Nitrogen Base [(น้ำยาทดสอบ)] grade /powder","Yeast Nitrogen Base [(น้ำยาทดสอบ)] /LR grade /powder 100 g /ขวด",,,LR,100,g,ขวด,
AS190851,"Tris-hydroxymethyl-aminomethane (Tris-Base) = Tris (hydroxymethyl) methylamine grade /powder","Tris-hydroxymethyl-aminomethane (Tris-Base) = Tris (hydroxymethyl) methylamine cas no.91079402 /AR grade /powder 500 g /ขวด",91079-40-2,,AR,500,g,ขวด,
AS190852,"Triton x - 100 grade /liquid","Triton x - 100 /AR grade /liquid 500 ml /ขวด",,,AR,500,mL,ขวด,
AS190853,"Triton X-100 grade /liquid","Triton X-100 /AR grade /liquid 1000 ml /ขวด",,,AR,1000,mL,ขวด,
AS190854,"Trypan Blue grade /powder","Trypan Blue /LR grade /powder 25 g /ขวด",,,LR,25,g,ขวด,
AS190855,"Trypan blue stain (0.4%) grade /liquid","Trypan blue stain (0.4%) /AR grade /liquid 100 ml /ขวด",,,AR,100,mL,ขวด,
AS190856,"Trypsin [(C37H41ClN2O6.HCl.5H2O)] grade /powder","Trypsin [(C37H41ClN2O6.HCl.5H2O)]cas no.6989986 /LR grade /powder 50 g /ขวด",6989-98-6,,LR,50,g,ขวด,
AS190857,"Trypsin-EDTA grade /liquid","Trypsin-EDTA cas no.9005645 /LR grade /liquid 100 ml /ขวด",9005-64-5,,LR,100,mL,ขวด,
AS190858,"Trypticase soy broth grade /powder","Trypticase soy broth cas no.9005645 /LR grade /powder 500 g /ขวด",9005-64-5,,LR,500,g,ขวด,
AS190859,"Tryptone grade /powder","Tryptone cas no.9005655 /AR grade /powder 500 g /ขวด",9005-65-5,,AR,500,g,ขวด,
AS190860,"Tryptone glucose yeast extract agar [(CH4N2O)] grade /powder","Tryptone glucose yeast extract agar [(CH4N2O)]cas no.57136 /LR grade /powder 500 g /ขวด",57-13-6,,LR,500,g,ขวด,
AS190861,"Tryptone Powder , Casein Peptone grade /powder","Tryptone Powder , Casein Peptone /LR grade /powder 500 g /ขวด",,,LR,500,g,ขวด,
AS190862,"Tryptone type I = Casein enzyme hydrolysate type I grade /powder","Tryptone type I = Casein enzyme hydrolysate type I /LR grade /powder 500 g /ขวด",,,LR,500,g,ขวด,
AS190863,"Tryptone water grade /powder","Tryptone water cas no.16679586 /LR grade /powder 500 g /ขวด",16679-58-6,,LR,500,g,ขวด,
AS190864,"Tryptose grade /powder","Tryptose /LR grade /powder 500 g /ขวด",,,LR,500,g,ขวด,
AS190865,"TSC agar grade /powder","TSC agar /LR grade /powder 500 g /ขวด",,,LR,500,g,ขวด,
AS190866,"Tubocurarine hydrochloride pentahydrate grade /Powder","Tubocurarine hydrochloride pentahydrate /LR grade /Powder 100 mg /ขวด",,,LR,100,mg,ขวด,
AS190867,"Tween 20 grade /liquid","Tween 20 /LR grade /liquid 1000 ml /ขวด",,,LR,1000,mL,ขวด,
AS190868,"Tween 20 grade /liquid","Tween 20 cas no.69896 /AR grade /liquid 500 ml /ขวด",69-89-6,,AR,500,mL,ขวด,
AS190869,"Tween 80 grade /liquid","Tween 80 /LR grade /liquid 500 ml /ขวด",,,LR,500,mL,ขวด,
AS190870,"urea [( C8H10)] grade /Powder","urea [( C8H10)]cas no.1330207 /AR grade /Powder 500 g /ขวด",1330-20-7,,AR,500,g,ขวด,
AS190832,"Thidiazuron [(Ca3(PO4)2)] grade /powder","Thidiazuron [(Ca3(PO4)2)]cas no.7758874 /LR grade /powder 25 mg /ขวด",7758-87-4,,LR,25,mg,ขวด,
AS190833,"Thiobarbituric acid (TBA) [(CCl3COOH)] grade /powder","Thiobarbituric acid (TBA) [(CCl3COOH)]cas no.76039 /LR grade /powder 100 g /ขวด",76-03-9,,LR,100,g,ขวด,
AS190834,"Thioglycolate medium [(N(CH2CH2OH)3)] grade /powder","Thioglycolate medium [(N(CH2CH2OH)3)] /LR grade /powder 500 g /ขวด",,,LR,500,g,ขวด,
AS190835,"Thymol [(C9H18O3)] grade /powder","Thymol [(C9H18O3)]cas no.682097 /LR grade /powder 100 g /ขวด",682-09-7,,LR,100,g,ขวด,
AS190836,"Thymol blue [(C57H104O6)] grade /powder","Thymol blue [(C57H104O6)]cas no.122327 /LR grade /powder 25 g /ขวด",122-32-7,,LR,25,g,ขวด,
AS190837,"Tin (II) chloride grade /powder","Tin (II) chloride /LR grade /powder 100 g /ขวด",,,LR,100,g,ขวด,
AS190838,"Titanium (II) sulfate solution [(C4H11NO3•HCl)] grade /liquid","Titanium (II) sulfate solution [(C4H11NO3•HCl)]cas no.1185531 /AR grade /liquid 100 ml /ขวด",1185-53-1,,AR,100,mL,ขวด,
AS190839,"Todd Hewitt broth [(C4H11NO3ClH)] grade /powder","Todd Hewitt broth [(C4H11NO3ClH)]cas no.1185831 /LR grade /powder 500 g /ขวด",1185-83-1,,LR,500,g,ขวด,
AS190840,"tri -Sodium orthophosphate [(C4H11NO3)] grade /powder","tri -Sodium orthophosphate [(C4H11NO3)]cas no.77861 /AR grade /powder 500 g /ขวด",77-86-1,,AR,500,g,ขวด,
AS190841,"tri-Ammonium citrate (Ammonium citrate tribasic) [(C4H11NO3)] grade /powder","tri-Ammonium citrate (Ammonium citrate tribasic) [(C4H11NO3)]cas no.77861 /LR grade /powder 500 g /ขวด",77-86-1,,LR,500,g,ขวด,
AS190842,"tri-Calcium phosphate [(C34H62O11)] grade /powder","tri-Calcium phosphate [(C34H62O11)]cas no.9002931 /LR grade /powder 500 g /ขวด",9002-93-1,,LR,500,g,ขวด,
AS190843,"Trichloroacetic acid (TCA) [(C9H62O4)] grade /powder","Trichloroacetic acid (TCA) [(C9H62O4)]cas no.9002931 /LR grade /powder 250 g /ขวด",9002-93-1,,LR,250,g,ขวด,
AS190844,"Triethanolamine [(C34H24N6Na4O14S4)] grade /liquid","Triethanolamine [(C34H24N6Na4O14S4)]cas no.72571 /LR grade /liquid 2.5 L /ขวด",72-57-1,,LR,2.5,L,ขวด,
AS190845,"Trimethylolpropane allyl ether (TMP) [( C34H24N6Na4O14S4)] grade /liquid","Trimethylolpropane allyl ether  (TMP)  [( C34H24N6Na4O14S4)]cas no.72571 /LR grade /liquid 500 ml /ขวด",72-57-1,,LR,500,mL,ขวด,
AS190846,"Triolein grade /liquid","Triolein cas no.9002077 /AR grade /liquid 500 ml /ขวด",9002-07-7,,AR,500,mL,ขวด,
AS190847,"Triple sugar iron agar grade /powder","Triple sugar iron agar cas no.9002077 /LR grade /powder 500 g /ขวด",9002-07-7,,LR,500,g,ขวด,
AS190848,"Tris HCl [Trizma hydrochloride] grade /powder","Tris HCl [Trizma hydrochloride] /LR grade /powder 50 g /ขวด",,,LR,50,g,ขวด,
AS190849,"Tris hydrochloride (Tris-HCl) grade /powder","Tris hydrochloride (Tris-HCl) cas no.91079402 /LR grade /powder 500 g /ขวด",91079-40-2,,LR,500,g,ขวด,
AS190850,"Tris-base[ 2-Amino-2-(hydroxymethyl)-1,3-propanediol] grade /powder","Tris-base[ 2-Amino-2-(hydroxymethyl)-1,3-propanediol] /LR grade /powder 500 g /ขวด",,,LR,500,g,ขวด,
AS190811,"Sucrose grade /powder","Sucrose /HPLC grade /powder 1 kg /ขวด",,,HPLC,1,kg,ขวด,
AS190812,"Sucrose grade /powder","Sucrose cas no.1401554 /LR grade /powder 500 g /ขวด",1401-55-4,,LR,500,g,ขวด,
AS190813,"Sudan black B grade /powder","Sudan black B /LR grade /powder 25 g /ขวด",,,LR,25,g,ขวด,
AS190814,"Sulfamic acid [((CHOH.COOH)2)] grade /powder","Sulfamic acid [((CHOH.COOH)2)]cas no.87694 /AR grade /powder 500 g /ขวด",87-69-4,,AR,500,g,ขวด,
AS190815,"Sulfuric acid grade /liquid","Sulfuric acid /AR grade /liquid 2.5 L /ขวด",,,AR,2.5,L,ขวด,
AS190816,"Sulfuric acid 50% grade /liquid","Sulfuric acid 50% /AR grade /liquid 2.5 L /ขวด",,,AR,2.5,L,ขวด,
AS190817,"Sulfuric acid 98% grade /liquid","Sulfuric acid 98% /AR grade /liquid 2.5 L /ขวด",,,AR,2.5,L,ขวด,
AS190818,"sulphanilamide [(C22H24N2O8.HCl)] grade /powder","sulphanilamide [(C22H24N2O8.HCl)]cas no.64755 /LR grade /powder 100 g /ขวด",64-75-5,,LR,100,g,ขวด,
AS190819,"Sulphanilic acid [(C8H20ClN.xH2O)] grade /powder","Sulphanilic acid [(C8H20ClN.xH2O)]cas no.56348 /LR grade /powder 100 g /ขวด",56-34-8,,LR,100,g,ขวด,
AS190820,"SYTO9 Green Fluorescent Nucleic Acid Stain grade /liquid","SYTO9 Green Fluorescent Nucleic Acid Stain /LR grade /liquid 500 ul /หลอด",,,LR,500,uL,หลอด,
AS190821,"TA cloning vector kit 20 reaction. [(C12H17ClN4OS.HCl)] grade /liquid - tube","TA cloning vector kit 20 reaction. [(C12H17ClN4OS.HCl)]cas no.67038 /LR grade /liquid - tube /กล่อง",67-03-8,,LR,,,กล่อง,YES
AS190822,"Tannic acid [(C9H8N4OS)] grade /powder","Tannic acid [(C9H8N4OS)]cas no.51707552 /LR grade /powder 500 g /ขวด",51707-55-2,,LR,500,g,ขวด,
AS190823,"Taq dna polymerase [(C4H4N2O2S)] grade /liquid - ul","Taq dna polymerase [(C4H4N2O2S)]cas no.504176 /AR grade /liquid - ul /หลอด",504-17-6,,AR,,,หลอด,YES
AS190824,"Tartaric acid grade /powder","Tartaric acid /LR grade /powder 500 g /ขวด",,,LR,500,g,ขวด,
AS190825,"TBE buffer (Tris-borate-EDTA) 10X solution [((CH3)2CHC6H3(CH3)OH)] grade /liquid","TBE buffer (Tris-borate-EDTA) 10X solution [((CH3)2CHC6H3(CH3)OH)]cas no.89838 /AR grade /liquid 4 L /ขวด",89-83-8,,AR,4,L,ขวด,
AS190826,"TCBS Agar = Thioglycolate citrate bile salt sucrose Agar [(C27H30O5S)] grade /powder","TCBS Agar = Thioglycolate citrate bile salt sucrose Agar [(C27H30O5S)]cas no.76619 /LR grade /powder 500 g /ขวด",76-61-9,,LR,500,g,ขวด,
AS190827,"Teepol pure (detergent) [(SnCl2.2H2O)] grade /liquid","Teepol pure (detergent) [(SnCl2.2H2O)]cas no.10025691 /LR grade /liquid 3.8 ml /แกลลอน",10025-69-1,,LR,3.8,mL,แกลลอน,
AS190828,"Tetracyclin hydrochloride grade /powder","Tetracyclin hydrochloride /AR grade /powder 25 g /ขวด",,,AR,25,g,ขวด,
AS190829,"Tetraethylamonium chloride hydrate grade /Powder","Tetraethylamonium chloride hydrate /LR grade /Powder 25 g /ขวด",,,LR,25,g,ขวด,
AS190830,"Tetrationate broth base [(Na3PO4.12H2O)] grade /powder","Tetrationate broth base [(Na3PO4.12H2O)]cas no.7601549 /LR grade /powder 500 g /ขวด",7601-54-9,,LR,500,g,ขวด,
AS190831,"Thiamine hydrochloride (vitamin B1) [((NH4)3C6H5O7)] grade /powder","Thiamine hydrochloride (vitamin B1) [((NH4)3C6H5O7)]cas no.3458728 /LR grade /powder 100 g /ขวด",3458-72-8,,LR,100,g,ขวด,
AS190791,"Sodium nitroprusside [(NaWO4.2H2O)] grade /powder","Sodium nitroprusside [(NaWO4.2H2O)]cas no.10213102 /AR grade /powder 100 g /ขวด",10213-10-2,,AR,100,g,ขวด,
AS190792,"Sodium potassium tartrate tetrahydrate = Potassium sodium (+) -tartrate [(Na2C4H4O6.2H2O)] grade /powder g","Sodium potassium tartrate tetrahydrate = Potassium sodium (+) -tartrate [(Na2C4H4O6.2H2O)]cas no.6106247 /HPLC grade /powder g /ขวด",6106-24-7,,HPLC,,,ขวด,YES
AS190793,"Sodium propionate [(C6H8O2)] grade /powder","Sodium propionate [(C6H8O2)]cas no.110441 /HPLC grade /powder 500 g /ขวด",110-44-1,,HPLC,500,g,ขวด,
AS190794,"Sodium pyrophosphate tetrabasic grade /powder","Sodium pyrophosphate tetrabasic /AR grade /powder 500 g /ขวด",,,AR,500,g,ขวด,
AS190795,"Sodium Pyruvate [((C6H10O5)n)] grade /powder","Sodium Pyruvate [((C6H10O5)n)]cas no.9005849 /HPLC grade /powder 100 g /ขวด",9005-84-9,,HPLC,100,g,ขวด,
AS190796,"Sodium sulfate anhydrous grade /powder","Sodium sulfate anhydrous /AR grade /powder 1 kg /ขวด",,,AR,1,kg,ขวด,
AS190797,"Sodium sulphate grade /powder","Sodium sulphate /AR grade /powder 500 g /ขวด",,,AR,500,g,ขวด,
AS190798,"Sodium sulphite anhydrous grade /powder","Sodium sulphite anhydrous /AR grade /powder 1000 g /ขวด",,,AR,1000,g,ขวด,
AS190799,"Sodium sulphite anhydrouse [((C21H39N7O12)2(H2SO4)3)] grade /powder","Sodium sulphite anhydrouse [((C21H39N7O12)2(H2SO4)3)]cas no.3810740 /AR grade /powder 500 g /ขวด",3810-74-0,,AR,500,g,ขวด,
AS190800,"Sodium thiosulphate [((CH2COOH)2)] grade /powder","Sodium thiosulphate [((CH2COOH)2)]cas no.110156 /AR grade /powder 500 g /ขวด",110-15-6,,AR,500,g,ขวด,
AS190801,"Sodium tungstate [(C12H22O11)] grade /powder","Sodium tungstate [(C12H22O11)]cas no.57501 /AR grade /powder 100 g /ขวด",57-50-1,,AR,100,g,ขวด,
AS190802,"Sodium(+)-tartrate [(C12H22O11)] grade /powder","Sodium(+)-tartrate [(C12H22O11)]cas no.57501 /AR grade /powder 500 g /ขวด",57-50-1,,AR,500,g,ขวด,
AS190803,"Sorbic acid [(C29H24N6)] grade /powder","Sorbic acid [(C29H24N6)]cas no.4197255 /AR grade /powder 250 g /ขวด",4197-25-5,,AR,250,g,ขวด,
AS190804,"Staphylococcus medium [(NH2SO3)] grade /powder","Staphylococcus medium [(NH2SO3)]cas no.5329146 /AR grade /powder 500 g /ขวด",5329-14-6,,AR,500,g,ขวด,
AS190805,"Starch Soluble [(H2SO4)] grade /powder","Starch Soluble [(H2SO4)]cas no.7664939 /AR grade /powder 500 g /ขวด",7664-93-9,,AR,500,g,ขวด,
AS190806,"Storage solution [(H2SO4)] grade /liquid","Storage solution [(H2SO4)]cas no.7664933 /AR grade /liquid 500 ml /ขวด",7664-93-3,,AR,500,mL,ขวด,
AS190807,"Strach casien agar [(H2SO4)] grade /powder","Strach casien agar [(H2SO4)] /AR grade /powder 500 g /ขวด",,,AR,500,g,ขวด,
AS190808,"Streptococcus selective agar [(C6H8N2O2S)] grade /powder","Streptococcus selective agar [(C6H8N2O2S)]cas no.63741 /AR grade /powder 500 g /ขวด",63-74-1,,AR,500,g,ขวด,
AS190809,"Streptomycin sulphate [(NH2C6H4SO3H)] grade /powder","Streptomycin sulphate [(NH2C6H4SO3H)] /AR grade /powder 25 g /ขวด",,,AR,25,g,ขวด,
AS190810,"Succinic acid /Reagent Plus? grade /powder","Succinic acid /Reagent Plus? grade /powder 500 g /ขวด",,,,500,g,ขวด,
AS190771,"Sodium carbonate anhydrous [(HOCH2SOONa)] /Unionsci grade /powder","Sodium carbonate anhydrous [(HOCH2SOONa)]cas no.149440 /Unionsci grade /powder 500 g /ขวด",149-44-0,,,500,g,ขวด,
AS190772,"Sodium Carboxymethyl cellulose [((NaPO3)n.Na2O)] /Srichand grade /powder","Sodium Carboxymethyl cellulose [((NaPO3)n.Na2O)]cas no.10124568 /Srichand grade /powder 1 kg /ขวด",10124-56-8,,,1,kg,ขวด,
AS190773,"Sodium chlorate [(NaHCO3)] /Unionsci grade /powder","Sodium chlorate [(NaHCO3)]cas no.144558 /Unionsci grade /powder 500 g /ขวด",144-55-8,,,500,g,ขวด,
AS190774,"Sodium chloride [(NaOH)] /Unionsci grade /powder","Sodium chloride [(NaOH)]cas no.1310732 /Unionsci grade /powder 1 kg /ขวด",1310-73-2,,,1,kg,ขวด,
AS190775,"Sodium Chloride [(NaOCl)] /Rcilahscan grade /powder","Sodium Chloride [(NaOCl)]cas no.7681529 /Rcilahscan grade /powder 500 g /ขวด",7681-52-9,,,500,g,ขวด,
AS190776,"Sodium citrate = tri-Sodium citrate dihydrate [(NaI)] /Unionsci grade /powder","Sodium citrate = tri-Sodium citrate dihydrate [(NaI)]cas no.7681825 /Unionsci grade /powder 500 g /ขวด",7681-82-5,,,500,g,ขวด,
AS190777,"Sodium Deoxycholate [(C3H5NaO3 )] /Unionsci grade /powder","Sodium Deoxycholate [(C3H5NaO3 )]cas no.867561 /Unionsci grade /powder 500 g /ขวด",867-56-1,,,500,g,ขวด,
AS190778,"Sodium dihydrogen orthrophosphate (sodium di hydrogen phosphate dihydrate) [(Na2MoO4)] /Srichand grade /powder","Sodium dihydrogen orthrophosphate (sodium di hydrogen phosphate dihydrate) [(Na2MoO4)]cas no.7631950 /Srichand grade /powder 500 g /ขวด",7631-95-0,,,500,g,ขวด,
AS190779,"Sodium dodecyl sulfate [(NaNO3)] /Unionsci grade /powder","Sodium dodecyl sulfate [(NaNO3)]cas no.7631994 /Unionsci grade /powder 500 g /ขวด",7631-99-4,,,500,g,ขวด,
AS190780,"Sodium dodecyl sulfate (SDS) [(NaNO2)] /Unionsci grade /powder","Sodium dodecyl sulfate (SDS) [(NaNO2)]cas no.7632000 /Unionsci grade /powder 500 g /ขวด",7632-00-0,,,500,g,ขวด,
AS190781,"Sodium formaldehyde sulfoxylate [(Na2[Fe(CN)5NO]2H2O)] /Unionsci grade /powder","Sodium formaldehyde sulfoxylate [(Na2[Fe(CN)5NO]2H2O)]cas no.13755389 /Unionsci grade /powder 250 g /ขวด",13755-38-9,,,250,g,ขวด,
AS190782,"Sodium hexametaphosphate [(C4H4O6KNa?4H2O)] /Sigma grade /powder","Sodium hexametaphosphate [(C4H4O6KNa?4H2O)]cas no.6381595 /Sigma grade /powder 500 g /ขวด",6381-59-5,,,500,g,ขวด,
AS190783,"Sodium hydrogen carbonate (Sodium bicarbonate ) [(C3H5O2Na)] grade /powder","Sodium hydrogen carbonate (Sodium bicarbonate ) [(C3H5O2Na)]cas no.137406 /AR grade /powder 500 g /ขวด",137-40-6,,AR,500,g,ขวด,
AS190784,"Sodium hydroxide [(Na4P2O7)] grade /Solid","Sodium hydroxide [(Na4P2O7)]cas no.7722885 /AR grade /Solid 1 kg /ขวด",7722-88-5,,AR,1,kg,ขวด,
AS190785,"Sodium hypochlorite solution [(C3H3NaO3)] grade /powder","Sodium hypochlorite solution [(C3H3NaO3)]cas no.113246 /AR grade /powder 500 ml /ขวด",113-24-6,,AR,500,mL,ขวด,
AS190786,"Sodium iodide [(Na2SO4)] grade /powder","Sodium iodide [(Na2SO4)]cas no.7757826 /AR grade /powder 500 g /ขวด",7757-82-6,,AR,500,g,ขวด,
AS190787,"Sodium L-lactate [(Na2SO4)] grade /powder","Sodium L-lactate [(Na2SO4)]cas no.7757826 /HPLC grade /powder 5 g /ขวด",7757-82-6,,HPLC,5,g,ขวด,
AS190788,"Sodium molybdate anhydrous [(Na2SO3)] grade /powder","Sodium molybdate anhydrous [(Na2SO3)]cas no.7757837 /AR grade /powder 500 g /ขวด",7757-83-7,,AR,500,g,ขวด,
AS190789,"Sodium nitrate [(Na2SO3)] grade /powder","Sodium nitrate [(Na2SO3)]cas no.7757867 /AR grade /powder 500 g /ขวด",7757-86-7,,AR,500,g,ขวด,
AS190790,"Sodium nitrite [(Na2S2O3)] grade /powder","Sodium nitrite [(Na2S2O3)]cas no.77772987 /AR grade /powder 500 g /ขวด",77772-98-7,,AR,500,g,ขวด,
AS190752,"Salmonella shigella agar = SS agar grade /powder","Salmonella shigella agar = SS agar /AR grade /powder 500 g /ขวด",,,AR,500,g,ขวด,
AS190753,"Selenium dioxide /Hong Huat grade /powder","Selenium dioxide /Hong Huat grade /powder 100 g /ขวด",,,,100,g,ขวด,
AS190754,"Sephacryl S-100HR [(CH3CH(OH)COONa )] /Unionsci grade /liquid","Sephacryl S-100HR [(CH3CH(OH)COONa )]cas no.72173 /Unionsci grade /liquid 150 ml /ขวด",72-17-3,,,150,mL,ขวด,
AS190755,"SFP Agar Base [(CH3COONa)] /Unionsci grade /powder","SFP Agar Base [(CH3COONa)]cas no.127093 /Unionsci grade /powder 500 g /ขวด",127-09-3,,,500,g,ขวด,
AS190756,"Sheep's blood [(CH3COONa.3H2O)] /Unionsci grade /liquid","Sheep's blood [(CH3COONa.3H2O)]cas no.6131904 /Unionsci grade /liquid 50 ml /ขวด",6131-90-4,,,50,mL,ขวด,
AS190757,"Silicone grease (High vacuum gresae) [(NaN3)] /Unionsci grade /powder","Silicone grease (High vacuum gresae) [(NaN3)]cas no.26628228 /Unionsci grade /powder 100 g /ขวด",26628-22-8,,,100,g,ขวด,
AS190758,"Silver nitrate [(NaHCO3)] /Unionsci grade /powder","Silver nitrate [(NaHCO3)]cas no.144558 /Unionsci grade /powder 100 g /ขวด",144-55-8,,,100,g,ขวด,
AS190759,"Silver nitrate [(HNaO3S)] /Unionsci grade /powder","Silver nitrate [(HNaO3S)]cas no.7631905 /Unionsci grade /powder 100 g /ขวด",7631-90-5,,,100,g,ขวด,
AS190760,"Silver sulphate [(NaBr)] /Unionsci grade /powder","Silver sulphate [(NaBr)]cas no.7647156 /Unionsci grade /powder 50 g /ขวด",7647-15-6,,,50,g,ขวด,
AS190761,"SIM medium [(Na2CO3)] /Unionsci grade /powder","SIM medium [(Na2CO3)]cas no.497198 /Unionsci grade /powder 500 g /ขวด",497-19-8,,,500,g,ขวด,
AS190762,"Simmon citrate agar /Unionsci grade /powder","Simmon citrate agar cas no.9004324 /Unionsci grade /powder 500 g /ขวด",9004-32-4,,,500,g,ขวด,
AS190763,"Skim milk [(ClNaO3)] /Hong Huat grade /powder","Skim milk [(ClNaO3)]cas no.7775099 /Hong Huat grade /powder 500 g /ขวด",7775-09-9,,,500,g,ขวด,
AS190764,"Sodium (5)-lactate-solution 50% [(NaCl)] /Unionsci grade /powder","Sodium (5)-lactate-solution 50% [(NaCl)]cas no.7647145 /Unionsci grade /powder 2.5 L /ขวด",7647-14-5,,,2.5,L,ขวด,
AS190765,"Sodium acetate anhydrous [(NaCl)] /Unionsci grade /powder","Sodium acetate anhydrous [(NaCl)]cas no.7647145 /Unionsci grade /powder 500 g /ขวด",7647-14-5,,,500,g,ขวด,
AS190766,"Sodium acetate trihydrate [(C6H5Na3O7.2H2O )] /Unionsci grade /powder","Sodium acetate trihydrate [(C6H5Na3O7.2H2O )]cas no.6132043 /Unionsci grade /powder 500 g /ขวด",6132-04-3,,,500,g,ขวด,
AS190767,"Sodium azide /Unionsci grade /powder","Sodium azide /Unionsci grade /powder 500 g /ขวด",,,,500,g,ขวด,
AS190768,"Sodium bicarbonate [(NaH2PO4.2H2O)] /Unionsci grade /powder","Sodium bicarbonate [(NaH2PO4.2H2O)]cas no.13472350 /Unionsci grade /powder 1 kg /ขวด",13472-35-0,,,1,kg,ขวด,
AS190769,"Sodium bisulfite [(C12H25NaO4S)] /Unionsci grade /powder","Sodium bisulfite [(C12H25NaO4S)]cas no.151213 /Unionsci grade /powder 500 g /ขวด",151-21-3,,,500,g,ขวด,
AS190770,"Sodium bromide [(C12H25NaO4S)] /Unionsci grade /powder","Sodium bromide [(C12H25NaO4S)]cas no.151213 /Unionsci grade /powder 500 g /ขวด",151-21-3,,,500,g,ขวด,
AS190733,"Restriction emzyme, Hindlll grade /liquid - ul","Restriction emzyme, Hindlll /AR grade /liquid - ul /หลอด",,,AR,,,หลอด,YES
AS190734,"Restriction enzyme Sfr274I grade /liquid 500 unit","Restriction enzyme Sfr274I /AR grade /liquid 500 unit /หลอด",,,AR,,,หลอด,YES
AS190735,"Restriction enzymeExbaI grade /liquid 1000 unit","Restriction enzymeExbaI /AR grade /liquid 1000 unit /หลอด",,,AR,,,หลอด,YES
AS190736,"Reverse Transciptase 2 Step (Viva 2 step RT-PCR kit with M-MuLV RT/Taq DNA polymerase grade /liquid - ul","Reverse Transciptase 2 Step (Viva 2 step RT-PCR kit with M-MuLV RT/Taq DNA polymerase /AR grade /liquid - ul /หลอด",,,AR,,,หลอด,YES
AS190737,"Rhamnose Broth grade /powder","Rhamnose Broth /AR grade /powder 100 g /ขวด",,,AR,100,g,ขวด,
AS190738,"Riboflavin (vitamin B2) [(C7H5NO3S)] grade /powder","Riboflavin (vitamin B2) [(C7H5NO3S)]cas no.81072 /AR grade /powder 25 g /ขวด",81-07-2,,AR,25,g,ขวด,
AS190739,"Ribose [(C20H19ClN4)] grade /powder","Ribose [(C20H19ClN4)] /AR grade /powder 5 g /ขวด",,,AR,5,g,ขวด,
AS190740,"Ribozol RNA extraction [(C20H19ClN4)] grade /liquid","Ribozol RNA extraction [(C20H19ClN4)]cas no.477736 /AR grade /liquid 100 ml /ขวด",477-73-6,,AR,100,mL,ขวด,
AS190741,"Rnase A [(HOC6H4COOH)] grade /powder","Rnase A [(HOC6H4COOH)]cas no.69727 /AR grade /powder 250 mg /ขวด",69-72-7,,AR,250,mg,ขวด,
AS190742,"Rose bengal grade /powder","Rose bengal /GR grade /powder 100 g /ขวด",,,GR,100,g,ขวด,
AS190743,"Rose Bengal Agar [(SeO2)] grade /powder","Rose Bengal Agar [(SeO2)]cas no.7782492 /LR grade /powder 500 g /ขวด",7782-49-2,,LR,500,g,ขวด,
AS190744,"RPMI 1640 แบบซอง grade /powder 1 L1 ซอง","RPMI 1640 แบบซอง cas no.65546954 /LR grade /powder 1 L1 ซอง /กล่อง",65546-95-4,,LR,,,กล่อง,YES
AS190745,"RPMI-1640 medium grade /liquid","RPMI-1640 medium /LR grade /liquid 10 ml /หลอด",,,LR,10,mL,หลอด,
AS190746,"RVS broth grade /powder","RVS broth /LR grade /powder 500 g /ขวด",,,LR,500,g,ขวด,
AS190747,"Sabouroud 4% dextrose agar grade /powder","Sabouroud 4% dextrose agar /AR grade /powder 500 g /ขวด",,,AR,500,g,ขวด,
AS190748,"Saccharin [(AgNO3)] grade /powder","Saccharin [(AgNO3)]cas no.7761888 /AR grade /powder 250 g /ขวด",7761-88-8,,AR,250,g,ขวด,
AS190749,"Safranin O [(AgNO3)] grade /powder","Safranin O [(AgNO3)]cas no.7761888 /AR grade /powder 25 g /ขวด",7761-88-8,,AR,25,g,ขวด,
AS190750,"Safranin T [(Ag2SO4)] grade /powder","Safranin T [(Ag2SO4)]cas no.10294265 /AR grade /powder 25 g /ขวด",10294-26-5,,AR,25,g,ขวด,
AS190751,"Salicylic acid grade /powder","Salicylic acid /LR grade /powder 500 g /ขวด",,,LR,500,g,ขวด,
AS190714,"Prestained SDS-PAGE Standards [(C3H3O3Na)] grade - กล่อง","Prestained SDS-PAGE Standards [(C3H3O3Na)]cas no.113246 /AR grade - กล่อง /ขวด",113-24-6,,AR,,,ขวด,YES
AS190715,"primer (ลำดับเบสสำหรับทำปฏิกิริยา) grade /liquid - ul","primer (ลำดับเบสสำหรับทำปฏิกิริยา) /LR grade /liquid - ul /หลอด",,,LR,,,หลอด,YES
AS190716,"protein marker [(C12H6NNaO4)] grade /liquid 500 unit","protein marker [(C12H6NNaO4)]cas no.62758138 /LR grade /liquid 500 unit /หลอด",62758-13-8,,LR,,,หลอด,YES
AS190717,"Proteinase K [(C6H6O2)] grade /powder","Proteinase K [(C6H6O2)]cas no.108463 /AR grade /powder 5 g /ขวด",108-46-3,,AR,5,g,ขวด,
AS190718,"Proteinase K grade /powder","Proteinase K /LR grade /powder 100 mg /ขวด",,,LR,100,mg,ขวด,
AS190719,"Proteose peptone grade /powder","Proteose peptone /AR grade /powder 500 g /ขวด",,,AR,500,g,ขวด,
AS190720,"Pseudomonas agar F (for fluorescein) grade /powder","Pseudomonas agar F (for fluorescein) /AR grade /powder 500 g /ขวด",,,AR,500,g,ขวด,
AS190721,"Pseudomonas agar P (for pyocyanin) grade /powder","Pseudomonas agar P (for pyocyanin) /AR grade /powder 500 g /ขวด",,,AR,500,g,ขวด,
AS190722,"Pyridoxine hydrochloride (Vitamin B6) grade /powder","Pyridoxine hydrochloride (Vitamin B6) /LR grade /powder 25 g /ขวด",,,LR,25,g,ขวด,
AS190723,"Pyrogallic acid (Pyrogallol) grade /powder","Pyrogallic acid (Pyrogallol) /LR grade /powder 100 g /ขวด",,,LR,100,g,ขวด,
AS190724,"Pyruvic acid sodium salt grade /powder","Pyruvic acid sodium salt /AR grade /powder 25 g /ขวด",,,AR,25,g,ขวด,
AS190725,"Redseft grade /liquid /ความเข้มข้น 20,000x","Redseft /LR grade /liquid /ความเข้มข้น 20,000x1 ml /หลอด",,,LR,1,mL,หลอด,
AS190726,"Resasurin grade /powder","Resasurin /AR grade /powder 5 g /ขวด",,,AR,5,g,ขวด,
AS190727,"Resorcinol grade /powder","Resorcinol /LR grade /powder 100 g /ขวด",,,LR,100,g,ขวด,
AS190728,"Restriction emzyme, BstHH I [(C17H20N4O6)] grade /liquid - ul","Restriction emzyme, BstHH I [(C17H20N4O6)]cas no.83885 /LR grade /liquid - ul /หลอด",83-88-5,,LR,,,หลอด,YES
AS190729,"Restriction emzyme, Hinf I [(C5H10O5)] grade /liquid - ul","Restriction emzyme, Hinf I [(C5H10O5)]cas no.50691 /AR grade /liquid - ul /หลอด",50-69-1,,AR,,,หลอด,YES
AS190730,"Restriction emzyme, BamHl grade /liquid 2500 unit","Restriction emzyme, BamHl /LR grade /liquid 2500 unit /หลอด",,,LR,,,หลอด,YES
AS190731,"Restriction emzyme, EcoRl grade /liquid 2500 unit","Restriction emzyme, EcoRl cas no.9001994 /AR grade /liquid 2500 unit /หลอด",9001-99-4,,AR,,,หลอด,YES
AS190732,"Restriction emzyme, Haelll grade /liquid - ul","Restriction emzyme, Haelll cas no.632699 /AR grade /liquid - ul /หลอด",632-69-9,,AR,,,หลอด,YES
AS190711,"Potassium thiocyanate grade /powder","Potassium thiocyanate /LR grade /powder 500 g /ขวด",,,LR,500,g,ขวด,
AS190712,"Potato dextrose Agar [(C9H11NO3.HCl)] grade /powder","Potato dextrose Agar [(C9H11NO3.HCl)]cas no.58560 /AR grade /powder 500 g /ขวด",58-56-0,,AR,500,g,ขวด,
AS190689,"Potassium dichromate [(KIO3)] grade /powder","Potassium dichromate [(KIO3)]cas no.7758056 /AR grade /powder 500 g /ขวด",7758-05-6,,AR,500,g,ขวด,
AS190690,"Potassium dihydrogen citrate [(KI)] grade /powder","Potassium dihydrogen citrate [(KI)]cas no.7681110 /LR grade /powder 250 g /ขวด",7681-11-0,,LR,250,g,ขวด,
AS190691,"Potassium dihydrogen orthophosphate (Potassium Dihydrogen phosphate) [(KI)] grade /powder","Potassium dihydrogen orthophosphate (Potassium Dihydrogen phosphate) [(KI)]cas no.7681110 /LR grade /powder 500 g /ขวด",7681-11-0,,LR,500,g,ขวด,
AS190692,"Potassium dihydrogen phosphate [(KNO3)] grade /Powder","Potassium dihydrogen phosphate [(KNO3)]cas no.7757791 /LR grade /Powder 1000 g /ขวด",7757-79-1,,LR,1000,g,ขวด,
AS190693,"Potassium ferric cyanide [(KNO3)] grade /powder","Potassium ferric cyanide [(KNO3)]cas no.7757791 /LR grade /powder 250 g /ขวด",7757-79-1,,LR,250,g,ขวด,
AS190694,"Potassium ferrocyanide [(K2C2O4?H2O)] grade /powder","Potassium ferrocyanide [(K2C2O4?H2O)]cas no.6487485 /LR grade /powder 500 g /ขวด",6487-48-5,,LR,500,g,ขวด,
AS190695,"Potassium hydrogen phtalate [(KMnO4 )] grade /powder","Potassium hydrogen phtalate [(KMnO4 )]cas no.7722647 /AR grade /powder 500 g /ขวด",7722-64-7,,AR,500,g,ขวด,
AS190696,"Potassium hydrogen sulphate [(K2S2O8 )] grade /powder","Potassium hydrogen sulphate [(K2S2O8 )]cas no.7727211 /LR grade /powder 500 g /ขวด",7727-21-1,,LR,500,g,ขวด,
AS190697,"Potassium hydroxide [(NaKC4H4O6.4H2O )] grade /solid","Potassium hydroxide [(NaKC4H4O6.4H2O )]cas no.6381595 /AR grade /solid 1 kg /ขวด",6381-59-5,,AR,1,kg,ขวด,
AS190698,"Potassium hydroxide pellet [(K2SO4)] grade /solid","Potassium hydroxide pellet [(K2SO4)]cas no.7778805 /AR grade /solid 500 g /ขวด",7778-80-5,,AR,500,g,ขวด,
AS190699,"Potassium iodate [(K2SO4)] grade /powder","Potassium iodate [(K2SO4)]cas no.7778805 /AR grade /powder 500 g /ขวด",7778-80-5,,AR,500,g,ขวด,
AS190700,"Potassium iodide [(K2TeO3)] grade /powder","Potassium iodide [(K2TeO3)]cas no.123333664 /LR grade /powder 500 g /ขวด",123333-66-4,,LR,500,g,ขวด,
AS190701,"Potassium iodide [(KSCN)] grade /powder","Potassium iodide [(KSCN)]cas no.333200 /LR grade /powder 1000 g /ขวด",333-20-0,,LR,1000,g,ขวด,
AS190702,"Potassium nitrate grade /powder","Potassium nitrate /AR grade /powder 1 kg /ขวด",,,AR,1,kg,ขวด,
AS190703,"Potassium nitrate grade /powder","Potassium nitrate /LR grade /powder 500 g /ขวด",,,LR,500,g,ขวด,
AS190704,"Potassium oxalate grade /powder","Potassium oxalate /AR grade /powder 500 g /ขวด",,,AR,500,g,ขวด,
AS190705,"Potassium permanganate (ด่างทับทิม) [((ลำดับเบสสำหรับทำปฏิกิริยา))] grade /powder","Potassium permanganate (ด่างทับทิม) [((ลำดับเบสสำหรับทำปฏิกิริยา))] /LR grade /powder 500 g /ขวด",,,LR,500,g,ขวด,
AS190706,"Potassium peroxodisulfate grade /powder","Potassium peroxodisulfate /LR grade /powder 500 g /ขวด",,,LR,500,g,ขวด,
AS190707,"Potassium sodium (+) -tartrate tetrahydrate grade /powder","Potassium sodium (+) -tartrate tetrahydrate cas no.39450016 /AR grade /powder 500 g /ขวด",39450-01-6,,AR,500,g,ขวด,
AS190708,"Potassium sulfate grade /powder","Potassium sulfate cas no.39450017 /AR grade /powder 1 kg /ขวด",39450-01-7,,AR,1,kg,ขวด,
AS190709,"Potassium sulphate grade /powder","Potassium sulphate /AR grade /powder 500 g /ขวด",,,AR,500,g,ขวด,
AS190710,"Potassium tellurite trihydrate grade /powder","Potassium tellurite trihydrate /AR grade /powder 100 g /ขวด",,,AR,100,g,ขวด,
AS190665,"Phenol:Chlorloform:Isoamylalcohol (25:24:1) grade /liquid","Phenol:Chlorloform:Isoamylalcohol (25:24:1) /AR grade /liquid 400 ml /ขวด",,,AR,400,mL,ขวด,
AS190666,"Phenolphthalein [(C6H5CH2SO2F)] /ยา grade /powder","Phenolphthalein [(C6H5CH2SO2F)]cas no.329986 /ยา grade /powder 100 g /ขวด",329-98-6,,,100,g,ขวด,
AS190667,"Phenyl Sepharose [(O2NC6H4OP(O)(ONa)2)] grade /liquid","Phenyl Sepharose [(O2NC6H4OP(O)(ONa)2)]cas no.4264839 /AR grade /liquid 200 ml /ขวด",4264-83-9,,AR,200,mL,ขวด,
AS190668,"Phosphate buffered saline grade /liquid","Phosphate buffered saline /AR grade /liquid 1000 ml /ขวด",,,AR,1000,mL,ขวด,
AS190669,"Phosphate buffered saline tablet pH7.4 [(HO(C2H4O)nH )] /ยา grade /tablet 50 เม็ด","Phosphate buffered saline tablet pH7.4 [(HO(C2H4O)nH )]cas no.25322683  /ยา grade /tablet 50 เม็ด /ขวด",25322-68-3,,,,,ขวด,YES
AS190670,"Phosphate Ver3 [(C55H96N16O13.2H2O)] /ยา grade /liquid - ซอง","Phosphate Ver3 [(C55H96N16O13.2H2O)]cas no.1405205 /ยา grade /liquid - ซอง /แพ็ค",1405-20-5,,,,,แพ็ค,YES
AS190671,"Phosphomolybdic acid (dodeca-Molybdophosphoric acid) [([-CH2CHOH-]n)] /ยา grade /powder","Phosphomolybdic acid (dodeca-Molybdophosphoric acid) [([-CH2CHOH-]n)]cas no.9002895 /ยา grade /powder 100 g /ขวด",9002-89-5,,,100,g,ขวด,
AS190672,"Phosphotungstic acid [(CH3COOK)] grade /powder","Phosphotungstic acid [(CH3COOK)]cas no.127082 /LR grade /powder 100 g /ขวด",127-08-2,,LR,100,g,ขวด,
AS190673,"Plasmid extraction kit 100 rex [(KBr)] grade /powder - ul","Plasmid extraction kit 100 rex [(KBr)]cas no.7758023 /LR grade /powder - ul /กล่อง",7758-02-3,,LR,,,กล่อง,YES
AS190674,"Plate count agar [(KCl)] grade /powder","Plate count agar [(KCl)]cas no.74747407 /LR grade /powder 500 g /ขวด",74747-40-7,,LR,500,g,ขวด,
AS190675,"Platinum Taq DNA polymerase, 500 U [(KCl)] /ยา grade /liquid 500 unit","Platinum Taq DNA polymerase, 500 U [(KCl)]cas no.7447407 /ยา grade /liquid 500 unit /หลอด",7447-40-7,,,,,หลอด,YES
AS190676,"PMSF [(K2CrO4)] /ยา grade /powder","PMSF [(K2CrO4)]cas no.7789006 /ยา grade /powder 5 g /ขวด",7789-00-6,,,5,g,ขวด,
AS190677,"p-Nitrophenyl Phosphate Liquid [(KH2C6H5O7)] grade /powder","p-Nitrophenyl Phosphate Liquid [(KH2C6H5O7)]cas no.866831 /AR grade /powder 100 ml /ขวด",866-83-1,,AR,100,mL,ขวด,
AS190678,"Ponceau S staining solution [(KCN)] grade /ความเข้มข้น 5x","Ponceau S staining solution [(KCN)]cas no.151508 /AR grade /ความเข้มข้น 5x50 ml /ขวด",151-50-8,,AR,50,mL,ขวด,
AS190679,"polyethylene glycol 6000 [(K2Cr2O7)] grade /powder","polyethylene glycol 6000 [(K2Cr2O7)]cas no.7778509 /HPLC grade /powder 500 g /ขวด",7778-50-9,,HPLC,500,g,ขวด,
AS190680,"Polymycin B sulfate [(C6H7KO7)] grade /powder","Polymycin B sulfate [(C6H7KO7)]cas no.866831 /AR grade /powder 1 g /ขวด",866-83-1,,AR,1,g,ขวด,
AS190681,"Polyvinyl alcohol [(KH2PO4)] grade /powder","Polyvinyl alcohol [(KH2PO4)]cas no.7778770 /AR grade /powder 250 g /ขวด",7778-77-0,,AR,250,g,ขวด,
AS190682,"Potassium acetate [(KH2PO4)] grade /powder","Potassium acetate [(KH2PO4)]cas no.7778770 /AR grade /powder 500 g /ขวด",7778-77-0,,AR,500,g,ขวด,
AS190683,"Potassium bromide [(K3Fe(CN)6 )] grade /powder","Potassium bromide [(K3Fe(CN)6 )]cas no.13746662 /AR grade /powder 500 g /ขวด",13746-66-2,,AR,500,g,ขวด,
AS190684,"Potassium chloride [(K4{Fe(CN6)}?3H2O)] grade /powder","Potassium chloride [(K4{Fe(CN6)}?3H2O)]cas no.14459951 /LR grade /powder 1000 g /ขวด",14459-95-1,,LR,1000,g,ขวด,
AS190685,"Potassium chloride [(C8H5KO4)] grade /powder","Potassium chloride [(C8H5KO4)]cas no.877247 /LR grade /powder 500 g /ขวด",877-24-7,,LR,500,g,ขวด,
AS190687,"Potassium citrate monobasic [(KOH)] grade /powder","Potassium citrate monobasic [(KOH)]cas no.1310583 /AR grade /powder 250 g /ขวด",1310-58-3,,AR,250,g,ขวด,
AS190688,"Potassium cyanide [(KOH)] grade /powder","Potassium cyanide [(KOH)]cas no.1310583 /AR grade /powder 250 g /ขวด",1310-58-3,,AR,250,g,ขวด,
AS190644,"Pectinase grade /powder","Pectinase cas no.6742490 /AR grade /powder 10 g /ขวด",6742-49-0,,AR,10,g,ขวด,
AS190645,"Penicilin G /COM grade /powder","Penicilin G cas no.64742490 /COM grade /powder 5 g /ขวด",64742-49-0,,,5,g,ขวด,
AS190646,"Penicillin-Streptomycin [(C6H6O)] /Cosmetic grade /liquid","Penicillin-Streptomycin [(C6H6O)]cas no.108952 /Cosmetic grade /liquid 100 ml /ขวด",108-95-2,,,100,mL,ขวด,
AS190647,"Pentan-1-0L = (n-Amyl alcohol) [(C6H6O)] /Cosmetic grade /liquid","Pentan-1-0L = (n-Amyl alcohol) [(C6H6O)]cas no.108952 /Cosmetic grade /liquid 2.5 ml /ขวด",108-95-2,,,2.5,mL,ขวด,
AS190648,"Pepsin A [(C6H6O)] grade /powder","Pepsin A [(C6H6O)]cas no.108952 /AR grade /powder 100 g /ขวด",108-95-2,,AR,100,g,ขวด,
AS190649,"Peptone [(C6H6O)] /Cosmetic grade /powder","Peptone [(C6H6O)]cas no.108952 /Cosmetic grade /powder 500 g /ขวด",108-95-2,,,500,g,ขวด,
AS190650,"Peptone from casein [(C6H6O)] /Cosmetic grade /powder","Peptone from casein [(C6H6O)]cas no.108952 /Cosmetic grade /powder 500 g /ขวด",108-95-2,,,500,g,ขวด,
AS190651,"Permount (Mounting medium) [(C6H5OH)] /Cosmetic grade /liquid","Permount (Mounting medium) [(C6H5OH)]cas no.108952 /Cosmetic grade /liquid 500 ml /ขวด",108-95-2,,,500,mL,ขวด,
AS190652,"permount [(C19H14O5S)] /Cosmetic grade /liquid","permount [(C19H14O5S)]cas no.143748 /Cosmetic grade /liquid 500 ml /ขวด",143-74-8,,,500,mL,ขวด,
AS190653,"peroxidase, Type I /Cosmetic grade /liquid - ul","peroxidase, Type I /Cosmetic grade /liquid - ul /หลอด",,,,,,หลอด,YES
AS190654,"Petroleum ether /Cosmetic grade /liquid","Petroleum ether /Cosmetic grade /liquid 2.5 L /ขวด",,,,2.5,L,ขวด,
AS190655,"Petroleum spirit /Cosmetic grade /liquid","Petroleum spirit /Cosmetic grade /liquid 2.5 L /ขวด",,,,2.5,L,ขวด,
AS190656,"Phenol [(C20H14O4 )] /Food grade /powder","Phenol [(C20H14O4 )]cas no.77098 /Food grade /powder 1 kg /ขวด",77-09-8,,,1,kg,ขวด,
AS190657,"Phenol /Cosmetic grade /powder","Phenol cas no.71822394 /Cosmetic grade /powder 450 g /ขวด",71822-39-4,,,450,g,ขวด,
AS190658,"Phenol (กระปุก) /Cosmetic grade /powder","Phenol (กระปุก) /Cosmetic grade /powder 500 g /ขวด",,,,500,g,ขวด,
AS190659,"Phenol (กระปุก) /Cosmetic grade /powder","Phenol (กระปุก) /Cosmetic grade /powder 1 kg /ขวด",,,,1,kg,ขวด,
AS190660,"Phenol crystallized /Cosmetic grade /powder","Phenol crystallized /Cosmetic grade /powder 500 g /ขวด",,,,500,g,ขวด,
AS190661,"Phenol liquid [(H3[P(Mo3O10)4])] /Cosmetic grade /liquid","Phenol liquid [(H3[P(Mo3O10)4])]cas no.51429744 /Cosmetic grade /liquid 150 ml /ขวด",51429-74-4,,,150,mL,ขวด,
AS190662,"Phenol red [(H3PO4.12WO3xH2O)] grade /powder","Phenol red [(H3PO4.12WO3xH2O)]cas no.12501234 /AR grade /powder 25 g /ขวด",12501-23-4,,AR,25,g,ขวด,
AS190663,"Phenol red broth base /ยา grade /powder","Phenol red broth base /ยา grade /powder 500 g /ขวด",,,,500,g,ขวด,
AS190664,"Phenol solution (Saturated) grade /liquid","Phenol solution (Saturated) /AR grade /liquid 400 ml /ขวด",,,AR,400,mL,ขวด,
AS190641,"Paraformaldehyde /Cosmetic grade /Powder","Paraformaldehyde /Cosmetic grade /Powder 500 g /ขวด",,,,500,g,ขวด,
AS190642,"paraplast /Cosmetic grade /powder","paraplast cas no.109223770 /Cosmetic grade /powder 2 kg /ขวด",109223-77-0,,,2,kg,ขวด,
AS190643,"PCR mastermix hotstart taq /Cosmetic grade /liquid","PCR mastermix hotstart taq cas no.9003990 /Cosmetic grade /liquid 1.25 ml /หลอด",9003-99-0,,,1.25,mL,หลอด,
AS190622,"Nitrate broth /Cosmetic grade /powder","Nitrate broth /Cosmetic grade /powder 500 g /ขวด",,,,500,g,ขวด,
AS190623,"Nitrate Ver 5 /Cosmetic grade /liquid 100 ซอง","Nitrate Ver 5 /Cosmetic grade /liquid 100 ซอง /แพ็ค",,,,,,แพ็ค,YES
AS190624,"Nitrate Ver 6 + Phosphate Ver. 6 /Cosmetic grade /liquid 100 ซอง","Nitrate Ver 6 + Phosphate Ver. 6 /Cosmetic grade /liquid 100 ซอง /แพ็ค",,,,,,แพ็ค,YES
AS190625,"Nitric acid /Cosmetic grade /liquid","Nitric acid /Cosmetic grade /liquid 2.5 L /ขวด",,,,2.5,L,ขวด,
AS190626,"Nitrite Ver 3 /Food grade /liquid 100 ซอง","Nitrite Ver 3 /Food grade /liquid 100 ซอง /แพ็ค",,,,,,แพ็ค,YES
AS190627,"Nitrobenzene [(C7H8O2H2O)] /Cosmetic grade /liquid","Nitrobenzene [(C7H8O2H2O)]cas no.6153395 /Cosmetic grade /liquid 1 L /ขวด",6153-39-5,,,1,L,ขวด,
AS190628,"Nitroblue tetrazolium = Nitrotetrazolium blue [(H3PO4)] /Cosmetic grade /powder","Nitroblue tetrazolium = Nitrotetrazolium blue [(H3PO4)]cas no.7664382 /Cosmetic grade /powder 50 mg /ขวด",7664-38-2,,,50,mg,ขวด,
AS190629,"NONIDET P-40 substitute [( C7H7NO2)] /COM grade /liquid","NONIDET P-40 substitute [( C7H7NO2)]cas no.150130 /COM grade /liquid 100 ml /ขวด",150-13-0,,,100,mL,ขวด,
AS190630,"Norepinephine /ฺ grade /Powder","Norepinephine cas no.8012951 /ฺBP grade /Powder 500 mg /ขวด",8012-95-1,,BP,500,mg,ขวด,
AS190631,"Normal Saline Solution [(CH2O)] grade /liquid","Normal Saline Solution [(CH2O)]cas no.30525894 /AR grade /liquid 1000 ml /ขวด",30525-89-4,,AR,1000,mL,ขวด,
AS190632,"Nutrient Agar /Cosmetic grade /powder","Nutrient Agar cas no.145686993 /Cosmetic grade /powder 500 g /ขวด",145686-99-3,,,500,g,ขวด,
AS190633,"Nutrient broth /Cosmetic grade /powder","Nutrient broth /Cosmetic grade /powder 500 g /ขวด",,,,500,g,ขวด,
AS190634,"Oatmeal Agar /Cosmetic grade /powder","Oatmeal Agar cas no.9032751 /Cosmetic grade /powder 500 g /ขวด",9032-75-1,,,500,g,ขวด,
AS190635,"OF Basal Medium [(C16H17N2NaO4S)] /Cosmetic grade /powder","OF Basal Medium [(C16H17N2NaO4S)]cas no.69578 /Cosmetic grade /powder 500 g /ขวด",69-57-8,,,500,g,ขวด,
AS190636,"One PCR plus cas no. 61336 /Cosmetic grade /liquid - ul","One PCR plus cas no. 61336 /Cosmetic grade /liquid - ul /หลอด",,,,,,หลอด,YES
AS190637,"Orcinol(3,5-Dihydroxytoluene monohydrate) /Cosmetic grade /powder","Orcinol(3,5-Dihydroxytoluene monohydrate) cas no.71410 /Cosmetic grade /powder 25 g /ขวด",71-41-0,,,25,g,ขวด,
AS190638,"ortho-phosphoric acid 85% /Cosmetic grade /liquid","ortho-phosphoric acid 85% cas no.9001756 /Cosmetic grade /liquid 1000 ml /ขวด",9001-75-6,,,1000,mL,ขวด,
AS190639,"p-Aminobenzoic acid (Vitamin B10) grade /powder","p-Aminobenzoic acid (Vitamin B10) /AR grade /powder 100 g /ขวด",,,AR,100,g,ขวด,
AS190602,"MTT dye , 3-(4,5-dimethylthiazol-2-yl)-2,5-diphenyltetrazolium bromide [(C5H9NO3S)] /Cosmetic grade /powder","MTT dye , 3-(4,5-dimethylthiazol-2-yl)-2,5-diphenyltetrazolium bromide [(C5H9NO3S)]cas no.616911 /Cosmetic grade /powder 1 g /ขวด",616-91-1,,,1,g,ขวด,
AS190603,"Mueller Hinton broth [(C10H8)] /Cosmetic grade /powder","Mueller Hinton broth [(C10H8)]cas no.91203 /Cosmetic grade /powder 500 g /ขวด",91-20-3,,,500,g,ขวด,
AS190604,"Mycosel Agar [(C12H14N2.2HCl)] /Cosmetic grade /powder","Mycosel Agar [(C12H14N2.2HCl)]cas no.1465254 /Cosmetic grade /powder 500 g /ขวด",1465-25-4,,,500,g,ขวด,
AS190605,"MYP agar (Manitol-EggYolk-Polymyxin) [(K2HgI4)] /Cosmetic grade /powder","MYP agar (Manitol-EggYolk-Polymyxin) [(K2HgI4)]cas no.7783337 /Cosmetic grade /powder 500 g /ขวด",7783-33-7,,,500,g,ขวด,
AS190606,"MYTAQ HS (DNA Polymerase) [( C15H17CIN4)] /Cosmetic grade /liquid /1,000 unit","MYTAQ HS (DNA Polymerase) [( C15H17CIN4)] /Cosmetic grade /liquid /1,000 unit200 ul /หลอด",,,,200,uL,หลอด,
AS190607,"N-(1-Naphthyl)ethylenediamine dihydrochloride [(CH3(CH2)4CH3)] /Cosmetic grade /powder","N-(1-Naphthyl)ethylenediamine dihydrochloride [(CH3(CH2)4CH3)]cas no.110543 /Cosmetic grade /powder 5 g /ขวด",110-54-3,,,5,g,ขวด,
AS190608,"N,N,N',N'-tetramethyl-ethylenediamine (TEMED) [(NiCl2.6H2O)] /Cosmetic grade /liquid","N,N,N',N'-tetramethyl-ethylenediamine (TEMED) [(NiCl2.6H2O)]cas no.7791200 /Cosmetic grade /liquid 100 ml /ขวด",7791-20-0,,,100,mL,ขวด,
AS190609,"N,N,N?,N?-Tetramethyl-p-phenylenediamine dihydrochloride [(NiSO4 ? 6H2O)] grade /powder","N,N,N?,N?-Tetramethyl-p-phenylenediamine dihydrochloride [(NiSO4 ? 6H2O)]cas no.10101970 /LR grade /powder 25 g /ขวด",10101-97-0,,LR,25,g,ขวด,
AS190610,"N,N'-Methylenebisacrylamide = Bisacrylamide [(C6H5NO2)] /Cosmetic grade /powder","N,N'-Methylenebisacrylamide = Bisacrylamide [(C6H5NO2)]cas no.59676 /Cosmetic grade /powder 100 g /ขวด",59-67-6,,,100,g,ขวด,
AS190611,"6-Benzylaminopurine /Cosmetic grade /powder","6-Benzylaminopurine /Cosmetic grade /powder 5 g /ขวด",,,,5,g,ขวด,
AS190612,"N-Acetyl-L-cysteine grade /powder","N-Acetyl-L-cysteine /BP grade /powder 10 g /ขวด",,,BP,10,g,ขวด,
AS190613,"Naphthalene /Cosmetic grade /powder","Naphthalene /Cosmetic grade /powder 250 g /ขวด",,,,250,g,ขวด,
AS190614,"NED (naphthylethylenediamine dihydrochloride) /Cosmetic grade /powder","NED (naphthylethylenediamine dihydrochloride) /Cosmetic grade /powder 10 g /ขวด",,,,10,g,ขวด,
AS190615,"Nessler’s reagent [(HNO3)] /Cosmetic grade /liquid","Nessler’s reagent [(HNO3)]cas no.7697372 /Cosmetic grade /liquid 500 ml /ขวด",7697-37-2,,,500,mL,ขวด,
AS190616,"Neutral red [(HNO3)] /Cosmetic grade /powder","Neutral red [(HNO3)]cas no.7697372 /Cosmetic grade /powder 25 g /ขวด",7697-37-2,,,25,g,ขวด,
AS190617,"N-hexane /Cosmetic grade /liquid","N-hexane /Cosmetic grade /liquid 2.5 L /ขวด",,,,2.5,L,ขวด,
AS190618,"Nickel (II) chloride [(C6H5NO2)] /Cosmetic grade /powder","Nickel (II) chloride [(C6H5NO2)]cas no.2027160 /Cosmetic grade /powder 500 g /ขวด",2027-16-0,,,500,g,ขวด,
AS190619,"Nickel (II) sulfate hexahydrate [(C40H30Cl2N10O6)] /Cosmetic grade /powder","Nickel (II) sulfate hexahydrate [(C40H30Cl2N10O6)]cas no.298839 /Cosmetic grade /powder 1 kg /ขวด",298-83-9,,,1,kg,ขวด,
AS190620,"Nicotinic acid (Vitamin B) /Cosmetic grade /powder","Nicotinic acid (Vitamin B) cas no.9016459 /Cosmetic grade /powder 100 g /ขวด",9016-45-9,,,100,g,ขวด,
AS190621,"Nigrosine [(C8H11NO3)] /Cosmetic grade /powder","Nigrosine [(C8H11NO3)]cas no.51412 /Cosmetic grade /powder 25 g /ขวด",51-41-2,,,25,g,ขวด,
AS190583,"m-Cresol purple (m-cresolsulphonphthalein) [(C14H14N3SO3Na)]cas no. 547580 /Cosmetic grade /powder","m-Cresol purple (m-cresolsulphonphthalein) [(C14H14N3SO3Na)]cas no. 547580 /Cosmetic grade /powder 5 g /ขวด",,,,5,g,ขวด,
AS190584,"Meat peptone = Peptic digest of animal tissue [(C15H15N3O2)] /Cosmetic grade /powder","Meat peptone = Peptic digest of animal tissue [(C15H15N3O2)]cas no.493527 /Cosmetic grade /powder 500 g /ขวด",493-52-7,,,500,g,ขวด,
AS190585,"Mercury (II) chloride [(C16H16CIN3S)] /Cosmetic grade /powder","Mercury (II) chloride [(C16H16CIN3S)]cas no.61734 /Cosmetic grade /powder 250 g /ขวด",61-73-4,,,250,g,ขวด,
AS190586,"Mercury (II) sulfate grade /powder","Mercury (II) sulfate /AR grade /powder 50 g /ขวด",,,AR,50,g,ขวด,
AS190587,"meso-Erythritol /Cosmetic grade /powder","meso-Erythritol /Cosmetic grade /powder 25 g /ขวด",,,,25,g,ขวด,
AS190589,"Methanol 99.9% grade /liquid","Methanol 99.9% /AR grade /liquid 13.9 L /แกลลอน",,,AR,13.9,L,แกลลอน,
AS190590,"Methyl cellulose /Cosmetic grade /powder","Methyl cellulose /Cosmetic grade /powder 500 g /ขวด",,,,500,g,ขวด,
AS190591,"Methyl green /Cosmetic grade /powder","Methyl green /Cosmetic grade /powder 50 g /ขวด",,,,50,g,ขวด,
AS190592,"Methyl orange [(C18H16BrN5S)] /COM grade /powder","Methyl orange [(C18H16BrN5S)]cas no.298931 /COM grade /powder 25 g /ขวด",298-93-1,,,25,g,ขวด,
AS190593,"Methyl orange sodium salt /COM grade /powder","Methyl orange sodium salt /COM grade /powder 25 g /ขวด",,,,25,g,ขวด,
AS190594,"Methyl red /Cosmetic grade /powder","Methyl red /Cosmetic grade /powder 25 g /ขวด",,,,25,g,ขวด,
AS190595,"Methylene blue /Cosmetic grade /powder","Methylene blue /Cosmetic grade /powder 25 g /ขวด",,,,25,g,ขวด,
AS190596,"MIL medium /Cosmetic grade /powder","MIL medium /Cosmetic grade /powder 500 g /ขวด",,,,500,g,ขวด,
AS190597,"MIO medium [(C12H14N2.2HCl)] /Cosmetic grade /powder","MIO medium [(C12H14N2.2HCl)]cas no.1465254 /Cosmetic grade /powder 500 g /ขวด",1465-25-4,,,500,g,ขวด,
AS190598,"Molybdenum trioxide [(C6H16N2)] /Cosmetic grade /powder","Molybdenum trioxide [(C6H16N2)]cas no.110189 /Cosmetic grade /powder 100 g /ขวด",110-18-9,,,100,g,ขวด,
AS190599,"MRS broth [(C6H4[N(CH3)2]2?2HCl)] /Cosmetic grade /powder","MRS broth [(C6H4[N(CH3)2]2?2HCl)]cas no.637014 /Cosmetic grade /powder 500 g /ขวด",637-01-4,,,500,g,ขวด,
AS190600,"MR-VP medium (Methyl red and voges-proskauer medium) [(C7H10N2O2)] /Cosmetic grade /powder","MR-VP medium (Methyl red and voges-proskauer medium) [(C7H10N2O2)]cas no.110269 /Cosmetic grade /powder 500 g /ขวด",110-26-9,,,500,g,ขวด,
AS190601,"MRVS broth ( Rappaport Vassiliadis Modified semi-powder Medium Base) [( C12H11N5)] /Cosmetic grade /powder","MRVS broth ( Rappaport Vassiliadis Modified semi-powder Medium Base) [( C12H11N5)]cas no.1214397 /Cosmetic grade /powder 500 g /ขวด",1214-39-7,,,500,g,ขวด,
AS190563,"Lysine decarboxylase broth [(C4H6O5)] /Cosmetic grade /powder","Lysine decarboxylase broth [(C4H6O5)]cas no.6915157 /Cosmetic grade /powder 500 g /ขวด",6915-15-7,,,500,g,ขวด,
AS190564,"Lysozyme [(CH2(COOH)2)] /Cosmetic grade /powder","Lysozyme [(CH2(COOH)2)]cas no.141822 /Cosmetic grade /powder 5 g /ขวด",141-82-2,,,5,g,ขวด,
AS190565,"MacConkey agar /Cosmetic grade /powder","MacConkey agar /Cosmetic grade /powder 500 g /ขวด",,,,500,g,ขวด,
AS190566,"Magnesium carbonate /Cosmetic grade /powder","Magnesium carbonate /Cosmetic grade /powder 1 kg /ขวด",,,,1,kg,ขวด,
AS190567,"Magnesium chloride [(C12H22O11.H2O)] /Cosmetic grade /powder","Magnesium chloride [(C12H22O11.H2O)]cas no.6363537 /Cosmetic grade /powder 500 g /ขวด",6363-53-7,,,500,g,ขวด,
AS190568,"Magnesium chloride hexahydrate [(MnCl2 ? 4H2O)] /Cosmetic grade /powder","Magnesium chloride hexahydrate [(MnCl2 ? 4H2O)]cas no.13446349 /Cosmetic grade /powder 1 kg /ขวด",13446-34-9,,,1,kg,ขวด,
AS190569,"Magnesium chloride hexahydrate [(MnSO4 ? H2O)] /Cosmetic grade /powder","Magnesium chloride hexahydrate [(MnSO4 ? H2O)]cas no.10034965 /Cosmetic grade /powder 500 g /ขวด",10034-96-5,,,500,g,ขวด,
AS190570,"Magnesium oxide /Cosmetic grade /powder","Magnesium oxide /Cosmetic grade /powder 500 g /ขวด",,,,500,g,ขวด,
AS190571,"Magnesium sulfate heptahydrate [(CH2OH(CHOH)4CH2OH)] /Cosmetic grade /powder","Magnesium sulfate heptahydrate [(CH2OH(CHOH)4CH2OH)]cas no.69658 /Cosmetic grade /powder 500 g /ขวด",69-65-8,,,500,g,ขวด,
AS190572,"Malachite green oxalate /Cosmetic grade /powder","Malachite green oxalate /Cosmetic grade /powder 50 g /ขวด",,,,50,g,ขวด,
AS190573,"Malic acid /Cosmetic grade /powder","Malic acid /Cosmetic grade /powder 500 g /ขวด",,,,500,g,ขวด,
AS190574,"Malonic acid /Cosmetic grade /powder","Malonic acid /Cosmetic grade /powder 100 g /ขวด",,,,100,g,ขวด,
AS190575,"Malt extract powder [(HgCl2)] /Cosmetic grade /powder","Malt extract powder [(HgCl2)]cas no.7487947 /Cosmetic grade /powder 500 g /ขวด",7487-94-7,,,500,g,ขวด,
AS190576,"Malt extract powder [(HgSO4)] /Cosmetic grade /powder","Malt extract powder [(HgSO4)]cas no.7783359 /Cosmetic grade /powder 100 g /ขวด",7783-35-9,,,100,g,ขวด,
AS190577,"Maltose monohydrate [(HOCH2[CH(OH)]2CH2OH)] /Cosmetic grade /powder","Maltose monohydrate [(HOCH2[CH(OH)]2CH2OH)]cas no.149326 /Cosmetic grade /powder 100 g /ขวด",149-32-6,,,100,g,ขวด,
AS190578,"Manganese (II) chloride [(CH3OH)] /COM grade /powder","Manganese (II) chloride [(CH3OH)]cas no.67561 /COM grade /powder 500 g /ขวด",67-56-1,,,500,g,ขวด,
AS190579,"Manganese (II) sulfate [(CH3OH)] /Cosmetic grade /powder","Manganese (II) sulfate [(CH3OH)]cas no.67561 /Cosmetic grade /powder 500 g /ขวด",67-56-1,,,500,g,ขวด,
AS190580,"Manital salt agar grade /powder","Manital salt agar cas no.9004675 /AR grade /powder 500 g /ขวด",9004-67-5,,AR,500,g,ขวด,
AS190581,"Mannitol /Cosmetic grade /powder","Mannitol /Cosmetic grade /powder 500 g /ขวด",,,,500,g,ขวด,
AS190582,"Protien marker ขนาด100 - 1.5 kb /Cosmetic grade /liquid","Protien marker ขนาด100 BP - 1.5 kb /Cosmetic grade /liquid 50 ug /หลอด",,,BP,50,ug,หลอด,
AS190544,"L-Glutamic acid /Cosmetic grade /powder","L-Glutamic acid /Cosmetic grade /powder 250 g /ขวด",,,,250,g,ขวด,
AS190545,"Light green SF yellowwish /Cosmetic grade /powder","Light green SF yellowwish /Cosmetic grade /powder 25 g /ขวด",,,,25,g,ขวด,
AS190546,"Linoleic acid [(H2N(CH2)4CH(NH2)CO2H?HCl)] /Cosmetic grade /liquid","Linoleic acid [(H2N(CH2)4CH(NH2)CO2H?HCl)]cas no.657272 /Cosmetic grade /liquid 1 ml /ขวด",657-27-2,,,1,mL,ขวด,
AS190547,"Linolenic acid [(C5H12O2.HCl)] /COM grade /liquid","Linolenic acid [(C5H12O2.HCl)]cas no.3184132 /COM grade /liquid 0.5 ml /ขวด",3184-13-2,,,0.5,mL,ขวด,
AS190548,"Liquid hand soap [(C9H11NO2)] /Cosmetic grade /liquid","Liquid hand soap [(C9H11NO2)]cas no.63912 /Cosmetic grade /liquid 2 L /แกลลอน",63-91-2,,,2,L,แกลลอน,
AS190549,"Liquid nitrogen [(C5H9NO2)] /Cosmetic grade /liquid","Liquid nitrogen [(C5H9NO2)]cas no.147853 /Cosmetic grade /liquid 30 L /ถัง",147-85-3,,,30,L,ถัง,
AS190550,"Listeria enrichment broth base [(C9H11NO3)] /COM grade /powder","Listeria enrichment broth base [(C9H11NO3)]cas no.60184 /COM grade /powder 500 g /ขวด",60-18-4,,,500,g,ขวด,
AS190551,"Lithium acetate dihydrate [(C9H11NO3)] /Cosmetic grade /powder","Lithium acetate dihydrate [(C9H11NO3)]cas no.60184 /Cosmetic grade /powder 250 g /ขวด",60-18-4,,,250,g,ขวด,
AS190552,"Lithium chloride grade /powder","Lithium chloride /AR grade /powder 500 g /ขวด",,,AR,500,g,ขวด,
AS190553,"Litmus /Cosmetic grade /powder","Litmus /Cosmetic grade /powder 25 g /ขวด",,,,25,g,ขวด,
AS190554,"Littman Oxgall Agar grade /powder","Littman Oxgall Agar cas no.12650883 /AR grade /powder 500 g /ขวด",12650-88-3,,AR,500,g,ขวด,
AS190555,"LJ medium (Lowenstein Jensen medium base) /Food grade /powder","LJ medium (Lowenstein Jensen medium base) /Food grade /powder 500 g /ขวด",,,,500,g,ขวด,
AS190556,"L-Lysine monohydrochloride [(MgCO3 ? x H2O)] /Cosmetic grade /powder","L-Lysine monohydrochloride [(MgCO3 ? x H2O)]cas no.23389335 /Cosmetic grade /powder 100 g /ขวด",23389-33-5,,,100,g,ขวด,
AS190557,"L-Ornithine monohydrochloride [(MgCl2)] /Cosmetic grade /powder","L-Ornithine monohydrochloride [(MgCl2)]cas no.7786303 /Cosmetic grade /powder 25 g /ขวด",7786-30-3,,,25,g,ขวด,
AS190558,"L-Phenylalanine 98.5 +% [(MgCI2?6H2O)] /Cosmetic grade /powder","L-Phenylalanine 98.5 +% [(MgCI2?6H2O)]cas no.7791186 /Cosmetic grade /powder 25 g /ขวด",7791-18-6,,,25,g,ขวด,
AS190559,"L-Proline [(MgCI2?6H2O)] /Cosmetic grade /powder","L-Proline [(MgCI2?6H2O)]cas no.7791186 /Cosmetic grade /powder 5 g /ขวด",7791-18-6,,,5,g,ขวด,
AS190560,"L-Tyrosine [(MgO)] /Cosmetic grade /powder","L-Tyrosine [(MgO)]cas no.13009484 /Cosmetic grade /powder 25 g /ขวด",13009-48-4,,,25,g,ขวด,
AS190561,"L-Tyrosine [(MgSO4?7H2O)] /Cosmetic grade /powder","L-Tyrosine [(MgSO4?7H2O)]cas no.10034998 /Cosmetic grade /powder 100 g /ขวด",10034-99-8,,,100,g,ขวด,
AS190562,"Luria-bertani (LB) /Cosmetic grade /powder","Luria-bertani (LB) /Cosmetic grade /powder 500 g /ขวด",,,,500,g,ขวด,
AS190523,"Lactophenol cotton blue solution [(C6H8O6)] /Cosmetic grade /liquid","Lactophenol cotton blue solution [(C6H8O6)]cas no.50817 /Cosmetic grade /liquid 100 ml /ขวด",50-81-7,,,100,mL,ขวด,
AS190524,"Lactose broth [(NH2COCH2CH(NH2)COOH.H2O)] /Cosmetic grade /powder","Lactose broth [(NH2COCH2CH(NH2)COOH.H2O)]cas no.5794138 /Cosmetic grade /powder 500 g /ขวด",5794-13-8,,,500,g,ขวด,
AS190525,"Lactose monohydrate /COM grade /powder","Lactose monohydrate /COM grade /powder 500 g /ขวด",,,,500,g,ขวด,
AS190526,"L-alanine /Cosmetic grade /powder","L-alanine /Cosmetic grade /powder 25 g /ขวด",,,,25,g,ขวด,
AS190527,"Laminarin from Laminaria digitata [(C3H7NO2S)] /Cosmetic grade /powder","Laminarin from Laminaria digitata [(C3H7NO2S)]cas no.52904 /Cosmetic grade /powder 1 g /ขวด",52-90-4,,,1,g,ขวด,
AS190528,"L-arabinose [(C3H7NO2S.HCl.H2O)] /Cosmetic grade /powder","L-arabinose [(C3H7NO2S.HCl.H2O)]cas no.7048046 /Cosmetic grade /powder 25 g /ขวด",7048-04-6,,,25,g,ขวด,
AS190529,"L-Arginine [(C4H9NO2S ? HCl)] /Cosmetic grade /powder","L-Arginine [(C4H9NO2S ? HCl)]cas no.18598635 /Cosmetic grade /powder 25 g /ขวด",18598-63-5,,,25,g,ขวด,
AS190530,"L-Arginine monohydrochloride grade /powder","L-Arginine monohydrochloride /AR grade /powder 25 g /ขวด",,,AR,25,g,ขวด,
AS190531,"L-Ascorbic acid [(Pb(CH3CO2)4)] /Cosmetic grade /powder","L-Ascorbic acid [(Pb(CH3CO2)4)]cas no.546678 /Cosmetic grade /powder 500 g /ขวด",546-67-8,,,500,g,ขวด,
AS190532,"L-Ascorbic acid /Cosmetic grade /powder","L-Ascorbic acid /Cosmetic grade /powder 500 g /ขวด",,,,500,g,ขวด,
AS190533,"L-Ascorbic acid /Cosmetic grade /powder","L-Ascorbic acid /Cosmetic grade /powder 250 g /ขวด",,,,250,g,ขวด,
AS190534,"L-Asparagine monohydrate [(C5H9NO4)] /COM grade /powder","L-Asparagine monohydrate [(C5H9NO4)]cas no.56860 /COM grade /powder 100 g /ขวด",56-86-0,,,100,g,ขวด,
AS190535,"Lauryl sulphate tryptose broth (LST) [(C37H34N2Na2O9S3)] /Cosmetic grade /powder","Lauryl sulphate tryptose broth (LST) [(C37H34N2Na2O9S3)]cas no.5141208 /Cosmetic grade /powder 500 g /ขวด",5141-20-8,,,500,g,ขวด,
AS190536,"LB Agar [(C18H32O2)] /Cosmetic grade /powder","LB Agar [(C18H32O2)]cas no.60333 /Cosmetic grade /powder 250 g /ขวด",60-33-3,,,250,g,ขวด,
AS190537,"L-Cysteine [( CH3(CH2CH=CH)3(CH2)7CO2H)] /Cosmetic grade /powder","L-Cysteine [( CH3(CH2CH=CH)3(CH2)7CO2H)]cas no.463401 /Cosmetic grade /powder 25 g /ขวด",463-40-1,,,25,g,ขวด,
AS190538,"L-cysteine hydrochloride monohydrate /Cosmetic grade /powder","L-cysteine hydrochloride monohydrate /Cosmetic grade /powder 25 g /ขวด",,,,25,g,ขวด,
AS190539,"L-Cysteine methyl ester hydrochloride /Cosmetic grade /powder","L-Cysteine methyl ester hydrochloride cas no.7727379 /Cosmetic grade /powder 25 g /ขวด",7727-37-9,,,25,g,ขวด,
AS190540,"Lead Acenetobacter Agar base /Cosmetic grade /powder","Lead Acenetobacter Agar base /Cosmetic grade /powder 500 g /ขวด",,,,500,g,ขวด,
AS190541,"Lead(IV) acetate [(C2H3LiO2.2H2O)] /Cosmetic grade /powder","Lead(IV) acetate [(C2H3LiO2.2H2O)]cas no.6108174 /Cosmetic grade /powder 25 g /ขวด",6108-17-4,,,25,g,ขวด,
AS190542,"Lecithin granules [(LiCl)] /Cosmetic grade /powder","Lecithin granules [(LiCl)]cas no.7447418 /Cosmetic grade /powder 250 g /ขวด",7447-41-8,,,250,g,ขวด,
AS190543,"Leupeptintrifluoroacetate salt /Cosmetic grade /powder","Leupeptintrifluoroacetate salt cas no.1393926 /Cosmetic grade /powder 1 mg /ขวด",1393-92-6,,,1,mg,ขวด,
AS190504,"IPTG (Isopropyl ?-D-1thiogalactopyranoside) [(C3H8O)] /Cosmetic grade /powder","IPTG (Isopropyl ?-D-1thiogalactopyranoside) [(C3H8O)]cas no.67630 /Cosmetic grade /powder 5 g /ขวด",67-63-0,,,5,g,ขวด,
AS190505,"Iron(II) chloride /COM grade /powder","Iron(II) chloride /COM grade /powder 250 g /ขวด",,,,250,g,ขวด,
AS190506,"Iron(II) sulfate heptahydrate (Ferrous sulfate) /COM grade /powder","Iron(II) sulfate heptahydrate (Ferrous sulfate) /COM grade /powder 500 g /ขวด",,,,500,g,ขวด,
AS190507,"Iron(III) sulfate = Ferric Sulphate [(C18H36N4O11.H2SO4)] /Cosmetic grade /powder","Iron(III) sulfate = Ferric Sulphate [(C18H36N4O11.H2SO4)]cas no.25389940 /Cosmetic grade /powder 500 g /ขวด",25389-94-0,,,500,g,ขวด,
AS190508,"Iron(III) chloride [(C18H36N4O11.H2SO4)] /Cosmetic grade /powder","Iron(III) chloride [(C18H36N4O11.H2SO4)]cas no.25389940 /Cosmetic grade /powder 500 g /ขวด",25389-94-0,,,500,g,ขวด,
AS190509,"Iron(III) Chloride Hexahydrate [(C9H11NO)] /Cosmetic grade /powder","Iron(III) Chloride Hexahydrate [(C9H11NO)]cas no.100107 /Cosmetic grade /powder 250 g /ขวด",100-10-7,,,250,g,ขวด,
AS190510,"Iron(III) Chloride Hexahydrate [(C6H12O5.H2O)] /Cosmetic grade /powder","Iron(III) Chloride Hexahydrate [(C6H12O5.H2O)]cas no.3615416 /Cosmetic grade /powder 500 g /ขวด",3615-41-6,,,500,g,ขวด,
AS190511,"Iron(III) citrate = Ferric citrate [(CH3CHOHCOOH)] /COM grade /powder","Iron(III) citrate = Ferric citrate [(CH3CHOHCOOH)]cas no.79334 /COM grade /powder 500 g /ขวด",79-33-4,,,500,g,ขวด,
AS190512,"Iron(III) nitrate = Ferric nitrate [(C9H15AlO9)] /Cosmetic grade /powder","Iron(III) nitrate = Ferric nitrate [(C9H15AlO9)]cas no.18917914 /Cosmetic grade /powder 500 g /ขวด",18917-91-4,,,500,g,ขวด,
AS190513,"Isoamyl alcohol /Cosmetic grade /liquid","Isoamyl alcohol /Cosmetic grade /liquid 2.5 L /ขวด",,,,2.5,L,ขวด,
AS190514,"Isopropanol (Isopropyl alcohol) /Cosmetic grade /liquid","Isopropanol (Isopropyl alcohol) /Cosmetic grade /liquid 2.5 L /ขวด",,,,2.5,L,ขวด,
AS190515,"Isovitalex [(C12H22O11.H2O)] /Cosmetic grade /liquid","Isovitalex [(C12H22O11.H2O)]cas no.10039266 /Cosmetic grade /liquid 10 ml /ขวด",10039-26-6,,,10,mL,ขวด,
AS190516,"ISP medium 2 [(C3H7NO2)] /COM grade /powder","ISP medium 2 [(C3H7NO2)]cas no.56417 /COM grade /powder 500 g /ขวด",56-41-7,,,500,g,ขวด,
AS190517,"Kanamycin /Cosmetic grade /powder","Kanamycin cas no.9008224 /Cosmetic grade /powder 5 g /ขวด",9008-22-4,,,5,g,ขวด,
AS190518,"Kanamycin disulfate [(C5H10O5 )] /Cosmetic grade /powder","Kanamycin disulfate [(C5H10O5 )]cas no.5328370 /Cosmetic grade /powder 5 g /ขวด",5328-37-0,,,5,g,ขวด,
AS190519,"Kovac’s reagent [(C6H14N4O2)] /Cosmetic grade /liquid","Kovac’s reagent [(C6H14N4O2)]cas no.74793 /Cosmetic grade /liquid 100 ml /ขวด",74-79-3,,,100,mL,ขวด,
AS190520,"L+(-)Rhamnose [(C6H14N4O2.HCl)] /Cosmetic grade /powder","L+(-)Rhamnose [(C6H14N4O2.HCl)]cas no.1119342 /Cosmetic grade /powder 100 g /ขวด",1119-34-2,,,100,g,ขวด,
AS190521,"Lactic acid [(C6H8O6)] /Cosmetic grade /liquid","Lactic acid [(C6H8O6)]cas no.50817 /Cosmetic grade /liquid 1000 ml /ขวด",50-81-7,,,1000,mL,ขวด,
AS190522,"lactic acid aluminum salt [(C6H8O6)] /COM grade /powder","lactic acid aluminum salt [(C6H8O6)]cas no.50817 /COM grade /powder 100 g /ขวด",50-81-7,,,100,g,ขวด,
AS190498,"hydrogen peroxide 12% [(FeCl3)] grade /liquid","hydrogen peroxide 12% [(FeCl3)]cas no.7705080 /LR grade /liquid 450 ml /ขวด",7705-08-0,,LR,450,mL,ขวด,
AS190499,"Hydrogen peroxide solution 30% [(FeCl3.6H2O)] /Cosmetic grade /liquid","Hydrogen peroxide solution 30% [(FeCl3.6H2O)]cas no.10025771 /Cosmetic grade /liquid 1000 ml /ขวด",10025-77-1,,,1000,mL,ขวด,
AS190500,"Immersion oil [(FeCl3.6H2O)] /Cosmetic grade /liquid","Immersion oil [(FeCl3.6H2O)]cas no.10025771 /Cosmetic grade /liquid 500 ml /ขวด",10025-77-1,,,500,mL,ขวด,
AS190501,"Inositol [(C6H5FeO7.3H2O)] /Cosmetic grade /powder","Inositol [(C6H5FeO7.3H2O)]cas no.17217764 /Cosmetic grade /powder 25 g /ขวด",17217-76-4,,,25,g,ขวด,
AS190502,"Iodine resublimed [(Fe(NO3)3 ? 9H2O)] /Cosmetic grade /powder","Iodine resublimed [(Fe(NO3)3 ? 9H2O)]cas no.7782618 /Cosmetic grade /powder 100 g /ขวด",7782-61-8,,,100,g,ขวด,
AS190503,"Iproof hf master mix [(C5H11OH)] /Cosmetic grade /liquid - ul","Iproof hf master mix [(C5H11OH)]cas no.123513 /Cosmetic grade /liquid - ul /กล่อง",123-51-3,,,,,กล่อง,YES
AS190485,"Glycine [(C5H9N3)] /Cosmetic grade /powder","Glycine [(C5H9N3)]cas no.51456 /Cosmetic grade /powder 1 kg /ขวด",51-45-6,,,1,kg,ขวด,
AS190486,"goat anti human complement C3 grade /liquid - ul","goat anti human complement C3 /LR grade /liquid - ul /หลอด",,,LR,,,หลอด,YES
AS190487,"goat anti human IgG [(HCl)] /Cosmetic grade /liquid - ul","goat anti human IgG [(HCl)]cas no.7647010 /Cosmetic grade /liquid - ul /หลอด",7647-01-0,,,,,หลอด,YES
AS190488,"Guanidiniumthiocyanate /Cosmetic grade /powder","Guanidiniumthiocyanate /Cosmetic grade /powder 25 g /ขวด",,,,25,g,ขวด,
AS190489,"Hektoen enteric agar (HE agar) [(H2O2)] grade /powder","Hektoen enteric agar (HE agar) [(H2O2)]cas no.7722841 /LR grade /powder 500 g /ขวด",7722-84-1,,LR,500,g,ขวด,
AS190490,"hematoxylin stain [(C14H12O2)] /Food grade /liquid","hematoxylin stain [(C14H12O2)] /Food grade /liquid 1000 ml /ขวด",,,,1000,mL,ขวด,
AS190491,"Heparin ammonium [(C6H12O6)] grade /powder - g","Heparin ammonium [(C6H12O6)]cas no.87898 /LR grade /powder - g /หลอด",87-89-8,,LR,,,หลอด,YES
AS190492,"HEPES , 4-(2-hydroxyethyl)-1-piperazineethanesulfonic acid [(I2)] /Cosmetic grade /powder","HEPES , 4-(2-hydroxyethyl)-1-piperazineethanesulfonic acid [(I2)]cas no.7553562 /Cosmetic grade /powder 50 g /ขวด",7553-56-2,,,50,g,ขวด,
AS190493,"Hexadecyltrimethylammonium bromide (C-TAB) = Cetyltrimethylammonium bromide grade /powder","Hexadecyltrimethylammonium bromide (C-TAB) = Cetyltrimethylammonium bromide /LR grade /powder 100 g /ขวด",,,LR,100,g,ขวด,
AS190494,"Hexane [(C9H18O5S )] grade /liquid","Hexane [(C9H18O5S )]cas no.367931 /LR grade /liquid 2.5 L /ขวด",367-93-1,,LR,2.5,L,ขวด,
AS190495,"Histamine [(FeCl2.4H2O)] /Cosmetic grade /powder","Histamine [(FeCl2.4H2O)]cas no.13478109 /Cosmetic grade /powder 5 g /ขวด",13478-10-9,,,5,g,ขวด,
AS190496,"Histopaque [(FeSO4 ? 7H2O)] /Cosmetic grade /liquid","Histopaque [(FeSO4 ? 7H2O)]cas no.7782630 /Cosmetic grade /liquid 100 ml /ขวด",7782-63-0,,,100,mL,ขวด,
AS190465,"Fuchsin grade /powder","Fuchsin /BP grade /powder 100 g /ขวด",,,BP,100,g,ขวด,
AS190466,"Fuchsin Acid /Cosmetic grade /powder","Fuchsin Acid /Cosmetic grade /powder 25 g /ขวด",,,,25,g,ขวด,
AS190467,"Fuchsin Basic [(C6H11KO7)] grade /powder","Fuchsin Basic [(C6H11KO7)]cas no.299274 /AR grade /powder 25 g /ขวด",299-27-4,,AR,25,g,ขวด,
AS190468,"Gallic acid grade /powder","Gallic acid cas no.9001370 /AR grade /powder 100 g /ขวด",9001-37-0,,AR,100,g,ขวด,
AS190469,"GC agar base grade /powder","GC agar base /AR grade /powder 500 g /ขวด",,,AR,500,g,ขวด,
AS190470,"Gel Loading Dye, Blue (6X) [(C3H5(OH)3)] grade /liquid","Gel Loading Dye, Blue (6X) [(C3H5(OH)3)]cas no.56815 /AR grade /liquid 1 ml /หลอด",56-81-5,,AR,1,mL,หลอด,
AS190471,"Gelatin [(C3H8O3)] grade /powder","Gelatin [(C3H8O3)]cas no.56815 /AR grade /powder 100 g /ขวด",56-81-5,,AR,100,g,ขวด,
AS190472,"Gelatin [(C3H8O3)] grade /powder","Gelatin [(C3H8O3)]cas no.56815 /AR grade /powder 500 g /ขวด",56-81-5,,AR,500,g,ขวด,
AS190473,"Gelatin [(C3H8O3)] /Cosmetic grade /powder","Gelatin [(C3H8O3)]cas no.56815 /Cosmetic grade /powder 500 g /ขวด",56-81-5,,,500,g,ขวด,
AS190474,"Giemsa stain powder [(NH2CH2COOH)] grade /powder","Giemsa stain powder [(NH2CH2COOH)]cas no.56406 /LR grade /powder 25 g /ขวด",56-40-6,,LR,25,g,ขวด,
AS190475,"glass balls [(NH2CH2COOH)] /Cosmetic grade /powder","glass balls [(NH2CH2COOH)]cas no.56406 /Cosmetic grade /powder 500 g /ขวด",56-40-6,,,500,g,ขวด,
AS190476,"Glass wool for laboratory use grade /powder","Glass wool for laboratory use /LR grade /powder 500 g /ขวด",,,LR,500,g,ขวด,
AS190477,"Gluconic acid ,potassium salt = Potassium glucanate grade /powder","Gluconic acid ,potassium salt = Potassium glucanate /LR grade /powder 1 kg /ขวด",,,LR,1,kg,ขวด,
AS190478,"Glucose Oxidase [(CH5N3.CHNS)] grade /liquid - ul","Glucose Oxidase [(CH5N3.CHNS)]cas no.593840 /AR grade /liquid - ul /ขวด",593-84-0,,AR,,,ขวด,YES
AS190479,"Glucose Standard Solution grade /liquid","Glucose Standard Solution /AR grade /liquid 100 ml /ขวด",,,AR,100,mL,ขวด,
AS190480,"Glycerol [(C16H14O6)] grade /liquid","Glycerol [(C16H14O6)]cas no.517282 /LR grade /liquid 1 L /ขวด",517-28-2,,LR,1,L,ขวด,
AS190481,"Glycerol grade /liquid","Glycerol cas no.60800637 /AR grade /liquid 2.5 L /ขวด",60800-63-7,,AR,2.5,L,ขวด,
AS190482,"Glycerol 99.5% [(C8H18N2O4S)] grade /liquid","Glycerol 99.5% [(C8H18N2O4S)]cas no.7365459 /LR grade /liquid 1 L /ขวด",7365-45-9,,LR,1,L,ขวด,
AS190483,"Glycerol 99.5% [(C19H42BrN)] grade /liquid","Glycerol 99.5% [(C19H42BrN)]cas no.57090 /LR grade /liquid 2.5 L /ขวด",57-09-0,,LR,2.5,L,ขวด,
AS190484,"Glycine [(C6H14)] /ยา grade /powder","Glycine [(C6H14)]cas no.110543 /ยา grade /powder 500 g /ขวด",110-54-3,,,500,g,ขวด,
AS190444,"Ether grade /liquid","Ether /AR grade /liquid 2.5 L /ขวด",,,AR,2.5,L,ขวด,
AS190445,"Ethidium Bromide solution [(C37H34N2Na2O10S3)] grade /liquid","Ethidium Bromide solution [(C37H34N2Na2O10S3)]cas no.2353459 /BP grade /liquid 10 ml /ขวด",2353-45-9,,BP,10,mL,ขวด,
AS190446,"Ethyl acetate /Cosmetic grade /liquid","Ethyl acetate /Cosmetic grade /liquid 2.5 L /ขวด",,,,2.5,L,ขวด,
AS190447,"Ethylenediamine 99% grade /liquid","Ethylenediamine 99% /AR grade /liquid 1000 ml /ขวด",,,AR,1000,mL,ขวด,
AS190448,"Ethylenediaminetetra-Acetic Acid Disodium salt grade /Powder","Ethylenediaminetetra-Acetic Acid Disodium salt /AR grade /Powder 500 g /ขวด",,,AR,500,g,ขวด,
AS190449,"Ethylenediaminetetraacetic acid disodium salt dihydrate (EDTA di - sodium salt) grade /powder","Ethylenediaminetetraacetic acid disodium salt dihydrate (EDTA di - sodium salt) cas no.26873858 /LR grade /powder 500 g /ขวด",26873-85-8,,LR,500,g,ขวด,
AS190450,"Ethylenediaminetetraacetic acid ferric sodium salt (Iron EDTA) grade /powder","Ethylenediaminetetraacetic acid ferric sodium salt (Iron EDTA) /AR grade /powder 100 g /ขวด",,,AR,100,g,ขวด,
AS190451,"Ethylenediaminetetraacetic acid iron (Iron EDTA) [(C19H19N7O6)] grade /powder","Ethylenediaminetetraacetic acid iron (Iron EDTA) [(C19H19N7O6)]cas no.59303 /AR grade /powder 500 g /ขวด",59-30-3,,AR,500,g,ขวด,
AS190452,"EGTA grade /powder","EGTA /AR grade /powder 5 g /ขวด",,,AR,5,g,ขวด,
AS190453,"Extract of meat grade /powder","Extract of meat cas no.7732185 /AR grade /powder 500 g /ขวด",7732-18-5,,AR,500,g,ขวด,
AS190454,"Fast green [(CH2O)] /Cosmetic grade /powder","Fast green [(CH2O)]cas no.50000 /Cosmetic grade /powder 25 g /ขวด",50-00-0,,,25,g,ขวด,
AS190455,"Fast green FCF grade /powder","Fast green FCF /LR grade /powder 25 g /ขวด",,,LR,25,g,ขวด,
AS190456,"Fecal calf serum grade /powder","Fecal calf serum /AR grade /powder 500 ml /ขวด",,,AR,500,mL,ขวด,
AS190457,"Fetal Bovine Serum grade /liquid","Fetal Bovine Serum /AR grade /liquid 100 ml /ขวด",,,AR,100,mL,ขวด,
AS190458,"Fetal Bovine Serum [(C7H6O5.H2O)] grade /liquid","Fetal Bovine Serum [(C7H6O5.H2O)]cas no.599868 /AR grade /liquid 500 ml /ขวด",599-86-8,,AR,500,mL,ขวด,
AS190459,"Ficoll 400 ( alpha-D-Glucopyranoside , Polysucrose) /Cosmetic grade /powder","Ficoll 400 ( alpha-D-Glucopyranoside , Polysucrose) /Cosmetic grade /powder 25 g /ขวด",,,,25,g,ขวด,
AS190460,"Fixer /Cosmetic grade /liquid","Fixer /Cosmetic grade /liquid 5 L /ขวด",,,,5,L,ขวด,
AS190461,"Folic acid /Food grade /powder","Folic acid cas no.9000708 /Food grade /powder 25 g /ขวด",9000-70-8,,,25,g,ขวด,
AS190462,"Folin & Ciocalteu’s phenol reagent grade /liquid","Folin & Ciocalteu’s phenol reagent cas no.9000709 /LR grade /liquid 100 ml /ขวด",9000-70-9,,LR,100,mL,ขวด,
AS190463,"Folin -Ciocalteu reagent /Cosmetic grade /liquid","Folin -Ciocalteu reagent cas no.9000708 /Cosmetic grade /liquid 500 ml /ขวด",9000-70-8,,,500,mL,ขวด,
AS190464,"Formaldehyde /Cosmetic grade /liquid","Formaldehyde cas no.51811826 /Cosmetic grade /liquid 2.5 L /ขวด",51811-82-6,,,2.5,L,ขวด,
AS190425,"D-Pantothenic acid calcium salt (Vitamin B5) [(C20H8Br4O5)] grade /powder","D-Pantothenic acid calcium salt (Vitamin B5) [(C20H8Br4O5)]cas no.15086949 /LR grade /powder 25 g /ขวด",15086-94-9,,LR,25,g,ขวด,
AS190426,"D-Sorbitol ,powder grade /powder","D-Sorbitol ,powder /LR grade /powder 500 g /ขวด",,,LR,500,g,ขวด,
AS190427,"Dithiothreito (DTT) [(C9H13NO3)] /Cosmetic grade /powder","Dithiothreito (DTT) [(C9H13NO3)]cas no.51434 /Cosmetic grade /powder 5 g /ขวด",51-43-4,,,5,g,ขวด,
AS190428,"Dulcitol [(C20H6I4Na2O5)] grade /powder","Dulcitol [(C20H6I4Na2O5)]cas no.16423680 /AR grade /powder 500 g /ขวด",16423-68-0,,AR,500,g,ขวด,
AS190429,"E.C. broth [(CH3CH2OH)] /ยา grade /powder","E.C. broth [(CH3CH2OH)]cas no.64175 /ยา grade /powder 500 g /ขวด",64-17-5,,,500,g,ขวด,
AS190430,"E2 lode 20 Molecular Ruler [(C2H5OH)] /Cosmetic grade /liquid - ul","E2 lode 20 bp Molecular Ruler [(C2H5OH)]cas no.64175 /Cosmetic grade /liquid - ul /หลอด",64-17-5,,BP,,,หลอด,YES
AS190431,"ECL Prime Western Blotting Reagent for 1000 cm3 [(C2H6O)] grade /liquid","ECL Prime Western Blotting Reagent for 1000 cm3 [(C2H6O)]cas no.64175 /AR grade /liquid 1 L /ขวด",64-17-5,,AR,1,L,ขวด,
AS190432,"Electrophoresis loading dye 5X [(C2H5OH)] /Cosmetic grade /liquid - ul","Electrophoresis loading dye 5X [(C2H5OH)]cas no.64175 /Cosmetic grade /liquid - ul /ขวด",64-17-5,,,,,ขวด,YES
AS190433,"EMB agar (Eosin Methylene blue agar) [(CH3CH2OH)] /Cosmetic grade /powder","EMB agar (Eosin Methylene blue agar) [(CH3CH2OH)]cas no.64175 /Cosmetic grade /powder 500 g /ขวด",64-17-5,,,500,g,ขวด,
AS190434,"Enzyme Eco R V [(CH3OCH3)] grade /liquid 2500 unit","Enzyme Eco R V [(CH3OCH3)]cas no.8032324 /LR grade /liquid 2500 unit /หลอด",8032-32-4,,LR,,,หลอด,YES
AS190435,"Eosin Y [(C21H20BrN3)] /Cosmetic grade /powder","Eosin Y [(C21H20BrN3)]cas no.1239458 /Cosmetic grade /powder 25 g /ขวด",1239-45-8,,,25,g,ขวด,
AS190436,"Eosin yellowish (for microscopical staining) [(CH3COOC2H5)] grade /powder","Eosin yellowish (for microscopical staining) [(CH3COOC2H5)]cas no.141786 /LR grade /powder 25 g /ขวด",141-78-6,,LR,25,g,ขวด,
AS190437,"Epinephine [(C2H8N2)] grade /Powder","Epinephine [(C2H8N2)]cas no.107153 /AR grade /Powder 5 g /ขวด",107-15-3,,AR,5,g,ขวด,
AS190438,"Erythrosin extra bluish (Erythrosin B ) [(C10H14N2Na2O82H2O)] grade /powder","Erythrosin extra bluish (Erythrosin B ) [(C10H14N2Na2O82H2O)]cas no.60004 /LR grade /powder 50 g /ขวด",60-00-4,,LR,50,g,ขวด,
AS190439,"Ethanol 95% (Ethyl alcohol) [(C10H14N2Na2O8 ? 2H2O)] grade /liquid","Ethanol 95% (Ethyl alcohol) [(C10H14N2Na2O8 ? 2H2O)]cas no.6381926 /AR grade /liquid 18 L /แกลลอน",6381-92-6,,AR,18,L,แกลลอน,
AS190440,"Ethanol 99.9% (Ethyl alcohol) [(C10H12N2NaFeO8.H2O )] grade /liquid","Ethanol 99.9% (Ethyl alcohol) [(C10H12N2NaFeO8.H2O )]cas no.15708415 /AR grade /liquid 2.5 L /ขวด",15708-41-5,,AR,2.5,L,ขวด,
AS190441,"Ethanol abelate 100% [(C10H12N2NaFeO8.H2O )] grade /liquid","Ethanol abelate 100% [(C10H12N2NaFeO8.H2O )]cas no.15708415 /AR grade /liquid 2.5 L /ขวด",15708-41-5,,AR,2.5,L,ขวด,
AS190442,"Ethanol absolute (Ethyl alcohol absolute) grade /liquid","Ethanol absolute (Ethyl alcohol absolute) /AR grade /liquid 2.5 L /ขวด",,,AR,2.5,L,ขวด,
AS190443,"Ethyl Alcohol 70 % grade /liquid","Ethyl Alcohol 70 % /AR grade /liquid 450 ml /ขวด",,,AR,450,mL,ขวด,
AS190406,"Di-ammonium hydrogen citrate = Ammonium citrate dibasic [((C6H5)2NH)] grade /powder","Di-ammonium hydrogen citrate = Ammonium citrate dibasic [((C6H5)2NH)]cas no.122394 /AR grade /powder 500 g /ขวด",122-39-4,,AR,500,g,ขวด,
AS190407,"Di-ammonium hydrogen phosphate = Ammonium phosphate dibasic [(K2HPO4)] grade /powder","Di-ammonium hydrogen phosphate = Ammonium phosphate dibasic [(K2HPO4)]cas no.7758114 /AR grade /powder 500 g /ขวด",7758-11-4,,AR,500,g,ขวด,
AS190408,"Dichloromethane [(Na2HPO4)] grade /liquid","Dichloromethane [(Na2HPO4)]cas no.7558794 /LR grade /liquid 2.5 L /ขวด",7558-79-4,,LR,2.5,L,ขวด,
AS190409,"Diethly ether [(Na2HPO4.2H2O)] grade /liquid","Diethly ether [(Na2HPO4.2H2O)]cas no.10028247 /AR grade /liquid 2.5 L /ขวด",10028-24-7,,AR,2.5,L,ขวด,
AS190410,"Diethyl ether [(Na2HPO4.7H20)] grade /liquid","Diethyl ether [(Na2HPO4.7H20)]cas no.7558796 /AR grade /liquid 1 L /ขวด",7558-79-6,,AR,1,L,ขวด,
AS190411,"Diethylpyrocarbonate (DEPC) [(Na2HPO4.7H21)] grade /liquid","Diethylpyrocarbonate (DEPC) [(Na2HPO4.7H21)]cas no.7558797 /AR grade /liquid 25 g /ขวด",7558-79-7,,AR,25,g,ขวด,
AS190412,"Dimethyl sulfoxide (DMSO) grade /liquid","Dimethyl sulfoxide (DMSO) /AR grade /liquid 500 ml /ขวด",,,AR,500,mL,ขวด,
AS190413,"Dimethyl sulfoxide (DMSO) [(Na2B4O7.10H2O)] grade /liquid","Dimethyl sulfoxide (DMSO) [(Na2B4O7.10H2O)]cas no.1330434 /LR grade /liquid 1 L /ขวด",1330-43-4,,LR,1,L,ขวด,
AS190414,"Dimethyl sulfoxide (DMSO) grade /powder","Dimethyl sulfoxide (DMSO) /AR grade /powder 2.5 L /ขวด",,,AR,2.5,L,ขวด,
AS190415,"Dimethyldioctadecylamminium [( C9H16NO5?1/2Ca)] grade /powder","Dimethyldioctadecylamminium [( C9H16NO5?1/2Ca)]cas no.137086 /AR grade /powder 10 g /ขวด",137-08-6,,AR,10,g,ขวด,
AS190416,"Diphenylamine [(CH2OH(CHOH)4CH2OH)] grade /powder","Diphenylamine [(CH2OH(CHOH)4CH2OH)] /AR grade /powder 100 g /ขวด",,,AR,100,g,ขวด,
AS190417,"di-Potassium hydrogen orthophosphate = di-Potassium hydrogen anhydrous /Cosmetic grade /powder","di-Potassium hydrogen orthophosphate = di-Potassium hydrogen anhydrous /Cosmetic grade /powder 500 g /ขวด",,,,500,g,ขวด,
AS190418,"Disodium hydrogen orthophosphate anhydrous (Disodium hydrogen phosphate anhydrous) [(C6H14O6)] grade /Powder","Disodium hydrogen orthophosphate anhydrous (Disodium hydrogen phosphate anhydrous) [(C6H14O6)]cas no.608662 /AR grade /Powder 500 g /ขวด",608-66-2,,AR,500,g,ขวด,
AS190419,"Di-Sodium Hydrogen Phosphate dihydrate grade /powder","Di-Sodium Hydrogen Phosphate dihydrate /LR grade /powder 500 g /ขวด",,,LR,500,g,ขวด,
AS190420,"DI-Sodium Monohydrogen Phosphate Heptahydrate /ยา grade /powder","DI-Sodium Monohydrogen Phosphate Heptahydrate /ยา grade /powder 500 g /ขวด",,,,500,g,ขวด,
AS190421,"DI-Sodium Monohydrogen Phosphate Heptahydrate grade /powder","DI-Sodium Monohydrogen Phosphate Heptahydrate /AR grade /powder 1 kg /ขวด",,,AR,1,kg,ขวด,
AS190422,"DMEM /Cosmetic grade /powder 1 L1 ซอง","DMEM /Cosmetic grade /powder 1 L1 ซอง /กล่อง",,,,,,กล่อง,YES
AS190423,"diSodium tetraborate = Borax grade /powder","diSodium tetraborate = Borax /AR grade /powder 500 g /ขวด",,,AR,500,g,ขวด,
AS190424,"DNAse test agar with toluidne blue /COM grade /powder","DNAse test agar with toluidne blue /COM grade /powder 500 g /ขวด",,,,500,g,ขวด,
AS190393,"D(+)Mannose grade /powder","D(+)Mannose /LR grade /powder 25 g /ขวด",,,LR,25,g,ขวด,
AS190394,"D(+)-Trehalose [(C6H12O6)] /Cosmetic grade /powder","D(+)-Trehalose [(C6H12O6)] /Cosmetic grade /powder 25 g /ขวด",,,,25,g,ขวด,
AS190395,"D(+)Xylose grade /powder","D(+)Xylose /AR grade /powder 100 g /ขวด",,,AR,100,g,ขวด,
AS190396,"D+(-)Melibiose [((NH4)2HC6H5O7)] grade /powder","D+(-)Melibiose [((NH4)2HC6H5O7)]cas no.3012655 /AR grade /powder 5 g /ขวด",3012-65-5,,AR,5,g,ขวด,
AS190397,"D+(-)Raffinose [((NH4)2HPO4)] grade /powder","D+(-)Raffinose [((NH4)2HPO4)]cas no.7783280 /LR grade /powder 50 g /ขวด",7783-28-0,,LR,50,g,ขวด,
AS190398,"DEAE-Sephacel [(CH2Cl2)] grade /liquid","DEAE-Sephacel [(CH2Cl2)]cas no.75092 /AR grade /liquid 250 ml /ขวด",75-09-2,,AR,250,mL,ขวด,
AS190399,"DEAE-Sephacel [((C2H5)2O)] grade /liquid","DEAE-Sephacel [((C2H5)2O)]cas no.60297 /LR grade /liquid 500 ml /ขวด",60-29-7,,LR,500,mL,ขวด,
AS190400,"Deionized water [((C2H5)2O)] grade /liquid","Deionized water [((C2H5)2O)]cas no.60297 /AR grade /liquid 20 L /ถัง",60-29-7,,AR,20,L,ถัง,
AS190401,"Deoxycholate citrate agar [(C6H10O5)] grade /powder","Deoxycholate citrate agar [(C6H10O5)]cas no.1609478 /AR grade /powder 500 g /ขวด",1609-47-8,,AR,500,g,ขวด,
AS190402,"Deoxycholic acid sodium salt [(C2H6SO)] grade /powder","Deoxycholic acid sodium salt [(C2H6SO)]cas no.67685 /AR grade /powder 25 g /ขวด",67-68-5,,AR,25,g,ขวด,
AS190403,"Developer [(C2H6SO)] grade /liquid","Developer [(C2H6SO)]cas no.67686 /AR grade /liquid 5 L /ขวด",67-68-6,,AR,5,L,ขวด,
AS190404,"Dextrose,anhydrous [((CH3)2SO )] grade /powder","Dextrose,anhydrous [((CH3)2SO )]cas no.67685 /LR grade /powder 500 g /ขวด",67-68-5,,LR,500,g,ขวด,
AS190405,"Deionized water grade /liquid","Deionized water /LR grade /liquid 20 L /แกลลอน",,,LR,20,L,แกลลอน,
AS190380,"Cresy violet [(C6H12O6)] /Cosmetic grade /powder","Cresy violet [(C6H12O6)]cas no.59234 /Cosmetic grade /powder 25 g /ขวด",59-23-4,,,25,g,ขวด,
AS190381,"Crystal violet [(C6H12O6?H2O)] /Cosmetic grade /powder","Crystal violet [(C6H12O6?H2O)]cas no.50997 /Cosmetic grade /powder 25 g /ขวด",50-99-7,,,25,g,ขวด,
AS190382,"Cyanosine = phoxine B [(C6H12O6)] /Cosmetic grade /powder","Cyanosine = phoxine B [(C6H12O6)]cas no.50997 /Cosmetic grade /powder 25 g /ขวด",50-99-7,,,25,g,ขวด,
AS190383,"Cycloheximide [(C6H12O6)] /Cosmetic grade /powder","Cycloheximide [(C6H12O6)]cas no.3458284 /Cosmetic grade /powder 5 g /ขวด",3458-28-4,,,5,g,ขวด,
AS190384,"Cycloserine [(C12H22O11.2H2O)] /Cosmetic grade /powder","Cycloserine [(C12H22O11.2H2O)] /Cosmetic grade /powder 5 g /ขวด",,,,5,g,ขวด,
AS190385,"Cystine tellulite agar base [(C5H10O5)] grade /powder","Cystine tellulite agar base [(C5H10O5)] /LR grade /powder 500 g /ขวด",,,LR,500,g,ขวด,
AS190386,"Czapek's Agar [(C12H22O11)] grade /powder","Czapek's Agar [(C12H22O11)]cas no.585999 /LR grade /powder 500 g /ขวด",585-99-9,,LR,500,g,ขวด,
AS190387,"D(-)Fructose [(C18H32O16.5H2O)] grade /powder","D(-)Fructose [(C18H32O16.5H2O)]cas no.17629300 /AR grade /powder 500 g /ขวด",17629-30-0,,AR,500,g,ขวด,
AS190389,"D-(+)-Cellobiose grade /powder","D-(+)-Cellobiose cas no.9013348 /LR grade /powder 50 g /ขวด",9013-34-8,,LR,50,g,ขวด,
AS190390,"D(+)-Galactose [(H2O)] /Cosmetic grade /powder","D(+)-Galactose [(H2O)]cas no.7732185 /Cosmetic grade /powder 100 g /ขวด",7732-18-5,,,100,g,ขวด,
AS190391,"D(+)Glucose /Cosmetic grade /powder","D(+)Glucose /Cosmetic grade /powder 1 kg /ขวด",,,,1,kg,ขวด,
AS190392,"D-(+)-Glucose (Dextrose) [( C24H39O4•Na)] /COM grade /powder","D-(+)-Glucose (Dextrose) [( C24H39O4•Na)]cas no.302954 /COM grade /powder 500 g /ขวด",302-95-4,,,500,g,ขวด,
AS190375,"Copper (II) acetate grade /powder","Copper (II) acetate /AR grade /powder 500 g /ขวด",,,AR,500,g,ขวด,
AS190376,"Copper (II) chloride dihydrate /Cosmetic grade /powder","Copper (II) chloride dihydrate /Cosmetic grade /powder 500 g /ขวด",,,,500,g,ขวด,
AS190377,"Copper (II) sulfate pentahydrate [(C6H12O6)] grade /powder","Copper (II) sulfate pentahydrate [(C6H12O6)]cas no.57487 /LR grade /powder 500 g /ขวด",57-48-7,,LR,500,g,ขวด,
AS190378,"Copper (II) sulfate pentahydrate [(C13H18O7)] grade /powder","Copper (II) sulfate pentahydrate [(C13H18O7)]cas no.138523 /LR grade /powder 500 g /ขวด",138-52-3,,LR,500,g,ขวด,
AS190379,"Corn meal agar [(C12H22011)] grade /powder","Corn meal agar [(C12H22011)]cas no.528507 /LR grade /powder 500 g /ขวด",528-50-7,,LR,500,g,ขวด,
AS190358,"Chloroform:Isoamyl alcohol 24:1 [(CoCl2.6H2O)] grade /liquid","Chloroform:Isoamyl alcohol 24:1 [(CoCl2.6H2O)]cas no.7646799 /LR grade /liquid 500 ml /ขวด",7646-79-9,,LR,500,mL,ขวด,
AS190359,"Cholesterol [(Co(NO3)2 ? 6H2O)] grade /powder","Cholesterol [(Co(NO3)2 ? 6H2O)]cas no.10026229 /LR grade /powder 50 g /ขวด",10026-22-9,,LR,50,g,ขวด,
AS190360,"Cholesterol [(C22H25NO6)] grade /powder","Cholesterol [(C22H25NO6)]cas no.64868 /LR grade /powder 25 g /ขวด",64-86-8,,LR,25,g,ขวด,
AS190361,"chorionic gonadotropin [(C32H22N6Na2O6S2)] grade /powder","chorionic gonadotropin [(C32H22N6Na2O6S2)] /AR grade /powder 50 ug /ขวด",,,AR,50,ug,ขวด,
AS190362,"Chromium (III) Potassium Sulfate grade /powder","Chromium (III) Potassium Sulfate /LR grade /powder 500 g /ขวด",,,LR,500,g,ขวด,
AS190363,"Chromotrope 2B grade /powder","Chromotrope 2B cas no.6104591 /AR grade /powder 10 g /ขวด",6104-59-1,,AR,10,g,ขวด,
AS190364,"Chromotrope 2R grade /powder","Chromotrope 2R /AR grade /powder 10 g /ขวด",,,AR,10,g,ขวด,
AS190365,"Ciprofloxacin [(C4H8CuO5)] grade /powder","Ciprofloxacin [(C4H8CuO5)]cas no.6046931 /AR grade /powder 25 g /ขวด",6046-93-1,,AR,25,g,ขวด,
AS190366,"Citric acid [(CuCl2 ? 2H2O)] grade /powder","Citric acid [(CuCl2 ? 2H2O)]cas no.10125130 /AR grade /powder 1 kg /ขวด",10125-13-0,,AR,1,kg,ขวด,
AS190367,"CloneJET PCR Cloning Kit [(CuSO4 ? 5H2O)] grade /liquid 20 rex1 ชุด","CloneJET PCR Cloning Kit [(CuSO4 ? 5H2O)]cas no.7758998 /LR grade /liquid 20 rex1 ชุด /กล่อง",7758-99-8,,LR,,,กล่อง,YES
AS190368,"Cobalt (II) chloride hexahydrate [(CuSO4.5H2O)] /COM grade /powder","Cobalt (II) chloride hexahydrate [(CuSO4.5H2O)]cas no.7758998 /COM grade /powder 100 g /ขวด",7758-99-8,,,100,g,ขวด,
AS190369,"Cobalt (II) nitrate hexahydrate /Cosmetic grade /powder","Cobalt (II) nitrate hexahydrate /Cosmetic grade /powder 100 g /ขวด",,,,100,g,ขวด,
AS190370,"Colchicine [(C18H15N3O3)] grade /powder","Colchicine [(C18H15N3O3)]cas no.1050540 /AR grade /powder 1 g /ขวด",1050-54-0,,AR,1,g,ขวด,
AS190371,"Congo red [(C25H30ClN3)] grade /powder","Congo red [(C25H30ClN3)]cas no.548629 /AR grade /powder 25 g /ขวด",548-62-9,,AR,25,g,ขวด,
AS190372,"Cooked meat medium [(C20H2Br4Cl4Na2O5)] /Cosmetic grade /powder","Cooked meat medium [(C20H2Br4Cl4Na2O5)]cas no.18472872 /Cosmetic grade /powder 500 g /ขวด",18472-87-2,,,500,g,ขวด,
AS190338,"Calcium hypochlorite grade /powder","Calcium hypochloritecas no.9000719 /AR grade /powder 1 kg /ขวด",9000-71-9,,AR,1,kg,ขวด,
AS190339,"Calcium nitrate hydrate [(C15H14O6)] grade /powder","Calcium nitrate hydrate [(C15H14O6)]cas no.225937100 /AR grade /powder 500 g /ขวด",225937-10-0,,AR,500,g,ขวด,
AS190340,"Calcium sulfate grade /powder","Calcium sulfate cas no.9004357 /LR grade /powder 500 g /ขวด",9004-35-7,,LR,500,g,ขวด,
AS190341,"Calcium sulfate dihydrate grade /powder","Calcium sulfate dihydrate /AR grade /powder 500 g /ขวด",,,AR,500,g,ขวด,
AS190342,"Carbol-fuchsin dye powder grade /powder","Carbol-fuchsin dye powder /LR grade /powder 25 g /ขวด",,,LR,25,g,ขวด,
AS190343,"Carbon tetrachloride grade /liquid","Carbon tetrachloride cas no.9012764 /LR grade /liquid 2.5 L /ขวด",9012-76-4,,LR,2.5,L,ขวด,
AS190344,"Carbondioxide gase [(C2H3Cl3O2)] grade /liquid","Carbondioxide gase [(C2H3Cl3O2)]cas no.302170 /AR grade /liquid 25 kg /ถัง",302-17-0,,AR,25,kg,ถัง,
AS190345,"Carboxymethylcellulose sodium salt [(C11H12Cl2N2O5)] grade /powder","Carboxymethylcellulose sodium salt [(C11H12Cl2N2O5)]cas no.56757 /AR grade /powder 500 g /ขวด",56-75-7,,AR,500,g,ขวด,
AS190346,"Carmine grade /powder","Carmine /AR grade /powder 5 g /ขวด",,,AR,5,g,ขวด,
AS190347,"Casein (Casein Enz.Hydrolysate Type II) [(CHCl3)] grade /powder","Casein (Casein Enz.Hydrolysate Type II) [(CHCl3)]cas no.67663 /AR grade /powder 500 g /ขวด",67-66-3,,AR,500,g,ขวด,
AS190348,"Casein grade /powder","Casein /AR grade /powder 500 g /ขวด",,,AR,500,g,ขวด,
AS190349,"Catechin [(C27H46O)] grade /powder","Catechin [(C27H46O)]cas no.57885 /AR grade /powder 10 g /ขวด",57-88-5,,AR,10,g,ขวด,
AS190350,"Cellulose acetate grade /powder","Cellulose acetate /AR grade /powder 250 g /ขวด",,,AR,250,g,ขวด,
AS190351,"Cetrimide agar /Cosmetic grade /powder","Cetrimide agar cas no.9002613 /Cosmetic grade /powder 500 g /ขวด",9002-61-3,,,500,g,ขวด,
AS190352,"chelex 100 [(CrK(SO4)2 ? 12H2O)] grade /powder","chelex 100 [(CrK(SO4)2 ? 12H2O)]cas no.7788990 /AR grade /powder 50 g /ขวด",7788-99-0,,AR,50,g,ขวด,
AS190353,"Chitosan [(C16H9N3Na2O10S2)] grade /powder","Chitosan [(C16H9N3Na2O10S2)]cas no.548801 /AR grade /powder 25 g /ขวด",548-80-1,,AR,25,g,ขวด,
AS190354,"Chloral hydrate [(C16H10N2Na2O8S2)] /Cosmetic grade /powder","Chloral hydrate [(C16H10N2Na2O8S2)]cas no.4197073 /Cosmetic grade /powder 250 g /ขวด",4197-07-3,,,250,g,ขวด,
AS190355,"Chloramphenical [(C17H18FN3O3)] /Cosmetic grade /powder","Chloramphenical [(C17H18FN3O3)]cas no.85721331 /Cosmetic grade /powder 25 g /ขวด",85721-33-1,,,25,g,ขวด,
AS190356,"Chloramphenicol [(C6H8O7.H2O)] grade /powder","Chloramphenicol [(C6H8O7.H2O)]cas no.5949291 /AR grade /powder 50 g /ขวด",5949-29-1,,AR,50,g,ขวด,
AS190357,"Chloroform grade /liquid","Chloroform /AR grade /liquid 2.5 L /ขวด",,,AR,2.5,L,ขวด,
AS190320,"Bismuth sulphite agar [(C19H10Br4O5S)] /Cosmetic grade /powder","Bismuth sulphite agar [(C19H10Br4O5S)]cas no.115399 /Cosmetic grade /powder 500 g /ขวด",115-39-9,,,500,g,ขวด,
AS190321,"Blood agar base [(C19H10Br4O5S)] grade /powder","Blood agar base [(C19H10Br4O5S)]cas no.115399 /AR grade /powder 500 g /ขวด",115-39-9,,AR,500,g,ขวด,
AS190322,"Boric acid [(C27H28Br2O5S)] grade /powder","Boric acid [(C27H28Br2O5S)]cas no.76595 /LR grade /powder 500 g /ขวด",76-59-5,,LR,500,g,ขวด,
AS190323,"Brain heart infusion broth [(C11H16O2)] grade /powder","Brain heart infusion broth [(C11H16O2)]cas no.25013165 /AR grade /powder 500 g /ขวด",25013-16-5,,AR,500,g,ขวด,
AS190324,"Brila broth [(C15H24O3)] grade /powder","Brila broth [(C15H24O3)]cas no.128370 /AR grade /powder 500 g /ขวด",128-37-0,,AR,500,g,ขวด,
AS190325,"Brillant blue R-250 [(CaCO3)] grade /powder","Brillant blue R-250 [(CaCO3)]cas no.471341 /AR grade /powder 25 g /ขวด",471-34-1,,AR,25,g,ขวด,
AS190326,"Brillant green (hydrogen sulfate) [(CaCl2)] grade /powder","Brillant green (hydrogen sulfate) [(CaCl2)]cas no.10043524 /LR grade /powder 50 g /ขวด",10043-52-4,,LR,50,g,ขวด,
AS190327,"Brillant green bile broth 2% [(CaCl2O2)] grade /powder","Brillant green bile broth 2% [(CaCl2O2)]cas no.7778543 /AR grade /powder 500 g /ขวด",7778-54-3,,AR,500,g,ขวด,
AS190328,"Bromocresol green grade /powder","Bromocresol green /AR grade /powder 5 g /ขวด",,,AR,5,g,ขวด,
AS190329,"Bromocresol purple [(Ca(NO3)2.4H2O)] /Cosmetic grade /powder","Bromocresol purple [(Ca(NO3)2.4H2O)]cas no.35054525 /Cosmetic grade /powder 25 g /ขวด",35054-52-5,,,25,g,ขวด,
AS190330,"Bromophenol Blue [(CaSO4)] grade /powder","Bromophenol Blue [(CaSO4)]cas no.7778189 /LR grade /powder 50 g /ขวด",7778-18-9,,LR,50,g,ขวด,
AS190331,"Bromophenol Blue [(CaSO4 ? 2H2O)] grade /powder","Bromophenol Blue [(CaSO4 ? 2H2O)]cas no.10101414 /AR grade /powder 5 g /ขวด",10101-41-4,,AR,5,g,ขวด,
AS190332,"Bromothymol blue /Cosmetic grade /powder","Bromothymol blue cas no.4197244 /Cosmetic grade /powder 5 g /ขวด",4197-24-4,,,5,g,ขวด,
AS190333,"Butylated hydroxyanisole (BHA) [(CCl4)] grade /powder","Butylated hydroxyanisole (BHA) [(CCl4)]cas no.56235 /LR grade /powder 100 g /ขวด",56-23-5,,LR,100,g,ขวด,
AS190334,"Butylated hydroxytoluene (BHT) [(CO2)] /Cosmetic grade /powder","Butylated hydroxytoluene (BHT) [(CO2)]cas no.124389 /Cosmetic grade /powder 1 kg /ขวด",124-38-9,,,1,kg,ขวด,
AS190335,"Calcium carbonate [(C28H30Na8O27)] /COM grade /powder","Calcium carbonate [(C28H30Na8O27)]cas no.9004324 /COM grade /powder 500 g /ขวด",9004-32-4,,,500,g,ขวด,
AS190336,"Calcium Chloride grade /Powder","Calcium Chloride cas no.1390654 /AR grade /Powder 500 g /ขวด",1390-65-4,,AR,500,g,ขวด,
AS190337,"Calcium hypochlorite, granular 65%/Cosmetic grade /powder","Calcium hypochlorite, granular 65%/Cosmetic grade /powder 1 kg /ขวด",,,,1,kg,ขวด,
AS190299,"Anti-B (blood group) grade /liquid","Anti-B (blood group) /AR grade /liquid 10 ml /ขวด",,,AR,10,mL,ขวด,
AS190300,"Antibiotic/Antimycotic solution grade /liquid","Antibiotic/Antimycotic solution /AR grade /liquid 100 ml /ขวด",,,AR,100,mL,ขวด,
AS190301,"Aspartic acid grade /liquid","Aspartic acid  /AR grade /liquid 25 g /ขวด",,,AR,25,g,ขวด,
AS190302,"Atrophine grade /Powder","Atrophine cas no.1302789 /AR grade /Powder 5 g /ขวด",1302-78-9,,AR,5,g,ขวด,
AS190303,"Aprotinin [(C7H6O2)] grade /Powder","Aprotinin [(C7H6O2)]cas no.506876 /LR grade /Powder 50 mg /ขวด",506-87-6,,LR,50,mg,ขวด,
AS190304,"Azoalbumin grade /powder","Azoalbumin /AR grade /powder 5 g /ขวด",,,AR,5,g,ขวด,
AS190305,"Azure II /Food grade /powder","Azure II /Food grade /powder 10 g /ขวด",,,,10,g,ขวด,
AS190306,"B-1,3-glucan grade /liquid","B-1,3-glucan /AR grade /liquid 1 g /หลอด",,,AR,1,g,หลอด,
AS190307,"Baird parker medium grade /powder","Baird parker medium /AR grade /powder 500 g /ขวด",,,AR,500,g,ขวด,
AS190308,"Barium Chloride [(C10H16N2O3S)] grade /powder","Barium Chloride [(C10H16N2O3S)]cas no.58855 /LR grade /powder 500 g /ขวด",58-85-5,,LR,500,g,ขวด,
AS190309,"Barritt’s Reagent A /ยา grade /liquid","Barritt’s Reagent A /ยา grade /liquid 100 ml /ขวด",,,,100,mL,ขวด,
AS190310,"Barritt’s Reagent B grade /liquid","Barritt’s Reagent B /AR grade /liquid 100 ml /ขวด",,,AR,100,mL,ขวด,
AS190311,"Beef extract powder grade /powder","Beef extract powder /AR grade /powder 500 g /ขวด",,,AR,500,g,ขวด,
AS190312,"Bentonite [(H3BO3)] /Cosmetic grade /powder","Bentonite [(H3BO3)]cas no.10043353 /Cosmetic grade /powder 500 g /ถุง",10043-35-3,,,500,g,ถุง,
AS190313,"Benzoic acid grade /powder","Benzoic acid /AR grade /powder 500 g /ขวด",,,AR,500,g,ขวด,
AS190314,"Benzamidine hydrochloride grade /powder","Benzamidine hydrochloride /AR grade /powder 25 g /ขวด",,,AR,25,g,ขวด,
AS190315,"Bile esculin agar base [(C45H44N3O7S2Na)] grade /powder","Bile esculin agar base [(C45H44N3O7S2Na)]cas no.6104592 /AR grade /powder 500 g /ขวด",6104-59-2,,AR,500,g,ขวด,
AS190316,"Bile salt [(C27H34N2O4S)] grade /powder","Bile salt [(C27H34N2O4S)] /LR grade /powder 250 g /ขวด",,,LR,250,g,ขวด,
AS190317,"Bile salt mixture grade /powder","Bile salt mixture /AR grade /powder 100 g /ขวด",,,AR,100,g,ขวด,
AS190318,"Biotin [(C21H14Br4O6S)] /ยา grade /powder","Biotin [(C21H14Br4O6S)]cas no.76608 /ยา grade /powder 5 g /ขวด",76-60-8,,,5,g,ขวด,
AS190319,"Bis Acrylamide 40% [(C21H16Br2O5S)] grade /liquid","Bis Acrylamide 40% [(C21H16Br2O5S)]cas no.115402 /AR grade /liquid 500 ml /ขวด",115-40-2,,AR,500,mL,ขวด,
AS190278,"Ammonium iron (II) sulphate hexahydrate [((NH4)2SO4)] grade /powder","Ammonium iron (II) sulphate hexahydrate [((NH4)2SO4)]cas no.7783202 /AR grade /powder 500 g /ขวด",7783-20-2,,AR,500,g,ขวด,
AS190279,"Ammonium iron (II) sulfate [(H4NO3V)] grade /powder","Ammonium iron (II) sulfate [(H4NO3V)]cas no.7803556 /AR grade /powder 500 g /ขวด",7803-55-6,,AR,500,g,ขวด,
AS190280,"Ammonium iron (II) sulphate 12-hydrate [(C2H7NO2)] grade /powder","Ammonium iron (II) sulphate 12-hydrate [(C2H7NO2)]cas no.631618 /AR grade /powder 1 kg /ขวด",631-61-8,,AR,1,kg,ขวด,
AS190281,"Ammonium molybdate = Ammonium heptamolybdate tetrahydrate [(C16H18N3NaO4S)] grade /powder","Ammonium molybdate = Ammonium heptamolybdate tetrahydrate [(C16H18N3NaO4S)]cas no.69523 /AR grade /powder 500 g /ขวด",69-52-3,,AR,500,g,ขวด,
AS190282,"Ammonium nitrate [(C16H18N3NaO4S)] /Univar grade /powder","Ammonium nitrate [(C16H18N3NaO4S)]cas no.69523 /Univar grade /powder 500 g /ขวด",69-52-3,,,500,g,ขวด,
AS190283,"Ammonium oxalate /Organics grade /powder","Ammonium oxalate /Organics grade /powder 500 g /ขวด",,,,500,g,ขวด,
AS190284,"Ammonium persulphate (Ammonium peroxodisulfate) (APS) [(C47H73NO17)] grade /powder","Ammonium persulphate (Ammonium peroxodisulfate) (APS) [(C47H73NO17)]cas no.1397893 /AR grade /powder 500 g /ขวด",1397-89-3,,AR,500,g,ขวด,
AS190285,"Ammonium persulphate (APS) grade /powder","Ammonium persulphate (APS) cas no.9032080 /AR grade /powder 25 g /ขวด",9032-08-0,,AR,25,g,ขวด,
AS190286,"Ammonium potassium sulphate [((C6H5NH2)2.H2SO4)] grade /powder","Ammonium potassium sulphate [((C6H5NH2)2.H2SO4)]cas no.542165 /AR grade /powder 500 g /ขวด",542-16-5,,AR,500,g,ขวด,
AS190287,"Ammonium sulfate cas no.SARA 313 /lab use only grade /powder","Ammonium sulfate cas no.SARA 313 /lab use only grade /powder 500 g /ขวด",,,,500,g,ขวด,
AS190288,"Ammonium sulphate grade /powder","Ammonium sulphate /AR grade /powder 1 kg /ขวด",,,AR,1,kg,ขวด,
AS190289,"Ammonium vanadate grade /powder","Ammonium vanadate /AR grade /powder 100 g /ขวด",,,AR,100,g,ขวด,
AS190290,"Ammonium acetate /Unilab grade /powder","Ammonium acetate /Unilab grade /powder 500 g /ขวด",,,,500,g,ขวด,
AS190291,"Ampicillin sodium salt [(C4H7NO4)] /Molecular grade /powder","Ampicillin sodium salt [(C4H7NO4)]cas no.617458 /Molecular grade /powder 5 g /ขวด",617-45-8,,,5,g,ขวด,
AS190292,"Ampicilin sodium salt [(C17H23NO3)] /Univar grade /powder","Ampicilin sodium salt [(C17H23NO3)]cas no.51558 /Univar grade /powder 25 g /ขวด",51-55-8,,,25,g,ขวด,
AS190293,"Ampicilin sodium salt grade /powder","Ampicilin sodium salt /AR grade /powder 10 g /ขวด",,,AR,10,g,ขวด,
AS190294,"Ampotericin B grade /powder","Ampotericin B cas no.102110736 /AR grade /powder 250 mg /ขวด",102110-73-6,,AR,250,mg,ขวด,
AS190295,"Amyloglucosidase [(C31H34Cl2N6S2)]cas no. 37247102 grade /powder","Amyloglucosidase [(C31H34Cl2N6S2)]cas no. 37247102 /AR grade /powder 1 g /ขวด",,,AR,1,g,ขวด,
AS190296,"Aniline sulfate grade /powder","Aniline sulfate cas no.9051972 /AR grade /powder 25 g /ขวด",9051-97-2,,AR,25,g,ขวด,
AS190297,"Anti BSA (2mg/ml) grade /liquid","Anti BSA (2mg/ml) /AR grade /liquid 0.5 ml /หลอด",,,AR,0.5,mL,หลอด,
AS190298,"Anti-A (blood group) [(BaCl2.2H2O)] grade /liquid","Anti-A (blood group) [(BaCl2.2H2O)]cas no.10361372 /AR grade /liquid 10 ml /ขวด",10361-37-2,,AR,10,mL,ขวด,
AS190257,"Agarose [(Al2O3)] /Com grade /powder","Agarose [(Al2O3)]cas no.1344281 /Com grade /powder 500 g /ขวด",1344-28-1,,,500,g,ขวด,
AS190258,"Agarose B [(AlK (SO4)2.12H2O)] /univar grade /powder","Agarose B [(AlK (SO4)2.12H2O)]cas no.10043671 /univar grade /powder 100 g /ขวด",10043-67-1,,,100,g,ขวด,
AS190259,"Albumin Bovin (Bovine serum albumin) (BSA) [(AlCl3.6H2O)] grade /powder","Albumin Bovin (Bovine serum albumin) (BSA) [(AlCl3.6H2O)]cas no.7784136 /HPLC grade /powder 25 g /ขวด",7784-13-6,,HPLC,25,g,ขวด,
AS190260,"Albumin Bovin (Bovine serum albumin) (BSA) /Molecular grade /powder","Albumin Bovin (Bovine serum albumin) (BSA) /Molecular grade /powder 50 g /ขวด",,,,50,g,ขวด,
AS190261,"Alcian blue 8GX [(NH2C10H5(OH).SO3H)] grade /powder","Alcian blue 8GX [(NH2C10H5(OH).SO3H)]cas no.116632 /AR grade /powder 10 g /ขวด",116-63-2,,AR,10,g,ขวด,
AS190262,"Alizarine red S grade /powder","Alizarine red S /AR grade /powder 25 g /ขวด",,,AR,25,g,ขวด,
AS190263,"Alkaline peptone water grade /powder","Alkaline peptone water /extra pure grade /powder 500 g /ขวด",,,"EXTRA PURE",500,g,ขวด,
AS190264,"Alpha-amylase [(NH3)] grade /powder","Alpha-amylase [(NH3)]cas no.1336216 /AR grade /powder 10 g /ขวด",1336-21-6,,AR,10,g,ขวด,
AS190265,"Aluminium chloride [(NH4Cl)] grade /powder","Aluminium chloride [(NH4Cl)]cas no.12125029 /HPLC grade /powder 500 g /ขวด",12125-02-9,,HPLC,500,g,ขวด,
AS190266,"Aluminium hydroxide [(C6H8O7 . x Fe3+ . y NH3)] /Analysis grade /powder","Aluminium hydroxide [(C6H8O7 . x Fe3+ . y NH3)]cas no.1185575 /Analysis grade /powder 1 kg /ขวด",1185-57-5,,,1,kg,ขวด,
AS190267,"Aluminium oxide [(NH4OH)] grade /powder","Aluminium oxide [(NH4OH)]cas no.1336216 /AR grade /powder 500 g /ขวด",1336-21-6,,AR,500,g,ขวด,
AS190268,"Aluminium potassium sulphate [((NH4)2Fe(SO4)2?6H2O)] /Analar grade /powder","Aluminium potassium sulphate [((NH4)2Fe(SO4)2?6H2O)]cas no.7783859 /Analar grade /powder 500 g /ขวด",7783-85-9,,,500,g,ขวด,
AS190269,"Aluminum (III) chloride hexahydrate [(NH4Fe(SO4)2?12H2O)] grade /powder","Aluminum (III) chloride hexahydrate [(NH4Fe(SO4)2?12H2O)]cas no.7783837 /AR grade /powder 500 g /ขวด",7783-83-7,,AR,500,g,ขวด,
AS190270,"Ambiclean kit (PCR & Gel), 50 preps [(NH4Fe(SO4)2?12H2O)] grade /liquid 1","Ambiclean kit (PCR & Gel), 50 preps [(NH4Fe(SO4)2?12H2O)]cas no.7783837 /AR grade /liquid 1 /กล่อง",7783-83-7,,AR,,,กล่อง,YES
AS190271,"Aminonaphtholsulfonic acid (ANSA) [((NH4)6Mo7O24?4H2O)] /univar grade /powder","Aminonaphtholsulfonic acid (ANSA) [((NH4)6Mo7O24?4H2O)]cas no.12054852 /univar grade /powder 25 g /ขวด",12054-85-2,,,25,g,ขวด,
AS190272,"Ammonia Cyanate Reagent Powder [(NH4NO3)] grade 10 ซอง","Ammonia Cyanate Reagent Powder [(NH4NO3)]cas no.6484522 /AR grade 10 ซอง /ชุด",6484-52-2,,AR,,,ชุด,YES
AS190273,"Ammonia Salicylate Reagent Powder [((COONH4)2.H2O)] /Electrophoresis grade 10 ซอง","Ammonia Salicylate Reagent Powder [((COONH4)2.H2O)]cas no.6009707 /Electrophoresis grade 10 ซอง /ชุด",6009-70-7,,,,,ชุด,YES
AS190274,"Ammonia solution 25% [((NH4)2S2O8 )] /Univar grade /liquid","Ammonia solution 25% [((NH4)2S2O8 )]cas no.7727540 /Univar grade /liquid 2.5 L /ขวด",7727-54-0,,,2.5,L,ขวด,
AS190275,"Ammonium chloride [((NH4)2S2O8)] grade /powder","Ammonium chloride [((NH4)2S2O8)]cas no.7727540 /AR grade /powder 500 g /ขวด",7727-54-0,,AR,500,g,ขวด,
AS190276,"Ammonium ferric citrate/ Ammonium iron (III) citrate [(NH4KSO4)] /Univar grade /powder","Ammonium ferric citrate/ Ammonium iron (III) citrate [(NH4KSO4)]cas no.23208799 /Univar grade /powder 500 g /ขวด",23208-79-9,,,500,g,ขวด,
AS190277,"Ammonium hydroxide [((NH4)SO4)] /Univar grade /liquid","Ammonium hydroxide [((NH4)SO4)]cas no.7783202 /Univar grade /liquid 2.5 L /ขวด",7783-20-2,,,2.5,L,ขวด,
AS190236,"3-Indoleacetic acid grade /powder","3-Indoleacetic acid cas no.9000015 /AR grade /powder 5 g /ขวด",9000-01-5,,AR,5,g,ขวด,
AS190237,"4-Aminophenazone (Ampyrone) [(CH3COOH)] grade /powder","4-Aminophenazone (Ampyrone) [(CH3COOH)]cas no.64197 /AR grade /powder 50 g /ขวด",64-19-7,,AR,50,g,ขวด,
AS190238,"4-Nitrophenyl N-acetyl-?-D-glucosaminide grade /powder","4-Nitrophenyl N-acetyl-?-D-glucosaminide /AR grade /powder 100 mg /ขวด",,,AR,100,mg,ขวด,
AS190239,"4-Nitrophenyl palmitate [(CH3CO2H)] /Univar grade /powder","4-Nitrophenyl palmitate [(CH3CO2H)]cas no.64197 /Univar grade /powder 1 g /ขวด",64-19-7,,,1,g,ขวด,
AS190240,"4-Nitrophenyl ?-L-fuco?pyran?oside [(C3H6O)] /puriss grade /powder","4-Nitrophenyl ?-L-fuco?pyran?oside [(C3H6O)]cas no.67641 /puriss grade /powder 100 mg /ขวด",67-64-1,,,100,mg,ขวด,
AS190241,"4-Nitrophenyl ?-D-glucopyranoside [(CH3CN)] grade /powder","4-Nitrophenyl ?-D-glucopyranoside [(CH3CN)]cas no.75058 /AR grade /powder 100 mg /ขวด",75-05-8,,AR,100,mg,ขวด,
AS190242,"5-Bromo-4-chloro-3-indolyl ?-D-galactopyranoside = X-gal [(C7H16ClNO2)] /Commercial grade /powder","5-Bromo-4-chloro-3-indolyl ?-D-galactopyranoside = X-gal [(C7H16ClNO2)]cas no.60311 /Commercial grade /powder 100 mg /ขวด",60-31-1,,,100,mg,ขวด,
AS190243,"5-Keto-D-gluconic acid [(C3H5NO)] grade /powder","5-Keto-D-gluconic acid [(C3H5NO)]cas no.79061 /AR grade /powder 1 g /หลอด",79-06-1,,AR,1,g,หลอด,
AS190244,"5-Sulphosalicylic acid [(C5H12O5)] grade /powder","5-Sulphosalicylic acid [(C5H12O5)]cas no.488813 /AR grade /powder 100 g /ขวด",488-81-3,,AR,100,g,ขวด,
AS190245,"6-hydroxy-2,5,7,8-tetramethylchroman-2-carboxylic acid , Trolox [((C12H18O9)n)] grade /powder","6-hydroxy-2,5,7,8-tetramethylchroman-2-carboxylic acid , Trolox [((C12H18O9)n)]cas no.9002180 /AR grade /powder 1 g /ขวด",9002-18-0,,AR,1,g,ขวด,
AS190246,"Acacia (Gum Arabic) /Univar grade /powder","Acacia (Gum Arabic) cas no.9012366 /Univar grade /powder 450 g /ขวด",9012-36-6,,,450,g,ขวด,
AS190247,"Acetic acid /Commercial grade /liquid","Acetic acid cas no.9012366 /Commercial grade /liquid 2.5 L /ขวด",9012-36-6,,,2.5,L,ขวด,
AS190248,"Acetic acid glacial grade /liquid","Acetic acid glacial cas no.9012366 /AR grade /liquid 500 ml /ขวด",9012-36-6,,AR,500,mL,ขวด,
AS190249,"Acetic acid glacial grade /liquid","Acetic acid glacial cas no.9048468 /AR grade /liquid 4 L /แกลลอน",9048-46-8,,AR,4,L,แกลลอน,
AS190250,"Acetone /Univar grade /liquid","Acetone cas no.9048468 /Univar grade /liquid 2.5 L /ขวด",9048-46-8,,,2.5,L,ขวด,
AS190251,"Acetonitrile /liquid","Acetonitrile /reagent grade /liquid 2.5 L /ขวด",,,"REAGENT GRADE",2.5,L,ขวด,
AS190252,"Acetylcholine Chloride [(C14H7O7SNa)] grade /Powder","Acetylcholine Chloride [(C14H7O7SNa)] /AR grade /Powder 25 g /ขวด",,,AR,25,g,ขวด,
AS190253,"Acrylamide grade /powder","Acrylamide /AR grade /powder 1 kg /ขวด",,,AR,1,kg,ขวด,
AS190254,"Adonitol /univar grade /powder","Adonitol cas no.9001198 /univar grade /powder 10 g /ขวด",9001-19-8,,,10,g,ขวด,
AS190255,"Agar [(AlCl3.6H2O)] /univar grade /powder","Agar [(AlCl3.6H2O)]cas no.7446700 /univar grade /powder 1 kg /ถุง",7446-70-0,,,1,kg,ถุง,
AS190256,"Agarose [( Al(OH)3)] grade /powder","Agarose [( Al(OH)3)]cas no.21645512 /AR grade /powder 25 g /ขวด",21645-51-2,,AR,25,g,ขวด,
AS190213,"100 kb dna marker [(C6H6N4O4)] grade /liquid - ul","100 kb dna marker [(C6H6N4O4)]cas no.119266 /AR grade /liquid - ul /หลอด",119-26-6,,AR,,,หลอด,YES
AS190214,"101 dna ladder [(C18H12N6)]cas no. 3682357 /AR grade /liquid","101 bp dna ladder [(C18H12N6)]cas no. 3682357 /AR grade /liquid 500 ul /หลอด",,,BP,500,uL,หลอด,
AS190215,"1 kp dna ladder [(Cl2C6H3OCH2CO2H)] /Purum grade /liquid","1 kp dna ladder [(Cl2C6H3OCH2CO2H)]cas no.94757 /Purum grade /liquid 500 ul /หลอด",94-75-7,,,500,uL,หลอด,
AS190216,"10X TAE (Tris-Acetate-EDTA) pH8.0 [(C12H6Cl2NNaO2 ? xH2O)] grade /liquid","10X TAE (Tris-Acetate-EDTA) pH8.0 [(C12H6Cl2NNaO2 ? xH2O)]cas no.620451 /HPLC grade /liquid 1000 ml /ขวด",620-45-1,,HPLC,1000,mL,ขวด,
AS190217,"1-Butanol [(C12H6Cl2NNaO2 ? xH2O)] /Purum grade /liquid","1-Butanol [(C12H6Cl2NNaO2 ? xH2O)]cas no.620451 /Purum grade /liquid 2.5 L /ขวด",620-45-1,,,2.5,L,ขวด,
AS190218,"1-Naphthol [(C2H6OS)] grade /powder","1-Naphthol [(C2H6OS)]cas no.60242 /AR grade /powder 100 g /ขวด",60-24-2,,AR,100,g,ขวด,
AS190219,"1-Naphthylamine [(C2H6OS)] grade /powder","1-Naphthylamine [(C2H6OS)]cas no.60242 /AR grade /powder 250 g /ขวด",60-24-2,,AR,250,g,ขวด,
AS190220,"2,2'-azino-bis (3-ethylbenzthiazoline-6-sulphonic acid) ,ABTS [( C6H5OCH2CH2OH)] /Commercial grade /powder","2,2'-azino-bis (3-ethylbenzthiazoline-6-sulphonic acid) ,ABTS [( C6H5OCH2CH2OH)]cas no.122996 /Commercial grade /powder 2 g /ขวด",122-99-6,,,2,g,ขวด,
AS190221,"2,2-Diphenyl-1-(2,4,6-trinitrophenyl)hydrazyl ,DPPH [(C4H4N2OS)] grade /powder","2,2-Diphenyl-1-(2,4,6-trinitrophenyl)hydrazyl ,DPPH [(C4H4N2OS)]cas no.141902 /AR grade /powder 1 g /ขวด",141-90-2,,AR,1,g,ขวด,
AS190222,"2,3,5-triphenyl tetrazolium chloride [(3M KCl)] /ultrapure grade /powder","2,3,5-triphenyl tetrazolium chloride [(3M KCl)]cas no.7447407 /ultrapure grade /powder 5 g /ขวด",7447-40-7,,,5,g,ขวด,
AS190223,"2,4 dinitrophenylhydrezine [(C9H11NO4)] grade /powder","2,4 dinitrophenylhydrezine [(C9H11NO4)]cas no.59927 /AR grade /powder 100 g /ขวด",59-92-7,,AR,100,g,ขวด,
AS190224,"2,4,6-tris(2-pyridyl)-s-triazine , TPTZ [((O2N)2C6H2-2-(OH)CO2H)] grade /powder","2,4,6-tris(2-pyridyl)-s-triazine , TPTZ [((O2N)2C6H2-2-(OH)CO2H)]cas no.609994 /ACS grade /powder 1 g /ขวด",609-99-4,,ACS,1,g,ขวด,
AS190225,"2,4-Dichlorophenoxyacetic acid grade /powder","2,4-Dichlorophenoxyacetic acid /AR grade /powder 250 g /ขวด",,,AR,250,g,ขวด,
AS190226,"2,6 dichlorophenolindophenol sodium salt hydrate [(C10H9NO2)] grade /powder","2,6 dichlorophenolindophenol sodium salt hydrate [(C10H9NO2)]cas no.87514 /AR grade /powder 5 g /ขวด",87-51-4,,AR,5,g,ขวด,
AS190227,"2,6-Dichloroindophenol sodium salt hydrate [(C11H13N3O)] grade /powder","2,6-Dichloroindophenol sodium salt hydrate [(C11H13N3O)]cas no.83078 /AR grade /powder 5 g /ขวด",83-07-8,,AR,5,g,ขวด,
AS190228,"2-mercaptoethanol [(C14H18N2O8)] grade /liquid","2-mercaptoethanol [(C14H18N2O8)]cas no.3459185 /AR grade /liquid 25 ml /ขวด",3459-18-5,,AR,25,mL,ขวด,
AS190229,"2-Mercaptoethanol [(C22H35NO4)] grade /liquid","2-Mercaptoethanol [(C22H35NO4)]cas no.1492304 /AR grade /liquid 50 ml /ขวด",1492-30-4,,AR,50,mL,ขวด,
AS190230,"2-Phenoxyethanol [(C12H15NO7)] /plant cuture test grade /liquid","2-Phenoxyethanol [(C12H15NO7)]cas no.10231842 /plant cuture test grade /liquid 250 ml /ขวด",10231-84-2,,,250,mL,ขวด,
AS190231,"2-Thiouracil [(C12H15NO8)] grade /powder","2-Thiouracil [(C12H15NO8)]cas no.2492877 /AR grade /powder 25 g /ขวด",2492-87-7,,AR,25,g,ขวด,
AS190232,"3 M Potassium chloride [(C14H15BrClNO6)] grade /liquid","3 M Potassium chloride [(C14H15BrClNO6)]cas no.7240906 /AR grade /liquid 500 ml /ขวด",7240-90-6,,AR,500,mL,ขวด,
AS190233,"3,4-Dihydroxy-L-phenylalanine (TLC) [(C6H9KO7)] grade /powder","3,4-Dihydroxy-L-phenylalanine (TLC) [(C6H9KO7)]cas no.91446967 /AR grade /powder 5 g /ขวด",91446-96-7,,AR,5,g,ขวด,
AS190234,"3,5-Dinitrosalicylic acid [(C7H6O6S.2H2O)] grade /powder","3,5-Dinitrosalicylic acid [(C7H6O6S.2H2O)]cas no.5965833 /ACS grade /powder 25 g /ขวด",5965-83-3,,ACS,25,g,ขวด,
AS190235,"30% AccuGel 29:1 [(C14H18O4)] grade /liquid","30% AccuGel 29:1 [(C14H18O4)]cas no.53188071 /AR grade /liquid 1 L /ขวด",53188-07-1,,AR,1,L,ขวด,
AS190193,"Seq A-F : CCA AGA CCT ACT TCC CGC AC /Primer","Seq A-F : CCA AGA CCT ACT TCC CGC AC /Primer 100 ul /หลอด",,,,100,uL,หลอด,
AS190194,"Seq A-R : GGC ACA TTC CGG GAT AGA GAG /Primer","Seq A-R : GGC ACA TTC CGG GAT AGA GAG /Primer 100 ul /หลอด",,,,100,uL,หลอด,
AS190196,"TaqM_CD17-F : GAG GAG AAG TCT GCC GTT ACT G /Primer","TaqM_CD17-F : GAG GAG AAG TCT GCC GTT ACT G /Primer 100 ul /หลอด",,,,100,uL,หลอด,
AS190197,"TaqM_CD17-R : CTC CTT AAA CCT GTC TTG TAA CCT TGA T /Primer","TaqM_CD17-R : CTC CTT AAA CCT GTC TTG TAA CCT TGA T /Primer 100 ul /หลอด",,,,100,uL,หลอด,
AS190200,"TaqM_CD26-F : GAG GAG AAG TCT GCC GTT ACT G /Primer","TaqM_CD26-F : GAG GAG AAG TCT GCC GTT ACT G /Primer 100 ul /หลอด",,,,100,uL,หลอด,
AS190201,"TaqM_CD26-R : GTC TCC TTA AAC CTG TCT TGT AAC CT /Primer","TaqM_CD26-R : GTC TCC TTA AAC CTG TCT TGT AAC CT /Primer 100 ul /หลอด",,,,100,uL,หลอด,
AS190204,"+)-Sodium L-ascobate /powder","(+)-Sodium L-ascobate /powder 250 g /ขวด",,,,250,g,ขวด,
AS190205,"KMS) Potassium metabisulfite /powder","(KMS) Potassium metabisulfite /powder 1 kg /ขวด",,,,1,kg,ขวด,
AS190206,"SYBR) Novle Juice supply 6X loading dye buffer /liquid - ul","(SYBR) Novle Juice supply 6X loading dye buffer /liquid - ul /ขวด",,,,,,ขวด,YES
AS190207,"1 kb dna marker [(CH3(CH2)3OH)]/liquid - ul","1 kb dna marker [(CH3(CH2)3OH)]cas no.71363/liquid - ul /หลอด",71-36-3,,,,,หลอด,YES
AS190208,"1,10 Phenanthroline = o-Phenanthrolene [(C10H7OH)] /powder","1,10 Phenanthroline = o-Phenanthrolene [(C10H7OH)]cas no.90153 /powder 5 g /ขวด",90-15-3,,,5,g,ขวด,
AS190209,"1,1-Diphenyl-2-picrylhydrazyl radical [(C10H7NH2)] grade /powder","1,1-Diphenyl-2-picrylhydrazyl radical [(C10H7NH2)]cas no.134327 /AR grade /powder 1 g /ขวด",134-32-7,,AR,1,g,ขวด,
AS190210,"1,2 - Dipalmitoyl-sn-glycero-3-phosphocholine (DPPC) [(C18H18N4O6S4)] grade /powder","1,2 - Dipalmitoyl-sn-glycero-3-phosphocholine (DPPC) [(C18H18N4O6S4)]cas no.30931670 /ACS grade /powder 50 mg /ขวด",30931-67-0,,ACS,50,mg,ขวด,
AS190211,"10 mM dNTP [(C18H12N5O6)] grade /liquid - ul","10 mM dNTP [(C18H12N5O6)]cas no.1898664 /AR grade /liquid - ul /หลอด",1898-66-4,,AR,,,หลอด,YES
AS190212,"10% Sodium Hypochlorite /Commercial grade /liquid","10% Sodium Hypochlorite cas no.298964 /Commercial grade /liquid 5 L /ขวด",298-96-4,,,5,L,ขวด,
AS190174,"SRY_115-R : 5'-TGA GAA AGA TGA CAT CCA TCT CTA A-3' /Primer","SRY_115-R : 5'-TGA GAA AGA TGA CAT CCA TCT CTA A-3' /Primer 100 ul /หลอด",,,,100,uL,หลอด,
AS190175,"SRY_233-F : 5'-TTA TGG AGA TGG AAG GGC GG-3' /Primer","SRY_233-F : 5'-TTA TGG AGA TGG AAG GGC GG-3' /Primer 100 ul /หลอด",,,,100,uL,หลอด,
AS190176,"SRY_233-R : 5'-TGG AAA GCT GAC TTT GAT ACA TAC C-3' /Primer","SRY_233-R : 5'-TGG AAA GCT GAC TTT GAT ACA TAC C-3' /Primer 100 ul /หลอด",,,,100,uL,หลอด,
AS190177,"SRT_357-F : 5'-TGT TGA GAA CGC CGA CTA CC-3' /Primer","SRT_357-F : 5'-TGT TGA GAA CGC CGA CTA CC-3' /Primer 100 ul /หลอด",,,,100,uL,หลอด,
AS190178,"Beta HRM_A-F : ACT TAG ACC TCA CCC TGT GGA /Primer","Beta HRM_A-F : ACT TAG ACC TCA CCC TGT GGA /Primer 100 ul /หลอด",,,,100,uL,หลอด,
AS190179,"Beta HRM_A-R : TGG TGT CTG TTT GAG GTT GC /Primer","Beta HRM_A-R : TGG TGT CTG TTT GAG GTT GC /Primer 100 ul /หลอด",,,,100,uL,หลอด,
AS190180,"Beta HRM_B-F : CCT GAG GAG AAG TCT GCC GTT /Primer","Beta HRM_B-F : CCT GAG GAG AAG TCT GCC GTT /Primer 100 ul /หลอด",,,,100,uL,หลอด,
AS190181,"Beta HRM_B-R : GTC TCC ACA TGC CCA GTT TCT /Primer","Beta HRM_B-R : GTC TCC ACA TGC CCA GTT TCT /Primer 100 ul /หลอด",,,,100,uL,หลอด,
AS190182,"Beta HRM_C-F : TTC CCA CCC TTA GGC TGC TGG T /Primer","Beta HRM_C-F : TTC CCA CCC TTA GGC TGC TGG T /Primer 100 ul /หลอด",,,,100,uL,หลอด,
AS190183,"Beta HRM_C-R : TGG CAA AGG TGC CCT TGA GGT /Primer","Beta HRM_C-R : TGG CAA AGG TGC CCT TGA GGT /Primer 100 ul /หลอด",,,,100,uL,หลอด,
AS190184,"Beta HRM_E1 : GTC ACA CTT TGG GTT GTA AGT GAC /Primer","Beta HRM_E1 : GTC ACA CTT TGG GTT GTA AGT GAC /Primer 100 ul /หลอด",,,,100,uL,หลอด,
AS190185,"Beta HRM_E2 : TCA ATG TGC TCT GTG CAT TAG TTA C /Primer","Beta HRM_E2 : TCA ATG TGC TCT GTG CAT TAG TTA C /Primer 100 ul /หลอด",,,,100,uL,หลอด,
AS190186,"Beta HRM_E3 : TGC CAT TTC ATG GTT CAC CTT TCA /Primer","Beta HRM_E3 : TGC CAT TTC ATG GTT CAC CTT TCA /Primer 100 ul /หลอด",,,,100,uL,หลอด,
AS190187,"Hb Tak-F : GGC TGC CTA TCA GAA AGT GG /Primer","Hb Tak-F : GGC TGC CTA TCA GAA AGT GG /Primer 100 ul /หลอด",,,,100,uL,หลอด,
AS190188,"Hb Tak-R : GAT GCT CAA GGC CCT TCA TA /Primer","Hb Tak-R : GAT GCT CAA GGC CCT TCA TA /Primer 100 ul /หลอด",,,,100,uL,หลอด,
AS190189,"Seq Beta_S1-F : ACT CCT AAG CCA GTG CCA GA /Primer","Seq Beta_S1-F : ACT CCT AAG CCA GTG CCA GA /Primer 100 ul /หลอด",,,,100,uL,หลอด,
AS190190,"Seq Beta_S1-R : TGT ACC CTG TTA CTT CTC CCC /Primer","Seq Beta_S1-R : TGT ACC CTG TTA CTT CTC CCC /Primer 100 ul /หลอด",,,,100,uL,หลอด,
AS190191,"Seq Beta_S2-F : ACA ATG TAT CAT GCC TCT TTG CAC /Primer","Seq Beta_S2-F : ACA ATG TAT CAT GCC TCT TTG CAC /Primer 100 ul /หลอด",,,,100,uL,หลอด,
AS190192,"Seq Beta_S2-R : TGC ATT AGC TGT TTG CAG CC /Primer","Seq Beta_S2-R : TGC ATT AGC TGT TTG CAG CC /Primer 100 ul /หลอด",,,,100,uL,หลอด,
AS190154,"R - ACTB_353 : 5'-CAG AAG AGA GAA CCA GTG AGA AAG-3' /Primer","R - ACTB_353 : 5'-CAG AAG AGA GAA CCA GTG AGA AAG-3' /Primer 100 ul /หลอด",,,,100,uL,หลอด,
AS190156,"Y chrom/ 125-F : 5'-AAC ATA CCG TCA CTG CCA CTC-3' /Primer","Y chrom/ 125-F : 5'-AAC ATA CCG TCA CTG CCA CTC-3' /Primer 100 ul /หลอด",,,,100,uL,หลอด,
AS190157,"Y chrom/ 125-R : 5'-CTG GAG TTG CGG CTT TTT GAC-3' /Primer","Y chrom/ 125-R : 5'-CTG GAG TTG CGG CTT TTT GAC-3' /Primer 100 ul /หลอด",,,,100,uL,หลอด,
AS190159,"HBA2-6-R : 5'-GAA CGG CTA CCG AGG CT-3' /Primer","HBA2-6-R : 5'-GAA CGG CTA CCG AGG CT-3' /Primer 100 ul /หลอด",,,,100,uL,หลอด,
AS190160,"NH3-F : 5'-TGA ATG CCT CGT CCA CAC CTC C-3' /Primer","NH3-F : 5'-TGA ATG CCT CGT CCA CAC CTC C-3' /Primer 100 ul /หลอด",,,,100,uL,หลอด,
AS190161,"NH3-R : 5'-AAC CGG CTG GAG CAT TCA ACC T-3' /Primer","NH3-R : 5'-AAC CGG CTG GAG CAT TCA ACC T-3' /Primer 100 ul /หลอด",,,,100,uL,หลอด,
AS190162,"AlphaEx3-F : 5'-TGC ACG CCT CCC TGG AGA AG-3' /Primer","AlphaEx3-F : 5'-TGC ACG CCT CCC TGG AGA AG-3' /Primer 100 ul /หลอด",,,,100,uL,หลอด,
AS190163,"Alpha1-R : 5'-AGG GGC AAG AAG CAT GGC C-3' /Primer","Alpha1-R : 5'-AGG GGC AAG AAG CAT GGC C-3' /Primer 100 ul /หลอด",,,,100,uL,หลอด,
AS190164,"HBA1-59-R : 5'-GTA CGG GTG CAG GAA GG-3' /Primer","HBA1-59-R : 5'-GTA CGG GTG CAG GAA GG-3' /Primer 100 ul /หลอด",,,,100,uL,หลอด,
AS190165,"B-Seq-598-F : 5'-AGA AGA GCC AAG GAC AGG TA-3' /Primer","B-Seq-598-F : 5'-AGA AGA GCC AAG GAC AGG TA-3' /Primer 100 ul /หลอด",,,,100,uL,หลอด,
AS190166,"B-Seq-598-R : 5'-TCA CTC AGT GTG GCA AAG G-3' /Primer","B-Seq-598-R : 5'-TCA CTC AGT GTG GCA AAG G-3' /Primer 100 ul /หลอด",,,,100,uL,หลอด,
AS190171,"SRY_73-F : 5'-GCT GGT GAC CCA ACT GGT TT-3' /Primer","SRY_73-F : 5'-GCT GGT GAC CCA ACT GGT TT-3' /Primer 100 ul /หลอด",,,,100,uL,หลอด,
AS190172,"SRY_73-R : 5'-TGC AAA TTT TAT GAA GTC TTG GCA-3' /Primer","SRY_73-R : 5'-TGC AAA TTT TAT GAA GTC TTG GCA-3' /Primer 100 ul /หลอด",,,,100,uL,หลอด,
AS190173,"SRY_115-F : 5'-GGT ATG TAT CAA AGT CAG CTT TCC-3' /Primer","SRY_115-F : 5'-GGT ATG TAT CAA AGT CAG CTT TCC-3' /Primer 100 ul /หลอด",,,,100,uL,หลอด,
AS190137,"R_ARMS-IVS1-1 : 5'-TTA AAC CTG TCT TGT AAC CTT GAT ACC GAA-3' /Primer","R_ARMS-IVS1-1 : 5'-TTA AAC CTG TCT TGT AAC CTT GAT ACC GAA-3' /Primer 100 ul /หลอด",,,,100,uL,หลอด,
AS190138,"F_ARMS-CD41-42 : 5'-TTT TCC CAC CCT TAG GCT GCT-3' /Primer","F_ARMS-CD41-42 : 5'-TTT TCC CAC CCT TAG GCT GCT-3' /Primer 100 ul /หลอด",,,,100,uL,หลอด,
AS190139,"R_ARMS-CD41-42 : 5'-GAG TGG ACA GAT CCC CAA AGG ACT CAA CCT-3' /Primer","R_ARMS-CD41-42 : 5'-GAG TGG ACA GAT CCC CAA AGG ACT CAA CCT-3' /Primer 100 ul /หลอด",,,,100,uL,หลอด,
AS190140,"F_ACTIN_80 : 5'-GTG CTC AGG GCT TCT TGT CC-3' /Primer","F_ACTIN_80 : 5'-GTG CTC AGG GCT TCT TGT CC-3' /Primer 100 ul /หลอด",,,,100,uL,หลอด,
AS190141,"R_ACTIN_80 : 5'-CTC GTC GCC CAC ATA GGA AT-3' /Primer","R_ACTIN_80 : 5'-CTC GTC GCC CAC ATA GGA AT-3' /Primer 100 ul /หลอด",,,,100,uL,หลอด,
AS190142,"F_ACTIN_214 : 5'-AGA AAA TCT GGC ACC ACA CCT-3' /Primer","F_ACTIN_214 : 5'-AGA AAA TCT GGC ACC ACA CCT-3' /Primer 100 ul /หลอด",,,,100,uL,หลอด,
AS190143,"R_ACTIN_214 : 5'-CGG AAA ACG GCA GAA GAG AG-3' /Primer","R_ACTIN_214 : 5'-CGG AAA ACG GCA GAA GAG AG-3' /Primer 100 ul /หลอด",,,,100,uL,หลอด,
AS190144,"F - Ch21_76 : 5'-GTT CTC GCG TGG ATC TGC T-3' /Primer","F - Ch21_76 : 5'-GTT CTC GCG TGG ATC TGC T-3' /Primer 100 ul /หลอด",,,,100,uL,หลอด,
AS190145,"R - Ch21_76 : 5'-AAC GGA TTT GAA CCC AGC CC-3' /Primer","R - Ch21_76 : 5'-AAC GGA TTT GAA CCC AGC CC-3' /Primer 100 ul /หลอด",,,,100,uL,หลอด,
AS190147,"F – Ch21_350 : 5'-CTA TGG CGG CCA CGT TCT TC-3' /Primer","F – Ch21_350 : 5'-CTA TGG CGG CCA CGT TCT TC-3' /Primer 100 ul /หลอด",,,,100,uL,หลอด,
AS190148,"R - Ch21_350 : 5'-CAG ATC CAC GCG AGA ACC AC-3' /Primer","R - Ch21_350 : 5'-CAG ATC CAC GCG AGA ACC AC-3' /Primer 100 ul /หลอด",,,,100,uL,หลอด,
AS190150,"F - ACTB_80 : 5'-CCA TCG AGC ACG GCA TC-3' /Primer","F - ACTB_80 : 5'-CCA TCG AGC ACG GCA TC-3' /Primer 100 ul /หลอด",,,,100,uL,หลอด,
AS190151,"R - ACTB_80 : 5'-CAC ACG CAG CTC ATT GTA GA-3' /Primer","R - ACTB_80 : 5'-CAC ACG CAG CTC ATT GTA GA-3' /Primer 100 ul /หลอด",,,,100,uL,หลอด,
AS190153,"F - ACTB_353 : 5'-GGG CTT CTT GTC CTT TCC TT-3' /Primer","F - ACTB_353 : 5'-GGG CTT CTT GTC CTT TCC TT-3' /Primer 100 ul /หลอด",,,,100,uL,หลอด,
AS190118,"SEA-P3 : 5'-GCC TTG AAC TCC TGG ACT TAA-3' /Primer","SEA-P3 : 5'-GCC TTG AAC TCC TGG ACT TAA-3' /Primer 100 ul /หลอด",,,,100,uL,หลอด,
AS190119,"HBD596-F : 5'-CAG AGT CGA CTG TTG CTT ACA C-3' /Primer","HBD596-F : 5'-CAG AGT CGA CTG TTG CTT ACA C-3' /Primer 100 ul /หลอด",,,,100,uL,หลอด,
AS190120,"HBD596-R : 5'-TGT GGG AGA AGA GCA GGT AGG-3' /Primer","HBD596-R : 5'-TGT GGG AGA AGA GCA GGT AGG-3' /Primer 100 ul /หลอด",,,,100,uL,หลอด,
AS190121,"HBD124-F : 5'-GAA GAC TGC TGT CAA TGC CC-3' /Primer","HBD124-F : 5'-GAA GAC TGC TGT CAA TGC CC-3' /Primer 100 ul /หลอด",,,,100,uL,หลอด,
AS190122,"HBD124-R : 5'-ACA TGC CCA GTT TCC ATT TGC-3' /Primer","HBD124-R : 5'-ACA TGC CCA GTT TCC ATT TGC-3' /Primer 100 ul /หลอด",,,,100,uL,หลอด,
AS190123,"ARMS-E-F : 5'-CTG CCG TTA CTG CCC TGT GGG GCA-3' /Primer","ARMS-E-F : 5'-CTG CCG TTA CTG CCC TGT GGG GCA-3' /Primer 100 ul /หลอด",,,,100,uL,หลอด,
AS190124,"ARMS-E-M1 : 5'-TAA CCT TGA TAC CAA CCT GCC CAG GGC CGT-3' /Primer","ARMS-E-M1 : 5'-TAA CCT TGA TAC CAA CCT GCC CAG GGC CGT-3' /Primer 100 ul /หลอด",,,,100,uL,หลอด,
AS190125,"ARMS-E-M2 : 5'-TAA CCT TGA TAC CAA CCT GCC CAG GGC ATT-3' /Primer","ARMS-E-M2 : 5'-TAA CCT TGA TAC CAA CCT GCC CAG GGC ATT-3' /Primer 100 ul /หลอด",,,,100,uL,หลอด,
AS190126,"ARMS-E-M3 : 5'-TAA CCT TGA TAC CAA CCT GCC CAG GGA CTT-3' /Primer","ARMS-E-M3 : 5'-TAA CCT TGA TAC CAA CCT GCC CAG GGA CTT-3' /Primer 100 ul /หลอด",,,,100,uL,หลอด,
AS190127,"ARMS-E-N1 : 5'-TAA CCT TGA TAC CAA CCT GCC CAG GGC CTC-3' /Primer","ARMS-E-N1 : 5'-TAA CCT TGA TAC CAA CCT GCC CAG GGC CTC-3' /Primer 100 ul /หลอด",,,,100,uL,หลอด,
AS190128,"ARMS-E-N2 : 5'-TAA CCT TGA TAC CAA CCT GCC CAG GGC CGC-3' /Primer","ARMS-E-N2 : 5'-TAA CCT TGA TAC CAA CCT GCC CAG GGC CGC-3' /Primer 100 ul /หลอด",,,,100,uL,หลอด,
AS190129,"ARMS-E-N3 : 5'-TAA CCT TGA TAC CAA CCT GCC CAG GGC ATC-3' /Primer","ARMS-E-N3 : 5'-TAA CCT TGA TAC CAA CCT GCC CAG GGC ATC-3' /Primer 100 ul /หลอด",,,,100,uL,หลอด,
AS190130,"ARMS-E-N4 : 5'-TAA CCT TGA TAC CAA CCT GCC CAG GGA CTC-3' /Primer","ARMS-E-N4 : 5'-TAA CCT TGA TAC CAA CCT GCC CAG GGA CTC-3' /Primer 100 ul /หลอด",,,,100,uL,หลอด,
AS190131,"F1_ARMS-E_111 : 5'-ACC ATG GTG CAC CTG ACT C-3' /Primer","F1_ARMS-E_111 : 5'-ACC ATG GTG CAC CTG ACT C-3' /Primer 100 ul /หลอด",,,,100,uL,หลอด,
AS190132,"F2_ARMS-E_183 : 5'-GTC AGG GCA GAG CCA TCT AT-3' /Primer","F2_ARMS-E_183 : 5'-GTC AGG GCA GAG CCA TCT AT-3' /Primer 100 ul /หลอด",,,,100,uL,หลอด,
AS190133,"F3_ARMS-E_242 : 5'-AGG GTT GGC CAA TCT ACT CC-3' /Primer","F3_ARMS-E_242 : 5'-AGG GTT GGC CAA TCT ACT CC-3' /Primer 100 ul /หลอด",,,,100,uL,หลอด,
AS190134,"F_ARMS-CD17 : 5'-AGA AGT CTG CCG TTA CTG CC-3' /Primer","F_ARMS-CD17 : 5'-AGA AGT CTG CCG TTA CTG CC-3' /Primer 100 ul /หลอด",,,,100,uL,หลอด,
AS190135,"R_ARMS-CD17 : 5'-CTC ACC ACC AAC TTC ATC CAC GTT CAG CTA-3' /Primer","R_ARMS-CD17 : 5'-CTC ACC ACC AAC TTC ATC CAC GTT CAG CTA-3' /Primer 100 ul /หลอด",,,,100,uL,หลอด,
AS190136,"F_ARMS-IVS1-1 : 5'-TGG ATG AAG TTG GTG GTG AGG-3' /Primer","F_ARMS-IVS1-1 : 5'-TGG ATG AAG TTG GTG GTG AGG-3' /Primer 100 ul /หลอด",,,,100,uL,หลอด,
AS190099,"F4_ARMS-E_325 : 5'-GGT TTG AAG TCC AAC TCC TAA GCC A-3' /Primer","F4_ARMS-E_325 : 5'-GGT TTG AAG TCC AAC TCC TAA GCC A-3' /Primer 100 ul /หลอด",,,,100,uL,หลอด,
AS190100,"F5_ARMS-E_371 : 5'-ACT GAT GGT ATG GGG CCA AGA GAT A-3' /Primer","F5_ARMS-E_371 : 5'-ACT GAT GGT ATG GGG CCA AGA GAT A-3' /Primer 100 ul /หลอด",,,,100,uL,หลอด,
AS190101,"AC-F : 5'-TCC TGG CTT CTG TGA GCA CCG T-3' /Primer","AC-F : 5'-TCC TGG CTT CTG TGA GCA CCG T-3' /Primer 100 ul /หลอด",,,,100,uL,หลอด,
AS190102,"HBA2_63-R : 5'-ACC AGG AAG GGC CGG TGC AAG-3' /Primer","HBA2_63-R : 5'-ACC AGG AAG GGC CGG TGC AAG-3' /Primer 100 ul /หลอด",,,,100,uL,หลอด,
AS190103,"3.4 kb_F : 5'-GTC ACA CTT TGG GTT GTA AGT GAC-3' /Primer","3.4 kb_F : 5'-GTC ACA CTT TGG GTT GTA AGT GAC-3' /Primer 100 ul /หลอด",,,,100,uL,หลอด,
AS190104,"3.4 kb_R1 : 5'-TCA ATG TGC TCT GTG CAT TAG T-3' /Primer","3.4 kb_R1 : 5'-TCA ATG TGC TCT GTG CAT TAG T-3' /Primer 100 ul /หลอด",,,,100,uL,หลอด,
AS190105,"3.4 kb_R2 : 5'-ACG GCT GCA ACA TGA ATA TTA GA-3' /Primer","3.4 kb_R2 : 5'-ACG GCT GCA ACA TGA ATA TTA GA-3' /Primer 100 ul /หลอด",,,,100,uL,หลอด,
AS190106,"IVS1-1_F : 5'-GGT GAA CGT GGA TGA AGT TGG T-3' /Primer","IVS1-1_F : 5'-GGT GAA CGT GGA TGA AGT TGG T-3' /Primer 100 ul /หลอด",,,,100,uL,หลอด,
AS190107,"IVS1-1_R : 5'-GCC CAG TTT CTA TTG GTC TCC TTA A-3' /Primer","IVS1-1_R : 5'-GCC CAG TTT CTA TTG GTC TCC TTA A-3' /Primer 100 ul /หลอด",,,,100,uL,หลอด,
AS190110,"3.7-F : 5'-AAG TCC ACC CCT TCC TTC CTC ACC-3' /Primer","3.7-F : 5'-AAG TCC ACC CCT TCC TTC CTC ACC-3' /Primer 100 ul /หลอด",,,,100,uL,หลอด,
AS190111,"3.7-R1 : 5'-ATG AGA GAA ATG TTC TGG CAC CTG CAC TTG-3' /Primer","3.7-R1 : 5'-ATG AGA GAA ATG TTC TGG CAC CTG CAC TTG-3' /Primer 100 ul /หลอด",,,,100,uL,หลอด,
AS190112,"3.7-R2 : 5'-TCC ATC CCC TCC TCC CGC CCC TGC CTT TTC-3' /Primer","3.7-R2 : 5'-TCC ATC CCC TCC TCC CGC CCC TGC CTT TTC-3' /Primer 100 ul /หลอด",,,,100,uL,หลอด,
AS190113,"4.2-F : 5'-TCC TGA TCT TTG AAT GAA GTC CGA GTA GGC-3' /Primer","4.2-F : 5'-TCC TGA TCT TTG AAT GAA GTC CGA GTA GGC-3' /Primer 100 ul /หลอด",,,,100,uL,หลอด,
AS190114,"4.2-R1 : 5'-TGG GGG TGG GTG TGA GGA GAC AGG AAA GAG AGA-3' /Primer","4.2-R1 : 5'-TGG GGG TGG GTG TGA GGA GAC AGG AAA GAG AGA-3' /Primer 100 ul /หลอด",,,,100,uL,หลอด,
AS190115,"4.2-R2 : 5'-ATC ACT GAT AAG TCA TTT CCT GGG GGT CTG-3' /Primer","4.2-R2 : 5'-ATC ACT GAT AAG TCA TTT CCT GGG GGT CTG-3' /Primer 100 ul /หลอด",,,,100,uL,หลอด,
AS190116,"SEA-P1 : 5'-GCG ATC TGG GCT CTG TGT TCT-3' /Primer","SEA-P1 : 5'-GCG ATC TGG GCT CTG TGT TCT-3' /Primer 100 ul /หลอด",,,,100,uL,หลอด,
AS190117,"SEA-P2 : 5'-GTT CCC TGA GCC CCG ACA CG-3' /Primer","SEA-P2 : 5'-GTT CCC TGA GCC CCG ACA CG-3' /Primer 100 ul /หลอด",,,,100,uL,หลอด,
AS190079,"L801-R : 5'-GAG AGC CTC TGG GGA CAT CTT-3' /Primer","L801-R : 5'-GAG AGC CTC TGG GGA CAT CTT-3' /Primer 100 ul /หลอด",,,,100,uL,หลอด,
AS190080,"L1604-F : 5'-GTC CCC AGA GGC TCT CAT TC-3' /Primer","L1604-F : 5'-GTC CCC AGA GGC TCT CAT TC-3' /Primer 100 ul /หลอด",,,,100,uL,หลอด,
AS190081,"L1604-R : 5'TCC AAG CCC TTG CTT TTG CTA-3' /Primer","L1604-R : 5'TCC AAG CCC TTG CTT TTG CTA-3' /Primer 100 ul /หลอด",,,,100,uL,หลอด,
AS190082,"L1800-F : 5'-GTC CCC AGA GGC TCT CAT TC-3' /Primer","L1800-F : 5'-GTC CCC AGA GGC TCT CAT TC-3' /Primer 100 ul /หลอด",,,,100,uL,หลอด,
AS190083,"L1800-R : 5'-AGG CAT AGT GAC AAG TGC CAG-3' /Primer","L1800-R : 5'-AGG CAT AGT GAC AAG TGC CAG-3' /Primer 100 ul /หลอด",,,,100,uL,หลอด,
AS190084,"L2000-F : 5'-TCA GCA GCT ATG AGA TGG CTT G-3' /Primer","L2000-F : 5'-TCA GCA GCT ATG AGA TGG CTT G-3' /Primer 100 ul /หลอด",,,,100,uL,หลอด,
AS190085,"L2000-R : 5'-GCA TAG TGA CAA GTG CCA GAA C-3' /Primer","L2000-R : 5'-GCA TAG TGA CAA GTG CCA GAA C-3' /Primer 100 ul /หลอด",,,,100,uL,หลอด,
AS190086,"L2200-F : 5'-AGT TAG AGG AAA AGG GGC TCA-3' /Primer","L2200-F : 5'-AGT TAG AGG AAA AGG GGC TCA-3' /Primer 100 ul /หลอด",,,,100,uL,หลอด,
AS190087,"L2200-R : 5'-CTG AAT GGG CAG GAA GCA TT-3' /Primer","L2200-R : 5'-CTG AAT GGG CAG GAA GCA TT-3' /Primer 100 ul /หลอด",,,,100,uL,หลอด,
AS190088,"F-Nested_Beta_B : 5'-AAA GTC AGG GCA GAG CCA TC-3' /Primer","F-Nested_Beta_B : 5'-AAA GTC AGG GCA GAG CCA TC-3' /Primer 100 ul /หลอด",,,,100,uL,หลอด,
AS190089,"R-Nested_Beta_B : 5'-AGC AGC CTA AGG GTG GGA AA-3' /Primer","R-Nested_Beta_B : 5'-AGC AGC CTA AGG GTG GGA AA-3' /Primer 100 ul /หลอด",,,,100,uL,หลอด,
AS190090,"F - Nested_Beta_C : 5'-AGG AGA CCA ATA GAA ACT GGG C-3' /Primer","F - Nested_Beta_C : 5'-AGG AGA CCA ATA GAA ACT GGG C-3' /Primer 100 ul /หลอด",,,,100,uL,หลอด,
AS190091,"R - Nested_Beta_C : 5'-ATC CAC GTG CAG CTT GTC A-3' /Primer","R - Nested_Beta_C : 5'-ATC CAC GTG CAG CTT GTC A-3' /Primer 100 ul /หลอด",,,,100,uL,หลอด,
AS190092,"F - TaqM_Alz : 5'-CAC ACA TGG CCA GAG TGG AA-3' /Primer","F - TaqM_Alz : 5'-CAC ACA TGG CCA GAG TGG AA-3' /Primer 100 ul /หลอด",,,,100,uL,หลอด,
AS190093,"R - TaqM_Alz : 5'-CTG AAG TGT GAA CTC GGC TGC-3' /Primer","R - TaqM_Alz : 5'-CTG AAG TGT GAA CTC GGC TGC-3' /Primer 100 ul /หลอด",,,,100,uL,หลอด,
AS190095,"AE2-F : 5'-GTC CTT CCC CAC CAC CAA GAC-3' /Primer","AE2-F : 5'-GTC CTT CCC CAC CAC CAA GAC-3' /Primer 100 ul /หลอด",,,,100,uL,หลอด,
AS190096,"HBA1-R : 5'-CTG GCA CGT TTG CTG AGG GAA-3' /Primer","HBA1-R : 5'-CTG GCA CGT TTG CTG AGG GAA-3' /Primer 100 ul /หลอด",,,,100,uL,หลอด,
AS190097,"AE2-HRM-F : 5'-TAA GGG CCA CGG CAA GAA GG-3' /Primer","AE2-HRM-F : 5'-TAA GGG CCA CGG CAA GAA GG-3' /Primer 100 ul /หลอด",,,,100,uL,หลอด,
AS190098,"AE2-HRM-R : 5'-CTT GTG CGC GTG CAG GTC-3' /Primer","AE2-HRM-R : 5'-CTT GTG CGC GTG CAG GTC-3' /Primer 100 ul /หลอด",,,,100,uL,หลอด,
AS190060,"VC 100bp DNA LADDER (readu-to-use) /Liquids","VC 100bp DNA LADDER (readu-to-use) /Liquids 1 ml /หลอด",,,,1,mL,หลอด,
AS190061,"IVS1-F : 5'-GAA CGT GGA TGA AGT TGG-3'. /Primer","IVS1-F : 5'-GAA CGT GGA TGA AGT TGG-3'. /Primer 100 ul /หลอด",,,,100,uL,หลอด,
AS190062,"IVS1-R : 5'-GTC TCC TTA AAC CTG TCT TG -3' /Primer","IVS1-R : 5'-GTC TCC TTA AAC CTG TCT TG -3' /Primer 100 ul /หลอด",,,,100,uL,หลอด,
AS190065,"THS1 : 5'-GCT CCC TTG GAT CTG CAC CTC T-3' /Primer","THS1 : 5'-GCT CCC TTG GAT CTG CAC CTC T-3' /Primer 100 ul /หลอด",,,,100,uL,หลอด,
AS190066,"THS2 : 5'-ACC ATA CGG TTC ACC CAT TT-3' /Primer","THS2 : 5'-ACC ATA CGG TTC ACC CAT TT-3' /Primer 100 ul /หลอด",,,,100,uL,หลอด,
AS190067,"SGE1 : 5'-GTC GTC CCC ACT GTC GTC-3' /Primer","SGE1 : 5'-GTC GTC CCC ACT GTC GTC-3' /Primer 100 ul /หลอด",,,,100,uL,หลอด,
AS190068,"SGE2 : 5'-ACG CCC GTC CGA CTC AAG GA-3' /Primer","SGE2 : 5'-ACG CCC GTC CGA CTC AAG GA-3' /Primer 100 ul /หลอด",,,,100,uL,หลอด,
AS190069,"SGE3 : 5'-GGC TTA CTG CAG CCT TGA AC-3' /Primer","SGE3 : 5'-GGC TTA CTG CAG CCT TGA AC-3' /Primer 100 ul /หลอด",,,,100,uL,หลอด,
AS190070,"L102-F : 5'-CAG CAA ACA CAA CGA CCC AT-3' /Primer","L102-F : 5'-CAG CAA ACA CAA CGA CCC AT-3' /Primer 100 ul /หลอด",,,,100,uL,หลอด,
AS190071,"L102-R : 5'-TCC TGT TTC AAT GGC TTA GTA GA-3' /Primer","L102-R : 5'-TCC TGT TTC AAT GGC TTA GTA GA-3' /Primer 100 ul /หลอด",,,,100,uL,หลอด,
AS190072,"L200-F : 5'-AAA CAC AGC AAA CAC AAC GAC-3' /Primer","L200-F : 5'-AAA CAC AGC AAA CAC AAC GAC-3' /Primer 100 ul /หลอด",,,,100,uL,หลอด,
AS190073,"L200-R : 5'-GGA CAA TAA CCC TCC TCC CA-3' /Primer","L200-R : 5'-GGA CAA TAA CCC TCC TCC CA-3' /Primer 100 ul /หลอด",,,,100,uL,หลอด,
AS190074,"L407-F : 5'-TGC GCT TCC TTG ATG CTC TAC-3' /Primer","L407-F : 5'-TGC GCT TCC TTG ATG CTC TAC-3' /Primer 100 ul /หลอด",,,,100,uL,หลอด,
AS190075,"L407-R : 5'-GGT CCA CGT GCT TGT CTT TGT-3' /Primer","L407-R : 5'-GGT CCA CGT GCT TGT CTT TGT-3' /Primer 100 ul /หลอด",,,,100,uL,หลอด,
AS190076,"L601-F : 5'-CTG GGA GGA GGG TTA TTG TCC-3' /Primer","L601-F : 5'-CTG GGA GGA GGG TTA TTG TCC-3' /Primer 100 ul /หลอด",,,,100,uL,หลอด,
AS190077,"L601-F : 5'-CAT GGA AAT GAT CAG GCT TGG-3' /Primer","L601-F : 5'-CAT GGA AAT GAT CAG GCT TGG-3' /Primer 100 ul /หลอด",,,,100,uL,หลอด,
AS190078,"L801-F : 5'-TGG GAG GAG GGT TAT TGT CCA T-3' /Primer","L801-F : 5'-TGG GAG GAG GGT TAT TGT CCA T-3' /Primer 100 ul /หลอด",,,,100,uL,หลอด,
AS190040,"Potassium cyanide [(KCN)] /Powder","Potassium cyanide [(KCN)] /Powder 250 g /ขวด",,,,250,g,ขวด,
AS190041,"Propan-2-OL (Isopropanol) [((CH3)2CHOH)] /Liquids","Propan-2-OL (Isopropanol) [((CH3)2CHOH)] cas no.67630 /Liquids 2.5 ml /ขวด",67-63-0,,,2.5,mL,ขวด,
AS190042,"Q Sepharose Fast Flow /Liquids","Q Sepharose Fast Flow cas no.17051001 /Liquids 300 ml /ขวด",17051-00-1,,,300,mL,ขวด,
AS190043,"QIA amp DNA Mini Kit 250 set","QIA amp DNA Mini Kit 250 set /กล่อง",,,,,,กล่อง,YES
AS190044,"QIA quick PCR Purfication Kit 50 set","QIA quick PCR Purfication Kit 50 set /กล่อง",,,,,,กล่อง,YES
AS190045,"QIAamp Criculating Nucleic Acid Kit 50 set","QIAamp Criculating Nucleic Acid Kit 50 set /กล่อง",,,,,,กล่อง,YES
AS190046,"QIAGEN Proteinase K /Liquids","QIAGEN Proteinase K /Liquids 15 ml /ขวด",,,,15,mL,ขวด,
AS190047,"Sodium chloride [(NaCl)] /Powder","Sodium chloride [(NaCl)] cas no.7647145 /Powder 1 kg /ขวด",7647-14-5,,,1,kg,ขวด,
AS190048,"Sodium dihydrogen phosphate monohydrate [(NaH2PO4*H2O)] /Powder","Sodium dihydrogen phosphate monohydrate [(NaH2PO4*H2O)] /Powder 1 kg /ขวด",,,,1,kg,ขวด,
AS190049,"Sodium hydroxide [(NaOH)] /Solid","Sodium hydroxide [(NaOH)] /Solid 1 kg /ขวด",,,,1,kg,ขวด,
AS190051,"SYTO 9 Green fluorescent nucleic acid stain /Liquids","SYTO 9 Green fluorescent nucleic acid stain /Liquids 100 ul /หลอด",,,,100,uL,หลอด,
AS190052,"Taq DNA Polymerase /Liquids","Taq DNA Polymerase /Liquids 100 ul /กล่อง",,,,100,uL,กล่อง,
AS190053,"Taqman universal PCR master mix /Liquids","Taqman universal PCR master mix /Liquids 1 ml /กล่อง",,,,1,mL,กล่อง,
AS190054,"TMB Single Solution /Liquids","TMB Single Solution /Liquids 500 ml /ขวด",,,,500,mL,ขวด,
AS190055,"Top Taq DNA Polymerase (Qiagen) /Liquids","Top Taq DNA Polymerase (Qiagen) /Liquids 100 ul /กล่อง",,,,100,uL,กล่อง,
AS190056,"Top Taq Master mix kit (Qiagen) /Liquids","Top Taq Master mix kit (Qiagen) /Liquids 1 ml /กล่อง",,,,1,mL,กล่อง,
AS190058,"Tris (hydroxymethyl) aminomethane [(H2NC(CH2OH)3)] /Powder","Tris (hydroxymethyl) aminomethane [(H2NC(CH2OH)3)] cas no.77861 /Powder 500 g /ขวด",77-86-1,,,500,g,ขวด,
AS190059,"Triton X-100 [(C34H62O11)] /Liquids","Triton X-100 [(C34H62O11)] cas no.9002931 /Liquids 50 ml /ขวด",9002-93-1,,,50,mL,ขวด,
AS190033,"N,N-Diethyl hydroxylamine /Liquids","N,N-Diethyl hydroxylamine cas no.3710847 /Liquids 1 L /ขวด",3710-84-7,,,1,L,ขวด,
AS190034,"Novel juice supplied in 6X loading buffer /Liquids","Novel juice supplied in 6X loading buffer /Liquids 1 ml /หลอด",,,,1,mL,หลอด,
AS190036,"NucleoSpin Plasma XS 50 Prep/kit 50 set","NucleoSpin Plasma XS 50 Prep/kit 50 set /กล่อง",,,,,,กล่อง,YES
AS190037,"Phenol chloroform-Isoamyl Alcohol /Liquids","Phenol chloroform-Isoamyl Alcohol /Liquids 400 ml /ขวด",,,,400,mL,ขวด,
AS190038,"Phosphate Buffered Saline (PBS) /Tabs 100 tab","Phosphate Buffered Saline (PBS) /Tabs 100 tab /ขวด",,,,,,ขวด,YES
AS190039,"Platinumtaq DNA Polymerase /Liquids","Platinumtaq DNA Polymerase /Liquids 100 ul /ชุด",,,,100,uL,ชุด,
AS190022,"Ethanol 95% [(C2H5OH)] /Liquids 15 GL","Ethanol 95% [(C2H5OH)] /Liquids 15 GL /แกลลอน",,,,,,แกลลอน,YES
AS190023,"Ethylenediaminetetraacetic acid, EDTA [(C10H14N2Na2O8.2H2O)] /Powder","Ethylenediaminetetraacetic acid, EDTA [(C10H14N2Na2O8.2H2O)] cas no.6381926 /Powder 500 g /ขวด",6381-92-6,,,500,g,ขวด,
AS190024,"Gel/PCR Purification Mini Kit 50 set","Gel/PCR Purification Mini Kit 50 set /กล่อง",,,,,,กล่อง,YES
AS190025,"GF-1 AmbiClean Kit ( Gel & PCR ) 50 set","GF-1 AmbiClean Kit ( Gel & PCR ) 50 set /กล่อง",,,,,,กล่อง,YES
AS190026,"Glycerol about 87% /Liquids","Glycerol about 87% /Liquids 2.5 L /ขวด",,,,2.5,L,ขวด,
AS190027,"HotStar Taq DNA Polymerase (250 Unit) 1 หลอด","HotStar Taq DNA Polymerase (250 Unit) 25 ul 1 หลอด/แพ็ค",,,,25,uL,แพ็ค,
AS190028,"Hydrochloric acid 37% [(HCl)] /Liquids","Hydrochloric acid 37% [(HCl)] cas no.7647010 /Liquids 2.5 L /ขวด",7647-01-0,,,2.5,L,ขวด,
AS190029,"Hydrogen peroxide [(CH6N2O3)] /Powder","Hydrogen peroxide [(CH6N2O3)] cas no.124436 /Powder 100 g /ขวด",124-43-6,,,100,g,ขวด,
AS190030,"Innuprep Blood DNA Mini Kit, 50 RXNS 1 set","Innuprep Blood DNA Mini Kit, 50 RXNS 1 set /กล่อง",,,,,,กล่อง,YES
AS190031,"Innuprep PCRPURE Kit,50 RXNS 1 set","Innuprep PCRPURE Kit,50 RXNS 1 set /กล่อง",,,,,,กล่อง,YES
AS190003,"2X ddPCR Prob Supermix,5*1ml/T for 500 rxn 5 หลอด","2X ddPCR Prob Supermix,5*1ml/T for 500 rxn 1 ml 5 หลอด/ชุด",,,,1,mL,ชุด,
AS190004,"7500 FAST PURE DYE CALIBRATION +FPPM","7500 FAST PURE DYE CALIBRATION +FPPM 100 ul /ชุด",,,,100,uL,ชุด,
AS190005,"Acetic acid, Glacial [(CH3COOH)] /Liquids","Acetic acid, Glacial [(CH3COOH)] cas no.64197 /Liquids 2.5 L /ขวด",64-19-7,,,2.5,L,ขวด,
AS190006,"Agarose cas no.E3120500 /Powder","Agarose cas no.E3120500 /Powder 100 g /ขวด",,,,100,g,ขวด,
AS190007,"Ammonium acetate [(CH3COONH4)] /Powder","Ammonium acetate [(CH3COONH4)] /Powder 500 g /ขวด",,,,500,g,ขวด,
AS190009,"Buffer AL (Qiagen) /Liquids","Buffer AL (Qiagen) /Liquids 33 ml /ขวด",,,,33,mL,ขวด,
AS190010,"Carbon tetrachloride [(CCl4)] /Liquids","Carbon tetrachloride [(CCl4)] cas no.56325 /Liquids 25 ml /ขวด",56-32-5,,,25,mL,ขวด,
AS190011,"Cell-to-CpG Bisulfite Conversion Kit 50 set","Cell-to-CpG Bisulfite Conversion Kit 50 set /แพ็ค",,,,,,แพ็ค,YES
AS190012,"Chelex 100 /Powder","Chelex 100 cas no.1421253 /Powder 50 g /ขวด",1421-25-3,,,50,g,ขวด,
AS190013,"Citric acid monohydrat [(C6H8O7*H2O)]","Citric acid monohydrat [(C6H8O7*H2O)] cas no.5949291 /Powder",5949-29-1,,,,,Powder,YES
AS190014,"Dimethyl sulfoxide [(CH3)2SO)] /Liquids","Dimethyl sulfoxide [(CH3)2SO)] cas no.67685 /Liquids 1 ml /ขวด",67-68-5,,,1,mL,ขวด,
AS190015,"Di-Sodium hydrogen phosphate anhydrous [(Na2HPO4)] /Powder","Di-Sodium hydrogen phosphate anhydrous [(Na2HPO4)] /Powder 500 g /ขวด",,,,500,g,ขวด,
AS190016,"DNA Away Surface Decontaminants /Liquids","DNA Away Surface Decontaminants /Liquids 100 ml /ขวด",,,,100,mL,ขวด,
AS190017,"DNA Ladder H3 RTU,500 UL /Liquids","DNA Ladder H3 RTU,500 UL /Liquids 500 ul /หลอด",,,,500,uL,หลอด,
AS190020,"E.Z.N.A Blood DNA Kit (50) 50 set","E.Z.N.A Blood DNA Kit (50) 50 set /กล่อง",,,,,,กล่อง,YES
AS190021,"Ethanol absolute [(C2H5OH)] /Liquids","Ethanol absolute [(C2H5OH)] cas no.64175 /Liquids 2.5 L /ขวด",64-17-5,,,2.5,L,ขวด,
